﻿Quelle:;"Bayerisches Landesamt für Umwelt, www.gkd.bayern.de"
Datenbankabfrage:;"08.10.2024 21:50"
Zeitbezug:;MEZ
Messstellen-Name:;"Innerhienthal N33"
Messstellen-Nr.:;1101
Ostwert:;763193;Nordwert:;5416639;"ETRS89 / UTM Zone 32N"

Datum;"Grundwasserstand [m ü. NN]";Prüfstatus
2024-01-01;326,46;Geprueft
2024-01-02;326,49;Geprueft
2024-01-03;326,48;Geprueft
2024-01-04;326,45;Geprueft
2024-01-05;326,48;Geprueft
2024-01-06;326,47;Geprueft
2024-01-07;326,45;Geprueft
2024-01-08;326,44;Geprueft
2024-01-09;326,47;Geprueft
2024-01-10;326,47;Geprueft
2024-01-11;326,48;Geprueft
2024-01-12;326,48;Geprueft
2024-01-13;326,51;Geprueft
2024-01-14;326,54;Geprueft
2024-01-15;326,51;Geprueft
2024-01-16;326,47;Geprueft
2024-01-17;326,55;Geprueft
2024-01-18;326,49;Geprueft
2024-01-19;326,42;Geprueft
2024-01-20;326,46;Geprueft
2024-01-21;326,50;Geprueft
2024-01-22;326,53;Geprueft
2024-01-23;326,48;Geprueft
2024-01-24;326,52;Geprueft
2024-01-25;326,50;Geprueft
2024-01-26;326,51;Geprueft
2024-01-27;326,48;Geprueft
2024-01-28;326,52;Geprueft
2024-01-29;326,53;Geprueft
2024-01-30;326,53;Geprueft
2024-01-31;326,53;Geprueft
2024-02-01;326,55;Geprueft
2024-02-02;326,54;Geprueft
2024-02-03;326,56;Geprueft
2024-02-04;326,57;Geprueft
2024-02-05;326,57;Geprueft
2024-02-06;326,58;Geprueft
2024-02-07;326,61;Geprueft
2024-02-08;326,60;Geprueft
2024-02-09;326,61;Geprueft
2024-02-10;326,61;Geprueft
2024-02-11;326,56;Geprueft
2024-02-12;326,53;Geprueft
2024-02-13;326,53;Geprueft
2024-02-14;326,57;Geprueft
2024-02-15;326,60;Geprueft
2024-02-16;326,59;Geprueft
2024-02-17;326,56;Geprueft
2024-02-18;326,61;Geprueft
2024-02-19;326,61;Geprueft
2024-02-20;326,61;Geprueft
2024-02-21;326,65;Geprueft
2024-02-22;326,70;Geprueft
2024-02-23;326,64;Geprueft
2024-02-24;326,61;Geprueft
2024-02-25;326,64;Geprueft
2024-02-26;326,65;Geprueft
2024-02-27;326,62;Geprueft
2024-02-28;326,61;Geprueft
2024-02-29;326,68;Geprueft
2024-03-01;326,70;Geprueft
2024-03-02;326,69;Geprueft
2024-03-03;326,70;Geprueft
2024-03-04;326,66;Geprueft
2024-03-05;326,66;Geprueft
2024-03-06;326,67;Geprueft
2024-03-07;326,69;Geprueft
2024-03-08;326,72;Geprueft
2024-03-09;326,74;Geprueft
2024-03-10;326,74;Geprueft
2024-03-11;326,68;Geprueft
2024-03-12;326,69;Geprueft
2024-03-13;326,72;Geprueft
2024-03-14;326,74;Geprueft
2024-03-15;326,74;Geprueft
2024-03-16;326,73;Geprueft
2024-03-17;326,75;Geprueft
2024-03-18;326,77;Geprueft
2024-03-19;326,75;Geprueft
2024-03-20;326,77;Geprueft
2024-03-21;326,77;Geprueft
2024-03-22;326,80;Geprueft
2024-03-23;326,81;Geprueft
2024-03-24;326,81;Geprueft
2024-03-25;326,81;Geprueft
2024-03-26;326,84;Geprueft
2024-03-27;326,84;Geprueft
2024-03-28;326,80;Geprueft
2024-03-29;326,82;Geprueft
2024-03-30;326,84;Geprueft
2024-03-31;326,85;Geprueft
2024-04-01;326,84;Geprueft
2024-04-02;326,83;Geprueft
2024-04-03;326,85;Geprueft
2024-04-04;326,84;Geprueft
2024-04-05;326,85;Geprueft
2024-04-06;326,86;Geprueft
2024-04-07;326,87;Geprueft
2024-04-08;326,89;Geprueft
2024-04-09;326,87;Geprueft
2024-04-10;326,86;Geprueft
2024-04-11;326,89;Geprueft
2024-04-12;326,90;Geprueft
2024-04-13;326,92;Geprueft
2024-04-14;326,93;Geprueft
2024-04-15;326,95;Geprueft
2024-04-16;326,94;Geprueft
2024-04-17;326,93;Geprueft
2024-04-18;326,93;Geprueft
2024-04-19;326,97;Geprueft
2024-04-20;326,94;Geprueft
2024-04-21;326,96;Geprueft
2024-04-22;326,97;Geprueft
2024-04-23;326,99;Geprueft
2024-04-24;327,00;Geprueft
2024-04-25;327,00;Geprueft
2024-04-26;327,01;Geprueft
2024-04-27;327,01;Geprueft
2024-04-28;327,01;Geprueft
2024-04-29;327,02;Geprueft
2024-04-30;327,04;Geprueft
2024-05-01;327,06;Geprueft
2024-05-02;327,06;Geprueft
2024-05-03;327,03;Geprueft
2024-05-04;327,06;Geprueft
2024-05-05;327,07;Geprueft
2024-05-06;327,08;Geprueft
2024-05-07;327,07;Geprueft
2024-05-08;327,07;Geprueft
2024-05-09;327,09;Geprueft
2024-05-10;327,10;Geprueft
2024-05-11;327,11;Geprueft
2024-05-12;327,12;Geprueft
2024-05-13;327,12;Geprueft
2024-05-14;327,13;Geprueft
2024-05-15;327,13;Geprueft
2024-05-16;327,14;Geprueft
2024-05-17;327,13;Geprueft
2024-05-18;327,15;Geprueft
2024-05-19;327,15;Geprueft
2024-05-20;327,16;Geprueft
2024-05-21;327,17;Geprueft
2024-05-22;327,16;Geprueft
2024-05-23;327,17;Geprueft
2024-05-24;327,18;Geprueft
2024-05-25;327,18;Geprueft
2024-05-26;327,19;Geprueft
2024-05-27;327,20;Geprueft
2024-05-28;327,19;Geprueft
2024-05-29;327,21;Geprueft
2024-05-30;327,22;Geprueft
2024-05-31;327,22;Geprueft
2024-06-01;327,21;Geprueft
2024-06-02;327,22;Geprueft
2024-06-03;327,24;Geprueft
2024-06-04;327,25;Geprueft
2024-06-05;327,24;Geprueft
2024-06-06;327,24;Geprueft
2024-06-07;327,25;Geprueft
2024-06-08;327,27;Geprueft
2024-06-09;327,27;Geprueft
2024-06-10;327,26;Geprueft
2024-06-11;327,24;Geprueft
2024-06-12;327,26;Geprueft
2024-06-13;327,27;Geprueft
2024-06-14;327,29;Geprueft
2024-06-15;327,29;Geprueft
2024-06-16;327,28;Geprueft
2024-06-17;327,28;Geprueft
2024-06-18;327,30;Geprueft
2024-06-19;327,29;Geprueft
2024-06-20;327,29;Geprueft
2024-06-21;327,31;Geprueft
2024-06-22;327,31;Geprueft
2024-06-23;327,30;Geprueft
2024-06-24;327,31;Geprueft
2024-06-25;327,33;Geprueft
2024-06-26;327,33;Geprueft
2024-06-27;327,32;Geprueft
2024-06-28;327,32;Geprueft
2024-06-29;327,34;Geprueft
2024-06-30;327,34;Geprueft
2024-07-01;327,33;Geprueft
2024-07-02;327,34;Geprueft
2024-07-03;327,36;Geprueft
2024-07-04;327,35;Geprueft
2024-07-05;327,36;Geprueft
2024-07-06;327,37;Geprueft
2024-07-07;327,36;Geprueft
2024-07-08;327,37;Geprueft
2024-07-09;327,38;Geprueft
2024-07-10;327,38;Geprueft
2024-07-11;327,39;Geprueft
2024-07-12;327,40;Geprueft
2024-07-13;327,40;Geprueft
2024-07-14;327,40;Geprueft
2024-07-15;327,42;Geprueft
2024-07-16;327,41;Geprueft
2024-07-17;327,41;Geprueft
2024-07-18;327,42;Geprueft
2024-07-19;327,44;Geprueft
2024-07-20;327,45;Geprueft
2024-07-21;327,45;Geprueft
2024-07-22;327,43;Geprueft
2024-07-23;327,45;Geprueft
2024-07-24;327,46;Geprueft
2024-07-25;327,47;Geprueft
2024-07-26;327,47;Geprueft
2024-07-27;327,47;Geprueft
2024-07-28;327,46;Geprueft
2024-07-29;327,48;Geprueft
2024-07-30;327,49;Geprueft
2024-07-31;327,50;Geprueft
2024-08-01;327,50;Geprueft
2024-08-02;327,51;Geprueft
2024-08-03;327,51;Geprueft
2024-08-04;327,51;Geprueft
2024-08-05;327,52;Geprueft
2024-08-06;327,53;Geprueft
2024-08-07;327,53;Geprueft
2024-08-08;327,53;Geprueft
2024-08-09;327,53;Geprueft
2024-08-10;327,54;Geprueft
2024-08-11;327,55;Geprueft
2024-08-12;327,56;Geprueft
2024-08-13;327,56;Geprueft
2024-08-14;327,56;Geprueft
2024-08-15;327,56;Geprueft
2024-08-16;327,57;Geprueft
2024-08-17;327,57;Geprueft
2024-08-18;327,58;Geprueft
2024-08-19;327,56;Geprueft
2024-08-20;327,59;Geprueft
2024-08-21;327,57;Geprueft
2024-08-22;327,59;Geprueft
2024-08-23;327,59;Geprueft
2024-08-24;327,60;Geprueft
2024-08-25;327,57;Geprueft
2024-08-26;327,60;Geprueft
2024-08-27;327,61;Geprueft
2024-08-28;327,61;Geprueft
2024-08-29;327,61;Geprueft
2024-08-30;327,61;Geprueft
2024-08-31;327,61;Geprueft
2024-09-01;327,62;Geprueft
2024-09-02;327,62;Geprueft
2024-09-03;327,62;Geprueft
2024-09-04;327,63;Rohdaten
2024-09-05;327,64;Rohdaten
2024-09-06;327,62;Rohdaten
2024-09-07;327,63;Rohdaten
2024-09-08;327,65;Rohdaten
2024-09-09;327,64;Rohdaten
2024-09-10;327,63;Rohdaten
2024-09-11;327,65;Rohdaten
2024-09-12;327,63;Rohdaten
2024-09-13;327,63;Rohdaten
2024-09-14;327,63;Rohdaten
2024-09-15;327,64;Rohdaten
2024-09-16;327,66;Rohdaten
2024-09-17;327,64;Rohdaten
2024-09-18;327,65;Rohdaten
2024-09-19;327,66;Rohdaten
2024-09-20;327,65;Rohdaten
2024-09-21;327,66;Rohdaten
2024-09-22;327,67;Rohdaten
2024-09-23;327,67;Rohdaten
2024-09-24;327,66;Rohdaten
2024-09-25;327,67;Rohdaten
2024-09-26;327,68;Rohdaten
2024-09-27;327,66;Rohdaten
2024-09-28;327,63;Rohdaten
2024-09-29;327,64;Rohdaten
2024-09-30;327,68;Rohdaten
