﻿Quelle:;"Bayerisches Landesamt für Umwelt, www.gkd.bayern.de"
Datenbankabfrage:;"08.10.2024 21:50"
Zeitbezug:;MEZ
Messstellen-Name:;"FREIHUNGSAND II 657"
Messstellen-Nr.:;2110
Ostwert:;708346;Nordwert:;5499573;"ETRS89 / UTM Zone 32N"

Datum;"Grundwasserstand [m ü. NN]";Prüfstatus
2024-01-01;422,76;Geprueft
2024-01-02;422,79;Geprueft
2024-01-03;422,82;Geprueft
2024-01-04;422,80;Geprueft
2024-01-05;422,79;Geprueft
2024-01-06;422,78;Geprueft
2024-01-07;422,75;Geprueft
2024-01-08;422,71;Geprueft
2024-01-09;422,70;Geprueft
2024-01-10;422,71;Geprueft
2024-01-11;422,72;Geprueft
2024-01-12;422,73;Geprueft
2024-01-13;422,76;Geprueft
2024-01-14;422,82;Geprueft
2024-01-15;422,85;Geprueft
2024-01-16;422,83;Geprueft
2024-01-17;422,88;Geprueft
2024-01-18;422,88;Geprueft
2024-01-19;422,78;Geprueft
2024-01-20;422,73;Geprueft
2024-01-21;422,73;Geprueft
2024-01-22;422,78;Geprueft
2024-01-23;422,76;Geprueft
2024-01-24;422,78;Geprueft
2024-01-25;422,76;Geprueft
2024-01-26;422,78;Geprueft
2024-01-27;422,75;Geprueft
2024-01-28;422,75;Geprueft
2024-01-29;422,77;Geprueft
2024-01-30;422,78;Geprueft
2024-01-31;422,78;Geprueft
2024-02-01;422,81;Geprueft
2024-02-02;422,81;Geprueft
2024-02-03;422,82;Geprueft
2024-02-04;422,84;Geprueft
2024-02-05;422,85;Geprueft
2024-02-06;422,87;Geprueft
2024-02-07;422,91;Geprueft
2024-02-08;422,94;Geprueft
2024-02-09;422,96;Geprueft
2024-02-10;422,98;Geprueft
2024-02-11;422,96;Geprueft
2024-02-12;422,90;Geprueft
2024-02-13;422,84;Geprueft
2024-02-14;422,82;Geprueft
2024-02-15;422,83;Geprueft
2024-02-16;422,85;Geprueft
2024-02-17;422,81;Geprueft
2024-02-18;422,81;Geprueft
2024-02-19;422,85;Geprueft
2024-02-20;422,85;Geprueft
2024-02-21;422,88;Geprueft
2024-02-22;422,97;Geprueft
2024-02-23;422,98;Geprueft
2024-02-24;422,95;Geprueft
2024-02-25;422,94;Geprueft
2024-02-26;422,95;Geprueft
2024-02-27;422,91;Geprueft
2024-02-28;422,88;Geprueft
2024-02-29;422,90;Geprueft
2024-03-01;422,94;Geprueft
2024-03-02;422,95;Geprueft
2024-03-03;422,97;Geprueft
2024-03-04;422,94;Geprueft
2024-03-05;422,92;Geprueft
2024-03-06;422,90;Geprueft
2024-03-07;422,89;Geprueft
2024-03-08;422,93;Geprueft
2024-03-09;422,97;Geprueft
2024-03-10;423,00;Geprueft
2024-03-11;422,97;Geprueft
2024-03-12;422,93;Geprueft
2024-03-13;422,91;Geprueft
2024-03-14;422,92;Geprueft
2024-03-15;422,94;Geprueft
2024-03-16;422,92;Geprueft
2024-03-17;422,91;Geprueft
2024-03-18;422,94;Geprueft
2024-03-19;422,93;Geprueft
2024-03-20;422,93;Geprueft
2024-03-21;422,93;Geprueft
2024-03-22;422,94;Geprueft
2024-03-23;422,99;Geprueft
2024-03-24;423,00;Geprueft
2024-03-25;423,00;Geprueft
2024-03-26;423,04;Geprueft
2024-03-27;423,07;Geprueft
2024-03-28;423,04;Geprueft
2024-03-29;423,00;Geprueft
2024-03-30;423,00;Geprueft
2024-03-31;423,01;Geprueft
2024-04-01;423,01;Geprueft
2024-04-02;422,96;Geprueft
2024-04-03;422,95;Geprueft
2024-04-04;422,94;Geprueft
2024-04-05;422,94;Geprueft
2024-04-06;422,93;Geprueft
2024-04-07;422,93;Geprueft
2024-04-08;422,96;Geprueft
2024-04-09;422,96;Geprueft
2024-04-10;422,90;Geprueft
2024-04-11;422,88;Geprueft
2024-04-12;422,89;Geprueft
2024-04-13;422,92;Geprueft
2024-04-14;422,96;Geprueft
2024-04-15;423,02;Geprueft
2024-04-16;423,04;Geprueft
2024-04-17;423,03;Geprueft
2024-04-18;423,00;Geprueft
2024-04-19;423,02;Geprueft
2024-04-20;423,00;Geprueft
2024-04-21;422,99;Geprueft
2024-04-22;422,98;Geprueft
2024-04-23;422,99;Geprueft
2024-04-24;423,02;Geprueft
2024-04-25;423,03;Geprueft
2024-04-26;423,02;Geprueft
2024-04-27;423,01;Geprueft
2024-04-28;422,99;Geprueft
2024-04-29;422,96;Geprueft
2024-04-30;422,98;Geprueft
2024-05-01;423,01;Geprueft
2024-05-02;423,04;Geprueft
2024-05-03;422,99;Geprueft
2024-05-04;422,98;Geprueft
2024-05-05;423,00;Geprueft
2024-05-06;423,02;Geprueft
2024-05-07;422,99;Geprueft
2024-05-08;422,96;Geprueft
2024-05-09;422,95;Geprueft
2024-05-10;422,96;Geprueft
2024-05-11;422,97;Geprueft
2024-05-12;422,98;Geprueft
2024-05-13;423,00;Geprueft
2024-05-14;423,02;Geprueft
2024-05-15;423,03;Geprueft
2024-05-16;423,03;Geprueft
2024-05-17;423,03;Geprueft
2024-05-18;423,01;Geprueft
2024-05-19;423,01;Geprueft
2024-05-20;423,01;Geprueft
2024-05-21;423,02;Geprueft
2024-05-22;423,02;Geprueft
2024-05-23;422,99;Geprueft
2024-05-24;422,99;Geprueft
2024-05-25;422,98;Geprueft
2024-05-26;422,98;Geprueft
2024-05-27;422,99;Geprueft
2024-05-28;422,99;Geprueft
2024-05-29;423,01;Geprueft
2024-05-30;423,05;Geprueft
2024-05-31;423,04;Geprueft
2024-06-01;423,04;Geprueft
2024-06-02;423,03;Geprueft
2024-06-03;423,02;Geprueft
2024-06-04;423,02;Geprueft
2024-06-05;423,02;Geprueft
2024-06-06;423,01;Geprueft
2024-06-07;423,00;Geprueft
2024-06-08;423,02;Geprueft
2024-06-09;423,04;Geprueft
2024-06-10;423,05;Geprueft
2024-06-11;423,01;Geprueft
2024-06-12;423,00;Geprueft
2024-06-13;423,00;Geprueft
2024-06-14;423,02;Geprueft
2024-06-15;423,04;Geprueft
2024-06-16;423,03;Geprueft
2024-06-17;423,02;Geprueft
2024-06-18;423,02;Geprueft
2024-06-19;423,02;Geprueft
2024-06-20;423,00;Geprueft
2024-06-21;423,02;Geprueft
2024-06-22;423,03;Geprueft
2024-06-23;423,01;Geprueft
2024-06-24;423,01;Geprueft
2024-06-25;423,02;Geprueft
2024-06-26;423,04;Geprueft
2024-06-27;423,04;Geprueft
2024-06-28;423,02;Geprueft
2024-06-29;423,02;Geprueft
2024-06-30;423,04;Geprueft
2024-07-01;423,02;Geprueft
2024-07-02;423,02;Geprueft
2024-07-03;423,04;Geprueft
2024-07-04;423,04;Geprueft
2024-07-05;423,04;Geprueft
2024-07-06;423,06;Geprueft
2024-07-07;423,03;Geprueft
2024-07-08;423,02;Geprueft
2024-07-09;423,02;Geprueft
2024-07-10;423,02;Geprueft
2024-07-11;423,02;Geprueft
2024-07-12;423,05;Geprueft
2024-07-13;423,05;Geprueft
2024-07-14;423,04;Geprueft
2024-07-15;423,05;Geprueft
2024-07-16;423,04;Geprueft
2024-07-17;423,02;Geprueft
2024-07-18;423,01;Geprueft
2024-07-19;423,02;Geprueft
2024-07-20;423,05;Geprueft
2024-07-21;423,06;Geprueft
2024-07-22;423,04;Geprueft
2024-07-23;423,03;Geprueft
2024-07-24;423,03;Geprueft
2024-07-25;423,04;Geprueft
2024-07-26;423,05;Geprueft
2024-07-27;423,04;Geprueft
2024-07-28;423,01;Geprueft
2024-07-29;423,00;Geprueft
2024-07-30;423,02;Geprueft
2024-07-31;423,04;Geprueft
2024-08-01;423,06;Rohdaten
2024-08-02;423,07;Rohdaten
2024-08-03;423,06;Rohdaten
2024-08-04;423,05;Rohdaten
2024-08-05;423,04;Rohdaten
2024-08-06;423,05;Rohdaten
2024-08-07;423,05;Rohdaten
2024-08-08;423,04;Rohdaten
2024-08-09;423,03;Rohdaten
2024-08-10;423,02;Rohdaten
2024-08-11;423,02;Rohdaten
2024-08-12;423,03;Rohdaten
