﻿Quelle:;"Bayerisches Landesamt für Umwelt, www.gkd.bayern.de"
Datenbankabfrage:;"08.10.2024 21:38"
Zeitbezug:;MEZ
Messstellen-Name:;Schönberg
Messstellen-Nr.:;21147
Ostwert:;755086;Nordwert:;5359833;"ETRS89 / UTM Zone 32N"

Datum;"Grundwasserstand [m ü. NN]";Prüfstatus
2024-01-01;448,35;Geprueft
2024-01-02;448,39;Rohdaten
2024-01-03;448,39;Rohdaten
2024-01-04;448,36;Rohdaten
2024-01-05;448,38;Rohdaten
2024-01-06;448,37;Rohdaten
2024-01-07;448,37;Rohdaten
2024-01-08;448,35;Rohdaten
2024-01-09;448,37;Rohdaten
2024-01-10;448,38;Rohdaten
2024-01-11;448,38;Rohdaten
2024-01-12;448,38;Rohdaten
2024-01-13;448,42;Rohdaten
2024-01-14;448,45;Rohdaten
2024-01-15;448,44;Rohdaten
2024-01-16;448,40;Rohdaten
2024-01-22;448,43;Rohdaten
2024-01-23;448,39;Rohdaten
2024-01-24;448,42;Rohdaten
2024-01-25;448,41;Rohdaten
2024-01-26;448,43;Rohdaten
2024-01-27;448,40;Rohdaten
2024-01-28;448,44;Rohdaten
2024-01-29;448,45;Rohdaten
2024-01-30;448,44;Rohdaten
2024-01-31;448,45;Rohdaten
2024-02-01;448,46;Rohdaten
2024-02-02;448,46;Rohdaten
2024-02-03;448,47;Rohdaten
2024-02-04;448,48;Rohdaten
2024-02-05;448,48;Rohdaten
2024-02-06;448,50;Rohdaten
2024-02-07;448,52;Rohdaten
2024-02-08;448,52;Rohdaten
2024-02-09;448,54;Rohdaten
2024-02-10;448,54;Rohdaten
2024-02-11;448,49;Rohdaten
2024-02-12;448,46;Rohdaten
2024-02-13;448,43;Rohdaten
2024-02-14;448,45;Rohdaten
2024-02-15;448,48;Rohdaten
2024-02-16;448,49;Rohdaten
2024-02-17;448,44;Rohdaten
2024-02-18;448,47;Rohdaten
2024-02-19;448,48;Rohdaten
2024-02-20;448,48;Rohdaten
2024-02-21;448,52;Rohdaten
2024-02-22;448,58;Rohdaten
2024-02-23;448,54;Rohdaten
2024-02-24;448,52;Rohdaten
2024-02-25;448,53;Rohdaten
2024-02-26;448,54;Rohdaten
2024-02-27;448,50;Rohdaten
2024-02-28;448,48;Rohdaten
2024-02-29;448,53;Rohdaten
2024-03-01;448,54;Rohdaten
2024-03-02;448,54;Rohdaten
2024-03-03;448,54;Rohdaten
2024-03-04;448,50;Rohdaten
2024-03-05;448,50;Rohdaten
2024-03-06;448,49;Rohdaten
2024-03-07;448,50;Rohdaten
2024-03-08;448,54;Rohdaten
2024-03-09;448,55;Rohdaten
2024-03-10;448,56;Rohdaten
2024-03-11;448,50;Rohdaten
2024-03-12;448,48;Rohdaten
2024-03-13;448,49;Rohdaten
2024-03-14;448,51;Rohdaten
2024-03-15;448,51;Rohdaten
2024-03-16;448,49;Rohdaten
2024-03-17;448,49;Rohdaten
2024-03-18;448,52;Rohdaten
2024-03-19;448,49;Rohdaten
2024-03-20;448,50;Rohdaten
2024-03-21;448,49;Rohdaten
2024-03-22;448,51;Rohdaten
2024-03-23;448,53;Rohdaten
2024-03-24;448,53;Rohdaten
2024-03-25;448,53;Rohdaten
2024-03-26;448,57;Rohdaten
2024-03-27;448,57;Rohdaten
2024-03-28;448,51;Rohdaten
2024-03-29;448,50;Rohdaten
2024-03-30;448,52;Rohdaten
2024-03-31;448,52;Rohdaten
2024-04-01;448,51;Rohdaten
2024-04-02;448,47;Rohdaten
2024-04-03;448,48;Rohdaten
2024-04-04;448,48;Rohdaten
2024-04-05;448,48;Rohdaten
2024-04-06;448,48;Rohdaten
2024-04-07;448,48;Rohdaten
2024-04-08;448,51;Rohdaten
2024-04-09;448,48;Rohdaten
2024-04-10;448,44;Rohdaten
2024-04-11;448,45;Rohdaten
2024-04-12;448,46;Rohdaten
2024-04-13;448,48;Rohdaten
2024-04-14;448,50;Rohdaten
2024-04-15;448,53;Rohdaten
2024-04-16;448,52;Rohdaten
2024-04-17;448,51;Rohdaten
2024-04-18;448,49;Rohdaten
2024-04-19;448,51;Rohdaten
2024-04-20;448,49;Rohdaten
2024-04-21;448,49;Rohdaten
2024-04-22;448,50;Rohdaten
2024-04-23;448,51;Rohdaten
2024-04-24;448,53;Rohdaten
2024-04-25;448,52;Rohdaten
2024-04-26;448,52;Rohdaten
2024-04-27;448,50;Rohdaten
2024-04-28;448,49;Rohdaten
2024-04-29;448,48;Rohdaten
2024-04-30;448,50;Rohdaten
2024-05-01;448,53;Rohdaten
2024-05-02;448,53;Rohdaten
2024-05-03;448,47;Rohdaten
2024-05-04;448,48;Rohdaten
2024-05-05;448,50;Rohdaten
2024-05-06;448,50;Rohdaten
2024-05-07;448,48;Rohdaten
2024-05-08;448,46;Rohdaten
2024-05-09;448,47;Rohdaten
2024-05-10;448,48;Rohdaten
2024-05-11;448,48;Rohdaten
2024-05-12;448,49;Rohdaten
2024-05-13;448,50;Rohdaten
2024-05-14;448,51;Rohdaten
2024-05-15;448,51;Rohdaten
2024-05-16;448,50;Rohdaten
2024-05-17;448,48;Rohdaten
2024-05-18;448,48;Rohdaten
2024-05-19;448,48;Rohdaten
2024-05-20;448,49;Rohdaten
2024-05-21;448,50;Rohdaten
2024-05-22;448,47;Rohdaten
2024-05-23;448,46;Rohdaten
2024-05-24;448,47;Rohdaten
2024-05-25;448,47;Rohdaten
2024-05-26;448,47;Rohdaten
2024-05-27;448,48;Rohdaten
2024-05-28;448,47;Rohdaten
2024-05-29;448,49;Rohdaten
2024-05-30;448,52;Rohdaten
2024-05-31;448,50;Rohdaten
2024-06-01;448,50;Rohdaten
2024-06-02;448,50;Rohdaten
2024-06-03;448,53;Rohdaten
2024-06-04;448,54;Rohdaten
2024-06-05;448,54;Rohdaten
2024-06-06;448,54;Rohdaten
2024-06-07;448,55;Rohdaten
2024-06-08;448,57;Rohdaten
2024-06-09;448,59;Rohdaten
2024-06-10;448,60;Rohdaten
2024-06-11;448,57;Rohdaten
2024-06-12;448,57;Rohdaten
2024-06-13;448,58;Rohdaten
2024-06-14;448,59;Rohdaten
2024-06-15;448,60;Rohdaten
2024-06-16;448,58;Rohdaten
2024-06-17;448,57;Rohdaten
2024-06-18;448,59;Rohdaten
2024-06-19;448,58;Rohdaten
2024-06-20;448,57;Rohdaten
2024-06-21;448,59;Rohdaten
2024-06-22;448,59;Rohdaten
2024-06-23;448,58;Rohdaten
2024-06-24;448,59;Rohdaten
2024-06-25;448,61;Rohdaten
2024-06-26;448,60;Rohdaten
2024-06-27;448,59;Rohdaten
2024-06-28;448,58;Rohdaten
2024-06-29;448,60;Rohdaten
2024-06-30;448,60;Rohdaten
2024-07-01;448,58;Rohdaten
2024-07-02;448,59;Rohdaten
2024-07-03;448,60;Rohdaten
2024-07-04;448,59;Rohdaten
2024-07-05;448,58;Rohdaten
2024-07-06;448,60;Rohdaten
2024-07-07;448,57;Rohdaten
2024-07-08;448,57;Rohdaten
2024-07-09;448,58;Rohdaten
2024-07-10;448,58;Rohdaten
2024-07-11;448,58;Rohdaten
2024-07-12;448,60;Rohdaten
2024-07-13;448,58;Rohdaten
2024-07-14;448,58;Rohdaten
2024-07-15;448,59;Rohdaten
2024-07-16;448,57;Rohdaten
2024-07-17;448,56;Rohdaten
2024-07-18;448,57;Rohdaten
2024-07-19;448,59;Rohdaten
2024-07-20;448,60;Rohdaten
2024-07-21;448,60;Rohdaten
2024-07-22;448,56;Rohdaten
2024-07-23;448,57;Rohdaten
2024-07-24;448,57;Rohdaten
2024-07-25;448,59;Rohdaten
2024-07-26;448,58;Rohdaten
2024-07-27;448,58;Rohdaten
2024-07-28;448,54;Rohdaten
2024-07-29;448,56;Rohdaten
2024-07-30;448,58;Rohdaten
2024-07-31;448,58;Rohdaten
2024-08-01;448,58;Rohdaten
2024-08-02;448,58;Rohdaten
2024-08-03;448,57;Rohdaten
2024-08-04;448,56;Rohdaten
2024-08-05;448,56;Rohdaten
2024-08-06;448,57;Rohdaten
2024-08-07;448,56;Rohdaten
2024-08-08;448,55;Rohdaten
2024-08-09;448,55;Rohdaten
2024-08-10;448,54;Rohdaten
2024-08-11;448,55;Rohdaten
2024-08-12;448,57;Rohdaten
2024-08-13;448,57;Rohdaten
2024-08-14;448,55;Rohdaten
2024-08-15;448,54;Rohdaten
2024-08-16;448,55;Rohdaten
2024-08-17;448,55;Rohdaten
2024-08-18;448,56;Rohdaten
2024-08-19;448,53;Rohdaten
2024-08-20;448,55;Rohdaten
2024-08-21;448,53;Rohdaten
2024-08-22;448,55;Rohdaten
2024-08-23;448,54;Rohdaten
2024-08-24;448,54;Rohdaten
2024-08-25;448,51;Rohdaten
2024-08-26;448,52;Rohdaten
2024-08-27;448,53;Rohdaten
2024-08-28;448,53;Rohdaten
2024-08-29;448,53;Rohdaten
2024-08-30;448,53;Rohdaten
2024-08-31;448,53;Rohdaten
2024-09-01;448,54;Rohdaten
2024-09-02;448,54;Rohdaten
2024-09-03;448,53;Rohdaten
2024-09-04;448,53;Rohdaten
2024-09-05;448,55;Rohdaten
2024-09-06;448,52;Rohdaten
2024-09-07;448,52;Rohdaten
2024-09-08;448,53;Rohdaten
2024-09-09;448,53;Rohdaten
2024-09-10;448,51;Rohdaten
2024-09-11;448,53;Rohdaten
2024-09-12;448,51;Rohdaten
2024-09-13;448,50;Rohdaten
2024-09-14;448,50;Rohdaten
2024-09-15;448,53;Rohdaten
2024-09-16;448,56;Rohdaten
2024-09-17;448,56;Rohdaten
2024-09-18;448,58;Rohdaten
2024-09-19;448,59;Rohdaten
2024-09-20;448,58;Rohdaten
2024-09-21;448,59;Rohdaten
2024-09-22;448,60;Rohdaten
2024-09-23;448,61;Rohdaten
2024-09-24;448,60;Rohdaten
2024-09-25;448,60;Rohdaten
2024-09-26;448,62;Rohdaten
2024-09-27;448,59;Rohdaten
2024-09-28;448,56;Rohdaten
2024-09-29;448,56;Rohdaten
2024-09-30;448,61;Rohdaten
