﻿Quelle:;"Bayerisches Landesamt für Umwelt, www.gkd.bayern.de"
Datenbankabfrage:;"08.10.2024 21:38"
Zeitbezug:;MEZ
Messstellen-Name:;Schönberg
Messstellen-Nr.:;21147
Ostwert:;755086;Nordwert:;5359833;"ETRS89 / UTM Zone 32N"

Datum;"Grundwasserstand [m ü. NN]";Prüfstatus
2018-02-27;448,32;Geprueft
2018-02-28;448,31;Geprueft
2018-03-01;448,35;Geprueft
2018-03-02;448,35;Geprueft
2018-03-03;448,32;Geprueft
2018-03-04;448,31;Geprueft
2018-03-05;448,32;Geprueft
2018-03-06;448,33;Geprueft
2018-03-07;448,29;Geprueft
2018-03-08;448,27;Geprueft
2018-03-09;448,28;Geprueft
2018-03-10;448,30;Geprueft
2018-03-11;448,33;Geprueft
2018-03-12;448,31;Geprueft
2018-03-13;448,28;Geprueft
2018-03-14;448,28;Geprueft
2018-03-15;448,34;Geprueft
2018-03-16;448,31;Geprueft
2018-03-17;448,33;Geprueft
2018-03-18;448,30;Geprueft
2018-03-19;448,29;Geprueft
2018-03-20;448,27;Geprueft
2018-03-21;448,25;Geprueft
2018-03-22;448,31;Geprueft
2018-03-23;448,33;Geprueft
2018-03-24;448,34;Geprueft
2018-03-25;448,31;Geprueft
2018-03-26;448,29;Geprueft
2018-03-27;448,30;Geprueft
2018-03-28;448,33;Geprueft
2018-03-29;448,31;Geprueft
2018-03-30;448,35;Geprueft
2018-03-31;448,35;Geprueft
2018-04-01;448,30;Geprueft
2018-04-02;448,31;Geprueft
2018-04-03;448,33;Geprueft
2018-04-04;448,33;Geprueft
2018-04-05;448,29;Geprueft
2018-04-06;448,29;Geprueft
2018-04-07;448,33;Geprueft
2018-04-08;448,34;Geprueft
2018-04-09;448,34;Geprueft
2018-04-10;448,34;Geprueft
2018-04-11;448,32;Geprueft
2018-04-12;448,34;Geprueft
2018-04-13;448,29;Geprueft
2018-04-14;448,28;Geprueft
2018-04-15;448,33;Geprueft
2018-04-16;448,30;Geprueft
2018-04-17;448,26;Geprueft
2018-04-18;448,27;Geprueft
2018-04-19;448,29;Geprueft
2018-04-20;448,31;Geprueft
2018-04-21;448,31;Geprueft
2018-04-22;448,31;Geprueft
2018-04-23;448,31;Geprueft
2018-04-24;448,31;Geprueft
2018-04-25;448,32;Geprueft
2018-04-26;448,30;Geprueft
2018-04-27;448,32;Geprueft
2018-04-28;448,31;Geprueft
2018-04-29;448,33;Geprueft
2018-04-30;448,31;Geprueft
2018-05-01;448,29;Geprueft
2018-05-02;448,31;Geprueft
2018-05-03;448,29;Geprueft
2018-05-04;448,28;Geprueft
2018-05-05;448,27;Geprueft
2018-05-06;448,28;Geprueft
2018-05-07;448,29;Geprueft
2018-05-08;448,31;Geprueft
2018-05-09;448,31;Geprueft
2018-05-10;448,27;Geprueft
2018-05-11;448,26;Geprueft
2018-05-12;448,29;Geprueft
2018-05-13;448,30;Geprueft
2018-05-14;448,28;Geprueft
2018-05-15;448,27;Geprueft
2018-05-16;448,26;Geprueft
2018-05-17;448,26;Geprueft
2018-05-18;448,26;Geprueft
2018-05-19;448,26;Geprueft
2018-05-20;448,26;Geprueft
2018-05-21;448,28;Geprueft
2018-05-22;448,27;Geprueft
2018-05-23;448,26;Geprueft
2018-05-24;448,26;Geprueft
2018-05-25;448,26;Geprueft
2018-05-26;448,26;Geprueft
2018-05-27;448,27;Geprueft
2018-05-28;448,27;Geprueft
2018-05-29;448,27;Geprueft
2018-05-30;448,26;Geprueft
2018-05-31;448,26;Geprueft
2018-06-01;448,24;Geprueft
2018-06-02;448,25;Geprueft
2018-06-03;448,26;Geprueft
2018-06-04;448,28;Geprueft
2018-06-05;448,26;Geprueft
2018-06-06;448,25;Geprueft
2018-06-07;448,24;Geprueft
2018-06-08;448,26;Geprueft
2018-06-09;448,25;Geprueft
2018-06-10;448,24;Geprueft
2018-06-11;448,25;Geprueft
2018-06-12;448,25;Geprueft
2018-06-13;448,23;Geprueft
2018-06-14;448,22;Geprueft
2018-06-15;448,22;Geprueft
2018-06-16;448,23;Geprueft
2018-06-17;448,22;Geprueft
2018-06-18;448,21;Geprueft
2018-06-19;448,21;Geprueft
2018-06-20;448,23;Geprueft
2018-06-21;448,23;Geprueft
2018-06-22;448,20;Geprueft
2018-06-23;448,21;Geprueft
2018-06-24;448,22;Geprueft
2018-06-25;448,20;Geprueft
2018-06-26;448,21;Geprueft
2018-06-27;448,21;Geprueft
2018-06-28;448,22;Geprueft
2018-06-29;448,22;Geprueft
2018-06-30;448,21;Geprueft
2018-07-01;448,20;Geprueft
2018-07-02;448,21;Geprueft
2018-07-03;448,20;Geprueft
2018-07-04;448,20;Geprueft
2018-07-05;448,20;Geprueft
2018-07-06;448,18;Geprueft
2018-07-07;448,18;Geprueft
2018-07-08;448,19;Geprueft
2018-07-09;448,19;Geprueft
2018-07-10;448,19;Geprueft
2018-07-11;448,19;Geprueft
2018-07-12;448,18;Geprueft
2018-07-13;448,17;Geprueft
2018-07-14;448,18;Geprueft
2018-07-15;448,18;Geprueft
2018-07-16;448,18;Geprueft
2018-07-17;448,17;Geprueft
2018-07-18;448,16;Geprueft
2018-07-19;448,16;Geprueft
2018-07-20;448,17;Geprueft
2018-07-21;448,17;Geprueft
2018-07-22;448,15;Geprueft
2018-07-23;448,15;Geprueft
2018-07-24;448,16;Geprueft
2018-07-25;448,15;Geprueft
2018-07-26;448,15;Geprueft
2018-07-27;448,16;Geprueft
2018-07-28;448,15;Geprueft
2018-07-29;448,13;Geprueft
2018-07-30;448,13;Geprueft
2018-07-31;448,13;Geprueft
2018-08-01;448,13;Geprueft
2018-08-02;448,12;Geprueft
2018-08-03;448,13;Geprueft
2018-08-04;448,13;Geprueft
2018-08-05;448,12;Geprueft
2018-08-06;448,13;Geprueft
2018-08-07;448,13;Geprueft
2018-08-08;448,12;Geprueft
2018-08-09;448,12;Geprueft
2018-08-10;448,09;Geprueft
2018-08-11;448,11;Geprueft
2018-08-12;448,13;Geprueft
2018-08-13;448,13;Geprueft
2018-08-14;448,10;Geprueft
2018-08-15;448,09;Geprueft
2018-08-16;448,11;Geprueft
2018-08-17;448,11;Geprueft
2018-08-18;448,09;Geprueft
2018-08-19;448,10;Geprueft
2018-08-20;448,10;Geprueft
2018-08-21;448,09;Geprueft
2018-08-22;448,10;Geprueft
2018-08-23;448,10;Geprueft
2018-08-24;448,09;Geprueft
2018-08-25;448,09;Geprueft
2018-08-26;448,08;Geprueft
2018-08-27;448,08;Geprueft
2018-08-28;448,07;Geprueft
2018-08-29;448,09;Geprueft
2018-08-30;448,06;Geprueft
2018-08-31;448,07;Geprueft
2018-09-01;448,07;Geprueft
2018-09-02;448,08;Geprueft
2018-09-03;448,09;Geprueft
2018-09-04;448,07;Geprueft
2018-09-05;448,06;Geprueft
2018-09-06;448,08;Geprueft
2018-09-07;448,06;Geprueft
2018-09-08;448,04;Geprueft
2018-09-09;448,05;Geprueft
2018-09-10;448,05;Geprueft
2018-09-11;448,05;Geprueft
2018-09-12;448,06;Geprueft
2018-09-13;448,07;Geprueft
2018-09-14;448,05;Geprueft
2018-09-15;448,04;Geprueft
2018-09-16;448,04;Geprueft
2018-09-17;448,05;Geprueft
2018-09-18;448,05;Geprueft
2018-09-19;448,03;Geprueft
2018-09-20;448,04;Geprueft
2018-09-21;448,06;Geprueft
2018-09-22;448,02;Geprueft
2018-09-23;448,06;Geprueft
2018-09-24;447,99;Geprueft
2018-09-25;448,00;Geprueft
2018-09-26;448,03;Geprueft
2018-09-27;448,04;Geprueft
2018-09-28;448,05;Geprueft
2018-09-29;448,03;Geprueft
2018-09-30;448,06;Geprueft
2018-10-01;448,04;Geprueft
2018-10-02;448,02;Geprueft
2018-10-03;448,01;Geprueft
2018-10-04;448,02;Geprueft
2018-10-05;448,04;Geprueft
2018-10-06;448,05;Geprueft
2018-10-07;448,02;Geprueft
2018-10-08;448,01;Geprueft
2018-10-09;448,01;Geprueft
2018-10-10;448,03;Geprueft
2018-10-11;448,02;Geprueft
2018-10-12;448,00;Geprueft
2018-10-13;448,02;Geprueft
2018-10-14;448,03;Geprueft
2018-10-15;448,02;Geprueft
2018-10-16;448,00;Geprueft
2018-10-17;448,01;Geprueft
2018-10-18;448,01;Geprueft
2018-10-19;448,00;Geprueft
2018-10-20;447,99;Geprueft
2018-10-21;448,00;Geprueft
2018-10-22;448,00;Geprueft
2018-10-23;448,01;Geprueft
2018-10-24;448,01;Geprueft
2018-10-25;448,01;Geprueft
2018-10-26;448,04;Geprueft
2018-10-27;448,02;Geprueft
2018-10-28;448,03;Geprueft
2018-10-29;448,05;Geprueft
2018-10-30;448,00;Geprueft
2018-10-31;447,97;Geprueft
2018-11-01;448,00;Geprueft
2018-11-02;447,96;Geprueft
2018-11-03;447,98;Geprueft
2018-11-04;448,01;Geprueft
2018-11-05;448,01;Geprueft
2018-11-06;448,00;Geprueft
2018-11-07;447,98;Geprueft
2018-11-08;447,96;Geprueft
2018-11-09;447,99;Geprueft
2018-11-10;448,00;Geprueft
2018-11-11;447,97;Geprueft
2018-11-12;447,97;Geprueft
2018-11-13;447,95;Geprueft
2018-11-14;447,96;Geprueft
2018-11-15;447,98;Geprueft
2018-11-16;447,97;Geprueft
2018-11-17;447,98;Geprueft
2018-11-18;447,99;Geprueft
2018-11-19;448,01;Geprueft
2018-11-20;448,00;Geprueft
2018-11-21;447,96;Geprueft
2018-11-22;447,96;Geprueft
2018-11-23;447,97;Geprueft
2018-11-24;447,98;Geprueft
2018-11-25;448,00;Geprueft
2018-11-26;447,98;Geprueft
2018-11-27;447,94;Geprueft
2018-11-28;447,94;Geprueft
2018-11-29;447,97;Geprueft
2018-11-30;447,98;Geprueft
2018-12-01;447,96;Geprueft
2018-12-02;447,99;Geprueft
2018-12-03;447,98;Geprueft
2018-12-04;447,93;Geprueft
2018-12-05;447,94;Geprueft
2018-12-06;447,96;Geprueft
2018-12-07;447,99;Geprueft
2018-12-08;447,97;Geprueft
2018-12-09;447,99;Geprueft
2018-12-10;447,94;Geprueft
2018-12-11;447,95;Geprueft
2018-12-12;447,95;Geprueft
2018-12-13;447,97;Geprueft
2018-12-14;447,95;Geprueft
2018-12-15;447,94;Geprueft
2018-12-16;447,97;Geprueft
2018-12-17;447,93;Geprueft
2018-12-18;447,94;Geprueft
2018-12-19;447,97;Geprueft
2018-12-20;447,95;Geprueft
2018-12-21;447,96;Geprueft
2018-12-22;447,95;Geprueft
2018-12-23;447,95;Geprueft
2018-12-24;447,94;Geprueft
2018-12-25;447,93;Geprueft
2018-12-26;447,95;Geprueft
2018-12-27;447,97;Geprueft
2018-12-28;447,95;Geprueft
2018-12-29;447,94;Geprueft
2018-12-30;447,95;Geprueft
2018-12-31;447,95;Geprueft
2019-01-01;447,97;Geprueft
2019-01-02;447,96;Geprueft
2019-01-03;447,94;Geprueft
2019-01-04;447,96;Geprueft
2019-01-05;447,98;Geprueft
2019-01-06;447,96;Geprueft
2019-01-07;447,97;Geprueft
2019-01-08;448,04;Geprueft
2019-01-09;448,03;Geprueft
2019-01-10;447,99;Geprueft
2019-01-11;448,00;Geprueft
2019-01-12;448,02;Geprueft
2019-01-13;448,07;Geprueft
2019-01-14;448,05;Geprueft
2019-01-15;448,03;Geprueft
2019-01-16;448,07;Geprueft
2019-01-17;448,09;Geprueft
2019-01-18;448,04;Geprueft
2019-01-19;448,07;Geprueft
2019-01-20;448,07;Geprueft
2019-01-21;448,06;Geprueft
2019-01-22;448,10;Geprueft
2019-01-23;448,12;Geprueft
2019-01-24;448,06;Geprueft
2019-01-25;448,04;Geprueft
2019-01-26;448,08;Geprueft
2019-01-27;448,12;Geprueft
2019-01-28;448,08;Geprueft
2019-01-29;448,06;Geprueft
2019-01-30;448,09;Geprueft
2019-01-31;448,08;Geprueft
2019-02-01;448,10;Geprueft
2019-02-02;448,06;Geprueft
2019-02-03;448,01;Geprueft
2019-02-04;447,99;Geprueft
2019-02-05;448,02;Geprueft
2019-02-06;448,04;Geprueft
2019-02-07;448,07;Geprueft
2019-02-08;448,05;Geprueft
2019-02-09;448,06;Geprueft
2019-02-10;448,10;Geprueft
2019-02-11;448,04;Geprueft
2019-02-12;448,01;Geprueft
2019-02-13;448,04;Geprueft
2019-02-14;448,06;Geprueft
2019-02-15;448,08;Geprueft
2019-02-16;448,10;Geprueft
2019-02-17;448,10;Geprueft
2019-02-18;448,12;Geprueft
2019-02-19;448,11;Geprueft
2019-02-20;448,10;Geprueft
2019-02-21;448,09;Geprueft
2019-02-22;448,08;Geprueft
2019-02-23;448,08;Geprueft
2019-02-24;448,10;Geprueft
2019-02-25;448,11;Geprueft
2019-02-26;448,12;Geprueft
2019-02-27;448,14;Geprueft
2019-02-28;448,16;Geprueft
2019-03-01;448,15;Geprueft
2019-03-02;448,13;Geprueft
2019-03-03;448,15;Geprueft
2019-03-04;448,18;Geprueft
2019-03-05;448,13;Geprueft
2019-03-06;448,15;Geprueft
2019-03-07;448,15;Geprueft
2019-03-08;448,11;Geprueft
2019-03-09;448,13;Geprueft
2019-03-10;448,15;Geprueft
2019-03-11;448,11;Geprueft
2019-03-12;448,13;Geprueft
2019-03-13;448,16;Geprueft
2019-03-14;448,17;Geprueft
2019-03-15;448,15;Geprueft
2019-03-16;448,16;Geprueft
2019-03-17;448,18;Geprueft
2019-03-18;448,13;Geprueft
2019-03-19;448,12;Geprueft
2019-03-20;448,12;Geprueft
2019-03-21;448,14;Geprueft
2019-03-22;448,16;Geprueft
2019-03-23;448,17;Geprueft
2019-03-24;448,18;Geprueft
2019-03-25;448,18;Geprueft
2019-03-26;448,14;Geprueft
2019-03-27;448,14;Geprueft
2019-03-28;448,15;Geprueft
2019-03-29;448,17;Geprueft
2019-03-30;448,18;Geprueft
2019-03-31;448,18;Geprueft
2019-04-01;448,18;Geprueft
2019-04-02;448,20;Geprueft
2019-04-03;448,22;Geprueft
2019-04-04;448,21;Geprueft
2019-04-05;448,17;Geprueft
2019-04-06;448,18;Geprueft
2019-04-07;448,17;Geprueft
2019-04-08;448,15;Geprueft
2019-04-09;448,17;Geprueft
2019-04-10;448,16;Geprueft
2019-04-11;448,13;Geprueft
2019-04-12;448,14;Geprueft
2019-04-13;448,15;Geprueft
2019-04-14;448,14;Geprueft
2019-04-15;448,14;Geprueft
2019-04-16;448,15;Geprueft
2019-04-17;448,13;Geprueft
2019-04-18;448,13;Geprueft
2019-04-19;448,12;Geprueft
2019-04-20;448,13;Geprueft
2019-04-21;448,16;Geprueft
2019-04-22;448,18;Geprueft
2019-04-23;448,18;Geprueft
2019-04-24;448,15;Geprueft
2019-04-25;448,13;Geprueft
2019-04-26;448,12;Geprueft
2019-04-27;448,13;Geprueft
2019-04-28;448,12;Geprueft
2019-04-29;448,12;Geprueft
2019-04-30;448,13;Geprueft
2019-05-01;448,13;Geprueft
2019-05-02;448,15;Geprueft
2019-05-03;448,13;Geprueft
2019-05-04;448,14;Geprueft
2019-05-05;448,10;Geprueft
2019-05-06;448,10;Geprueft
2019-05-07;448,12;Geprueft
2019-05-08;448,15;Geprueft
2019-05-09;448,14;Geprueft
2019-05-10;448,10;Geprueft
2019-05-11;448,11;Geprueft
2019-05-12;448,06;Geprueft
2019-05-13;448,08;Geprueft
2019-05-14;448,11;Geprueft
2019-05-15;448,12;Geprueft
2019-05-16;448,13;Geprueft
2019-05-17;448,14;Geprueft
2019-05-18;448,13;Geprueft
2019-05-19;448,13;Geprueft
2019-05-20;448,12;Geprueft
2019-05-21;448,10;Geprueft
2019-05-22;448,09;Geprueft
2019-05-23;448,11;Geprueft
2019-05-24;448,13;Geprueft
2019-05-25;448,12;Geprueft
2019-05-26;448,13;Geprueft
2019-05-27;448,14;Geprueft
2019-05-28;448,14;Geprueft
2019-05-29;448,09;Geprueft
2019-05-30;448,09;Geprueft
2019-05-31;448,10;Geprueft
2019-06-01;448,12;Geprueft
2019-06-02;448,13;Geprueft
2019-06-03;448,13;Geprueft
2019-06-04;448,13;Geprueft
2019-06-05;448,14;Geprueft
2019-06-06;448,11;Geprueft
2019-06-07;448,11;Geprueft
2019-06-08;448,07;Geprueft
2019-06-09;448,11;Geprueft
2019-06-10;448,13;Geprueft
2019-06-11;448,12;Geprueft
2019-06-12;448,11;Geprueft
2019-06-13;448,09;Geprueft
2019-06-14;448,10;Geprueft
2019-06-15;448,10;Geprueft
2019-06-16;448,07;Geprueft
2019-06-17;448,09;Geprueft
2019-06-18;448,10;Geprueft
2019-06-19;448,10;Geprueft
2019-06-20;448,08;Geprueft
2019-06-21;448,08;Geprueft
2019-06-22;448,09;Geprueft
2019-06-23;448,07;Geprueft
2019-06-24;448,07;Geprueft
2019-06-25;448,07;Geprueft
2019-06-26;448,07;Geprueft
2019-06-27;448,08;Geprueft
2019-06-28;448,07;Geprueft
2019-06-29;448,08;Geprueft
2019-06-30;448,08;Geprueft
2019-07-01;448,08;Geprueft
2019-07-02;448,09;Geprueft
2019-07-03;448,08;Geprueft
2019-07-04;448,09;Geprueft
2019-07-05;448,09;Geprueft
2019-07-06;448,10;Geprueft
2019-07-07;448,09;Geprueft
2019-07-08;448,07;Geprueft
2019-07-09;448,08;Geprueft
2019-07-10;448,07;Geprueft
2019-07-11;448,08;Geprueft
2019-07-12;448,08;Geprueft
2019-07-13;448,07;Geprueft
2019-07-14;448,07;Geprueft
2019-07-15;448,07;Geprueft
2019-07-16;448,06;Geprueft
2019-07-17;448,07;Geprueft
2019-07-18;448,07;Geprueft
2019-07-19;448,05;Geprueft
2019-07-20;448,06;Geprueft
2019-07-21;448,03;Geprueft
2019-07-22;448,04;Geprueft
2019-07-23;448,05;Geprueft
2019-07-24;448,06;Geprueft
2019-07-25;448,05;Geprueft
2019-07-26;448,07;Geprueft
2019-07-27;448,07;Geprueft
2019-07-28;448,06;Geprueft
2019-07-29;448,02;Geprueft
2019-07-30;448,03;Geprueft
2019-07-31;448,02;Geprueft
2019-08-01;448,03;Geprueft
2019-08-02;448,04;Geprueft
2019-08-03;448,02;Geprueft
2019-08-04;448,02;Geprueft
2019-08-05;448,03;Geprueft
2019-08-06;448,03;Geprueft
2019-08-07;448,03;Geprueft
2019-08-08;448,01;Geprueft
2019-08-09;448,02;Geprueft
2019-08-10;448,00;Geprueft
2019-08-11;448,02;Geprueft
2019-08-12;448,01;Geprueft
2019-08-13;448,00;Geprueft
2019-08-14;448,01;Geprueft
2019-08-15;448,01;Geprueft
2019-08-16;448,00;Geprueft
2019-08-17;448,01;Geprueft
2019-08-18;448,02;Geprueft
2019-08-19;447,98;Geprueft
2019-08-20;447,98;Geprueft
2019-08-21;447,98;Geprueft
2019-08-22;447,99;Geprueft
2019-08-23;447,99;Geprueft
2019-08-24;448,00;Geprueft
2019-08-25;447,99;Geprueft
2019-08-26;447,99;Geprueft
2019-08-27;447,99;Geprueft
2019-08-28;447,99;Geprueft
2019-08-29;447,98;Geprueft
2019-08-30;447,98;Geprueft
2019-08-31;448,00;Geprueft
2019-09-01;447,99;Geprueft
2019-09-02;447,96;Geprueft
2019-09-03;447,96;Geprueft
2019-09-04;447,99;Geprueft
2019-09-05;447,97;Geprueft
2019-09-06;447,97;Geprueft
2019-09-07;447,97;Geprueft
2019-09-08;447,98;Geprueft
2019-09-09;447,97;Geprueft
2019-09-10;447,96;Geprueft
2019-09-11;447,94;Geprueft
2019-09-12;447,93;Geprueft
2019-09-13;447,94;Geprueft
2019-09-14;447,95;Geprueft
2019-09-15;447,97;Geprueft
2019-09-16;447,97;Geprueft
2019-09-17;447,96;Geprueft
2019-09-18;447,94;Geprueft
2019-09-19;447,94;Geprueft
2019-09-20;447,94;Geprueft
2019-09-21;447,97;Geprueft
2019-09-22;447,98;Geprueft
2019-09-23;447,95;Geprueft
2019-09-24;447,96;Geprueft
2019-09-25;447,96;Geprueft
2019-09-26;447,94;Geprueft
2019-09-27;447,95;Geprueft
2019-09-28;447,93;Geprueft
2019-09-29;447,97;Geprueft
2019-09-30;447,94;Geprueft
2019-10-01;447,96;Geprueft
2019-10-02;447,94;Geprueft
2019-10-03;447,92;Geprueft
2019-10-04;447,95;Geprueft
2019-10-05;447,93;Geprueft
2019-10-06;447,94;Geprueft
2019-10-07;447,92;Geprueft
2019-10-08;447,95;Geprueft
2019-10-09;447,94;Geprueft
2019-10-10;447,92;Geprueft
2019-10-11;447,93;Geprueft
2019-10-12;447,93;Geprueft
2019-10-13;447,93;Geprueft
2019-10-14;447,94;Geprueft
2019-10-15;447,95;Geprueft
2019-10-16;447,91;Geprueft
2019-10-17;447,93;Geprueft
2019-10-18;447,93;Geprueft
2019-10-19;447,94;Geprueft
2019-10-20;447,93;Geprueft
2019-10-21;447,90;Geprueft
2019-10-22;447,91;Geprueft
2019-10-23;447,94;Geprueft
2019-10-24;447,93;Geprueft
2019-10-25;447,90;Geprueft
2019-10-26;447,92;Geprueft
2019-10-27;447,92;Geprueft
2019-10-28;447,92;Geprueft
2019-10-29;447,91;Geprueft
2019-10-30;447,91;Geprueft
2019-10-31;447,92;Geprueft
2019-11-01;447,95;Geprueft
2019-11-02;447,98;Geprueft
2019-11-03;447,98;Geprueft
2019-11-04;447,94;Geprueft
2019-11-05;447,93;Geprueft
2019-11-06;447,91;Geprueft
2019-11-07;447,92;Geprueft
2019-11-08;447,92;Geprueft
2019-11-09;447,90;Geprueft
2019-11-10;447,90;Geprueft
2019-11-11;447,92;Geprueft
2019-11-12;447,92;Geprueft
2019-11-13;447,92;Geprueft
2019-11-14;447,92;Geprueft
2019-11-15;447,93;Geprueft
2019-11-16;447,89;Geprueft
2019-11-17;447,93;Geprueft
2019-11-18;447,89;Geprueft
2019-11-19;447,89;Geprueft
2019-11-20;447,91;Geprueft
2019-11-21;447,92;Geprueft
2019-11-22;447,91;Geprueft
2019-11-23;447,93;Geprueft
2019-11-24;447,90;Geprueft
2019-11-25;447,89;Geprueft
2019-11-26;447,90;Geprueft
2019-11-27;447,93;Geprueft
2019-11-28;447,91;Geprueft
2019-11-29;447,87;Geprueft
2019-11-30;447,86;Geprueft
2019-12-01;447,90;Geprueft
2019-12-02;447,87;Geprueft
2019-12-03;447,87;Geprueft
2019-12-04;447,90;Geprueft
2019-12-05;447,89;Geprueft
2019-12-06;447,90;Geprueft
2019-12-07;447,90;Geprueft
2019-12-08;447,91;Geprueft
2019-12-09;447,91;Geprueft
2019-12-10;447,85;Geprueft
2019-12-11;447,92;Geprueft
2019-12-12;447,93;Geprueft
2019-12-13;447,97;Geprueft
2019-12-14;447,89;Geprueft
2019-12-15;447,87;Geprueft
2019-12-16;447,88;Geprueft
2019-12-17;447,89;Geprueft
2019-12-18;447,85;Geprueft
2019-12-19;447,89;Geprueft
2019-12-20;447,94;Geprueft
2019-12-21;447,91;Geprueft
2019-12-22;447,92;Geprueft
2019-12-23;447,85;Geprueft
2019-12-24;447,86;Geprueft
2019-12-25;447,86;Geprueft
2019-12-26;447,86;Geprueft
2019-12-27;447,86;Geprueft
2019-12-28;447,84;Geprueft
2019-12-29;447,86;Geprueft
2019-12-30;447,88;Geprueft
2019-12-31;447,88;Geprueft
2020-01-01;447,88;Geprueft
2020-01-02;447,89;Geprueft
2020-01-03;447,89;Geprueft
2020-01-04;447,87;Geprueft
2020-01-05;447,86;Geprueft
2020-01-06;447,89;Geprueft
2020-01-07;447,88;Geprueft
2020-01-08;447,88;Geprueft
2020-01-09;447,90;Geprueft
2020-01-10;447,88;Geprueft
2020-01-11;447,85;Geprueft
2020-01-12;447,88;Geprueft
2020-01-13;447,89;Geprueft
2020-01-14;447,89;Geprueft
2020-01-15;447,87;Geprueft
2020-01-16;447,86;Geprueft
2020-01-17;447,89;Geprueft
2020-01-18;447,86;Geprueft
2020-01-19;447,84;Geprueft
2020-01-20;447,83;Geprueft
2020-01-21;447,86;Geprueft
2020-01-22;447,88;Geprueft
2020-01-23;447,88;Geprueft
2020-01-24;447,89;Geprueft
2020-01-25;447,88;Geprueft
2020-01-26;447,88;Geprueft
2020-01-27;447,89;Geprueft
2020-01-28;447,91;Geprueft
2020-01-29;447,87;Geprueft
2020-01-30;447,87;Geprueft
2020-01-31;447,87;Geprueft
2020-02-01;447,88;Geprueft
2020-02-02;447,87;Geprueft
2020-02-03;447,88;Geprueft
2020-02-04;447,92;Geprueft
2020-02-05;447,86;Geprueft
2020-02-06;447,89;Geprueft
2020-02-07;447,91;Geprueft
2020-02-08;447,92;Geprueft
2020-02-09;447,94;Geprueft
2020-02-10;447,98;Geprueft
2020-02-11;447,94;Geprueft
2020-02-12;447,92;Geprueft
2020-02-13;447,96;Geprueft
2020-02-14;447,91;Geprueft
2020-02-15;447,92;Geprueft
2020-02-16;447,95;Geprueft
2020-02-17;447,94;Geprueft
2020-02-18;447,92;Geprueft
2020-02-19;447,94;Geprueft
2020-02-20;447,94;Geprueft
2020-02-21;447,91;Geprueft
2020-02-22;447,93;Geprueft
2020-02-23;447,95;Geprueft
2020-02-24;447,95;Geprueft
2020-02-25;447,99;Geprueft
2020-02-26;447,97;Geprueft
2020-02-27;447,97;Geprueft
2020-02-28;447,90;Geprueft
2020-02-29;447,99;Geprueft
2020-03-01;447,98;Geprueft
2020-03-02;448,00;Geprueft
2020-03-03;447,94;Geprueft
2020-03-04;447,92;Geprueft
2020-03-05;447,99;Geprueft
2020-03-06;447,97;Geprueft
2020-03-07;447,90;Geprueft
2020-03-08;447,93;Geprueft
2020-03-09;447,94;Geprueft
2020-03-10;447,94;Geprueft
2020-03-11;447,94;Geprueft
2020-03-12;447,96;Geprueft
2020-03-13;447,94;Geprueft
2020-03-14;447,94;Geprueft
2020-03-15;447,96;Geprueft
2020-03-16;447,94;Geprueft
2020-03-17;447,92;Geprueft
2020-03-18;447,94;Geprueft
2020-03-19;447,96;Geprueft
2020-03-20;447,97;Geprueft
2020-03-21;447,95;Geprueft
2020-03-22;447,92;Geprueft
2020-03-23;447,93;Geprueft
2020-03-24;447,94;Geprueft
2020-03-25;447,96;Geprueft
2020-03-26;447,97;Geprueft
2020-03-27;447,96;Geprueft
2020-03-28;447,95;Geprueft
2020-03-29;447,94;Geprueft
2020-03-30;447,92;Geprueft
2020-03-31;447,93;Geprueft
2020-04-01;447,95;Geprueft
2020-04-02;447,96;Geprueft
2020-04-03;447,93;Geprueft
2020-04-04;447,91;Geprueft
2020-04-05;447,92;Geprueft
2020-04-06;447,91;Geprueft
2020-04-07;447,90;Geprueft
2020-04-08;447,92;Geprueft
2020-04-09;447,91;Geprueft
2020-04-10;447,91;Geprueft
2020-04-11;447,91;Geprueft
2020-04-12;447,93;Geprueft
2020-04-13;447,92;Geprueft
2020-04-14;447,88;Geprueft
2020-04-15;447,89;Geprueft
2020-04-16;447,91;Geprueft
2020-04-17;447,91;Geprueft
2020-04-18;447,90;Geprueft
2020-04-19;447,90;Geprueft
2020-04-20;447,89;Geprueft
2020-04-21;447,89;Geprueft
2020-04-22;447,88;Geprueft
2020-04-23;447,88;Geprueft
2020-04-24;447,90;Geprueft
2020-04-25;447,89;Geprueft
2020-04-26;447,88;Geprueft
2020-04-27;447,88;Geprueft
2020-04-28;447,89;Geprueft
2020-04-29;447,87;Geprueft
2020-04-30;447,88;Geprueft
2020-05-01;447,88;Geprueft
2020-05-02;447,86;Geprueft
2020-05-03;447,84;Geprueft
2020-05-04;447,86;Geprueft
2020-05-05;447,86;Geprueft
2020-05-06;447,84;Geprueft
2020-05-07;447,85;Geprueft
2020-05-08;447,87;Geprueft
2020-05-09;447,88;Geprueft
2020-05-10;447,88;Geprueft
2020-05-11;447,89;Geprueft
2020-05-12;447,83;Geprueft
2020-05-13;447,87;Geprueft
2020-05-14;447,85;Geprueft
2020-05-15;447,84;Geprueft
2020-05-16;447,84;Geprueft
2020-05-17;447,85;Geprueft
2020-05-18;447,85;Geprueft
2020-05-19;447,86;Geprueft
2020-05-20;447,85;Geprueft
2020-05-21;447,85;Geprueft
2020-05-22;447,84;Geprueft
2020-05-23;447,84;Geprueft
2020-05-24;447,83;Geprueft
2020-05-25;447,84;Geprueft
2020-05-26;447,83;Geprueft
2020-05-27;447,84;Geprueft
2020-05-28;447,85;Geprueft
2020-05-29;447,85;Geprueft
2020-05-30;447,86;Geprueft
2020-05-31;447,85;Geprueft
2020-06-01;447,85;Geprueft
2020-06-02;447,86;Geprueft
2020-06-03;447,89;Geprueft
2020-06-04;447,89;Geprueft
2020-06-05;447,86;Geprueft
2020-06-06;447,85;Geprueft
2020-06-07;447,83;Geprueft
2020-06-08;447,83;Geprueft
2020-06-09;447,84;Geprueft
2020-06-10;447,85;Geprueft
2020-06-11;447,85;Geprueft
2020-06-12;447,85;Geprueft
2020-06-13;447,84;Geprueft
2020-06-14;447,82;Geprueft
2020-06-15;447,82;Geprueft
2020-06-16;447,84;Geprueft
2020-06-17;447,85;Geprueft
2020-06-18;447,83;Geprueft
2020-06-19;447,83;Geprueft
2020-06-20;447,83;Geprueft
2020-06-21;447,83;Geprueft
2020-06-22;447,83;Geprueft
2020-06-23;447,83;Geprueft
2020-06-24;447,84;Geprueft
2020-06-25;447,84;Geprueft
2020-06-26;447,85;Geprueft
2020-06-27;447,84;Geprueft
2020-06-28;447,83;Geprueft
2020-06-29;447,84;Geprueft
2020-06-30;447,84;Geprueft
2020-07-01;447,85;Geprueft
2020-07-02;447,83;Geprueft
2020-07-03;447,82;Geprueft
2020-07-04;447,83;Geprueft
2020-07-05;447,84;Geprueft
2020-07-06;447,84;Geprueft
2020-07-07;447,82;Geprueft
2020-07-08;447,84;Geprueft
2020-07-09;447,83;Geprueft
2020-07-10;447,84;Geprueft
2020-07-11;447,81;Geprueft
2020-07-12;447,82;Geprueft
2020-07-13;447,84;Geprueft
2020-07-14;447,85;Geprueft
2020-07-15;447,84;Geprueft
2020-07-16;447,83;Geprueft
2020-07-17;447,82;Geprueft
2020-07-18;447,83;Geprueft
2020-07-19;447,83;Geprueft
2020-07-20;447,83;Geprueft
2020-07-21;447,82;Geprueft
2020-07-22;447,82;Geprueft
2020-07-23;447,84;Geprueft
2020-07-24;447,83;Geprueft
2020-07-25;447,82;Geprueft
2020-07-26;447,82;Geprueft
2020-07-27;447,82;Geprueft
2020-07-28;447,83;Geprueft
2020-07-29;447,80;Geprueft
2020-07-30;447,81;Geprueft
2020-07-31;447,82;Geprueft
2020-08-01;447,82;Geprueft
2020-08-02;447,82;Geprueft
2020-08-03;447,83;Geprueft
2020-08-04;447,81;Geprueft
2020-08-05;447,81;Geprueft
2020-08-06;447,81;Geprueft
2020-08-07;447,82;Geprueft
2020-08-08;447,82;Geprueft
2020-08-09;447,82;Geprueft
2020-08-10;447,83;Geprueft
2020-08-11;447,81;Geprueft
2020-08-12;447,81;Geprueft
2020-08-13;447,82;Geprueft
2020-08-14;447,82;Geprueft
2020-08-15;447,81;Geprueft
2020-08-16;447,82;Geprueft
2020-08-17;447,81;Geprueft
2020-08-18;447,81;Geprueft
2020-08-19;447,81;Geprueft
2020-08-20;447,81;Geprueft
2020-08-21;447,80;Geprueft
2020-08-22;447,79;Geprueft
2020-08-23;447,80;Geprueft
2020-08-24;447,81;Geprueft
2020-08-25;447,81;Geprueft
2020-08-26;447,81;Geprueft
2020-08-27;447,80;Geprueft
2020-08-28;447,83;Geprueft
2020-08-29;447,81;Geprueft
2020-08-30;447,81;Geprueft
2020-08-31;447,78;Geprueft
2020-09-01;447,80;Geprueft
2020-09-02;447,79;Geprueft
2020-09-03;447,78;Geprueft
2020-09-04;447,79;Geprueft
2020-09-05;447,81;Geprueft
2020-09-06;447,80;Geprueft
2020-09-07;447,78;Geprueft
2020-09-08;447,78;Geprueft
2020-09-09;447,81;Geprueft
2020-09-10;447,81;Geprueft
2020-09-11;447,80;Geprueft
2020-09-12;447,79;Geprueft
2020-09-13;447,77;Geprueft
2020-09-14;447,79;Geprueft
2020-09-15;447,80;Geprueft
2020-09-16;447,80;Geprueft
2020-09-17;447,78;Geprueft
2020-09-18;447,78;Geprueft
2020-09-19;447,80;Geprueft
2020-09-20;447,80;Geprueft
2020-09-21;447,79;Geprueft
2020-09-22;447,81;Geprueft
2020-09-23;447,81;Geprueft
2020-09-24;447,81;Geprueft
2020-09-25;447,83;Geprueft
2020-09-26;447,82;Geprueft
2020-09-27;447,80;Geprueft
2020-09-28;447,78;Geprueft
2020-09-29;447,78;Geprueft
2020-09-30;447,80;Geprueft
2020-10-01;447,82;Geprueft
2020-10-02;447,84;Geprueft
2020-10-03;447,83;Geprueft
2020-10-04;447,79;Geprueft
2020-10-05;447,78;Geprueft
2020-10-06;447,78;Geprueft
2020-10-07;447,76;Geprueft
2020-10-08;447,76;Geprueft
2020-10-09;447,78;Geprueft
2020-10-10;447,78;Geprueft
2020-10-11;447,79;Geprueft
2020-10-12;447,79;Geprueft
2020-10-13;447,81;Geprueft
2020-10-14;447,80;Geprueft
2020-10-15;447,79;Geprueft
2020-10-16;447,78;Geprueft
2020-10-17;447,78;Geprueft
2020-10-18;447,77;Geprueft
2020-10-19;447,78;Geprueft
2020-10-20;447,80;Geprueft
2020-10-21;447,80;Geprueft
2020-10-22;447,78;Geprueft
2020-10-23;447,79;Geprueft
2020-10-24;447,78;Geprueft
2020-10-25;447,81;Geprueft
2020-10-26;447,81;Geprueft
2020-10-27;447,78;Geprueft
2020-10-28;447,79;Geprueft
2020-10-29;447,78;Geprueft
2020-10-30;447,78;Geprueft
2020-10-31;447,80;Geprueft
2020-11-01;447,81;Geprueft
2020-11-02;447,81;Geprueft
2020-11-03;447,80;Geprueft
2020-11-04;447,79;Geprueft
2020-11-05;447,79;Geprueft
2020-11-06;447,81;Geprueft
2020-11-07;447,83;Geprueft
2020-11-08;447,83;Geprueft
2020-11-09;447,82;Geprueft
2020-11-10;447,82;Geprueft
2020-11-11;447,83;Geprueft
2020-11-12;447,83;Geprueft
2020-11-13;447,83;Geprueft
2020-11-14;447,83;Geprueft
2020-11-15;447,84;Geprueft
2020-11-16;447,81;Geprueft
2020-11-17;447,79;Geprueft
2020-11-18;447,81;Geprueft
2020-11-19;447,81;Geprueft
2020-11-20;447,78;Geprueft
2020-11-21;447,79;Geprueft
2020-11-22;447,81;Geprueft
2020-11-23;447,80;Geprueft
2020-11-24;447,81;Geprueft
2020-11-25;447,81;Geprueft
2020-11-26;447,80;Geprueft
2020-11-27;447,81;Geprueft
2020-11-28;447,81;Geprueft
2020-11-29;447,79;Geprueft
2020-11-30;447,79;Geprueft
2020-12-01;447,82;Geprueft
2020-12-02;447,81;Geprueft
2020-12-03;447,84;Geprueft
2020-12-04;447,86;Geprueft
2020-12-05;447,82;Geprueft
2020-12-06;447,82;Geprueft
2020-12-07;447,80;Geprueft
2020-12-08;447,80;Geprueft
2020-12-09;447,78;Geprueft
2020-12-10;447,79;Geprueft
2020-12-11;447,81;Geprueft
2020-12-12;447,79;Geprueft
2020-12-13;447,75;Geprueft
2020-12-14;447,76;Geprueft
2020-12-15;447,77;Geprueft
2020-12-16;447,77;Geprueft
2020-12-17;447,76;Geprueft
2020-12-18;447,77;Geprueft
2020-12-19;447,79;Geprueft
2020-12-20;447,78;Geprueft
2020-12-21;447,78;Geprueft
2020-12-22;447,79;Geprueft
2020-12-23;447,80;Geprueft
2020-12-24;447,82;Geprueft
2020-12-25;447,79;Geprueft
2020-12-26;447,79;Geprueft
2020-12-27;447,90;Geprueft
2020-12-28;447,92;Geprueft
2020-12-29;447,84;Geprueft
2020-12-30;447,81;Geprueft
2020-12-31;447,83;Geprueft
2021-01-01;447,82;Geprueft
2021-01-02;447,82;Geprueft
2021-01-03;447,82;Geprueft
2021-01-04;447,82;Geprueft
2021-01-05;447,82;Geprueft
2021-01-06;447,82;Geprueft
2021-01-07;447,80;Geprueft
2021-01-08;447,80;Geprueft
2021-01-09;447,79;Geprueft
2021-01-10;447,79;Geprueft
2021-01-11;447,80;Geprueft
2021-01-12;447,83;Geprueft
2021-01-13;447,81;Geprueft
2021-01-14;447,81;Geprueft
2021-01-15;447,79;Geprueft
2021-01-16;447,80;Geprueft
2021-01-17;447,81;Geprueft
2021-01-18;447,79;Geprueft
2021-01-19;447,82;Geprueft
2021-01-20;447,85;Geprueft
2021-01-21;447,86;Geprueft
2021-01-22;447,88;Geprueft
2021-01-23;447,86;Geprueft
2021-01-24;447,85;Geprueft
2021-01-25;447,84;Geprueft
2021-01-26;447,80;Geprueft
2021-01-27;447,83;Geprueft
2021-01-28;447,87;Geprueft
2021-01-29;447,90;Geprueft
2021-01-30;447,91;Geprueft
2021-01-31;447,92;Geprueft
2021-02-01;447,93;Geprueft
2021-02-02;447,90;Geprueft
2021-02-03;447,93;Geprueft
2021-02-04;447,90;Geprueft
2021-02-05;447,93;Geprueft
2021-02-06;447,96;Geprueft
2021-02-07;447,99;Geprueft
2021-02-08;447,97;Geprueft
2021-02-09;447,94;Geprueft
2021-02-10;447,94;Geprueft
2021-02-11;447,87;Geprueft
2021-02-12;447,90;Geprueft
2021-02-13;447,89;Geprueft
2021-02-14;447,90;Geprueft
2021-02-15;447,94;Geprueft
2021-02-16;447,97;Geprueft
2021-02-17;447,95;Geprueft
2021-02-18;447,97;Geprueft
2021-02-19;447,95;Geprueft
2021-02-20;447,96;Geprueft
2021-02-21;447,96;Geprueft
2021-02-22;447,94;Geprueft
2021-02-23;447,92;Geprueft
2021-02-24;447,94;Geprueft
2021-02-25;447,96;Geprueft
2021-02-26;447,96;Geprueft
2021-02-27;447,93;Geprueft
2021-02-28;447,95;Geprueft
2021-03-01;447,96;Geprueft
2021-03-02;447,95;Geprueft
2021-03-03;447,97;Geprueft
2021-03-04;448,00;Geprueft
2021-03-05;447,96;Geprueft
2021-03-06;447,94;Geprueft
2021-03-07;447,99;Geprueft
2021-03-08;447,98;Geprueft
2021-03-09;447,98;Geprueft
2021-03-10;447,97;Geprueft
2021-03-11;448,01;Geprueft
2021-03-12;447,97;Geprueft
2021-03-13;447,99;Geprueft
2021-03-14;447,96;Geprueft
2021-03-15;447,97;Geprueft
2021-03-16;447,94;Geprueft
2021-03-17;447,95;Geprueft
2021-03-18;447,96;Geprueft
2021-03-19;447,97;Geprueft
2021-03-20;447,94;Geprueft
2021-03-21;447,97;Geprueft
2021-03-22;447,96;Geprueft
2021-03-23;447,95;Geprueft
2021-03-24;447,96;Geprueft
2021-03-25;447,97;Geprueft
2021-03-26;447,97;Geprueft
2021-03-27;447,95;Geprueft
2021-03-28;447,94;Geprueft
2021-03-29;447,94;Geprueft
2021-03-30;447,95;Geprueft
2021-03-31;447,98;Geprueft
2021-04-01;447,98;Geprueft
2021-04-02;447,97;Geprueft
2021-04-03;447,95;Geprueft
2021-04-04;447,97;Geprueft
2021-04-05;448,01;Geprueft
2021-04-06;447,97;Geprueft
2021-04-07;447,95;Geprueft
2021-04-08;447,93;Geprueft
2021-04-09;447,97;Geprueft
2021-04-10;447,97;Geprueft
2021-04-11;447,97;Geprueft
2021-04-12;447,92;Geprueft
2021-04-13;447,93;Geprueft
2021-04-14;447,94;Geprueft
2021-04-15;447,95;Geprueft
2021-04-16;447,95;Geprueft
2021-04-17;447,95;Geprueft
2021-04-18;447,95;Geprueft
2021-04-19;447,95;Geprueft
2021-04-20;447,96;Geprueft
2021-04-21;447,95;Geprueft
2021-04-22;447,93;Geprueft
2021-04-23;447,92;Geprueft
2021-04-24;447,95;Geprueft
2021-04-25;447,94;Geprueft
2021-04-26;447,96;Geprueft
2021-04-27;447,97;Geprueft
2021-04-28;447,97;Geprueft
2021-04-29;447,94;Geprueft
2021-04-30;447,94;Geprueft
2021-05-01;447,95;Geprueft
2021-05-02;447,92;Geprueft
2021-05-03;447,92;Geprueft
2021-05-04;447,97;Geprueft
2021-05-05;447,94;Geprueft
2021-05-06;447,94;Geprueft
2021-05-07;447,92;Geprueft
2021-05-08;447,92;Geprueft
2021-05-09;447,95;Geprueft
2021-05-10;447,95;Geprueft
2021-05-11;447,95;Geprueft
2021-05-12;447,94;Geprueft
2021-05-13;447,96;Geprueft
2021-05-14;447,95;Geprueft
2021-05-15;447,96;Geprueft
2021-05-16;447,97;Geprueft
2021-05-17;447,95;Geprueft
2021-05-18;447,94;Geprueft
2021-05-19;447,94;Geprueft
2021-05-20;447,93;Geprueft
2021-05-21;447,97;Geprueft
2021-05-22;447,96;Geprueft
2021-05-23;447,94;Geprueft
2021-05-24;447,96;Geprueft
2021-05-25;447,94;Geprueft
2021-05-26;447,96;Geprueft
2021-05-27;447,94;Geprueft
2021-05-28;447,94;Geprueft
2021-05-29;447,94;Geprueft
2021-05-30;447,94;Geprueft
2021-05-31;447,95;Geprueft
2021-06-01;447,96;Geprueft
2021-06-02;447,95;Geprueft
2021-06-03;447,93;Geprueft
2021-06-04;447,94;Geprueft
2021-06-05;447,95;Geprueft
2021-06-06;447,95;Geprueft
2021-06-07;447,95;Geprueft
2021-06-08;447,94;Geprueft
2021-06-09;447,94;Geprueft
2021-06-10;447,94;Geprueft
2021-06-11;447,94;Geprueft
2021-06-12;447,94;Geprueft
2021-06-13;447,92;Geprueft
2021-06-14;447,94;Geprueft
2021-06-15;447,94;Geprueft
2021-06-16;447,95;Geprueft
2021-06-17;447,94;Geprueft
2021-06-18;447,94;Geprueft
2021-06-19;447,94;Geprueft
2021-06-20;447,95;Geprueft
2021-06-21;447,94;Geprueft
2021-06-22;447,92;Geprueft
2021-06-23;447,92;Geprueft
2021-06-24;447,92;Geprueft
2021-06-25;447,92;Geprueft
2021-06-26;447,93;Geprueft
2021-06-27;447,93;Geprueft
2021-06-28;447,93;Geprueft
2021-06-29;447,93;Geprueft
2021-06-30;447,92;Geprueft
2021-07-01;447,92;Geprueft
2021-07-02;447,92;Geprueft
2021-07-03;447,93;Geprueft
2021-07-04;447,94;Geprueft
2021-07-05;447,92;Geprueft
2021-07-06;447,93;Geprueft
2021-07-07;447,90;Geprueft
2021-07-08;447,91;Geprueft
2021-07-09;447,91;Geprueft
2021-07-10;447,93;Geprueft
2021-07-11;447,92;Geprueft
2021-07-12;447,94;Geprueft
2021-07-13;447,94;Geprueft
2021-07-14;447,92;Geprueft
2021-07-15;447,92;Geprueft
2021-07-16;447,91;Geprueft
2021-07-17;447,91;Geprueft
2021-07-18;447,92;Geprueft
2021-07-19;447,92;Geprueft
2021-07-20;447,92;Geprueft
2021-07-21;447,92;Geprueft
2021-07-22;447,93;Geprueft
2021-07-23;447,94;Geprueft
2021-07-24;447,95;Geprueft
2021-07-25;447,94;Geprueft
2021-07-26;447,93;Geprueft
2021-07-27;447,93;Geprueft
2021-07-28;447,93;Geprueft
2021-07-29;447,93;Geprueft
2021-07-30;447,94;Geprueft
2021-07-31;447,93;Geprueft
2021-08-01;447,93;Geprueft
2021-08-02;447,92;Geprueft
2021-08-03;447,92;Geprueft
2021-08-04;447,93;Geprueft
2021-08-05;447,95;Geprueft
2021-08-06;447,95;Geprueft
2021-08-07;447,95;Geprueft
2021-08-08;447,92;Geprueft
2021-08-09;447,92;Geprueft
2021-08-10;447,93;Geprueft
2021-08-11;447,92;Geprueft
2021-08-12;447,92;Geprueft
2021-08-13;447,92;Geprueft
2021-08-14;447,93;Geprueft
2021-08-15;447,95;Geprueft
2021-08-16;447,94;Geprueft
2021-08-17;447,92;Geprueft
2021-08-18;447,93;Geprueft
2021-08-19;447,93;Geprueft
2021-08-20;447,92;Geprueft
2021-08-21;447,92;Geprueft
2021-08-22;447,92;Geprueft
2021-08-23;447,92;Geprueft
2021-08-24;447,91;Geprueft
2021-08-25;447,94;Geprueft
2021-08-26;447,95;Geprueft
2021-08-27;447,93;Geprueft
2021-08-28;447,93;Geprueft
2021-08-29;447,95;Geprueft
2021-08-30;447,98;Geprueft
2021-08-31;447,98;Geprueft
2021-09-01;447,98;Geprueft
2021-09-02;448,00;Geprueft
2021-09-03;448,02;Geprueft
2021-09-04;448,02;Geprueft
2021-09-05;448,00;Geprueft
2021-09-06;447,99;Geprueft
2021-09-07;448,00;Geprueft
2021-09-08;448,02;Geprueft
2021-09-09;448,01;Geprueft
2021-09-10;448,00;Geprueft
2021-09-11;447,99;Geprueft
2021-09-12;448,00;Geprueft
2021-09-13;448,00;Geprueft
2021-09-14;448,00;Geprueft
2021-09-15;448,00;Geprueft
2021-09-16;448,00;Geprueft
2021-09-17;448,00;Geprueft
2021-09-18;448,00;Geprueft
2021-09-19;448,00;Geprueft
2021-09-20;447,97;Geprueft
2021-09-21;447,96;Geprueft
2021-09-22;447,97;Geprueft
2021-09-23;448,00;Geprueft
2021-09-24;447,99;Geprueft
2021-09-25;447,99;Geprueft
2021-09-26;447,99;Geprueft
2021-09-27;447,98;Geprueft
2021-09-28;447,98;Geprueft
2021-09-29;447,98;Geprueft
2021-09-30;447,96;Geprueft
2021-10-01;447,99;Geprueft
2021-10-02;448,00;Geprueft
2021-10-03;448,00;Geprueft
2021-10-04;447,97;Geprueft
2021-10-05;448,00;Geprueft
2021-10-06;447,96;Geprueft
2021-10-07;447,95;Geprueft
2021-10-08;447,96;Geprueft
2021-10-09;447,96;Geprueft
2021-10-10;447,97;Geprueft
2021-10-11;447,97;Geprueft
2021-10-12;447,99;Geprueft
2021-10-13;447,96;Geprueft
2021-10-14;447,96;Geprueft
2021-10-15;447,99;Geprueft
2021-10-16;447,97;Geprueft
2021-10-17;447,96;Geprueft
2021-10-18;447,95;Geprueft
2021-10-19;447,96;Geprueft
2021-10-20;448,00;Geprueft
2021-10-21;447,99;Geprueft
2021-10-22;447,95;Geprueft
2021-10-23;447,93;Geprueft
2021-10-24;447,95;Geprueft
2021-10-25;447,97;Geprueft
2021-10-26;447,95;Geprueft
2021-10-27;447,95;Geprueft
2021-10-28;447,97;Geprueft
2021-10-29;447,98;Geprueft
2021-10-30;447,98;Geprueft
2021-10-31;447,98;Geprueft
2021-11-01;447,98;Geprueft
2021-11-02;447,98;Geprueft
2021-11-03;447,98;Geprueft
2021-11-04;447,95;Geprueft
2021-11-05;447,91;Geprueft
2021-11-06;447,92;Geprueft
2021-11-07;447,96;Geprueft
2021-11-08;447,94;Geprueft
2021-11-09;447,93;Geprueft
2021-11-10;447,95;Geprueft
2021-11-11;447,95;Geprueft
2021-11-12;447,96;Geprueft
2021-11-13;447,96;Geprueft
2021-11-14;447,95;Geprueft
2021-11-15;447,94;Geprueft
2021-11-16;447,95;Geprueft
2021-11-17;447,93;Geprueft
2021-11-18;447,92;Geprueft
2021-11-19;447,93;Geprueft
2021-11-20;447,96;Geprueft
2021-11-21;447,98;Geprueft
2021-11-22;447,93;Geprueft
2021-11-23;447,92;Geprueft
2021-11-24;447,96;Geprueft
2021-11-25;447,98;Geprueft
2021-11-26;448,00;Geprueft
2021-11-27;447,99;Geprueft
2021-11-28;447,97;Geprueft
2021-11-29;447,93;Geprueft
2021-11-30;447,93;Geprueft
2021-12-01;447,97;Geprueft
2021-12-02;447,96;Geprueft
2021-12-03;447,92;Geprueft
2021-12-04;447,98;Geprueft
2021-12-05;447,95;Geprueft
2021-12-06;447,94;Geprueft
2021-12-07;447,96;Geprueft
2021-12-08;448,00;Geprueft
2021-12-09;447,97;Geprueft
2021-12-10;448,00;Geprueft
2021-12-11;447,92;Geprueft
2021-12-12;447,91;Geprueft
2021-12-13;447,94;Geprueft
2021-12-14;447,95;Geprueft
2021-12-15;447,95;Geprueft
2021-12-16;447,95;Geprueft
2021-12-17;447,96;Geprueft
2021-12-18;447,97;Geprueft
2021-12-19;448,01;Geprueft
2021-12-20;448,00;Geprueft
2021-12-21;448,00;Geprueft
2021-12-22;447,99;Geprueft
2021-12-23;448,03;Geprueft
2021-12-24;448,04;Geprueft
2021-12-25;448,03;Geprueft
2021-12-26;448,02;Geprueft
2021-12-27;448,04;Geprueft
2021-12-28;448,04;Geprueft
2021-12-29;448,02;Geprueft
2021-12-30;448,01;Geprueft
2021-12-31;448,03;Geprueft
2022-01-01;448,03;Geprueft
2022-01-02;448,07;Geprueft
2022-01-03;448,07;Geprueft
2022-01-04;448,12;Geprueft
2022-01-05;448,07;Geprueft
2022-01-06;448,04;Geprueft
2022-01-07;448,07;Geprueft
2022-01-08;448,10;Geprueft
2022-01-09;448,11;Geprueft
2022-01-10;448,04;Geprueft
2022-01-11;448,02;Geprueft
2022-01-12;448,03;Geprueft
2022-01-13;448,04;Geprueft
2022-01-14;448,08;Geprueft
2022-01-15;448,09;Geprueft
2022-01-16;448,08;Geprueft
2022-01-17;448,07;Geprueft
2022-01-18;448,06;Geprueft
2022-01-19;448,11;Geprueft
2022-01-20;448,10;Geprueft
2022-01-21;448,07;Geprueft
2022-01-22;448,07;Geprueft
2022-01-23;448,07;Geprueft
2022-01-24;448,08;Geprueft
2022-01-25;448,09;Geprueft
2022-01-26;448,09;Geprueft
2022-01-27;448,11;Geprueft
2022-01-28;448,08;Geprueft
2022-01-29;448,11;Geprueft
2022-01-30;448,11;Geprueft
2022-01-31;448,17;Geprueft
2022-02-01;448,12;Geprueft
2022-02-02;448,11;Geprueft
2022-02-03;448,12;Geprueft
2022-02-04;448,14;Geprueft
2022-02-05;448,10;Geprueft
2022-02-06;448,16;Geprueft
2022-02-07;448,10;Geprueft
2022-02-08;448,09;Geprueft
2022-02-09;448,12;Geprueft
2022-02-10;448,14;Geprueft
2022-02-11;448,11;Geprueft
2022-02-12;448,12;Geprueft
2022-02-13;448,16;Geprueft
2022-02-14;448,18;Geprueft
2022-02-15;448,14;Geprueft
2022-02-16;448,17;Geprueft
2022-02-17;448,16;Geprueft
2022-02-18;448,15;Geprueft
2022-02-19;448,11;Geprueft
2022-02-20;448,14;Geprueft
2022-02-21;448,17;Geprueft
2022-02-22;448,11;Geprueft
2022-02-23;448,11;Geprueft
2022-02-24;448,16;Geprueft
2022-02-25;448,11;Geprueft
2022-02-26;448,10;Geprueft
2022-02-27;448,12;Geprueft
2022-02-28;448,12;Geprueft
2022-03-01;448,13;Geprueft
2022-03-02;448,15;Geprueft
2022-03-03;448,16;Geprueft
2022-03-04;448,14;Geprueft
2022-03-05;448,14;Geprueft
2022-03-06;448,14;Geprueft
2022-03-07;448,12;Geprueft
2022-03-08;448,13;Geprueft
2022-03-09;448,12;Geprueft
2022-03-10;448,12;Geprueft
2022-03-11;448,14;Geprueft
2022-03-12;448,14;Geprueft
2022-03-13;448,14;Geprueft
2022-03-14;448,10;Geprueft
2022-03-15;448,13;Geprueft
2022-03-16;448,12;Geprueft
2022-03-17;448,11;Geprueft
2022-03-18;448,08;Geprueft
2022-03-19;448,12;Geprueft
2022-03-20;448,12;Geprueft
2022-03-21;448,11;Geprueft
2022-03-22;448,12;Geprueft
2022-03-23;448,12;Geprueft
2022-03-24;448,13;Geprueft
2022-03-25;448,12;Geprueft
2022-03-26;448,11;Geprueft
2022-03-27;448,12;Geprueft
2022-03-28;448,14;Geprueft
2022-03-29;448,17;Geprueft
2022-03-30;448,18;Geprueft
2022-03-31;448,18;Geprueft
2022-04-01;448,15;Geprueft
2022-04-02;448,11;Geprueft
2022-04-03;448,09;Geprueft
2022-04-04;448,13;Geprueft
2022-04-05;448,14;Geprueft
2022-04-06;448,15;Geprueft
2022-04-07;448,17;Geprueft
2022-04-08;448,15;Geprueft
2022-04-09;448,10;Geprueft
2022-04-10;448,09;Geprueft
2022-04-11;448,12;Geprueft
2022-04-12;448,13;Geprueft
2022-04-13;448,12;Geprueft
2022-04-14;448,11;Geprueft
2022-04-15;448,10;Geprueft
2022-04-16;448,09;Geprueft
2022-04-17;448,12;Geprueft
2022-04-18;448,14;Geprueft
2022-04-19;448,15;Geprueft
2022-04-20;448,14;Geprueft
2022-04-21;448,15;Geprueft
2022-04-22;448,16;Geprueft
2022-04-23;448,14;Geprueft
2022-04-24;448,14;Geprueft
2022-04-25;448,10;Geprueft
2022-04-26;448,10;Geprueft
2022-04-27;448,08;Geprueft
2022-04-28;448,09;Geprueft
2022-04-29;448,11;Geprueft
2022-04-30;448,12;Geprueft
2022-05-01;448,11;Geprueft
2022-05-02;448,13;Geprueft
2022-05-03;448,12;Geprueft
2022-05-04;448,11;Geprueft
2022-05-05;448,10;Geprueft
2022-05-06;448,10;Geprueft
2022-05-07;448,11;Geprueft
2022-05-08;448,10;Geprueft
2022-05-09;448,10;Geprueft
2022-05-10;448,11;Geprueft
2022-05-11;448,12;Geprueft
2022-05-12;448,11;Geprueft
2022-05-13;448,10;Geprueft
2022-05-14;448,11;Geprueft
2022-05-15;448,11;Geprueft
2022-05-16;448,10;Geprueft
2022-05-17;448,10;Geprueft
2022-05-18;448,09;Geprueft
2022-05-19;448,10;Geprueft
2022-05-20;448,11;Geprueft
2022-05-21;448,10;Geprueft
2022-05-22;448,12;Geprueft
2022-05-23;448,14;Geprueft
2022-05-24;448,10;Geprueft
2022-05-25;448,08;Geprueft
2022-05-26;448,08;Geprueft
2022-05-27;448,10;Geprueft
2022-05-28;448,10;Geprueft
2022-05-29;448,12;Geprueft
2022-05-30;448,10;Geprueft
2022-05-31;448,09;Geprueft
2022-06-01;448,08;Geprueft
2022-06-02;448,08;Geprueft
2022-06-03;448,09;Geprueft
2022-06-04;448,08;Geprueft
2022-06-05;448,10;Geprueft
2022-06-06;448,11;Geprueft
2022-06-07;448,13;Geprueft
2022-06-08;448,15;Geprueft
2022-06-09;448,13;Geprueft
2022-06-10;448,12;Geprueft
2022-06-11;448,14;Geprueft
2022-06-12;448,15;Geprueft
2022-06-13;448,15;Geprueft
2022-06-14;448,14;Geprueft
2022-06-15;448,15;Geprueft
2022-06-16;448,15;Geprueft
2022-06-17;448,13;Geprueft
2022-06-18;448,15;Geprueft
2022-06-19;448,18;Geprueft
2022-06-20;448,15;Geprueft
2022-06-21;448,14;Geprueft
2022-06-22;448,15;Geprueft
2022-06-23;448,14;Geprueft
2022-06-24;448,15;Geprueft
2022-06-25;448,13;Geprueft
2022-06-26;448,14;Geprueft
2022-06-27;448,13;Geprueft
2022-06-28;448,12;Geprueft
2022-06-29;448,14;Geprueft
2022-06-30;448,14;Geprueft
2022-07-01;448,10;Geprueft
2022-07-02;448,11;Geprueft
2022-07-03;448,13;Geprueft
2022-07-04;448,12;Geprueft
2022-07-05;448,12;Geprueft
2022-07-06;448,11;Geprueft
2022-07-07;448,11;Geprueft
2022-07-08;448,09;Geprueft
2022-07-09;448,12;Geprueft
2022-07-10;448,12;Geprueft
2022-07-11;448,11;Geprueft
2022-07-12;448,11;Geprueft
2022-07-13;448,11;Geprueft
2022-07-14;448,13;Geprueft
2022-07-15;448,11;Geprueft
2022-07-16;448,10;Geprueft
2022-07-17;448,09;Geprueft
2022-07-18;448,10;Geprueft
2022-07-19;448,11;Geprueft
2022-07-20;448,11;Geprueft
2022-07-21;448,09;Geprueft
2022-07-22;448,11;Geprueft
2022-07-23;448,10;Geprueft
2022-07-24;448,10;Geprueft
2022-07-25;448,11;Geprueft
2022-07-26;448,09;Geprueft
2022-07-27;448,09;Geprueft
2022-07-28;448,09;Geprueft
2022-07-29;448,09;Geprueft
2022-07-30;448,08;Geprueft
2022-07-31;448,08;Geprueft
2022-08-01;448,08;Geprueft
2022-08-02;448,07;Geprueft
2022-08-03;448,08;Geprueft
2022-08-04;448,08;Geprueft
2022-08-05;448,07;Geprueft
2022-08-06;448,04;Geprueft
2022-08-07;448,06;Geprueft
2022-08-08;448,05;Geprueft
2022-08-09;448,05;Geprueft
2022-08-10;448,06;Geprueft
2022-08-11;448,06;Geprueft
2022-08-12;448,07;Geprueft
2022-08-13;448,07;Geprueft
2022-08-14;448,08;Geprueft
2022-08-15;448,07;Geprueft
2022-08-16;448,05;Geprueft
2022-08-17;448,06;Geprueft
2022-08-18;448,05;Geprueft
2022-08-19;448,05;Geprueft
2022-08-20;448,03;Geprueft
2022-08-21;448,04;Geprueft
2022-08-22;448,04;Geprueft
2022-08-23;448,03;Geprueft
2022-08-24;448,03;Geprueft
2022-08-25;448,04;Geprueft
2022-08-26;448,04;Geprueft
2022-08-27;448,03;Geprueft
2022-08-28;448,02;Geprueft
2022-08-29;448,02;Geprueft
2022-08-30;448,03;Geprueft
2022-08-31;448,02;Geprueft
2022-09-01;448,02;Geprueft
2022-09-02;448,03;Geprueft
2022-09-03;448,02;Geprueft
2022-09-04;448,00;Geprueft
2022-09-05;448,01;Geprueft
2022-09-06;448,02;Geprueft
2022-09-07;448,03;Geprueft
2022-09-08;448,02;Geprueft
2022-09-09;448,01;Geprueft
2022-09-10;448,01;Geprueft
2022-09-11;448,00;Geprueft
2022-09-12;448,01;Geprueft
2022-09-13;448,02;Geprueft
2022-09-14;448,03;Geprueft
2022-09-15;448,01;Geprueft
2022-09-16;448,01;Geprueft
2022-09-17;448,00;Geprueft
2022-09-18;448,00;Geprueft
2022-09-19;447,98;Geprueft
2022-09-20;447,98;Geprueft
2022-09-21;447,98;Geprueft
2022-09-22;447,99;Geprueft
2022-09-23;448,00;Geprueft
2022-09-24;448,01;Geprueft
2022-09-25;448,00;Geprueft
2022-09-26;448,02;Geprueft
2022-09-27;448,02;Geprueft
2022-09-28;448,02;Geprueft
2022-09-29;447,99;Geprueft
2022-09-30;447,97;Geprueft
2022-10-01;447,97;Geprueft
2022-10-02;447,96;Geprueft
2022-10-03;447,96;Geprueft
2022-10-04;447,98;Geprueft
2022-10-05;447,97;Geprueft
2022-10-06;447,95;Geprueft
2022-10-07;447,99;Geprueft
2022-10-08;447,98;Geprueft
2022-10-09;447,98;Geprueft
2022-10-10;447,98;Geprueft
2022-10-11;447,96;Geprueft
2022-10-12;447,97;Geprueft
2022-10-13;447,98;Geprueft
2022-10-14;447,99;Geprueft
2022-10-15;447,99;Geprueft
2022-10-16;447,96;Geprueft
2022-10-17;447,95;Geprueft
2022-10-18;447,96;Geprueft
2022-10-19;447,97;Geprueft
2022-10-20;447,99;Geprueft
2022-10-21;447,99;Geprueft
2022-10-22;447,96;Geprueft
2022-10-23;447,97;Geprueft
2022-10-24;447,96;Geprueft
2022-10-25;447,96;Geprueft
2022-10-26;447,95;Geprueft
2022-10-27;447,95;Geprueft
2022-10-28;447,96;Geprueft
2022-10-29;447,96;Geprueft
2022-10-30;447,97;Geprueft
2022-10-31;447,97;Geprueft
2022-11-01;447,95;Geprueft
2022-11-02;447,95;Geprueft
2022-11-03;448,00;Geprueft
2022-11-04;447,98;Geprueft
2022-11-05;447,94;Geprueft
2022-11-06;447,96;Geprueft
2022-11-07;447,95;Geprueft
2022-11-08;447,96;Geprueft
2022-11-09;447,95;Geprueft
2022-11-10;447,91;Geprueft
2022-11-11;447,92;Geprueft
2022-11-12;447,94;Geprueft
2022-11-13;447,97;Geprueft
2022-11-14;447,96;Geprueft
2022-11-15;447,98;Geprueft
2022-11-16;447,99;Geprueft
2022-11-17;447,99;Geprueft
2022-11-18;447,96;Geprueft
2022-11-19;447,95;Geprueft
2022-11-20;447,95;Geprueft
2022-11-21;447,98;Geprueft
2022-11-22;447,98;Geprueft
2022-11-23;447,96;Geprueft
2022-11-24;447,93;Geprueft
2022-11-25;447,93;Geprueft
2022-11-26;447,91;Geprueft
2022-11-27;447,95;Geprueft
2022-11-28;447,98;Geprueft
2022-11-29;447,96;Geprueft
2022-11-30;447,95;Geprueft
2022-12-01;447,95;Geprueft
2022-12-02;447,96;Geprueft
2022-12-03;447,96;Geprueft
2022-12-04;447,98;Geprueft
2022-12-05;447,94;Geprueft
2022-12-06;447,96;Geprueft
2022-12-07;447,96;Geprueft
2022-12-08;447,98;Geprueft
2022-12-09;447,99;Geprueft
2022-12-10;447,96;Geprueft
2022-12-11;447,96;Geprueft
2022-12-12;447,95;Geprueft
2022-12-13;447,96;Geprueft
2022-12-14;447,98;Geprueft
2022-12-15;447,95;Geprueft
2022-12-16;447,94;Geprueft
2022-12-17;447,89;Geprueft
2022-12-18;447,91;Geprueft
2022-12-19;447,93;Geprueft
2022-12-20;447,96;Geprueft
2022-12-21;447,96;Geprueft
2022-12-22;447,97;Geprueft
2022-12-23;447,99;Geprueft
2022-12-24;447,97;Geprueft
2022-12-25;448,00;Geprueft
2022-12-26;448,00;Geprueft
2022-12-27;447,97;Geprueft
2022-12-28;448,02;Geprueft
2022-12-29;448,04;Geprueft
2022-12-30;448,02;Geprueft
2022-12-31;448,01;Geprueft
2023-01-01;448,01;Geprueft
2023-01-02;448,01;Geprueft
2023-01-03;447,99;Geprueft
2023-01-04;448,02;Geprueft
2023-01-05;448,02;Geprueft
2023-01-06;448,02;Geprueft
2023-01-07;448,04;Geprueft
2023-01-08;448,06;Geprueft
2023-01-09;448,05;Geprueft
2023-01-10;447,98;Geprueft
2023-01-11;448,01;Geprueft
2023-01-12;448,01;Geprueft
2023-01-13;448,02;Geprueft
2023-01-14;448,02;Geprueft
2023-01-15;448,04;Geprueft
2023-01-16;448,09;Geprueft
2023-01-17;448,07;Geprueft
2023-01-18;448,02;Geprueft
2023-01-19;447,99;Geprueft
2023-01-20;447,98;Geprueft
2023-01-21;447,98;Geprueft
2023-01-22;447,97;Geprueft
2023-01-23;447,97;Geprueft
2023-01-24;447,96;Geprueft
2023-01-25;447,99;Geprueft
2023-01-26;448,02;Geprueft
2023-01-27;448,00;Geprueft
2023-01-28;447,98;Geprueft
2023-01-29;447,98;Geprueft
2023-01-30;448,01;Geprueft
2023-01-31;447,98;Geprueft
2023-02-01;448,00;Geprueft
2023-02-02;447,98;Geprueft
2023-02-03;448,00;Geprueft
2023-02-04;447,98;Geprueft
2023-02-05;448,00;Geprueft
2023-02-06;448,01;Geprueft
2023-02-07;448,01;Geprueft
2023-02-08;448,02;Geprueft
2023-02-09;448,03;Geprueft
2023-02-10;448,01;Geprueft
2023-02-11;448,03;Geprueft
2023-02-12;448,02;Geprueft
2023-02-13;448,02;Geprueft
2023-02-14;448,03;Geprueft
2023-02-15;448,04;Geprueft
2023-02-16;448,04;Geprueft
2023-02-17;448,05;Geprueft
2023-02-18;448,05;Geprueft
2023-02-19;448,03;Geprueft
2023-02-20;448,03;Geprueft
2023-02-21;448,05;Geprueft
2023-02-22;448,06;Geprueft
2023-02-23;448,05;Geprueft
2023-02-24;448,07;Geprueft
2023-02-25;448,05;Geprueft
2023-02-26;448,01;Geprueft
2023-02-27;448,00;Geprueft
2023-02-28;448,01;Geprueft
2023-03-01;448,03;Geprueft
2023-03-02;448,03;Geprueft
2023-03-03;448,01;Geprueft
2023-03-04;448,02;Geprueft
2023-03-05;448,04;Geprueft
2023-03-06;448,05;Geprueft
2023-03-07;448,05;Geprueft
2023-03-08;448,05;Geprueft
2023-03-09;448,03;Geprueft
2023-03-10;448,05;Geprueft
2023-03-11;447,99;Geprueft
2023-03-12;447,99;Geprueft
2023-03-13;448,03;Geprueft
2023-03-14;448,03;Geprueft
2023-03-15;447,97;Geprueft
2023-03-16;447,98;Geprueft
2023-03-17;448,01;Geprueft
2023-03-18;448,00;Geprueft
2023-03-19;447,99;Geprueft
2023-03-20;447,98;Geprueft
2023-03-21;448,00;Geprueft
2023-03-22;448,01;Geprueft
2023-03-23;448,00;Geprueft
2023-03-24;448,01;Geprueft
2023-03-25;447,99;Geprueft
2023-03-26;448,02;Geprueft
2023-03-27;447,97;Geprueft
2023-03-28;447,95;Geprueft
2023-03-29;447,99;Geprueft
2023-03-30;448,00;Geprueft
2023-03-31;448,02;Geprueft
2023-04-01;448,00;Geprueft
2023-04-02;447,96;Geprueft
2023-04-03;447,95;Geprueft
2023-04-04;447,97;Geprueft
2023-04-05;447,98;Geprueft
2023-04-06;447,98;Geprueft
2023-04-07;447,99;Geprueft
2023-04-08;447,96;Geprueft
2023-04-09;447,96;Geprueft
2023-04-10;447,98;Geprueft
2023-04-11;447,99;Geprueft
2023-04-12;448,01;Geprueft
2023-04-13;448,00;Geprueft
2023-04-14;448,00;Geprueft
2023-04-15;448,00;Geprueft
2023-04-16;447,97;Geprueft
2023-04-17;447,99;Geprueft
2023-04-18;447,99;Geprueft
2023-04-19;448,01;Geprueft
2023-04-20;448,03;Geprueft
2023-04-21;448,02;Geprueft
2023-04-22;448,02;Geprueft
2023-04-23;448,03;Geprueft
2023-04-24;448,03;Geprueft
2023-04-25;448,02;Geprueft
2023-04-26;448,01;Geprueft
2023-04-27;448,01;Geprueft
2023-04-28;448,04;Geprueft
2023-04-29;448,04;Geprueft
2023-04-30;448,03;Geprueft
2023-05-01;448,05;Geprueft
2023-05-02;448,02;Geprueft
2023-05-03;448,03;Geprueft
2023-05-04;448,05;Geprueft
2023-05-05;448,06;Geprueft
2023-05-06;448,05;Geprueft
2023-05-07;448,05;Geprueft
2023-05-08;448,04;Geprueft
2023-05-09;448,07;Geprueft
2023-05-10;448,06;Geprueft
2023-05-11;448,06;Geprueft
2023-05-12;448,08;Geprueft
2023-05-13;448,08;Geprueft
2023-05-14;448,10;Geprueft
2023-05-15;448,10;Geprueft
2023-05-16;448,10;Geprueft
2023-05-17;448,08;Geprueft
2023-05-18;448,10;Geprueft
2023-05-19;448,12;Geprueft
2023-05-20;448,13;Geprueft
2023-05-21;448,13;Geprueft
2023-05-22;448,12;Geprueft
2023-05-23;448,11;Geprueft
2023-05-24;448,10;Geprueft
2023-05-25;448,10;Geprueft
2023-05-26;448,10;Geprueft
2023-05-27;448,11;Geprueft
2023-05-28;448,12;Geprueft
2023-05-29;448,12;Geprueft
2023-05-30;448,11;Geprueft
2023-05-31;448,11;Geprueft
2023-06-01;448,13;Geprueft
2023-06-02;448,12;Geprueft
2023-06-03;448,11;Geprueft
2023-06-04;448,11;Geprueft
2023-06-05;448,11;Geprueft
2023-06-06;448,11;Geprueft
2023-06-07;448,11;Geprueft
2023-06-08;448,12;Geprueft
2023-06-09;448,12;Geprueft
2023-06-10;448,11;Geprueft
2023-06-11;448,10;Geprueft
2023-06-12;448,11;Geprueft
2023-06-13;448,11;Geprueft
2023-06-14;448,10;Geprueft
2023-06-15;448,09;Geprueft
2023-06-16;448,10;Geprueft
2023-06-17;448,10;Geprueft
2023-06-18;448,10;Geprueft
2023-06-19;448,09;Geprueft
2023-06-20;448,10;Geprueft
2023-06-21;448,07;Geprueft
2023-06-22;448,10;Geprueft
2023-06-23;448,06;Geprueft
2023-06-24;448,07;Geprueft
2023-06-25;448,09;Geprueft
2023-06-26;448,09;Geprueft
2023-06-27;448,08;Geprueft
2023-06-28;448,08;Geprueft
2023-06-29;448,09;Geprueft
2023-06-30;448,09;Geprueft
2023-07-01;448,09;Geprueft
2023-07-02;448,07;Geprueft
2023-07-03;448,07;Geprueft
2023-07-04;448,07;Geprueft
2023-07-05;448,07;Geprueft
2023-07-06;448,05;Geprueft
2023-07-07;448,05;Geprueft
2023-07-08;448,06;Geprueft
2023-07-09;448,05;Geprueft
2023-07-10;448,05;Geprueft
2023-07-11;448,07;Geprueft
2023-07-12;448,06;Geprueft
2023-07-13;448,05;Geprueft
2023-07-14;448,06;Geprueft
2023-07-15;448,07;Geprueft
2023-07-16;448,04;Geprueft
2023-07-17;448,04;Geprueft
2023-07-18;448,06;Geprueft
2023-07-19;448,07;Geprueft
2023-07-20;448,06;Geprueft
2023-07-21;448,07;Geprueft
2023-07-22;448,05;Geprueft
2023-07-23;448,06;Geprueft
2023-07-24;448,07;Geprueft
2023-07-25;448,07;Geprueft
2023-07-26;448,03;Geprueft
2023-07-27;448,06;Geprueft
2023-07-28;448,05;Geprueft
2023-07-29;448,05;Geprueft
2023-07-30;448,04;Geprueft
2023-07-31;448,05;Geprueft
2023-08-01;448,07;Geprueft
2023-08-02;448,07;Geprueft
2023-08-03;448,04;Geprueft
2023-08-04;448,03;Geprueft
2023-08-05;448,04;Geprueft
2023-08-06;448,05;Geprueft
2023-08-07;448,02;Geprueft
2023-08-08;448,03;Geprueft
2023-08-09;448,03;Geprueft
2023-08-10;448,02;Geprueft
2023-08-11;448,02;Geprueft
2023-08-12;448,04;Geprueft
2023-08-13;448,03;Geprueft
2023-08-14;448,04;Geprueft
2023-08-15;448,03;Geprueft
2023-08-16;448,04;Geprueft
2023-08-17;448,04;Geprueft
2023-08-18;448,04;Geprueft
2023-08-19;448,03;Geprueft
2023-08-20;448,03;Geprueft
2023-08-21;448,03;Geprueft
2023-08-22;448,04;Geprueft
2023-08-23;448,04;Geprueft
2023-08-24;448,05;Geprueft
2023-08-25;448,05;Geprueft
2023-08-26;448,04;Geprueft
2023-08-27;448,05;Geprueft
2023-08-28;448,07;Geprueft
2023-08-29;448,08;Geprueft
2023-08-30;448,09;Geprueft
2023-08-31;448,08;Geprueft
2023-09-01;448,08;Geprueft
2023-09-02;448,07;Geprueft
2023-09-03;448,06;Geprueft
2023-09-04;448,07;Geprueft
2023-09-05;448,09;Geprueft
2023-09-06;448,09;Geprueft
2023-09-07;448,09;Geprueft
2023-09-08;448,09;Geprueft
2023-09-09;448,09;Geprueft
2023-09-10;448,09;Geprueft
2023-09-11;448,10;Geprueft
2023-09-12;448,09;Geprueft
2023-09-13;448,08;Geprueft
2023-09-14;448,07;Geprueft
2023-09-15;448,08;Geprueft
2023-09-16;448,09;Geprueft
2023-09-17;448,08;Geprueft
2023-09-18;448,09;Geprueft
2023-09-19;448,07;Geprueft
2023-09-20;448,08;Geprueft
2023-09-21;448,11;Geprueft
2023-09-22;448,07;Geprueft
2023-09-23;448,04;Geprueft
2023-09-24;448,03;Geprueft
2023-09-25;448,05;Geprueft
2023-09-26;448,06;Geprueft
2023-09-27;448,06;Geprueft
2023-09-28;448,05;Geprueft
2023-09-29;448,05;Geprueft
2023-09-30;448,03;Geprueft
2023-10-01;448,04;Geprueft
2023-10-02;448,05;Geprueft
2023-10-03;448,05;Geprueft
2023-10-04;448,02;Geprueft
2023-10-05;448,04;Geprueft
2023-10-06;448,04;Geprueft
2023-10-07;448,04;Geprueft
2023-10-08;448,04;Geprueft
2023-10-09;448,05;Geprueft
2023-10-10;448,04;Geprueft
2023-10-11;448,05;Geprueft
2023-10-12;448,05;Geprueft
2023-10-13;448,05;Geprueft
2023-10-14;448,05;Geprueft
2023-10-15;448,02;Geprueft
2023-10-16;448,03;Geprueft
2023-10-17;448,04;Geprueft
2023-10-18;448,07;Geprueft
2023-10-19;448,09;Geprueft
2023-10-20;448,10;Geprueft
2023-10-21;448,02;Geprueft
2023-10-22;448,00;Geprueft
2023-10-23;448,02;Geprueft
2023-10-24;448,05;Geprueft
2023-10-25;448,04;Geprueft
2023-10-26;448,04;Geprueft
2023-10-27;448,03;Geprueft
2023-10-28;448,01;Geprueft
2023-10-29;448,02;Geprueft
2023-10-30;448,03;Geprueft
2023-10-31;448,00;Geprueft
2023-11-01;448,01;Geprueft
2023-11-02;448,07;Geprueft
2023-11-03;448,04;Geprueft
2023-11-04;448,04;Geprueft
2023-11-05;448,03;Geprueft
2023-11-06;447,97;Geprueft
2023-11-07;447,97;Geprueft
2023-11-08;447,98;Geprueft
2023-11-09;448,02;Geprueft
2023-11-10;448,03;Geprueft
2023-11-11;448,00;Geprueft
2023-11-12;448,00;Geprueft
2023-11-13;448,00;Geprueft
2023-11-14;448,02;Geprueft
2023-11-15;448,01;Geprueft
2023-11-16;448,06;Geprueft
2023-11-17;448,04;Geprueft
2023-11-18;448,05;Geprueft
2023-11-19;448,12;Geprueft
2023-11-20;448,13;Geprueft
2023-11-21;448,12;Geprueft
2023-11-22;448,08;Geprueft
2023-11-23;448,12;Geprueft
2023-11-24;448,18;Geprueft
2023-11-25;448,15;Geprueft
2023-11-26;448,12;Geprueft
2023-11-27;448,19;Geprueft
2023-11-28;448,19;Geprueft
2023-11-29;448,16;Geprueft
2023-11-30;448,19;Geprueft
2023-12-01;448,19;Geprueft
2023-12-02;448,15;Geprueft
2023-12-03;448,11;Geprueft
2023-12-04;448,19;Geprueft
2023-12-05;448,19;Geprueft
2023-12-06;448,17;Geprueft
2023-12-07;448,17;Geprueft
2023-12-08;448,20;Geprueft
2023-12-09;448,21;Geprueft
2023-12-10;448,21;Geprueft
2023-12-11;448,25;Geprueft
2023-12-12;448,26;Geprueft
2023-12-13;448,29;Geprueft
2023-12-14;448,22;Geprueft
2023-12-15;448,17;Geprueft
2023-12-16;448,20;Geprueft
2023-12-17;448,23;Geprueft
2023-12-18;448,26;Geprueft
2023-12-19;448,30;Geprueft
2023-12-20;448,30;Geprueft
2023-12-21;448,35;Geprueft
2023-12-22;448,33;Geprueft
2023-12-23;448,31;Geprueft
2023-12-24;448,32;Geprueft
2023-12-25;448,33;Geprueft
2023-12-26;448,31;Geprueft
2023-12-27;448,32;Geprueft
2023-12-28;448,34;Geprueft
2023-12-29;448,35;Geprueft
2023-12-30;448,35;Geprueft
2023-12-31;448,38;Geprueft
