﻿Quelle:;"Bayerisches Landesamt für Umwelt, www.gkd.bayern.de"
Datenbankabfrage:;"08.10.2024 21:50"
Zeitbezug:;MEZ
Messstellen-Name:;"BRANDSCHLAG 719"
Messstellen-Nr.:;2115
Ostwert:;715256;Nordwert:;5477627;"ETRS89 / UTM Zone 32N"

Datum;"Grundwasserstand [m ü. NN]";Prüfstatus
2024-01-01;383,15;Geprueft
2024-01-02;383,23;Geprueft
2024-01-03;383,26;Geprueft
2024-01-04;383,25;Geprueft
2024-01-05;383,29;Geprueft
2024-01-06;383,32;Geprueft
2024-01-07;383,35;Geprueft
2024-01-08;383,39;Geprueft
2024-01-09;383,48;Geprueft
2024-01-10;383,57;Geprueft
2024-01-11;383,64;Geprueft
2024-01-12;383,69;Geprueft
2024-01-13;383,77;Geprueft
2024-01-14;383,85;Geprueft
2024-01-15;383,87;Geprueft
2024-01-16;383,85;Geprueft
2024-01-17;383,94;Geprueft
2024-01-18;383,91;Geprueft
2024-01-19;383,82;Geprueft
2024-01-20;383,84;Geprueft
2024-01-21;383,89;Geprueft
2024-01-22;383,96;Geprueft
2024-01-23;383,92;Geprueft
2024-01-24;383,97;Geprueft
2024-01-25;383,95;Geprueft
2024-01-26;383,98;Geprueft
2024-01-27;383,95;Geprueft
2024-01-28;383,99;Geprueft
2024-01-29;384,02;Geprueft
2024-01-30;384,03;Geprueft
2024-01-31;384,05;Geprueft
2024-02-01;384,07;Geprueft
2024-02-02;384,08;Geprueft
2024-02-03;384,10;Geprueft
2024-02-04;384,13;Geprueft
2024-02-05;384,14;Geprueft
2024-02-06;384,16;Geprueft
2024-02-07;384,20;Geprueft
2024-02-08;384,21;Geprueft
2024-02-09;384,23;Geprueft
2024-02-10;384,24;Geprueft
2024-02-11;384,20;Geprueft
2024-02-12;384,17;Geprueft
2024-02-13;384,14;Geprueft
2024-02-14;384,19;Geprueft
2024-02-15;384,22;Geprueft
2024-02-16;384,24;Geprueft
2024-02-17;384,21;Geprueft
2024-02-18;384,25;Geprueft
2024-02-19;384,28;Geprueft
2024-02-20;384,29;Geprueft
2024-02-21;384,33;Geprueft
2024-02-22;384,42;Geprueft
2024-02-23;384,38;Geprueft
2024-02-24;384,35;Geprueft
2024-02-25;384,37;Geprueft
2024-02-26;384,38;Geprueft
2024-02-27;384,35;Geprueft
2024-02-28;384,34;Geprueft
2024-02-29;384,40;Geprueft
2024-03-01;384,43;Geprueft
2024-03-02;384,44;Geprueft
2024-03-03;384,46;Geprueft
2024-03-04;384,43;Geprueft
2024-03-05;384,42;Geprueft
2024-03-06;384,41;Geprueft
2024-03-07;384,43;Geprueft
2024-03-08;384,48;Geprueft
2024-03-09;384,51;Geprueft
2024-03-10;384,53;Geprueft
2024-03-11;384,47;Geprueft
2024-03-12;384,45;Geprueft
2024-03-13;384,47;Geprueft
2024-03-14;384,49;Geprueft
2024-03-15;384,50;Geprueft
2024-03-16;384,48;Geprueft
2024-03-17;384,48;Geprueft
2024-03-18;384,51;Geprueft
2024-03-19;384,49;Geprueft
2024-03-20;384,50;Geprueft
2024-03-21;384,50;Geprueft
2024-03-22;384,52;Geprueft
2024-03-23;384,55;Geprueft
2024-03-24;384,54;Geprueft
2024-03-25;384,54;Geprueft
2024-03-26;384,59;Geprueft
2024-03-27;384,59;Geprueft
2024-03-28;384,53;Geprueft
2024-03-29;384,51;Geprueft
2024-03-30;384,53;Geprueft
2024-03-31;384,53;Geprueft
2024-04-01;384,52;Geprueft
2024-04-02;384,46;Geprueft
2024-04-03;384,47;Geprueft
2024-04-04;384,45;Geprueft
2024-04-05;384,43;Geprueft
2024-04-06;384,42;Geprueft
2024-04-07;384,41;Geprueft
2024-04-08;384,43;Geprueft
2024-04-09;384,39;Geprueft
2024-04-10;384,30;Geprueft
2024-04-11;384,30;Geprueft
2024-04-12;384,32;Geprueft
2024-04-13;384,34;Geprueft
2024-04-14;384,36;Geprueft
2024-04-15;384,40;Geprueft
2024-04-16;384,37;Geprueft
2024-04-17;384,33;Geprueft
2024-04-18;384,28;Geprueft
2024-04-19;384,32;Geprueft
2024-04-20;384,27;Geprueft
2024-04-21;384,26;Geprueft
2024-04-22;384,25;Geprueft
2024-04-23;384,27;Geprueft
2024-04-24;384,30;Geprueft
2024-04-25;384,27;Geprueft
2024-04-26;384,26;Geprueft
2024-04-27;384,24;Geprueft
2024-04-28;384,21;Geprueft
2024-04-29;384,18;Geprueft
2024-04-30;384,22;Geprueft
2024-05-01;384,26;Geprueft
2024-05-02;384,26;Geprueft
2024-05-03;384,17;Geprueft
2024-05-04;384,18;Geprueft
2024-05-05;384,21;Geprueft
2024-05-06;384,21;Geprueft
2024-05-07;384,17;Geprueft
2024-05-08;384,14;Geprueft
2024-05-09;384,15;Geprueft
2024-05-10;384,16;Geprueft
2024-05-11;384,17;Geprueft
2024-05-12;384,18;Geprueft
2024-05-13;384,20;Geprueft
2024-05-14;384,21;Geprueft
2024-05-15;384,21;Geprueft
2024-05-16;384,20;Geprueft
2024-05-17;384,18;Geprueft
2024-05-18;384,16;Geprueft
2024-05-19;384,16;Geprueft
2024-05-20;384,16;Geprueft
2024-05-21;384,18;Geprueft
2024-05-22;384,15;Geprueft
2024-05-23;384,14;Geprueft
2024-05-24;384,13;Geprueft
2024-05-25;384,13;Geprueft
2024-05-26;384,12;Geprueft
2024-05-27;384,11;Geprueft
2024-05-28;384,00;Geprueft
2024-05-29;383,98;Geprueft
2024-05-30;384,00;Geprueft
2024-05-31;383,96;Geprueft
2024-06-01;383,94;Geprueft
2024-06-02;383,91;Geprueft
2024-06-03;383,91;Geprueft
2024-06-04;383,92;Geprueft
2024-06-05;383,92;Geprueft
2024-06-06;383,91;Geprueft
2024-06-07;383,92;Geprueft
2024-06-08;383,96;Geprueft
2024-06-09;383,98;Geprueft
2024-06-10;383,99;Geprueft
2024-06-11;383,95;Geprueft
2024-06-12;383,96;Geprueft
2024-06-13;383,98;Geprueft
2024-06-14;384,02;Geprueft
2024-06-15;384,04;Geprueft
2024-06-16;384,04;Geprueft
2024-06-17;384,03;Geprueft
2024-06-18;384,05;Geprueft
2024-06-19;384,05;Geprueft
2024-06-20;384,05;Geprueft
2024-06-21;384,08;Geprueft
2024-06-22;384,08;Geprueft
2024-06-23;384,07;Geprueft
2024-06-24;384,08;Geprueft
2024-06-25;384,10;Geprueft
2024-06-26;384,11;Geprueft
2024-06-27;384,09;Geprueft
2024-06-28;384,07;Geprueft
2024-06-29;384,10;Geprueft
2024-06-30;384,10;Geprueft
2024-07-01;384,07;Geprueft
2024-07-02;384,07;Geprueft
2024-07-03;384,09;Geprueft
2024-07-04;384,07;Geprueft
2024-07-05;384,06;Geprueft
2024-07-06;384,08;Geprueft
2024-07-07;384,03;Geprueft
2024-07-08;384,02;Geprueft
2024-07-09;384,03;Geprueft
2024-07-10;384,03;Geprueft
2024-07-11;384,02;Geprueft
2024-07-12;384,05;Geprueft
2024-07-13;384,02;Geprueft
2024-07-14;384,02;Geprueft
2024-07-15;384,02;Geprueft
2024-07-16;384,00;Geprueft
2024-07-17;383,97;Geprueft
2024-07-18;383,97;Geprueft
2024-07-19;383,99;Geprueft
2024-07-20;384,02;Geprueft
2024-07-21;384,01;Geprueft
2024-07-22;383,96;Geprueft
2024-07-23;383,96;Geprueft
2024-07-24;383,96;Geprueft
2024-07-25;383,97;Geprueft
2024-07-26;383,97;Geprueft
2024-07-27;383,95;Geprueft
2024-07-28;383,90;Geprueft
2024-07-29;383,92;Geprueft
2024-07-30;383,94;Geprueft
2024-07-31;383,95;Geprueft
2024-08-01;383,95;Rohdaten
2024-08-02;383,94;Rohdaten
2024-08-03;383,92;Rohdaten
2024-08-04;383,91;Rohdaten
2024-08-05;383,90;Rohdaten
2024-08-06;383,91;Rohdaten
2024-08-07;383,90;Rohdaten
2024-08-08;383,87;Rohdaten
2024-08-09;383,87;Rohdaten
2024-08-10;383,85;Rohdaten
2024-08-11;383,86;Rohdaten
2024-08-12;383,89;Rohdaten
2024-08-13;383,89;Rohdaten
2024-08-14;383,86;Rohdaten
2024-08-15;383,83;Rohdaten
2024-08-16;383,84;Rohdaten
2024-08-17;383,85;Rohdaten
2024-08-18;383,86;Rohdaten
2024-08-19;383,81;Rohdaten
2024-08-20;383,84;Rohdaten
2024-08-21;383,81;Rohdaten
2024-08-22;383,82;Rohdaten
2024-08-23;383,81;Rohdaten
2024-08-24;383,81;Rohdaten
2024-08-25;383,76;Rohdaten
2024-08-26;383,77;Rohdaten
2024-08-27;383,75;Rohdaten
2024-08-28;383,76;Rohdaten
