﻿Quelle:;"Bayerisches Landesamt für Umwelt, www.gkd.bayern.de"
Datenbankabfrage:;"08.10.2024 21:50"
Zeitbezug:;MEZ
Messstellen-Name:;"AN DER BAHN 722"
Messstellen-Nr.:;2118
Ostwert:;722257;Nordwert:;5475017;"ETRS89 / UTM Zone 32N"

Datum;"Grundwasserstand [m ü. NN]";Prüfstatus
2024-01-01;364,96;Geprueft
2024-01-02;365,05;Geprueft
2024-01-03;365,16;Geprueft
2024-01-04;365,18;Geprueft
2024-01-05;365,14;Geprueft
2024-01-06;365,13;Geprueft
2024-01-07;365,10;Geprueft
2024-01-08;365,05;Geprueft
2024-01-09;365,01;Geprueft
2024-01-10;364,99;Geprueft
2024-01-11;364,98;Geprueft
2024-01-12;364,98;Geprueft
2024-01-13;365,00;Geprueft
2024-01-14;365,05;Geprueft
2024-01-15;365,10;Geprueft
2024-01-16;365,09;Geprueft
2024-01-17;365,12;Geprueft
2024-01-18;365,15;Geprueft
2024-01-19;365,07;Geprueft
2024-01-20;364,99;Geprueft
2024-01-21;364,97;Geprueft
2024-01-22;365,00;Geprueft
2024-01-23;365,04;Geprueft
2024-01-24;365,08;Geprueft
2024-01-25;365,07;Geprueft
2024-01-26;365,05;Geprueft
2024-01-27;365,02;Geprueft
2024-01-28;365,00;Geprueft
2024-01-29;365,00;Geprueft
2024-01-30;365,01;Geprueft
2024-01-31;365,02;Geprueft
2024-02-01;365,04;Geprueft
2024-02-02;365,03;Geprueft
2024-02-03;365,04;Geprueft
2024-02-04;365,06;Geprueft
2024-02-05;365,07;Geprueft
2024-02-06;365,08;Geprueft
2024-02-07;365,12;Geprueft
2024-02-08;365,16;Geprueft
2024-02-09;365,21;Geprueft
2024-02-10;365,24;Geprueft
2024-02-11;365,23;Geprueft
2024-02-12;365,18;Geprueft
2024-02-13;365,10;Geprueft
2024-02-14;365,05;Geprueft
2024-02-15;365,04;Geprueft
2024-02-16;365,05;Geprueft
2024-02-17;365,02;Geprueft
2024-02-18;365,01;Geprueft
2024-02-19;365,03;Geprueft
2024-02-20;365,02;Geprueft
2024-02-21;365,04;Geprueft
2024-02-22;365,11;Geprueft
2024-02-23;365,18;Geprueft
2024-02-24;365,15;Geprueft
2024-02-25;365,12;Geprueft
2024-02-26;365,13;Geprueft
2024-02-27;365,11;Geprueft
2024-02-28;365,07;Geprueft
2024-02-29;365,07;Geprueft
2024-03-01;365,10;Geprueft
2024-03-02;365,12;Geprueft
2024-03-03;365,14;Geprueft
2024-03-04;365,13;Geprueft
2024-03-05;365,10;Geprueft
2024-03-06;365,07;Geprueft
2024-03-07;365,04;Geprueft
2024-03-08;365,05;Geprueft
2024-03-09;365,09;Geprueft
2024-03-10;365,13;Geprueft
2024-03-11;365,11;Geprueft
2024-03-12;365,07;Geprueft
2024-03-13;365,03;Geprueft
2024-03-14;365,03;Geprueft
2024-03-15;365,04;Geprueft
2024-03-16;365,04;Geprueft
2024-03-17;365,02;Geprueft
2024-03-18;365,04;Geprueft
2024-03-19;365,04;Geprueft
2024-03-20;365,03;Geprueft
2024-03-21;365,03;Geprueft
2024-03-22;365,03;Geprueft
2024-03-23;365,06;Geprueft
2024-03-24;365,09;Geprueft
2024-03-25;365,09;Geprueft
2024-03-26;365,11;Geprueft
2024-03-27;365,15;Geprueft
2024-03-28;365,14;Geprueft
2024-03-29;365,09;Geprueft
2024-03-30;365,08;Geprueft
2024-03-31;365,07;Geprueft
2024-04-01;365,07;Geprueft
2024-04-02;365,03;Geprueft
2024-04-03;365,00;Geprueft
2024-04-04;365,01;Geprueft
2024-04-05;365,01;Geprueft
2024-04-06;365,00;Geprueft
2024-04-07;364,98;Geprueft
2024-04-08;364,99;Geprueft
2024-04-09;365,01;Geprueft
2024-04-10;364,96;Geprueft
2024-04-11;364,94;Geprueft
2024-04-12;364,94;Geprueft
2024-04-13;364,95;Geprueft
2024-04-14;364,97;Geprueft
2024-04-15;365,01;Geprueft
2024-04-16;365,06;Geprueft
2024-04-17;365,08;Geprueft
2024-04-18;365,06;Geprueft
2024-04-19;365,06;Geprueft
2024-04-20;365,05;Geprueft
2024-04-21;365,05;Geprueft
2024-04-22;365,04;Geprueft
2024-04-23;365,04;Geprueft
2024-04-24;365,06;Geprueft
2024-04-25;365,07;Geprueft
2024-04-26;365,06;Geprueft
2024-04-27;365,04;Geprueft
2024-04-28;365,02;Geprueft
2024-04-29;364,99;Geprueft
2024-04-30;364,99;Geprueft
2024-05-01;365,01;Geprueft
2024-05-02;365,02;Geprueft
2024-05-03;364,99;Geprueft
2024-05-04;364,97;Geprueft
2024-05-05;364,99;Geprueft
2024-05-06;365,00;Geprueft
2024-05-07;364,99;Geprueft
2024-05-08;364,97;Geprueft
2024-05-09;364,96;Geprueft
2024-05-10;364,96;Geprueft
2024-05-11;364,96;Geprueft
2024-05-12;364,97;Geprueft
2024-05-13;364,99;Geprueft
2024-05-14;365,01;Geprueft
2024-05-15;365,02;Geprueft
2024-05-16;365,02;Geprueft
2024-05-17;365,01;Geprueft
2024-05-18;365,00;Geprueft
2024-05-19;364,99;Geprueft
2024-05-20;364,98;Geprueft
2024-05-21;365,01;Geprueft
2024-05-22;365,19;Geprueft
2024-05-23;365,13;Geprueft
2024-05-24;365,10;Geprueft
2024-05-25;365,06;Geprueft
2024-05-26;365,04;Geprueft
2024-05-27;365,04;Geprueft
2024-05-28;365,09;Geprueft
2024-05-29;365,08;Geprueft
2024-05-30;365,13;Geprueft
2024-05-31;365,14;Geprueft
2024-06-01;365,24;Geprueft
2024-06-02;365,24;Geprueft
2024-06-03;365,20;Geprueft
2024-06-04;365,18;Geprueft
2024-06-05;365,16;Geprueft
2024-06-06;365,14;Geprueft
2024-06-07;365,13;Geprueft
2024-06-08;365,13;Geprueft
2024-06-09;365,14;Geprueft
2024-06-10;365,14;Geprueft
2024-06-11;365,11;Geprueft
2024-06-12;365,09;Geprueft
2024-06-13;365,09;Geprueft
2024-06-14;365,09;Geprueft
2024-06-15;365,11;Geprueft
2024-06-16;365,10;Geprueft
2024-06-17;365,09;Geprueft
2024-06-18;365,08;Geprueft
2024-06-19;365,07;Geprueft
2024-06-20;365,05;Geprueft
2024-06-21;365,06;Geprueft
2024-06-22;365,08;Geprueft
2024-06-23;365,06;Geprueft
2024-06-24;365,05;Geprueft
2024-06-25;365,06;Geprueft
2024-06-26;365,07;Geprueft
2024-06-27;365,07;Geprueft
2024-06-28;365,06;Geprueft
2024-06-29;365,04;Geprueft
2024-06-30;365,06;Geprueft
2024-07-01;365,04;Geprueft
2024-07-02;365,03;Geprueft
2024-07-03;365,03;Geprueft
2024-07-04;365,04;Geprueft
2024-07-05;365,02;Geprueft
2024-07-06;365,02;Geprueft
2024-07-07;365,02;Geprueft
2024-07-08;364,99;Geprueft
2024-07-09;364,98;Geprueft
2024-07-10;364,98;Geprueft
2024-07-11;364,99;Geprueft
2024-07-12;364,99;Geprueft
2024-07-13;364,99;Geprueft
2024-07-14;364,97;Geprueft
2024-07-15;364,97;Geprueft
2024-07-16;364,97;Geprueft
2024-07-17;364,95;Geprueft
2024-07-18;364,92;Geprueft
2024-07-19;364,92;Geprueft
2024-07-20;364,93;Geprueft
2024-07-21;364,94;Geprueft
2024-07-22;364,93;Geprueft
2024-07-23;364,90;Geprueft
2024-07-24;364,88;Geprueft
2024-07-25;364,87;Geprueft
2024-07-26;364,86;Geprueft
2024-07-27;364,83;Geprueft
2024-07-28;364,79;Geprueft
2024-07-29;364,75;Geprueft
2024-07-30;364,75;Geprueft
2024-07-31;364,83;Geprueft
2024-08-01;364,84;Rohdaten
2024-08-02;364,85;Rohdaten
2024-08-03;364,82;Rohdaten
2024-08-04;364,80;Rohdaten
2024-08-05;364,76;Rohdaten
2024-08-06;364,74;Rohdaten
2024-08-07;364,76;Rohdaten
2024-08-08;364,75;Rohdaten
2024-08-09;364,69;Rohdaten
2024-08-10;364,73;Rohdaten
2024-08-11;364,79;Rohdaten
2024-08-12;364,79;Rohdaten
2024-08-13;364,84;Rohdaten
2024-08-14;364,83;Rohdaten
2024-08-15;364,78;Rohdaten
2024-08-16;364,75;Rohdaten
2024-08-17;364,74;Rohdaten
2024-08-18;364,73;Rohdaten
2024-08-19;364,71;Rohdaten
2024-08-20;364,70;Rohdaten
2024-08-21;364,65;Rohdaten
2024-08-22;364,59;Rohdaten
2024-08-23;364,55;Rohdaten
2024-08-24;364,49;Rohdaten
2024-08-25;364,41;Rohdaten
2024-08-26;364,34;Rohdaten
2024-08-27;364,30;Rohdaten
2024-08-28;364,28;Rohdaten
