﻿Quelle:;"Bayerisches Landesamt für Umwelt, www.gkd.bayern.de"
Datenbankabfrage:;"08.10.2024 21:50"
Zeitbezug:;MEZ
Messstellen-Name:;"FICHTENHOF VB1"
Messstellen-Nr.:;2141
Ostwert:;700240;Nordwert:;5482343;"ETRS89 / UTM Zone 32N"

Datum;"Grundwasserstand [m ü. NN]";Prüfstatus
2024-01-01;392,25;Geprueft
2024-01-02;392,31;Geprueft
2024-01-03;392,31;Geprueft
2024-01-04;392,27;Geprueft
2024-01-05;392,31;Geprueft
2024-01-06;392,31;Geprueft
2024-01-07;392,30;Geprueft
2024-01-08;392,30;Geprueft
2024-01-09;392,34;Geprueft
2024-01-10;392,36;Geprueft
2024-01-11;392,37;Geprueft
2024-01-12;392,38;Geprueft
2024-01-13;392,43;Geprueft
2024-01-14;392,47;Geprueft
2024-01-15;392,46;Geprueft
2024-01-16;392,42;Geprueft
2024-01-17;392,51;Geprueft
2024-01-18;392,45;Geprueft
2024-01-19;392,36;Geprueft
2024-01-20;392,39;Geprueft
2024-01-21;392,44;Geprueft
2024-01-22;392,49;Geprueft
2024-01-23;392,44;Geprueft
2024-01-24;392,48;Geprueft
2024-01-25;392,46;Geprueft
2024-01-26;392,48;Geprueft
2024-01-27;392,44;Geprueft
2024-01-28;392,48;Geprueft
2024-01-29;392,49;Geprueft
2024-01-30;392,49;Geprueft
2024-01-31;392,50;Geprueft
2024-02-01;392,52;Geprueft
2024-02-02;392,51;Geprueft
2024-02-03;392,53;Geprueft
2024-02-04;392,54;Geprueft
2024-02-05;392,54;Geprueft
2024-02-06;392,56;Geprueft
2024-02-07;392,59;Geprueft
2024-02-08;392,59;Geprueft
2024-02-09;392,60;Geprueft
2024-02-10;392,61;Geprueft
2024-02-11;392,57;Geprueft
2024-02-12;392,53;Geprueft
2024-02-13;392,51;Geprueft
2024-02-14;392,55;Geprueft
2024-02-15;392,59;Geprueft
2024-02-16;392,60;Geprueft
2024-02-17;392,55;Geprueft
2024-02-18;392,60;Geprueft
2024-02-19;392,59;Geprueft
2024-02-20;392,59;Geprueft
2024-02-21;392,64;Geprueft
2024-02-22;392,71;Geprueft
2024-02-23;392,66;Geprueft
2024-02-24;392,64;Geprueft
2024-02-25;392,69;Geprueft
2024-02-26;392,70;Geprueft
2024-02-27;392,67;Geprueft
2024-02-28;392,66;Geprueft
2024-02-29;392,73;Geprueft
2024-03-01;392,74;Geprueft
2024-03-02;392,74;Geprueft
2024-03-03;392,75;Geprueft
2024-03-04;392,72;Geprueft
2024-03-05;392,72;Geprueft
2024-03-06;392,72;Geprueft
2024-03-07;392,74;Geprueft
2024-03-08;392,78;Geprueft
2024-03-09;392,80;Geprueft
2024-03-10;392,81;Geprueft
2024-03-11;392,76;Geprueft
2024-03-12;392,75;Geprueft
2024-03-13;392,77;Geprueft
2024-03-14;392,80;Geprueft
2024-03-15;392,80;Geprueft
2024-03-16;392,78;Geprueft
2024-03-17;392,79;Geprueft
2024-03-18;392,82;Geprueft
2024-03-19;392,80;Geprueft
2024-03-20;392,81;Geprueft
2024-03-21;392,80;Geprueft
2024-03-22;392,83;Geprueft
2024-03-23;392,84;Geprueft
2024-03-24;392,84;Geprueft
2024-03-25;392,84;Geprueft
2024-03-26;392,88;Geprueft
2024-03-27;392,88;Geprueft
2024-03-28;392,83;Geprueft
2024-03-29;392,84;Geprueft
2024-03-30;392,86;Geprueft
2024-03-31;392,87;Geprueft
2024-04-01;392,86;Geprueft
2024-04-02;392,84;Geprueft
2024-04-03;392,86;Geprueft
2024-04-04;392,86;Geprueft
2024-04-05;392,87;Geprueft
2024-04-06;392,87;Geprueft
2024-04-07;392,88;Geprueft
2024-04-08;392,90;Geprueft
2024-04-09;392,88;Geprueft
2024-04-10;392,85;Geprueft
2024-04-11;392,87;Geprueft
2024-04-12;392,89;Geprueft
2024-04-13;392,91;Geprueft
2024-04-14;392,92;Geprueft
2024-04-15;392,94;Geprueft
2024-04-16;392,93;Geprueft
2024-04-17;392,91;Geprueft
2024-04-18;392,90;Geprueft
2024-04-19;392,94;Geprueft
2024-04-20;392,90;Geprueft
2024-04-21;392,91;Geprueft
2024-04-22;392,92;Geprueft
2024-04-23;392,94;Geprueft
2024-04-24;392,96;Geprueft
2024-04-25;392,94;Geprueft
2024-04-26;392,95;Geprueft
2024-04-27;392,94;Geprueft
2024-04-28;392,94;Geprueft
2024-04-29;392,93;Geprueft
2024-04-30;392,96;Geprueft
2024-05-01;392,98;Geprueft
2024-05-02;392,98;Geprueft
2024-05-03;392,93;Geprueft
2024-05-04;392,95;Geprueft
2024-05-05;392,97;Geprueft
2024-05-06;392,97;Geprueft
2024-05-07;392,95;Geprueft
2024-05-08;392,94;Geprueft
2024-05-09;392,95;Geprueft
2024-05-10;392,96;Geprueft
2024-05-11;392,97;Geprueft
2024-05-12;392,97;Geprueft
2024-05-13;392,98;Geprueft
2024-05-14;392,98;Geprueft
2024-05-15;392,98;Geprueft
2024-05-16;392,98;Geprueft
2024-05-17;392,97;Geprueft
2024-05-18;392,96;Geprueft
2024-05-19;392,96;Geprueft
2024-05-20;392,97;Geprueft
2024-05-21;392,98;Geprueft
2024-05-22;392,95;Geprueft
2024-05-23;392,95;Geprueft
2024-05-24;392,95;Geprueft
2024-05-25;392,95;Geprueft
2024-05-26;392,96;Geprueft
2024-05-27;392,96;Geprueft
2024-05-28;392,95;Geprueft
2024-05-29;392,98;Geprueft
2024-05-30;392,99;Geprueft
2024-05-31;392,97;Geprueft
2024-06-01;392,96;Geprueft
2024-06-02;392,95;Geprueft
2024-06-03;392,97;Geprueft
2024-06-04;392,99;Geprueft
2024-06-05;392,98;Geprueft
2024-06-06;392,98;Geprueft
2024-06-07;392,99;Geprueft
2024-06-08;393,01;Geprueft
2024-06-09;393,02;Geprueft
2024-06-10;393,01;Geprueft
2024-06-11;392,99;Geprueft
2024-06-12;393,00;Geprueft
2024-06-13;393,01;Geprueft
2024-06-14;393,03;Geprueft
2024-06-15;393,03;Geprueft
2024-06-16;393,03;Geprueft
2024-06-17;393,02;Geprueft
2024-06-18;393,04;Geprueft
2024-06-19;393,03;Geprueft
2024-06-20;393,03;Geprueft
2024-06-21;393,06;Geprueft
2024-06-22;393,05;Geprueft
2024-06-23;393,04;Geprueft
2024-06-24;393,05;Geprueft
2024-06-25;393,07;Geprueft
2024-06-26;393,07;Geprueft
2024-06-27;393,07;Geprueft
2024-06-28;393,05;Geprueft
2024-06-29;393,08;Geprueft
2024-06-30;393,08;Geprueft
2024-07-01;393,06;Geprueft
2024-07-02;393,08;Geprueft
2024-07-03;393,09;Geprueft
2024-07-04;393,08;Geprueft
2024-07-05;393,08;Geprueft
2024-07-06;393,09;Geprueft
2024-07-07;393,06;Geprueft
2024-07-08;393,07;Geprueft
2024-07-09;393,09;Geprueft
2024-07-10;393,08;Geprueft
2024-07-11;393,09;Geprueft
2024-07-12;393,11;Geprueft
2024-07-13;393,09;Geprueft
2024-07-14;393,09;Geprueft
2024-07-15;393,10;Geprueft
2024-07-16;393,08;Geprueft
2024-07-17;393,08;Geprueft
2024-07-18;393,09;Geprueft
2024-07-19;393,10;Geprueft
2024-07-20;393,11;Geprueft
2024-07-21;393,11;Geprueft
2024-07-22;393,08;Geprueft
2024-07-23;393,09;Geprueft
2024-07-24;393,09;Geprueft
2024-07-25;393,11;Geprueft
2024-07-26;393,11;Geprueft
2024-07-27;393,10;Geprueft
2024-07-28;393,08;Geprueft
2024-07-29;393,09;Geprueft
2024-07-30;393,11;Geprueft
2024-07-31;393,11;Geprueft
2024-08-01;393,11;Geprueft
2024-08-02;393,11;Geprueft
2024-08-03;393,10;Geprueft
2024-08-04;393,10;Geprueft
2024-08-05;393,10;Geprueft
2024-08-06;393,11;Geprueft
2024-08-07;393,10;Geprueft
2024-08-08;393,10;Geprueft
2024-08-09;393,10;Geprueft
2024-08-10;393,09;Geprueft
2024-08-11;393,10;Geprueft
2024-08-12;393,11;Geprueft
2024-08-13;393,11;Geprueft
2024-08-14;393,10;Geprueft
2024-08-15;393,09;Geprueft
2024-08-16;393,10;Geprueft
2024-08-17;393,11;Geprueft
2024-08-18;393,11;Geprueft
2024-08-19;393,08;Geprueft
2024-08-20;393,10;Geprueft
2024-08-21;393,09;Geprueft
2024-08-22;393,10;Geprueft
2024-08-23;393,09;Geprueft
2024-08-24;393,10;Geprueft
2024-08-25;393,07;Geprueft
2024-08-26;393,08;Geprueft
2024-08-27;393,08;Geprueft
2024-08-28;393,09;Geprueft
2024-08-29;393,08;Geprueft
2024-08-30;393,08;Geprueft
2024-08-31;393,07;Geprueft
2024-09-01;393,09;Rohdaten
2024-09-02;393,09;Rohdaten
2024-09-03;393,08;Rohdaten
2024-09-04;393,08;Rohdaten
2024-09-05;393,09;Rohdaten
2024-09-06;393,07;Rohdaten
2024-09-07;393,08;Rohdaten
2024-09-08;393,09;Rohdaten
2024-09-09;393,08;Rohdaten
2024-09-10;393,06;Rohdaten
2024-09-11;393,07;Rohdaten
2024-09-12;393,06;Rohdaten
2024-09-13;393,05;Rohdaten
2024-09-14;393,04;Rohdaten
2024-09-15;393,05;Rohdaten
2024-09-16;393,05;Rohdaten
2024-09-17;393,04;Rohdaten
2024-09-18;393,04;Rohdaten
2024-09-19;393,05;Rohdaten
2024-09-20;393,04;Rohdaten
2024-09-21;393,04;Rohdaten
2024-09-22;393,05;Rohdaten
2024-09-23;393,05;Rohdaten
