﻿Quelle:;"Bayerisches Landesamt für Umwelt, www.gkd.bayern.de"
Datenbankabfrage:;"08.10.2024 21:50"
Zeitbezug:;MEZ
Messstellen-Name:;"SCHALKENTHAN B6"
Messstellen-Nr.:;2144
Ostwert:;705245;Nordwert:;5491001;"ETRS89 / UTM Zone 32N"

Datum;"Grundwasserstand [m ü. NN]";Prüfstatus
2024-01-01;417,14;Geprueft
2024-01-02;417,18;Geprueft
2024-01-03;417,21;Geprueft
2024-01-04;417,18;Geprueft
2024-01-05;417,15;Geprueft
2024-01-06;417,14;Geprueft
2024-01-07;417,10;Geprueft
2024-01-08;417,03;Geprueft
2024-01-09;417,01;Geprueft
2024-01-10;417,04;Geprueft
2024-01-11;417,04;Geprueft
2024-01-12;417,04;Geprueft
2024-01-13;417,10;Geprueft
2024-01-14;417,18;Geprueft
2024-01-15;417,24;Geprueft
2024-01-16;417,18;Geprueft
2024-01-17;417,25;Geprueft
2024-01-18;417,27;Geprueft
2024-01-19;417,09;Geprueft
2024-01-20;417,00;Geprueft
2024-01-21;417,02;Geprueft
2024-01-22;417,09;Geprueft
2024-01-23;417,08;Geprueft
2024-01-24;417,10;Geprueft
2024-01-25;417,07;Geprueft
2024-01-26;417,08;Geprueft
2024-01-27;417,03;Geprueft
2024-01-28;417,04;Geprueft
2024-01-29;417,07;Geprueft
2024-01-30;417,08;Geprueft
2024-01-31;417,09;Geprueft
2024-02-01;417,12;Geprueft
2024-02-02;417,11;Geprueft
2024-02-03;417,14;Geprueft
2024-02-04;417,16;Geprueft
2024-02-05;417,18;Geprueft
2024-02-06;417,21;Geprueft
2024-02-07;417,27;Geprueft
2024-02-08;417,31;Geprueft
2024-02-09;417,35;Geprueft
2024-02-10;417,38;Geprueft
2024-02-11;417,36;Geprueft
2024-02-12;417,27;Geprueft
2024-02-13;417,15;Geprueft
2024-02-14;417,12;Geprueft
2024-02-15;417,14;Geprueft
2024-02-16;417,17;Geprueft
2024-02-17;417,11;Geprueft
2024-02-18;417,10;Geprueft
2024-02-19;417,15;Geprueft
2024-02-20;417,15;Geprueft
2024-02-21;417,20;Geprueft
2024-02-22;417,34;Geprueft
2024-02-23;417,38;Geprueft
2024-02-24;417,33;Geprueft
2024-02-25;417,31;Geprueft
2024-02-26;417,33;Geprueft
2024-02-27;417,26;Geprueft
2024-02-28;417,20;Geprueft
2024-02-29;417,23;Geprueft
2024-03-01;417,30;Geprueft
2024-03-02;417,31;Geprueft
2024-03-03;417,34;Geprueft
2024-03-04;417,30;Geprueft
2024-03-05;417,25;Geprueft
2024-03-06;417,21;Geprueft
2024-03-07;417,20;Geprueft
2024-03-08;417,26;Geprueft
2024-03-09;417,33;Geprueft
2024-03-10;417,39;Geprueft
2024-03-11;417,33;Geprueft
2024-03-12;417,25;Geprueft
2024-03-13;417,24;Geprueft
2024-03-14;417,25;Geprueft
2024-03-15;417,28;Geprueft
2024-03-16;417,26;Geprueft
2024-03-17;417,23;Geprueft
2024-03-18;417,28;Geprueft
2024-03-19;417,26;Geprueft
2024-03-20;417,26;Geprueft
2024-03-21;417,27;Geprueft
2024-03-22;417,29;Geprueft
2024-03-23;417,36;Geprueft
2024-03-24;417,36;Geprueft
2024-03-25;417,35;Geprueft
2024-03-26;417,41;Geprueft
2024-03-27;417,45;Geprueft
2024-03-28;417,39;Geprueft
2024-03-29;417,34;Geprueft
2024-03-30;417,35;Geprueft
2024-03-31;417,36;Geprueft
2024-04-01;417,36;Geprueft
2024-04-02;417,30;Geprueft
2024-04-03;417,30;Geprueft
2024-04-04;417,30;Geprueft
2024-04-05;417,29;Geprueft
2024-04-06;417,29;Geprueft
2024-04-07;417,30;Geprueft
2024-04-08;417,33;Geprueft
2024-04-09;417,33;Geprueft
2024-04-10;417,25;Geprueft
2024-04-11;417,24;Geprueft
2024-04-12;417,26;Geprueft
2024-04-13;417,29;Geprueft
2024-04-14;417,34;Geprueft
2024-04-15;417,39;Geprueft
2024-04-16;417,40;Geprueft
2024-04-17;417,38;Geprueft
2024-04-18;417,34;Geprueft
2024-04-19;417,37;Geprueft
2024-04-20;417,35;Geprueft
2024-04-21;417,34;Geprueft
2024-04-22;417,33;Geprueft
2024-04-23;417,36;Geprueft
2024-04-24;417,40;Geprueft
2024-04-25;417,40;Geprueft
2024-04-26;417,39;Geprueft
2024-04-27;417,38;Geprueft
2024-04-28;417,36;Geprueft
2024-04-29;417,33;Geprueft
2024-04-30;417,36;Geprueft
2024-05-01;417,40;Geprueft
2024-05-02;417,43;Geprueft
2024-05-03;417,36;Geprueft
2024-05-04;417,36;Geprueft
2024-05-05;417,38;Geprueft
2024-05-06;417,40;Geprueft
2024-05-07;417,36;Geprueft
2024-05-08;417,33;Geprueft
2024-05-09;417,33;Geprueft
2024-05-10;417,35;Geprueft
2024-05-11;417,36;Geprueft
2024-05-12;417,38;Geprueft
2024-05-13;417,40;Geprueft
2024-05-14;417,42;Geprueft
2024-05-15;417,42;Geprueft
2024-05-16;417,42;Geprueft
2024-05-17;417,42;Geprueft
2024-05-18;417,40;Geprueft
2024-05-19;417,40;Geprueft
2024-05-20;417,40;Geprueft
2024-05-21;417,43;Geprueft
2024-05-22;417,40;Geprueft
2024-05-23;417,38;Geprueft
2024-05-24;417,38;Geprueft
2024-05-25;417,38;Geprueft
2024-05-26;417,38;Geprueft
2024-05-27;417,39;Geprueft
2024-05-28;417,38;Geprueft
2024-05-29;417,41;Geprueft
2024-05-30;417,45;Geprueft
2024-05-31;417,44;Geprueft
2024-06-01;417,43;Geprueft
2024-06-02;417,39;Geprueft
2024-06-03;417,39;Geprueft
2024-06-04;417,41;Geprueft
2024-06-05;417,43;Geprueft
2024-06-06;417,41;Geprueft
2024-06-07;417,41;Geprueft
2024-06-08;417,45;Geprueft
2024-06-09;417,47;Geprueft
2024-06-10;417,48;Geprueft
2024-06-11;417,43;Geprueft
2024-06-12;417,42;Geprueft
2024-06-13;417,43;Geprueft
2024-06-14;417,45;Geprueft
2024-06-15;417,47;Geprueft
2024-06-16;417,46;Geprueft
2024-06-17;417,45;Geprueft
2024-06-18;417,45;Geprueft
2024-06-19;417,45;Geprueft
2024-06-20;417,43;Geprueft
2024-06-21;417,46;Geprueft
2024-06-22;417,46;Geprueft
2024-06-23;417,44;Geprueft
2024-06-24;417,45;Geprueft
2024-06-25;417,47;Geprueft
2024-06-26;417,49;Geprueft
2024-06-27;417,48;Geprueft
2024-06-28;417,46;Geprueft
2024-06-29;417,47;Geprueft
2024-06-30;417,50;Geprueft
2024-07-01;417,47;Geprueft
2024-07-02;417,47;Geprueft
2024-07-03;417,49;Geprueft
2024-07-04;417,49;Geprueft
2024-07-05;417,48;Geprueft
2024-07-06;417,50;Geprueft
2024-07-07;417,47;Geprueft
2024-07-08;417,46;Geprueft
2024-07-09;417,46;Geprueft
2024-07-10;417,47;Geprueft
2024-07-11;417,47;Geprueft
2024-07-12;417,50;Geprueft
2024-07-13;417,49;Geprueft
2024-07-14;417,48;Geprueft
2024-07-15;417,49;Geprueft
2024-07-16;417,48;Geprueft
2024-07-17;417,46;Geprueft
2024-07-18;417,45;Geprueft
2024-07-19;417,47;Geprueft
2024-07-20;417,51;Geprueft
2024-07-21;417,52;Geprueft
2024-07-22;417,48;Geprueft
2024-07-23;417,47;Geprueft
2024-07-24;417,48;Geprueft
2024-07-25;417,49;Geprueft
2024-07-26;417,50;Geprueft
2024-07-27;417,50;Geprueft
2024-07-28;417,46;Geprueft
2024-07-29;417,46;Geprueft
2024-07-30;417,48;Geprueft
2024-07-31;417,51;Geprueft
2024-08-01;417,52;Rohdaten
2024-08-02;417,52;Rohdaten
2024-08-03;417,51;Rohdaten
2024-08-04;417,50;Rohdaten
2024-08-05;417,49;Rohdaten
2024-08-06;417,50;Rohdaten
2024-08-07;417,50;Rohdaten
2024-08-08;417,48;Rohdaten
2024-08-09;417,48;Rohdaten
2024-08-10;417,47;Rohdaten
2024-08-11;417,47;Rohdaten
2024-08-12;417,49;Rohdaten
