﻿Quelle:;"Bayerisches Landesamt für Umwelt, www.gkd.bayern.de"
Datenbankabfrage:;"08.10.2024 21:50"
Zeitbezug:;MEZ
Messstellen-Name:;"OBERAMMERSRICHT B2"
Messstellen-Nr.:;2145
Ostwert:;708429;Nordwert:;5484192;"ETRS89 / UTM Zone 32N"

Datum;"Grundwasserstand [m ü. NN]";Prüfstatus
2024-01-01;391,53;Geprueft
2024-01-02;391,58;Geprueft
2024-01-03;391,62;Geprueft
2024-01-04;391,58;Geprueft
2024-01-05;391,57;Geprueft
2024-01-06;391,56;Geprueft
2024-01-07;391,51;Geprueft
2024-01-08;391,45;Geprueft
2024-01-09;391,43;Geprueft
2024-01-10;391,45;Geprueft
2024-01-11;391,46;Geprueft
2024-01-12;391,46;Geprueft
2024-01-13;391,52;Geprueft
2024-01-14;391,62;Geprueft
2024-01-15;391,67;Geprueft
2024-01-16;391,62;Geprueft
2024-01-17;391,72;Geprueft
2024-01-18;391,76;Geprueft
2024-01-19;391,57;Geprueft
2024-01-20;391,49;Geprueft
2024-01-21;391,50;Geprueft
2024-01-22;391,58;Geprueft
2024-01-23;391,54;Geprueft
2024-01-24;391,58;Geprueft
2024-01-25;391,56;Geprueft
2024-01-26;391,58;Geprueft
2024-01-27;391,52;Geprueft
2024-01-28;391,54;Geprueft
2024-01-29;391,58;Geprueft
2024-01-30;391,60;Geprueft
2024-01-31;391,62;Geprueft
2024-02-01;391,68;Geprueft
2024-02-02;391,67;Geprueft
2024-02-03;391,70;Geprueft
2024-02-04;391,71;Geprueft
2024-02-05;391,73;Geprueft
2024-02-06;391,76;Geprueft
2024-02-07;391,82;Geprueft
2024-02-08;391,87;Geprueft
2024-02-09;391,91;Geprueft
2024-02-10;391,93;Geprueft
2024-02-11;391,89;Geprueft
2024-02-12;391,79;Geprueft
2024-02-13;391,67;Geprueft
2024-02-14;391,65;Geprueft
2024-02-15;391,67;Geprueft
2024-02-16;391,69;Geprueft
2024-02-17;391,61;Geprueft
2024-02-18;391,61;Geprueft
2024-02-19;391,67;Geprueft
2024-02-20;391,67;Geprueft
2024-02-21;391,72;Geprueft
2024-02-22;391,87;Geprueft
2024-02-23;391,88;Geprueft
2024-02-24;391,84;Geprueft
2024-02-25;391,81;Geprueft
2024-02-26;391,83;Geprueft
2024-02-27;391,76;Geprueft
2024-02-28;391,70;Geprueft
2024-02-29;391,73;Geprueft
2024-03-01;391,79;Geprueft
2024-03-02;391,78;Geprueft
2024-03-03;391,81;Geprueft
2024-03-04;391,74;Geprueft
2024-03-05;391,68;Geprueft
2024-03-06;391,64;Geprueft
2024-03-07;391,63;Geprueft
2024-03-08;391,69;Geprueft
2024-03-09;391,77;Geprueft
2024-03-10;391,83;Geprueft
2024-03-11;391,77;Geprueft
2024-03-12;391,70;Geprueft
2024-03-13;391,68;Geprueft
2024-03-14;391,69;Geprueft
2024-03-15;391,72;Geprueft
2024-03-16;391,69;Geprueft
2024-03-17;391,65;Geprueft
2024-03-18;391,70;Geprueft
2024-03-19;391,69;Geprueft
2024-03-20;391,68;Geprueft
2024-03-21;391,67;Geprueft
2024-03-22;391,69;Geprueft
2024-03-23;391,77;Geprueft
2024-03-24;391,78;Geprueft
2024-03-25;391,81;Geprueft
2024-03-26;391,90;Geprueft
2024-03-27;391,95;Geprueft
2024-03-28;391,88;Geprueft
2024-03-29;391,81;Geprueft
2024-03-30;391,82;Geprueft
2024-03-31;391,82;Geprueft
2024-04-01;391,81;Geprueft
2024-04-02;391,72;Geprueft
2024-04-03;391,71;Geprueft
2024-04-04;391,69;Geprueft
2024-04-05;391,67;Geprueft
2024-04-06;391,67;Geprueft
2024-04-07;391,67;Geprueft
2024-04-08;391,71;Geprueft
2024-04-09;391,72;Geprueft
2024-04-10;391,62;Geprueft
2024-04-11;391,62;Geprueft
2024-04-12;391,65;Geprueft
2024-04-13;391,70;Geprueft
2024-04-14;391,76;Geprueft
2024-04-15;391,84;Geprueft
2024-04-16;391,86;Geprueft
2024-04-17;391,83;Geprueft
2024-04-18;391,78;Geprueft
2024-04-19;391,79;Geprueft
2024-04-20;391,76;Geprueft
2024-04-21;391,74;Geprueft
2024-04-22;391,73;Geprueft
2024-04-23;391,76;Geprueft
2024-04-24;391,82;Geprueft
2024-04-25;391,83;Geprueft
2024-04-26;391,81;Geprueft
2024-04-27;391,79;Geprueft
2024-04-28;391,75;Geprueft
2024-04-29;391,70;Geprueft
2024-04-30;391,76;Geprueft
2024-05-01;391,84;Geprueft
2024-05-02;391,90;Geprueft
2024-05-03;391,84;Geprueft
2024-05-04;391,81;Geprueft
2024-05-05;391,85;Geprueft
2024-05-06;391,85;Geprueft
2024-05-07;391,80;Geprueft
2024-05-08;391,73;Geprueft
2024-05-09;391,71;Geprueft
2024-05-10;391,73;Geprueft
2024-05-11;391,81;Geprueft
2024-05-12;391,84;Geprueft
2024-05-13;391,86;Geprueft
2024-05-14;391,89;Geprueft
2024-05-15;391,90;Geprueft
2024-05-16;391,90;Geprueft
2024-05-17;391,88;Geprueft
2024-05-18;391,84;Geprueft
2024-05-19;391,83;Geprueft
2024-05-20;391,81;Geprueft
2024-05-21;391,85;Geprueft
2024-05-22;391,81;Geprueft
2024-05-23;391,78;Geprueft
2024-05-24;391,77;Geprueft
2024-05-25;391,76;Geprueft
2024-05-26;391,76;Geprueft
2024-05-27;391,77;Geprueft
2024-05-28;391,77;Geprueft
2024-05-29;391,80;Geprueft
2024-05-30;391,86;Geprueft
2024-05-31;391,84;Geprueft
2024-06-01;391,84;Geprueft
2024-06-02;391,79;Geprueft
2024-06-03;391,79;Geprueft
2024-06-04;391,81;Geprueft
2024-06-05;391,82;Geprueft
2024-06-06;391,81;Geprueft
2024-06-07;391,81;Geprueft
2024-06-08;391,85;Geprueft
2024-06-09;391,89;Geprueft
2024-06-10;391,89;Geprueft
2024-06-11;391,83;Geprueft
2024-06-12;391,81;Geprueft
2024-06-13;391,81;Geprueft
2024-06-14;391,85;Geprueft
2024-06-15;391,90;Geprueft
2024-06-16;391,88;Geprueft
2024-06-17;391,85;Geprueft
2024-06-18;391,85;Geprueft
2024-06-19;391,84;Geprueft
2024-06-20;391,80;Geprueft
2024-06-21;391,83;Geprueft
2024-06-22;391,84;Geprueft
2024-06-23;391,81;Geprueft
2024-06-24;391,80;Geprueft
2024-06-25;391,84;Geprueft
2024-06-26;391,86;Geprueft
2024-06-27;391,85;Geprueft
2024-06-28;391,81;Geprueft
2024-06-29;391,82;Geprueft
2024-06-30;391,85;Geprueft
2024-07-01;391,81;Geprueft
2024-07-02;391,80;Geprueft
2024-07-03;391,83;Geprueft
2024-07-04;391,82;Geprueft
2024-07-05;391,79;Geprueft
2024-07-06;391,82;Geprueft
2024-07-07;391,76;Geprueft
2024-07-08;391,74;Geprueft
2024-07-09;391,77;Geprueft
2024-07-10;391,78;Geprueft
2024-07-11;391,78;Geprueft
2024-07-12;391,82;Geprueft
2024-07-13;391,80;Geprueft
2024-07-14;391,79;Geprueft
2024-07-15;391,79;Geprueft
2024-07-16;391,78;Geprueft
2024-07-17;391,73;Geprueft
2024-07-18;391,73;Geprueft
2024-07-19;391,76;Geprueft
2024-07-20;391,81;Geprueft
2024-07-21;391,82;Geprueft
2024-07-22;391,76;Geprueft
2024-07-23;391,75;Geprueft
2024-07-24;391,75;Geprueft
2024-07-25;391,77;Geprueft
2024-07-26;391,78;Geprueft
2024-07-27;391,77;Geprueft
2024-07-28;391,71;Geprueft
2024-07-29;391,70;Geprueft
2024-07-30;391,73;Geprueft
2024-07-31;391,76;Geprueft
2024-08-01;391,78;Rohdaten
2024-08-02;391,78;Rohdaten
2024-08-03;391,76;Rohdaten
2024-08-04;391,74;Rohdaten
2024-08-05;391,73;Rohdaten
2024-08-06;391,73;Rohdaten
2024-08-07;391,73;Rohdaten
2024-08-08;391,70;Rohdaten
2024-08-09;391,68;Rohdaten
2024-08-10;391,67;Rohdaten
2024-08-11;391,68;Rohdaten
2024-08-12;391,72;Rohdaten
2024-08-13;391,73;Rohdaten
2024-08-14;391,72;Rohdaten
2024-08-15;391,68;Rohdaten
2024-08-16;391,68;Rohdaten
2024-08-17;391,70;Rohdaten
2024-08-18;391,73;Rohdaten
2024-08-19;391,68;Rohdaten
2024-08-20;391,69;Rohdaten
2024-08-21;391,68;Rohdaten
2024-08-22;391,69;Rohdaten
2024-08-23;391,70;Rohdaten
2024-08-24;391,69;Rohdaten
2024-08-25;391,65;Rohdaten
2024-08-26;391,64;Rohdaten
2024-08-27;391,65;Rohdaten
2024-08-28;391,66;Rohdaten
