﻿Quelle:;"Bayerisches Landesamt für Umwelt, www.gkd.bayern.de"
Datenbankabfrage:;"08.10.2024 21:50"
Zeitbezug:;MEZ
Messstellen-Name:;Neunaigen
Messstellen-Nr.:;2147
Ostwert:;723437;Nordwert:;5492397;"ETRS89 / UTM Zone 32N"

Datum;"Grundwasserstand [m ü. NN]";Prüfstatus
2024-01-01;381,08;Geprueft
2024-01-02;381,13;Geprueft
2024-01-03;381,35;Geprueft
2024-01-04;381,49;Geprueft
2024-01-05;381,52;Geprueft
2024-01-06;381,44;Geprueft
2024-01-07;381,36;Geprueft
2024-01-08;381,30;Geprueft
2024-01-09;381,24;Geprueft
2024-01-10;381,19;Geprueft
2024-01-11;381,15;Geprueft
2024-01-12;381,11;Geprueft
2024-01-13;381,08;Geprueft
2024-01-14;381,06;Geprueft
2024-01-15;381,03;Geprueft
2024-01-16;381,01;Geprueft
2024-01-17;381,02;Geprueft
2024-01-18;381,04;Geprueft
2024-01-19;381,03;Geprueft
2024-01-20;380,99;Geprueft
2024-01-21;380,97;Geprueft
2024-01-22;380,96;Geprueft
2024-01-23;381,07;Geprueft
2024-01-24;381,12;Geprueft
2024-01-25;381,11;Geprueft
2024-01-26;381,09;Geprueft
2024-01-27;381,08;Geprueft
2024-01-28;381,05;Geprueft
2024-01-29;381,02;Geprueft
2024-01-30;381,01;Geprueft
2024-01-31;380,99;Geprueft
2024-02-01;381,00;Geprueft
2024-02-02;381,00;Geprueft
2024-02-03;380,98;Geprueft
2024-02-04;380,97;Geprueft
2024-02-05;380,96;Geprueft
2024-02-06;380,97;Geprueft
2024-02-07;380,98;Geprueft
2024-02-08;381,09;Geprueft
2024-02-09;381,20;Geprueft
2024-02-10;381,25;Geprueft
2024-02-11;381,22;Geprueft
2024-02-12;381,19;Geprueft
2024-02-13;381,16;Geprueft
2024-02-14;381,13;Geprueft
2024-02-15;381,11;Geprueft
2024-02-16;381,08;Geprueft
2024-02-17;381,04;Geprueft
2024-02-18;381,03;Geprueft
2024-02-19;381,04;Geprueft
2024-02-20;381,05;Geprueft
2024-02-21;381,06;Geprueft
2024-02-22;381,09;Geprueft
2024-02-23;381,19;Geprueft
2024-02-24;381,17;Geprueft
2024-02-25;381,13;Geprueft
2024-02-26;381,10;Geprueft
2024-02-27;381,08;Geprueft
2024-02-28;381,04;Geprueft
2024-02-29;381,03;Geprueft
2024-03-01;381,04;Geprueft
2024-03-02;381,02;Geprueft
2024-03-03;381,01;Geprueft
2024-03-04;380,99;Geprueft
2024-03-05;380,98;Geprueft
2024-03-06;380,97;Geprueft
2024-03-07;380,96;Geprueft
2024-03-08;380,96;Geprueft
2024-03-09;380,94;Geprueft
2024-03-10;380,93;Geprueft
2024-03-11;380,90;Geprueft
2024-03-12;380,89;Geprueft
2024-03-13;380,89;Geprueft
2024-03-14;380,91;Geprueft
2024-03-15;380,89;Geprueft
2024-03-16;380,87;Geprueft
2024-03-17;380,87;Geprueft
2024-03-18;380,86;Geprueft
2024-03-19;380,86;Geprueft
2024-03-20;380,87;Geprueft
2024-03-21;380,87;Geprueft
2024-03-22;380,88;Geprueft
2024-03-23;380,88;Geprueft
2024-03-24;380,86;Geprueft
2024-03-25;380,87;Geprueft
2024-03-26;380,89;Geprueft
2024-03-27;380,89;Geprueft
2024-03-28;380,88;Geprueft
2024-03-29;380,86;Geprueft
2024-03-30;380,83;Geprueft
2024-03-31;380,83;Geprueft
2024-04-01;380,84;Geprueft
2024-04-02;380,84;Geprueft
2024-04-03;380,87;Geprueft
2024-04-04;380,88;Geprueft
2024-04-05;380,90;Geprueft
2024-04-06;380,86;Geprueft
2024-04-07;380,83;Geprueft
2024-04-08;380,83;Geprueft
2024-04-09;380,83;Geprueft
2024-04-10;380,84;Geprueft
2024-04-11;380,84;Geprueft
2024-04-12;380,84;Geprueft
2024-04-13;380,83;Geprueft
2024-04-14;380,82;Geprueft
2024-04-15;380,84;Geprueft
2024-04-16;380,86;Geprueft
2024-04-17;380,88;Geprueft
2024-04-18;380,88;Geprueft
2024-04-19;380,89;Geprueft
2024-04-20;380,89;Geprueft
2024-04-21;380,89;Geprueft
2024-04-22;380,90;Geprueft
2024-04-23;380,90;Geprueft
2024-04-24;380,88;Geprueft
2024-04-25;380,88;Geprueft
2024-04-26;380,88;Geprueft
2024-04-27;380,85;Geprueft
2024-04-28;380,82;Geprueft
2024-04-29;380,81;Geprueft
2024-04-30;380,82;Geprueft
2024-05-01;380,81;Geprueft
2024-05-02;380,81;Geprueft
2024-05-03;380,82;Geprueft
2024-05-04;380,81;Geprueft
2024-05-05;380,79;Geprueft
2024-05-06;380,81;Geprueft
2024-05-07;380,82;Geprueft
2024-05-08;380,84;Geprueft
2024-05-09;380,82;Geprueft
2024-05-10;380,80;Geprueft
2024-05-11;380,78;Geprueft
2024-05-12;380,77;Geprueft
2024-05-13;380,77;Geprueft
2024-05-14;380,79;Geprueft
2024-05-15;380,79;Geprueft
2024-05-16;380,79;Geprueft
2024-05-17;380,80;Geprueft
2024-05-18;380,81;Geprueft
2024-05-19;380,78;Geprueft
2024-05-20;380,78;Geprueft
2024-05-21;380,79;Geprueft
2024-05-22;380,91;Geprueft
2024-05-23;380,89;Geprueft
2024-05-24;380,91;Geprueft
2024-05-25;380,89;Geprueft
2024-05-26;380,88;Geprueft
2024-05-27;380,85;Geprueft
2024-05-28;380,87;Geprueft
2024-05-29;380,87;Geprueft
2024-05-30;380,87;Geprueft
2024-05-31;380,88;Geprueft
2024-06-01;380,97;Geprueft
2024-06-02;381,15;Geprueft
2024-06-03;381,17;Geprueft
2024-06-04;381,11;Geprueft
2024-06-05;381,06;Geprueft
2024-06-06;381,05;Geprueft
2024-06-07;381,06;Geprueft
2024-06-08;381,01;Geprueft
2024-06-09;380,97;Geprueft
2024-06-10;380,93;Geprueft
2024-06-11;380,91;Geprueft
2024-06-12;380,90;Geprueft
2024-06-13;380,90;Geprueft
2024-06-14;380,90;Geprueft
2024-06-15;380,89;Geprueft
2024-06-16;380,88;Geprueft
2024-06-17;380,87;Geprueft
2024-06-18;380,89;Geprueft
2024-06-19;380,87;Geprueft
2024-06-20;380,87;Geprueft
2024-06-21;380,87;Geprueft
2024-06-22;380,89;Geprueft
2024-06-23;380,85;Geprueft
2024-06-24;380,84;Geprueft
2024-06-25;380,84;Geprueft
2024-06-26;380,84;Geprueft
2024-06-27;380,85;Geprueft
2024-06-28;380,94;Geprueft
2024-06-29;380,94;Geprueft
2024-06-30;380,88;Geprueft
2024-07-01;380,87;Geprueft
2024-07-02;380,87;Geprueft
2024-07-03;380,88;Geprueft
2024-07-04;380,92;Geprueft
2024-07-05;380,99;Geprueft
2024-07-06;380,96;Geprueft
2024-07-07;380,94;Geprueft
2024-07-08;380,91;Geprueft
2024-07-09;380,90;Geprueft
2024-07-10;380,89;Geprueft
2024-07-11;380,90;Geprueft
2024-07-12;380,91;Geprueft
2024-07-13;380,93;Geprueft
2024-07-14;380,91;Geprueft
2024-07-15;380,89;Geprueft
2024-07-16;380,91;Geprueft
2024-07-17;380,91;Geprueft
2024-07-18;380,91;Geprueft
2024-07-19;380,91;Geprueft
2024-07-20;380,89;Geprueft
2024-07-21;380,87;Geprueft
2024-07-22;380,90;Geprueft
2024-07-23;380,94;Geprueft
2024-07-24;380,91;Geprueft
2024-07-25;380,91;Geprueft
2024-07-26;380,91;Geprueft
2024-07-27;380,90;Geprueft
2024-07-28;380,87;Geprueft
2024-07-29;380,88;Geprueft
2024-07-30;380,90;Geprueft
2024-07-31;380,90;Geprueft
2024-08-01;380,93;Rohdaten
2024-08-02;380,99;Rohdaten
2024-08-03;380,94;Rohdaten
2024-08-04;380,90;Rohdaten
2024-08-05;380,89;Rohdaten
2024-08-06;380,92;Rohdaten
2024-08-07;380,92;Rohdaten
2024-08-08;380,92;Rohdaten
2024-08-09;380,92;Rohdaten
2024-08-10;380,89;Rohdaten
2024-08-11;380,88;Rohdaten
2024-08-12;380,88;Rohdaten
2024-08-13;380,90;Rohdaten
2024-08-14;380,89;Rohdaten
2024-08-15;380,89;Rohdaten
2024-08-16;380,88;Rohdaten
2024-08-17;380,89;Rohdaten
2024-08-18;380,90;Rohdaten
2024-08-19;380,95;Rohdaten
