﻿Quelle:;"Bayerisches Landesamt für Umwelt, www.gkd.bayern.de"
Datenbankabfrage:;"08.10.2024 21:50"
Zeitbezug:;MEZ
Messstellen-Name:;Pfreimd
Messstellen-Nr.:;2148
Ostwert:;729912;Nordwert:;5485620;"ETRS89 / UTM Zone 32N"

Datum;"Grundwasserstand [m ü. NN]";Prüfstatus
2024-01-01;367,78;Geprueft
2024-01-02;367,79;Geprueft
2024-01-03;367,93;Geprueft
2024-01-04;368,06;Geprueft
2024-01-05;368,15;Geprueft
2024-01-06;368,07;Geprueft
2024-01-07;367,99;Geprueft
2024-01-08;367,93;Geprueft
2024-01-09;367,88;Geprueft
2024-01-10;367,84;Geprueft
2024-01-11;367,80;Geprueft
2024-01-12;367,77;Geprueft
2024-01-13;367,75;Geprueft
2024-01-14;367,72;Geprueft
2024-01-15;367,70;Geprueft
2024-01-16;367,68;Geprueft
2024-01-17;367,67;Geprueft
2024-01-18;367,65;Geprueft
2024-01-19;367,63;Geprueft
2024-01-20;367,62;Geprueft
2024-01-21;367,62;Geprueft
2024-01-22;367,61;Geprueft
2024-01-23;367,61;Geprueft
2024-01-24;367,63;Geprueft
2024-01-25;367,64;Geprueft
2024-01-26;367,65;Geprueft
2024-01-27;367,66;Geprueft
2024-01-28;367,66;Geprueft
2024-01-29;367,66;Geprueft
2024-01-30;367,65;Geprueft
2024-01-31;367,63;Geprueft
2024-02-01;367,62;Geprueft
2024-02-02;367,62;Geprueft
2024-02-03;367,61;Geprueft
2024-02-04;367,61;Geprueft
2024-02-05;367,61;Geprueft
2024-02-06;367,61;Geprueft
2024-02-07;367,61;Geprueft
2024-02-08;367,64;Geprueft
2024-02-09;367,71;Geprueft
2024-02-10;367,77;Geprueft
2024-02-11;367,79;Geprueft
2024-02-12;367,80;Geprueft
2024-02-13;367,79;Geprueft
2024-02-14;367,78;Geprueft
2024-02-15;367,76;Geprueft
2024-02-16;367,75;Geprueft
2024-02-17;367,73;Geprueft
2024-02-18;367,72;Geprueft
2024-02-19;367,71;Geprueft
2024-02-20;367,70;Geprueft
2024-02-21;367,70;Geprueft
2024-02-22;367,71;Geprueft
2024-02-23;367,75;Geprueft
2024-02-24;367,77;Geprueft
2024-02-25;367,76;Geprueft
2024-02-26;367,75;Geprueft
2024-02-27;367,72;Geprueft
2024-02-28;367,70;Geprueft
2024-02-29;367,69;Geprueft
2024-03-01;367,68;Geprueft
2024-03-02;367,66;Geprueft
2024-03-03;367,65;Geprueft
2024-03-04;367,63;Geprueft
2024-03-05;367,62;Geprueft
2024-03-06;367,61;Geprueft
2024-03-07;367,60;Geprueft
2024-03-08;367,59;Geprueft
2024-03-09;367,59;Geprueft
2024-03-10;367,57;Geprueft
2024-03-11;367,55;Geprueft
2024-03-12;367,54;Geprueft
2024-03-13;367,52;Geprueft
2024-03-14;367,51;Geprueft
2024-03-15;367,50;Geprueft
2024-03-16;367,48;Geprueft
2024-03-17;367,47;Geprueft
2024-03-18;367,47;Geprueft
2024-03-19;367,45;Geprueft
2024-03-20;367,44;Geprueft
2024-03-21;367,43;Geprueft
2024-03-22;367,43;Geprueft
2024-03-23;367,42;Geprueft
2024-03-24;367,42;Geprueft
2024-03-25;367,41;Geprueft
2024-03-26;367,41;Geprueft
2024-03-27;367,40;Geprueft
2024-03-28;367,39;Geprueft
2024-03-29;367,38;Geprueft
2024-03-30;367,37;Geprueft
2024-03-31;367,37;Geprueft
2024-04-01;367,36;Geprueft
2024-04-02;367,35;Geprueft
2024-04-03;367,34;Geprueft
2024-04-04;367,34;Geprueft
2024-04-05;367,34;Geprueft
2024-04-06;367,34;Geprueft
2024-04-07;367,34;Geprueft
2024-04-08;367,33;Geprueft
2024-04-09;367,32;Geprueft
2024-04-10;367,31;Geprueft
2024-04-11;367,30;Geprueft
2024-04-12;367,30;Geprueft
2024-04-13;367,29;Geprueft
2024-04-14;367,28;Geprueft
2024-04-15;367,28;Geprueft
2024-04-16;367,28;Geprueft
2024-04-17;367,28;Geprueft
2024-04-18;367,28;Geprueft
2024-04-19;367,30;Geprueft
2024-04-20;367,31;Geprueft
2024-04-21;367,34;Geprueft
2024-04-22;367,37;Geprueft
2024-04-23;367,38;Geprueft
2024-04-24;367,39;Geprueft
2024-04-25;367,39;Geprueft
2024-04-26;367,38;Geprueft
2024-04-27;367,37;Geprueft
2024-04-28;367,35;Geprueft
2024-04-29;367,33;Geprueft
2024-04-30;367,32;Geprueft
2024-05-01;367,31;Geprueft
2024-05-02;367,29;Geprueft
2024-05-03;367,28;Geprueft
2024-05-04;367,26;Geprueft
2024-05-05;367,26;Geprueft
2024-05-06;367,25;Geprueft
2024-05-07;367,24;Geprueft
2024-05-08;367,24;Geprueft
2024-05-09;367,23;Geprueft
2024-05-10;367,23;Geprueft
2024-05-11;367,22;Geprueft
2024-05-12;367,20;Geprueft
2024-05-13;367,19;Geprueft
2024-05-14;367,18;Geprueft
2024-05-15;367,17;Geprueft
2024-05-16;367,15;Geprueft
2024-05-17;367,15;Geprueft
2024-05-18;367,17;Geprueft
2024-05-19;367,17;Geprueft
2024-05-20;367,17;Geprueft
2024-05-21;367,17;Geprueft
2024-05-22;367,23;Geprueft
2024-05-23;367,24;Geprueft
2024-05-24;367,26;Geprueft
2024-05-25;367,27;Geprueft
2024-05-26;367,27;Geprueft
2024-05-27;367,27;Geprueft
2024-05-28;367,28;Geprueft
2024-05-29;367,28;Geprueft
2024-05-30;367,30;Geprueft
2024-05-31;367,36;Geprueft
2024-06-01;367,42;Geprueft
2024-06-02;367,52;Geprueft
2024-06-03;367,57;Geprueft
2024-06-04;367,60;Geprueft
2024-06-05;367,58;Geprueft
2024-06-06;367,55;Geprueft
2024-06-07;367,53;Geprueft
2024-06-08;367,51;Geprueft
2024-06-09;367,48;Geprueft
2024-06-10;367,46;Geprueft
2024-06-11;367,43;Geprueft
2024-06-12;367,42;Geprueft
2024-06-13;367,40;Geprueft
2024-06-14;367,39;Geprueft
2024-06-15;367,37;Geprueft
2024-06-16;367,36;Geprueft
2024-06-17;367,35;Geprueft
2024-06-18;367,34;Geprueft
2024-06-19;367,33;Geprueft
2024-06-20;367,31;Geprueft
2024-06-21;367,31;Geprueft
2024-06-22;367,30;Geprueft
2024-06-23;367,29;Geprueft
2024-06-24;367,29;Geprueft
2024-06-25;367,28;Geprueft
2024-06-26;367,27;Geprueft
2024-06-27;367,26;Geprueft
2024-06-28;367,25;Geprueft
2024-06-29;367,27;Geprueft
2024-06-30;367,27;Geprueft
2024-07-01;367,25;Geprueft
2024-07-02;367,24;Geprueft
2024-07-03;367,24;Geprueft
2024-07-04;367,24;Geprueft
2024-07-05;367,24;Geprueft
2024-07-06;367,24;Geprueft
2024-07-07;367,26;Geprueft
2024-07-08;367,25;Geprueft
2024-07-09;367,24;Geprueft
2024-07-10;367,22;Geprueft
2024-07-11;367,22;Geprueft
2024-07-12;367,22;Geprueft
2024-07-13;367,23;Geprueft
2024-07-14;367,23;Geprueft
2024-07-15;367,23;Geprueft
2024-07-16;367,24;Geprueft
2024-07-17;367,24;Geprueft
2024-07-18;367,22;Geprueft
2024-07-19;367,21;Geprueft
2024-07-20;367,20;Geprueft
2024-07-21;367,18;Geprueft
2024-07-22;367,17;Geprueft
2024-07-23;367,17;Geprueft
2024-07-24;367,15;Geprueft
2024-07-25;367,14;Geprueft
2024-07-26;367,11;Geprueft
2024-07-27;367,09;Geprueft
2024-07-28;367,06;Geprueft
2024-07-29;367,04;Geprueft
2024-07-30;367,02;Geprueft
2024-07-31;367,01;Geprueft
2024-08-01;366,99;Rohdaten
2024-08-02;367,01;Rohdaten
2024-08-03;367,00;Rohdaten
2024-08-04;367,01;Rohdaten
2024-08-05;367,01;Rohdaten
2024-08-06;366,99;Rohdaten
2024-08-07;366,97;Rohdaten
2024-08-08;366,96;Rohdaten
2024-08-09;366,94;Rohdaten
2024-08-10;366,93;Rohdaten
2024-08-11;366,91;Rohdaten
2024-08-12;366,90;Rohdaten
2024-08-13;366,88;Rohdaten
2024-08-14;366,87;Rohdaten
2024-08-15;366,86;Rohdaten
2024-08-16;366,85;Rohdaten
2024-08-17;366,84;Rohdaten
2024-08-18;366,85;Rohdaten
2024-08-19;367,00;Rohdaten
2024-08-20;367,06;Rohdaten
2024-08-21;367,09;Rohdaten
2024-08-22;367,07;Rohdaten
2024-08-23;367,04;Rohdaten
2024-08-24;367,00;Rohdaten
2024-08-25;366,97;Rohdaten
2024-08-26;366,95;Rohdaten
2024-08-27;366,93;Rohdaten
2024-08-28;366,92;Rohdaten
