﻿Quelle:;"Bayerisches Landesamt für Umwelt, www.gkd.bayern.de"
Datenbankabfrage:;"08.10.2024 21:50"
Zeitbezug:;MEZ
Messstellen-Name:;Münchshöf
Messstellen-Nr.:;2149
Ostwert:;726450;Nordwert:;5472415;"ETRS89 / UTM Zone 32N"

Datum;"Grundwasserstand [m ü. NN]";Prüfstatus
2024-01-01;358,26;Geprueft
2024-01-02;358,29;Geprueft
2024-01-03;358,45;Geprueft
2024-01-04;358,58;Geprueft
2024-01-05;358,65;Geprueft
2024-01-06;358,60;Geprueft
2024-01-07;358,49;Geprueft
2024-01-08;358,40;Geprueft
2024-01-09;358,33;Geprueft
2024-01-10;358,28;Geprueft
2024-01-11;358,23;Geprueft
2024-01-12;358,18;Geprueft
2024-01-13;358,16;Geprueft
2024-01-14;358,14;Geprueft
2024-01-15;358,12;Geprueft
2024-01-16;358,10;Geprueft
2024-01-17;358,10;Geprueft
2024-01-18;358,10;Geprueft
2024-01-19;358,09;Geprueft
2024-01-20;358,07;Geprueft
2024-01-21;358,05;Geprueft
2024-01-22;358,05;Geprueft
2024-01-23;358,09;Geprueft
2024-01-24;358,15;Geprueft
2024-01-25;358,19;Geprueft
2024-01-26;358,18;Geprueft
2024-01-27;358,18;Geprueft
2024-01-28;358,15;Geprueft
2024-01-29;358,12;Geprueft
2024-01-30;358,09;Geprueft
2024-01-31;358,08;Geprueft
2024-02-01;358,09;Geprueft
2024-02-02;358,09;Geprueft
2024-02-03;358,09;Geprueft
2024-02-04;358,08;Geprueft
2024-02-05;358,07;Geprueft
2024-02-06;358,06;Geprueft
2024-02-07;358,06;Geprueft
2024-02-08;358,11;Geprueft
2024-02-09;358,25;Geprueft
2024-02-10;358,34;Geprueft
2024-02-11;358,32;Geprueft
2024-02-12;358,28;Geprueft
2024-02-13;358,25;Geprueft
2024-02-14;358,22;Geprueft
2024-02-15;358,18;Geprueft
2024-02-16;358,14;Geprueft
2024-02-17;358,11;Geprueft
2024-02-18;358,10;Geprueft
2024-02-19;358,09;Geprueft
2024-02-20;358,09;Geprueft
2024-02-21;358,09;Geprueft
2024-02-22;358,11;Geprueft
2024-02-23;358,22;Geprueft
2024-02-24;358,22;Geprueft
2024-02-25;358,18;Geprueft
2024-02-26;358,14;Geprueft
2024-02-27;358,11;Geprueft
2024-02-28;358,08;Geprueft
2024-02-29;358,07;Geprueft
2024-03-01;358,07;Geprueft
2024-03-02;358,06;Geprueft
2024-03-03;358,05;Geprueft
2024-03-04;358,03;Geprueft
2024-03-05;358,02;Geprueft
2024-03-06;358,00;Geprueft
2024-03-07;357,99;Geprueft
2024-03-08;358,00;Geprueft
2024-03-09;357,99;Geprueft
2024-03-10;357,99;Geprueft
2024-03-11;357,97;Geprueft
2024-03-12;357,95;Geprueft
2024-03-13;357,95;Geprueft
2024-03-14;357,94;Geprueft
2024-03-15;357,93;Geprueft
2024-03-16;357,93;Geprueft
2024-03-17;357,92;Geprueft
2024-03-18;357,92;Geprueft
2024-03-19;357,91;Geprueft
2024-03-20;357,90;Geprueft
2024-03-21;357,89;Geprueft
2024-03-22;357,90;Geprueft
2024-03-23;357,90;Geprueft
2024-03-24;357,89;Geprueft
2024-03-25;357,90;Geprueft
2024-03-26;357,91;Geprueft
2024-03-27;357,90;Geprueft
2024-03-28;357,88;Geprueft
2024-03-29;357,87;Geprueft
2024-03-30;357,88;Geprueft
2024-03-31;357,87;Geprueft
2024-04-01;357,86;Geprueft
2024-04-02;357,86;Geprueft
2024-04-03;357,86;Geprueft
2024-04-04;357,85;Geprueft
2024-04-05;357,87;Geprueft
2024-04-06;357,86;Geprueft
2024-04-07;357,85;Geprueft
2024-04-08;357,85;Geprueft
2024-04-09;357,84;Geprueft
2024-04-10;357,82;Geprueft
2024-04-11;357,82;Geprueft
2024-04-12;357,82;Geprueft
2024-04-13;357,82;Geprueft
2024-04-14;357,82;Geprueft
2024-04-15;357,83;Geprueft
2024-04-16;357,83;Geprueft
2024-04-17;357,82;Geprueft
2024-04-18;357,82;Geprueft
2024-04-19;357,84;Geprueft
2024-04-20;357,85;Geprueft
2024-04-21;357,88;Geprueft
2024-04-22;357,90;Geprueft
2024-04-23;357,90;Geprueft
2024-04-24;357,89;Geprueft
2024-04-25;357,88;Geprueft
2024-04-26;357,87;Geprueft
2024-04-27;357,85;Geprueft
2024-04-28;357,83;Geprueft
2024-04-29;357,82;Geprueft
2024-04-30;357,82;Geprueft
2024-05-01;357,82;Geprueft
2024-05-02;357,81;Geprueft
2024-05-03;357,79;Geprueft
2024-05-04;357,79;Geprueft
2024-05-05;357,79;Geprueft
2024-05-06;357,79;Geprueft
2024-05-07;357,78;Geprueft
2024-05-08;357,78;Geprueft
2024-05-09;357,78;Geprueft
2024-05-10;357,77;Geprueft
2024-05-11;357,77;Geprueft
2024-05-12;357,77;Geprueft
2024-05-13;357,77;Geprueft
2024-05-14;357,76;Geprueft
2024-05-15;357,76;Geprueft
2024-05-16;357,75;Geprueft
2024-05-17;357,75;Geprueft
2024-05-18;357,75;Geprueft
2024-05-19;357,75;Geprueft
2024-05-20;357,75;Geprueft
2024-05-21;357,76;Geprueft
2024-05-22;357,88;Geprueft
2024-05-23;357,91;Geprueft
2024-05-24;357,88;Geprueft
2024-05-25;357,87;Geprueft
2024-05-26;357,85;Geprueft
2024-05-27;357,84;Geprueft
2024-05-28;357,85;Geprueft
2024-05-29;357,85;Geprueft
2024-05-30;357,87;Geprueft
2024-05-31;357,89;Geprueft
2024-06-01;358,08;Geprueft
2024-06-02;358,29;Geprueft
2024-06-03;358,33;Geprueft
2024-06-04;358,28;Geprueft
2024-06-05;358,21;Geprueft
2024-06-06;358,23;Geprueft
2024-06-07;358,27;Geprueft
2024-06-08;358,21;Geprueft
2024-06-09;358,17;Geprueft
2024-06-10;358,13;Geprueft
2024-06-11;358,07;Geprueft
2024-06-12;358,04;Geprueft
2024-06-13;358,02;Geprueft
2024-06-14;358,00;Geprueft
2024-06-15;357,99;Geprueft
2024-06-16;357,97;Geprueft
2024-06-17;357,95;Geprueft
2024-06-18;357,94;Geprueft
2024-06-19;357,92;Geprueft
2024-06-20;357,90;Geprueft
2024-06-21;357,90;Geprueft
2024-06-22;357,90;Geprueft
2024-06-23;357,88;Geprueft
2024-06-24;357,87;Geprueft
2024-06-25;357,87;Geprueft
2024-06-26;357,86;Geprueft
2024-06-27;357,85;Geprueft
2024-06-28;357,84;Geprueft
2024-06-29;357,84;Geprueft
2024-06-30;357,83;Geprueft
2024-07-01;357,82;Geprueft
2024-07-02;357,81;Geprueft
2024-07-03;357,81;Geprueft
2024-07-04;357,81;Geprueft
2024-07-05;357,80;Geprueft
2024-07-06;357,80;Geprueft
2024-07-07;357,82;Geprueft
2024-07-08;357,81;Geprueft
2024-07-09;357,80;Geprueft
2024-07-10;357,79;Geprueft
2024-07-11;357,82;Geprueft
2024-07-12;357,82;Geprueft
2024-07-13;357,84;Geprueft
2024-07-14;357,84;Geprueft
2024-07-15;357,83;Geprueft
2024-07-16;357,86;Geprueft
2024-07-17;357,88;Geprueft
2024-07-18;357,87;Geprueft
2024-07-19;357,86;Geprueft
2024-07-20;357,85;Geprueft
2024-07-21;357,84;Geprueft
2024-07-22;357,93;Geprueft
2024-07-23;357,96;Geprueft
2024-07-24;357,94;Geprueft
2024-07-25;357,92;Geprueft
2024-07-26;357,90;Geprueft
2024-07-27;357,88;Geprueft
2024-07-28;357,86;Geprueft
2024-07-29;357,85;Geprueft
2024-07-30;357,84;Geprueft
2024-07-31;357,83;Geprueft
2024-08-01;357,82;Rohdaten
2024-08-02;357,81;Rohdaten
2024-08-03;357,81;Rohdaten
2024-08-04;357,87;Rohdaten
2024-08-05;357,86;Rohdaten
2024-08-06;357,84;Rohdaten
2024-08-07;357,83;Rohdaten
2024-08-08;357,82;Rohdaten
2024-08-09;357,81;Rohdaten
2024-08-10;357,80;Rohdaten
2024-08-11;357,79;Rohdaten
2024-08-12;357,78;Rohdaten
2024-08-13;357,78;Rohdaten
2024-08-14;357,77;Rohdaten
2024-08-15;357,76;Rohdaten
2024-08-16;357,75;Rohdaten
2024-08-17;357,76;Rohdaten
2024-08-18;357,76;Rohdaten
2024-08-19;357,79;Rohdaten
2024-08-20;357,80;Rohdaten
2024-08-21;357,78;Rohdaten
2024-08-22;357,77;Rohdaten
2024-08-23;357,76;Rohdaten
2024-08-24;357,75;Rohdaten
2024-08-25;357,74;Rohdaten
2024-08-26;357,74;Rohdaten
2024-08-27;357,73;Rohdaten
2024-08-28;357,73;Rohdaten
