﻿Quelle:;"Bayerisches Landesamt für Umwelt, www.gkd.bayern.de"
Datenbankabfrage:;"08.10.2024 21:50"
Zeitbezug:;MEZ
Messstellen-Name:;"HAHNBACH Q 5"
Messstellen-Nr.:;2150
Ostwert:;702100;Nordwert:;5491624;"ETRS89 / UTM Zone 32N"

Datum;"Grundwasserstand [m ü. NN]";Prüfstatus
2024-01-01;384,47;Geprueft
2024-01-02;384,55;Geprueft
2024-01-03;384,82;Geprueft
2024-01-04;384,88;Geprueft
2024-01-05;384,81;Geprueft
2024-01-06;384,73;Geprueft
2024-01-07;384,66;Geprueft
2024-01-08;384,58;Geprueft
2024-01-09;384,51;Geprueft
2024-01-10;384,46;Geprueft
2024-01-11;384,42;Geprueft
2024-01-12;384,40;Geprueft
2024-01-13;384,40;Geprueft
2024-01-14;384,38;Geprueft
2024-01-15;384,36;Geprueft
2024-01-16;384,33;Geprueft
2024-01-17;384,31;Geprueft
2024-01-18;384,35;Geprueft
2024-01-19;384,39;Geprueft
2024-01-20;384,33;Geprueft
2024-01-21;384,29;Geprueft
2024-01-22;384,29;Geprueft
2024-01-23;384,47;Geprueft
2024-01-24;384,49;Geprueft
2024-01-25;384,49;Geprueft
2024-01-26;384,47;Geprueft
2024-01-27;384,49;Geprueft
2024-01-28;384,45;Geprueft
2024-01-29;384,42;Geprueft
2024-01-30;384,41;Geprueft
2024-01-31;384,40;Geprueft
2024-02-01;384,40;Geprueft
2024-02-02;384,41;Geprueft
2024-02-03;384,40;Geprueft
2024-02-04;384,39;Geprueft
2024-02-05;384,38;Geprueft
2024-02-06;384,37;Geprueft
2024-02-07;384,39;Geprueft
2024-02-08;384,63;Geprueft
2024-02-09;384,76;Geprueft
2024-02-10;384,75;Geprueft
2024-02-11;384,68;Geprueft
2024-02-12;384,64;Geprueft
2024-02-13;384,59;Geprueft
2024-02-14;384,54;Geprueft
2024-02-15;384,51;Geprueft
2024-02-16;384,48;Geprueft
2024-02-17;384,46;Geprueft
2024-02-18;384,45;Geprueft
2024-02-19;384,45;Geprueft
2024-02-20;384,46;Geprueft
2024-02-21;384,45;Geprueft
2024-02-22;384,49;Geprueft
2024-02-23;384,66;Geprueft
2024-02-24;384,61;Geprueft
2024-02-25;384,54;Geprueft
2024-02-26;384,50;Geprueft
2024-02-27;384,46;Geprueft
2024-02-28;384,43;Geprueft
2024-02-29;384,42;Geprueft
2024-03-01;384,40;Geprueft
2024-03-02;384,39;Geprueft
2024-03-03;384,37;Geprueft
2024-03-04;384,34;Geprueft
2024-03-05;384,32;Geprueft
2024-03-06;384,30;Geprueft
2024-03-07;384,29;Geprueft
2024-03-08;384,27;Geprueft
2024-03-09;384,26;Geprueft
2024-03-10;384,25;Geprueft
2024-03-11;384,24;Geprueft
2024-03-12;384,23;Geprueft
2024-03-13;384,22;Geprueft
2024-03-14;384,21;Geprueft
2024-03-15;384,20;Geprueft
2024-03-16;384,19;Geprueft
2024-03-17;384,19;Geprueft
2024-03-18;384,18;Geprueft
2024-03-19;384,17;Geprueft
2024-03-20;384,17;Geprueft
2024-03-21;384,16;Geprueft
2024-03-22;384,16;Geprueft
2024-03-23;384,15;Geprueft
2024-03-24;384,15;Geprueft
2024-03-25;384,15;Geprueft
2024-03-26;384,14;Geprueft
2024-03-27;384,14;Geprueft
2024-03-28;384,14;Geprueft
2024-03-29;384,13;Geprueft
2024-03-30;384,13;Geprueft
2024-03-31;384,12;Geprueft
2024-04-01;384,12;Geprueft
2024-04-02;384,11;Geprueft
2024-04-03;384,11;Geprueft
2024-04-04;384,12;Geprueft
2024-04-05;384,14;Geprueft
2024-04-06;384,14;Geprueft
2024-04-07;384,13;Geprueft
2024-04-08;384,12;Geprueft
2024-04-09;384,12;Geprueft
2024-04-10;384,11;Geprueft
2024-04-11;384,11;Geprueft
2024-04-12;384,10;Geprueft
2024-04-13;384,09;Geprueft
2024-04-14;384,09;Geprueft
2024-04-15;384,09;Geprueft
2024-04-16;384,09;Geprueft
2024-04-17;384,09;Geprueft
2024-04-18;384,08;Geprueft
2024-04-19;384,09;Geprueft
2024-04-20;384,12;Geprueft
2024-04-21;384,15;Geprueft
2024-04-22;384,19;Geprueft
2024-04-23;384,18;Geprueft
2024-04-24;384,17;Geprueft
2024-04-25;384,16;Geprueft
2024-04-26;384,15;Geprueft
2024-04-27;384,14;Geprueft
2024-04-28;384,13;Geprueft
2024-04-29;384,11;Geprueft
2024-04-30;384,11;Geprueft
2024-05-01;384,10;Geprueft
2024-05-02;384,09;Geprueft
2024-05-03;384,09;Geprueft
2024-05-04;384,08;Geprueft
2024-05-05;384,08;Geprueft
2024-05-06;384,08;Geprueft
2024-05-07;384,07;Geprueft
2024-05-08;384,07;Geprueft
2024-05-09;384,07;Geprueft
2024-05-10;384,06;Geprueft
2024-05-11;384,05;Geprueft
2024-05-12;384,04;Geprueft
2024-05-13;384,04;Geprueft
2024-05-14;384,03;Geprueft
2024-05-15;384,02;Geprueft
2024-05-16;384,01;Geprueft
2024-05-17;384,02;Geprueft
2024-05-18;384,03;Geprueft
2024-05-19;384,02;Geprueft
2024-05-20;384,01;Geprueft
2024-05-21;384,01;Geprueft
2024-05-22;384,09;Geprueft
2024-05-23;384,08;Geprueft
2024-05-24;384,07;Geprueft
2024-05-25;384,07;Geprueft
2024-05-26;384,05;Geprueft
2024-05-27;384,04;Geprueft
2024-05-28;384,04;Geprueft
2024-05-29;384,03;Geprueft
2024-05-30;384,04;Geprueft
2024-05-31;384,05;Geprueft
2024-06-01;384,16;Geprueft
2024-06-02;384,63;Geprueft
2024-06-03;384,58;Geprueft
2024-06-04;384,50;Geprueft
2024-06-05;384,36;Geprueft
2024-06-06;384,34;Geprueft
2024-06-07;384,35;Geprueft
2024-06-08;384,31;Geprueft
2024-06-09;384,28;Geprueft
2024-06-10;384,24;Geprueft
2024-06-11;384,21;Geprueft
2024-06-12;384,19;Geprueft
2024-06-13;384,18;Geprueft
2024-06-14;384,17;Geprueft
2024-06-15;384,16;Geprueft
2024-06-16;384,15;Geprueft
2024-06-17;384,13;Geprueft
2024-06-18;384,12;Geprueft
2024-06-19;384,10;Geprueft
2024-06-20;384,09;Geprueft
2024-06-21;384,09;Geprueft
2024-06-22;384,09;Geprueft
2024-06-23;384,07;Geprueft
2024-06-24;384,06;Geprueft
2024-06-25;384,05;Geprueft
2024-06-26;384,04;Geprueft
2024-06-27;384,04;Geprueft
2024-06-28;384,07;Geprueft
2024-06-29;384,13;Geprueft
2024-06-30;384,13;Geprueft
2024-07-01;384,14;Geprueft
2024-07-02;384,15;Geprueft
2024-07-03;384,15;Geprueft
2024-07-04;384,17;Geprueft
2024-07-05;384,20;Geprueft
2024-07-06;384,21;Geprueft
2024-07-07;384,22;Geprueft
2024-07-08;384,22;Geprueft
2024-07-09;384,19;Geprueft
2024-07-10;384,17;Geprueft
2024-07-11;384,16;Geprueft
2024-07-12;384,15;Geprueft
2024-07-13;384,24;Geprueft
2024-07-14;384,26;Geprueft
2024-07-15;384,22;Geprueft
2024-07-16;384,20;Geprueft
2024-07-17;384,19;Geprueft
2024-07-18;384,17;Geprueft
2024-07-19;384,15;Geprueft
2024-07-20;384,13;Geprueft
2024-07-21;384,12;Geprueft
2024-07-22;384,12;Geprueft
2024-07-23;384,12;Geprueft
2024-07-24;384,11;Geprueft
2024-07-25;384,10;Geprueft
2024-07-26;384,09;Geprueft
2024-07-27;384,08;Geprueft
2024-07-28;384,07;Geprueft
2024-07-29;384,06;Geprueft
2024-07-30;384,05;Geprueft
2024-07-31;384,04;Geprueft
2024-08-01;384,06;Rohdaten
2024-08-02;384,13;Rohdaten
2024-08-03;384,12;Rohdaten
2024-08-04;384,11;Rohdaten
2024-08-05;384,10;Rohdaten
2024-08-06;384,08;Rohdaten
2024-08-07;384,07;Rohdaten
2024-08-08;384,07;Rohdaten
2024-08-09;384,06;Rohdaten
2024-08-10;384,04;Rohdaten
2024-08-11;384,03;Rohdaten
2024-08-12;384,04;Rohdaten
