﻿Quelle:;"Bayerisches Landesamt für Umwelt, www.gkd.bayern.de"
Datenbankabfrage:;"08.10.2024 21:50"
Zeitbezug:;MEZ
Messstellen-Name:;"Seidlthal W 5"
Messstellen-Nr.:;2151
Ostwert:;709192;Nordwert:;5473373;"ETRS89 / UTM Zone 32N"

Datum;"Grundwasserstand [m ü. NN]";Prüfstatus
2024-01-01;385,29;Geprueft
2024-01-02;385,27;Geprueft
2024-01-03;385,83;Geprueft
2024-01-04;386,40;Geprueft
2024-01-05;386,94;Geprueft
2024-01-06;387,25;Geprueft
2024-01-07;387,36;Geprueft
2024-01-08;387,39;Geprueft
2024-01-09;387,40;Geprueft
2024-01-10;387,38;Geprueft
2024-01-11;387,29;Geprueft
2024-01-12;387,22;Geprueft
2024-01-13;387,17;Geprueft
2024-01-14;387,14;Geprueft
2024-01-15;387,10;Geprueft
2024-01-16;387,02;Geprueft
2024-01-17;387,02;Geprueft
2024-01-18;386,96;Geprueft
2024-01-19;386,82;Geprueft
2024-01-20;386,75;Geprueft
2024-01-21;386,72;Geprueft
2024-01-22;386,71;Geprueft
2024-01-23;386,63;Geprueft
2024-01-24;386,61;Geprueft
2024-01-25;386,59;Geprueft
2024-01-26;386,62;Geprueft
2024-01-27;386,60;Geprueft
2024-01-28;386,59;Geprueft
2024-01-29;386,57;Geprueft
2024-01-30;386,54;Geprueft
2024-01-31;386,51;Geprueft
2024-02-01;386,49;Geprueft
2024-02-02;386,44;Geprueft
2024-02-03;386,42;Geprueft
2024-02-04;386,39;Geprueft
2024-02-05;386,37;Geprueft
2024-02-06;386,35;Geprueft
2024-02-07;386,35;Geprueft
2024-02-08;386,33;Geprueft
2024-02-09;386,39;Geprueft
2024-02-10;386,71;Geprueft
2024-02-11;386,92;Geprueft
2024-02-12;386,92;Geprueft
2024-02-13;386,88;Geprueft
2024-02-14;386,88;Geprueft
2024-02-15;386,89;Geprueft
2024-02-16;386,89;Geprueft
2024-02-17;386,84;Geprueft
2024-02-18;386,84;Geprueft
2024-02-19;386,84;Geprueft
2024-02-20;386,82;Geprueft
2024-02-21;386,83;Geprueft
2024-02-22;386,88;Geprueft
2024-02-23;386,88;Geprueft
2024-02-24;386,94;Geprueft
2024-02-25;387,01;Geprueft
2024-02-26;387,06;Geprueft
2024-02-27;387,05;Geprueft
2024-02-28;387,03;Geprueft
2024-02-29;387,06;Geprueft
2024-03-01;387,07;Geprueft
2024-03-02;387,07;Geprueft
2024-03-03;387,07;Geprueft
2024-03-04;387,03;Geprueft
2024-03-05;387,00;Geprueft
2024-03-06;386,97;Geprueft
2024-03-07;386,95;Geprueft
2024-03-08;386,95;Geprueft
2024-03-09;386,95;Geprueft
2024-03-10;386,95;Geprueft
2024-03-11;386,89;Geprueft
2024-03-12;386,84;Geprueft
2024-03-13;386,81;Geprueft
2024-03-14;386,80;Geprueft
2024-03-15;386,77;Geprueft
2024-03-16;386,72;Geprueft
2024-03-17;386,68;Geprueft
2024-03-18;386,67;Geprueft
2024-03-19;386,63;Geprueft
2024-03-20;386,59;Geprueft
2024-03-21;386,56;Geprueft
2024-03-22;386,54;Geprueft
2024-03-23;386,52;Geprueft
2024-03-24;386,49;Geprueft
2024-03-25;386,45;Geprueft
2024-03-26;386,45;Geprueft
2024-03-27;386,43;Geprueft
2024-03-28;386,36;Geprueft
2024-03-29;386,31;Geprueft
2024-03-30;386,28;Geprueft
2024-03-31;386,25;Geprueft
2024-04-01;386,20;Geprueft
2024-04-02;386,13;Geprueft
2024-04-03;386,10;Geprueft
2024-04-04;386,06;Geprueft
2024-04-05;386,02;Geprueft
2024-04-06;385,98;Geprueft
2024-04-07;385,94;Geprueft
2024-04-08;385,92;Geprueft
2024-04-09;385,87;Geprueft
2024-04-10;385,79;Geprueft
2024-04-11;385,75;Geprueft
2024-04-12;385,73;Geprueft
2024-04-13;385,70;Geprueft
2024-04-14;385,67;Geprueft
2024-04-15;385,66;Geprueft
2024-04-16;385,61;Geprueft
2024-04-17;385,56;Geprueft
2024-04-18;385,51;Geprueft
2024-04-19;385,50;Geprueft
2024-04-20;385,47;Geprueft
2024-04-21;385,51;Geprueft
2024-04-22;385,60;Geprueft
2024-04-23;385,70;Geprueft
2024-04-24;385,74;Geprueft
2024-04-25;385,73;Geprueft
2024-04-26;385,72;Geprueft
2024-04-27;385,70;Geprueft
2024-04-28;385,67;Geprueft
2024-04-29;385,63;Geprueft
2024-04-30;385,63;Geprueft
2024-05-01;385,63;Geprueft
2024-05-02;385,61;Geprueft
2024-05-03;385,54;Geprueft
2024-05-04;385,51;Geprueft
2024-05-05;385,50;Geprueft
2024-05-06;385,47;Geprueft
2024-05-07;385,42;Geprueft
2024-05-08;385,38;Geprueft
2024-05-09;385,35;Geprueft
2024-05-10;385,33;Geprueft
2024-05-11;385,31;Geprueft
2024-05-12;385,29;Geprueft
2024-05-13;385,26;Geprueft
2024-05-14;385,24;Geprueft
2024-05-15;385,21;Geprueft
2024-05-16;385,18;Geprueft
2024-05-17;385,15;Geprueft
2024-05-18;385,11;Geprueft
2024-05-19;385,08;Geprueft
2024-05-20;385,06;Geprueft
2024-05-21;385,04;Geprueft
2024-05-22;385,00;Geprueft
2024-05-23;384,99;Geprueft
2024-05-24;384,97;Geprueft
2024-05-25;384,96;Geprueft
2024-05-26;384,94;Geprueft
2024-05-27;384,92;Geprueft
2024-05-28;384,89;Geprueft
2024-05-29;384,88;Geprueft
2024-05-30;384,87;Geprueft
2024-05-31;384,84;Geprueft
2024-06-01;384,97;Geprueft
2024-06-02;385,78;Geprueft
2024-06-03;386,36;Geprueft
2024-06-04;386,68;Geprueft
2024-06-05;386,75;Geprueft
2024-06-06;386,75;Geprueft
2024-06-07;386,74;Geprueft
2024-06-08;386,73;Geprueft
2024-06-09;386,72;Geprueft
2024-06-10;386,69;Geprueft
2024-06-11;386,64;Geprueft
2024-06-12;386,62;Geprueft
2024-06-13;386,59;Geprueft
2024-06-14;386,58;Geprueft
2024-06-15;386,56;Geprueft
2024-06-16;386,53;Geprueft
2024-06-17;386,49;Geprueft
2024-06-18;386,47;Geprueft
2024-06-19;386,44;Geprueft
2024-06-20;386,40;Geprueft
2024-06-21;386,39;Geprueft
2024-06-22;386,36;Geprueft
2024-06-23;386,32;Geprueft
2024-06-24;386,29;Geprueft
2024-06-25;386,28;Geprueft
2024-06-26;386,25;Geprueft
2024-06-27;386,22;Geprueft
2024-06-28;386,17;Geprueft
2024-06-29;386,16;Geprueft
2024-06-30;386,13;Geprueft
2024-07-01;386,08;Geprueft
2024-07-02;386,05;Geprueft
2024-07-03;386,03;Geprueft
2024-07-04;385,99;Geprueft
2024-07-05;385,95;Geprueft
2024-07-06;385,93;Geprueft
2024-07-07;385,87;Geprueft
2024-07-08;385,83;Geprueft
2024-07-09;385,81;Geprueft
2024-07-10;385,77;Geprueft
2024-07-11;385,73;Geprueft
2024-07-12;385,71;Geprueft
2024-07-13;385,66;Geprueft
2024-07-14;385,62;Geprueft
2024-07-15;385,59;Geprueft
2024-07-16;385,54;Geprueft
2024-07-17;385,49;Geprueft
2024-07-18;385,45;Geprueft
2024-07-19;385,42;Geprueft
2024-07-20;385,40;Geprueft
2024-07-21;385,36;Geprueft
2024-07-22;385,30;Geprueft
2024-07-23;385,26;Geprueft
2024-07-24;385,23;Geprueft
2024-07-25;385,19;Geprueft
2024-07-26;385,16;Geprueft
2024-07-27;385,11;Geprueft
2024-07-28;385,05;Geprueft
2024-07-29;385,02;Geprueft
2024-07-30;385,00;Geprueft
2024-07-31;384,97;Geprueft
2024-08-01;384,93;Geprueft
2024-08-02;384,89;Geprueft
2024-08-03;384,85;Geprueft
2024-08-04;384,80;Geprueft
2024-08-05;384,77;Geprueft
2024-08-06;384,74;Geprueft
2024-08-07;384,71;Geprueft
2024-08-08;384,66;Geprueft
2024-08-09;384,62;Geprueft
2024-08-10;384,58;Geprueft
2024-08-11;384,55;Geprueft
2024-08-12;384,53;Geprueft
2024-08-13;384,49;Geprueft
2024-08-14;384,45;Geprueft
2024-08-15;384,40;Geprueft
2024-08-16;384,37;Geprueft
2024-08-17;384,34;Geprueft
2024-08-18;384,31;Geprueft
2024-08-19;384,26;Geprueft
2024-08-20;384,25;Geprueft
2024-08-21;384,21;Geprueft
2024-08-22;384,19;Geprueft
2024-08-23;384,16;Geprueft
2024-08-24;384,13;Geprueft
2024-08-25;384,08;Geprueft
2024-08-26;384,06;Geprueft
2024-08-27;384,04;Geprueft
2024-08-28;384,01;Geprueft
2024-08-29;383,98;Geprueft
2024-08-30;383,95;Geprueft
2024-08-31;383,91;Geprueft
2024-09-01;383,89;Rohdaten
2024-09-02;383,86;Rohdaten
2024-09-03;383,83;Rohdaten
2024-09-04;383,80;Rohdaten
2024-09-05;383,78;Rohdaten
2024-09-06;383,74;Rohdaten
2024-09-07;383,71;Rohdaten
2024-09-08;383,69;Rohdaten
2024-09-09;383,66;Rohdaten
2024-09-10;383,62;Rohdaten
2024-09-11;383,60;Rohdaten
2024-09-12;383,56;Rohdaten
2024-09-13;383,53;Rohdaten
2024-09-14;383,50;Rohdaten
2024-09-15;383,48;Rohdaten
2024-09-16;383,47;Rohdaten
2024-09-17;383,44;Rohdaten
2024-09-18;383,42;Rohdaten
2024-09-19;383,40;Rohdaten
2024-09-20;383,38;Rohdaten
2024-09-21;383,36;Rohdaten
2024-09-22;383,35;Rohdaten
2024-09-23;383,33;Rohdaten
