﻿Quelle:;"Bayerisches Landesamt für Umwelt, www.gkd.bayern.de"
Datenbankabfrage:;"08.10.2024 21:50"
Zeitbezug:;MEZ
Messstellen-Name:;"HAID W 1"
Messstellen-Nr.:;2152
Ostwert:;690823;Nordwert:;5486689;"ETRS89 / UTM Zone 32N"

Datum;"Grundwasserstand [m ü. NN]";Prüfstatus
2024-01-01;425,50;Geprueft
2024-01-02;425,53;Geprueft
2024-01-03;425,54;Geprueft
2024-01-04;425,52;Geprueft
2024-01-05;425,53;Geprueft
2024-01-06;425,53;Geprueft
2024-01-07;425,52;Geprueft
2024-01-08;425,51;Geprueft
2024-01-09;425,51;Geprueft
2024-01-10;425,53;Geprueft
2024-01-11;425,54;Geprueft
2024-01-12;425,55;Geprueft
2024-01-13;425,58;Geprueft
2024-01-14;425,62;Geprueft
2024-01-15;425,64;Geprueft
2024-01-16;425,63;Geprueft
2024-01-17;425,67;Geprueft
2024-01-18;425,66;Geprueft
2024-01-19;425,60;Geprueft
2024-01-20;425,60;Geprueft
2024-01-21;425,63;Geprueft
2024-01-22;425,68;Geprueft
2024-01-23;425,66;Geprueft
2024-01-24;425,69;Geprueft
2024-01-25;425,69;Geprueft
2024-01-26;425,70;Geprueft
2024-01-27;425,69;Geprueft
2024-01-28;425,71;Geprueft
2024-01-29;425,73;Geprueft
2024-01-30;425,74;Geprueft
2024-01-31;425,75;Geprueft
2024-02-01;425,77;Geprueft
2024-02-02;425,77;Geprueft
2024-02-03;425,79;Geprueft
2024-02-04;425,81;Geprueft
2024-02-05;425,82;Geprueft
2024-02-06;425,84;Geprueft
2024-02-07;425,87;Geprueft
2024-02-08;425,88;Geprueft
2024-02-09;425,91;Geprueft
2024-02-10;425,92;Geprueft
2024-02-11;425,90;Geprueft
2024-02-12;425,88;Geprueft
2024-02-13;425,85;Geprueft
2024-02-14;425,86;Geprueft
2024-02-15;425,89;Geprueft
2024-02-16;425,90;Geprueft
2024-02-17;425,88;Geprueft
2024-02-18;425,91;Geprueft
2024-02-19;425,93;Geprueft
2024-02-20;425,94;Geprueft
2024-02-21;425,97;Geprueft
2024-02-22;426,03;Geprueft
2024-02-23;426,02;Geprueft
2024-02-24;426,01;Geprueft
2024-02-25;426,02;Geprueft
2024-02-26;426,03;Geprueft
2024-02-27;426,02;Geprueft
2024-02-28;426,01;Geprueft
2024-02-29;426,05;Geprueft
2024-03-01;426,07;Geprueft
2024-03-02;426,08;Geprueft
2024-03-03;426,10;Geprueft
2024-03-04;426,09;Geprueft
2024-03-05;426,09;Geprueft
2024-03-06;426,09;Geprueft
2024-03-07;426,11;Geprueft
2024-03-08;426,14;Geprueft
2024-03-09;426,17;Geprueft
2024-03-10;426,20;Geprueft
2024-03-11;426,17;Geprueft
2024-03-12;426,16;Geprueft
2024-03-13;426,17;Geprueft
2024-03-14;426,20;Geprueft
2024-03-15;426,21;Geprueft
2024-03-16;426,21;Geprueft
2024-03-17;426,21;Geprueft
2024-03-18;426,24;Geprueft
2024-03-19;426,24;Geprueft
2024-03-20;426,25;Geprueft
2024-03-21;426,25;Geprueft
2024-03-22;426,27;Geprueft
2024-03-23;426,30;Geprueft
2024-03-24;426,31;Geprueft
2024-03-25;426,31;Geprueft
2024-03-26;426,35;Geprueft
2024-03-27;426,36;Geprueft
2024-03-28;426,34;Geprueft
2024-03-29;426,33;Geprueft
2024-03-30;426,34;Geprueft
2024-03-31;426,35;Geprueft
2024-04-01;426,35;Geprueft
2024-04-02;426,32;Geprueft
2024-04-03;426,34;Geprueft
2024-04-04;426,34;Geprueft
2024-04-05;426,34;Geprueft
2024-04-06;426,35;Geprueft
2024-04-07;426,36;Geprueft
2024-04-08;426,38;Geprueft
2024-04-09;426,37;Geprueft
2024-04-10;426,33;Geprueft
2024-04-11;426,34;Geprueft
2024-04-12;426,36;Geprueft
2024-04-13;426,38;Geprueft
2024-04-14;426,41;Geprueft
2024-04-15;426,44;Geprueft
2024-04-16;426,44;Geprueft
2024-04-17;426,42;Geprueft
2024-04-18;426,41;Geprueft
2024-04-19;426,43;Geprueft
2024-04-20;426,41;Geprueft
2024-04-21;426,41;Geprueft
2024-04-22;426,41;Geprueft
2024-04-23;426,44;Geprueft
2024-04-24;426,46;Geprueft
2024-04-25;426,46;Geprueft
2024-04-26;426,46;Geprueft
2024-04-27;426,45;Geprueft
2024-04-28;426,44;Geprueft
2024-04-29;426,43;Geprueft
2024-04-30;426,46;Geprueft
2024-05-01;426,48;Geprueft
2024-05-02;426,49;Geprueft
2024-05-03;426,45;Geprueft
2024-05-04;426,46;Geprueft
2024-05-05;426,48;Geprueft
2024-05-06;426,49;Geprueft
2024-05-07;426,47;Geprueft
2024-05-08;426,45;Geprueft
2024-05-09;426,46;Geprueft
2024-05-10;426,48;Geprueft
2024-05-11;426,49;Geprueft
2024-05-12;426,50;Geprueft
2024-05-13;426,51;Geprueft
2024-05-14;426,53;Geprueft
2024-05-15;426,53;Geprueft
2024-05-16;426,53;Geprueft
2024-05-17;426,53;Geprueft
2024-05-18;426,52;Geprueft
2024-05-19;426,52;Geprueft
2024-05-20;426,53;Geprueft
2024-05-21;426,55;Geprueft
2024-05-22;426,53;Geprueft
2024-05-23;426,52;Geprueft
2024-05-24;426,52;Geprueft
2024-05-25;426,53;Geprueft
2024-05-26;426,54;Geprueft
2024-05-27;426,55;Geprueft
2024-05-28;426,54;Geprueft
2024-05-29;426,56;Geprueft
2024-05-30;426,59;Geprueft
2024-05-31;426,58;Geprueft
2024-06-01;426,57;Geprueft
2024-06-02;426,55;Geprueft
2024-06-03;426,56;Geprueft
2024-06-04;426,58;Geprueft
2024-06-05;426,58;Geprueft
2024-06-06;426,58;Geprueft
2024-06-07;426,58;Geprueft
2024-06-08;426,61;Geprueft
2024-06-09;426,62;Geprueft
2024-06-10;426,62;Geprueft
2024-06-11;426,60;Geprueft
2024-06-12;426,61;Geprueft
2024-06-13;426,62;Geprueft
2024-06-14;426,64;Geprueft
2024-06-15;426,65;Geprueft
2024-06-16;426,65;Geprueft
2024-06-17;426,65;Geprueft
2024-06-18;426,66;Geprueft
2024-06-19;426,66;Geprueft
2024-06-20;426,66;Geprueft
2024-06-21;426,68;Geprueft
2024-06-22;426,69;Geprueft
2024-06-23;426,68;Geprueft
2024-06-24;426,69;Geprueft
2024-06-25;426,71;Geprueft
2024-06-26;426,72;Geprueft
2024-06-27;426,72;Geprueft
2024-06-28;426,71;Geprueft
2024-06-29;426,74;Geprueft
2024-06-30;426,75;Geprueft
2024-07-01;426,73;Geprueft
2024-07-02;426,75;Geprueft
2024-07-03;426,76;Geprueft
2024-07-04;426,76;Geprueft
2024-07-05;426,76;Geprueft
2024-07-06;426,78;Geprueft
2024-07-07;426,76;Geprueft
2024-07-08;426,76;Geprueft
2024-07-09;426,78;Geprueft
2024-07-10;426,78;Geprueft
2024-07-11;426,79;Geprueft
2024-07-12;426,81;Geprueft
2024-07-13;426,80;Geprueft
2024-07-14;426,80;Geprueft
2024-07-15;426,81;Geprueft
2024-07-16;426,81;Geprueft
2024-07-17;426,79;Geprueft
2024-07-18;426,80;Geprueft
2024-07-19;426,82;Geprueft
2024-07-20;426,84;Geprueft
2024-07-21;426,85;Geprueft
2024-07-22;426,82;Geprueft
2024-07-23;426,83;Geprueft
2024-07-24;426,84;Geprueft
2024-07-25;426,85;Geprueft
2024-07-26;426,86;Geprueft
2024-07-27;426,85;Geprueft
2024-07-28;426,83;Geprueft
2024-07-29;426,84;Geprueft
2024-07-30;426,86;Geprueft
2024-07-31;426,88;Geprueft
2024-08-01;426,88;Geprueft
2024-08-02;426,88;Geprueft
2024-08-03;426,88;Geprueft
2024-08-04;426,88;Geprueft
2024-08-05;426,88;Geprueft
2024-08-06;426,89;Geprueft
2024-08-07;426,89;Geprueft
2024-08-08;426,88;Geprueft
2024-08-09;426,88;Geprueft
2024-08-10;426,88;Geprueft
2024-08-11;426,89;Geprueft
2024-08-12;426,91;Geprueft
2024-08-13;426,92;Geprueft
2024-08-14;426,91;Geprueft
2024-08-15;426,90;Geprueft
2024-08-16;426,91;Geprueft
2024-08-17;426,92;Geprueft
2024-08-18;426,93;Geprueft
2024-08-19;426,91;Geprueft
2024-08-20;426,93;Geprueft
2024-08-21;426,92;Geprueft
2024-08-22;426,93;Geprueft
2024-08-23;426,93;Geprueft
2024-08-24;426,93;Geprueft
2024-08-25;426,91;Geprueft
2024-08-26;426,91;Geprueft
2024-08-27;426,93;Geprueft
2024-08-28;426,94;Geprueft
2024-08-29;426,94;Geprueft
2024-08-30;426,94;Geprueft
2024-08-31;426,94;Geprueft
2024-09-01;426,95;Rohdaten
2024-09-02;426,96;Rohdaten
2024-09-03;426,95;Rohdaten
2024-09-04;426,96;Rohdaten
2024-09-05;426,97;Rohdaten
2024-09-06;426,96;Rohdaten
2024-09-07;426,96;Rohdaten
2024-09-08;426,98;Rohdaten
2024-09-09;426,98;Rohdaten
2024-09-10;426,96;Rohdaten
2024-09-11;426,98;Rohdaten
2024-09-12;426,96;Rohdaten
2024-09-13;426,95;Rohdaten
2024-09-14;426,94;Rohdaten
2024-09-15;426,95;Rohdaten
2024-09-16;426,97;Rohdaten
2024-09-17;426,96;Rohdaten
2024-09-18;426,96;Rohdaten
2024-09-19;426,97;Rohdaten
2024-09-20;426,97;Rohdaten
2024-09-21;426,98;Rohdaten
2024-09-22;426,99;Rohdaten
2024-09-23;427,00;Rohdaten
