﻿Quelle:;"Bayerisches Landesamt für Umwelt, www.gkd.bayern.de"
Datenbankabfrage:;"08.10.2024 21:50"
Zeitbezug:;MEZ
Messstellen-Name:;"AICHA W 2"
Messstellen-Nr.:;2153
Ostwert:;692326;Nordwert:;5475587;"ETRS89 / UTM Zone 32N"

Datum;"Grundwasserstand [m ü. NN]";Prüfstatus
2024-01-01;455,37;Geprueft
2024-01-02;455,40;Geprueft
2024-01-03;455,41;Geprueft
2024-01-04;455,43;Geprueft
2024-01-05;455,48;Geprueft
2024-01-06;455,50;Geprueft
2024-01-07;455,50;Geprueft
2024-01-08;455,50;Geprueft
2024-01-09;455,52;Geprueft
2024-01-10;455,53;Geprueft
2024-01-11;455,54;Geprueft
2024-01-12;455,55;Geprueft
2024-01-13;455,57;Geprueft
2024-01-14;455,59;Geprueft
2024-01-15;455,61;Geprueft
2024-01-16;455,60;Geprueft
2024-01-17;455,65;Geprueft
2024-01-18;455,63;Geprueft
2024-01-19;455,59;Geprueft
2024-01-20;455,61;Geprueft
2024-01-21;455,64;Geprueft
2024-01-22;455,67;Geprueft
2024-01-23;455,65;Geprueft
2024-01-24;455,69;Geprueft
2024-01-25;455,68;Geprueft
2024-01-26;455,71;Geprueft
2024-01-27;455,69;Geprueft
2024-01-28;455,72;Geprueft
2024-01-29;455,74;Geprueft
2024-01-30;455,75;Geprueft
2024-01-31;455,76;Geprueft
2024-02-01;455,78;Geprueft
2024-02-02;455,79;Geprueft
2024-02-03;455,80;Geprueft
2024-02-04;455,82;Geprueft
2024-02-05;455,83;Geprueft
2024-02-06;455,85;Geprueft
2024-02-07;455,88;Geprueft
2024-02-08;455,89;Geprueft
2024-02-09;455,92;Geprueft
2024-02-10;455,95;Geprueft
2024-02-11;455,94;Geprueft
2024-02-12;455,94;Geprueft
2024-02-13;455,92;Geprueft
2024-02-14;455,95;Geprueft
2024-02-15;455,97;Geprueft
2024-02-16;455,98;Geprueft
2024-02-17;455,96;Geprueft
2024-02-18;456,00;Geprueft
2024-02-19;456,02;Geprueft
2024-02-20;456,02;Geprueft
2024-02-21;456,07;Geprueft
2024-02-22;456,11;Geprueft
2024-02-23;456,10;Geprueft
2024-02-24;456,10;Geprueft
2024-02-25;456,14;Geprueft
2024-02-26;456,15;Geprueft
2024-02-27;456,14;Geprueft
2024-02-28;456,14;Geprueft
2024-02-29;456,20;Geprueft
2024-03-01;456,21;Geprueft
2024-03-02;456,23;Geprueft
2024-03-03;456,24;Geprueft
2024-03-04;456,23;Geprueft
2024-03-05;456,24;Geprueft
2024-03-06;456,25;Geprueft
2024-03-07;456,27;Geprueft
2024-03-08;456,31;Geprueft
2024-03-09;456,33;Geprueft
2024-03-10;456,36;Geprueft
2024-03-11;456,33;Geprueft
2024-03-12;456,32;Geprueft
2024-03-13;456,35;Geprueft
2024-03-14;456,37;Geprueft
2024-03-15;456,39;Geprueft
2024-03-16;456,38;Geprueft
2024-03-17;456,40;Geprueft
2024-03-18;456,43;Geprueft
2024-03-19;456,42;Geprueft
2024-03-20;456,44;Geprueft
2024-03-21;456,45;Geprueft
2024-03-22;456,48;Geprueft
2024-03-23;456,50;Geprueft
2024-03-24;456,51;Geprueft
2024-03-25;456,52;Geprueft
2024-03-26;456,55;Geprueft
2024-03-27;456,57;Geprueft
2024-03-28;456,54;Geprueft
2024-03-29;456,55;Geprueft
2024-03-30;456,57;Geprueft
2024-03-31;456,59;Geprueft
2024-04-01;456,58;Geprueft
2024-04-02;456,57;Geprueft
2024-04-03;456,59;Geprueft
2024-04-04;456,59;Geprueft
2024-04-05;456,60;Geprueft
2024-04-06;456,61;Geprueft
2024-04-07;456,62;Geprueft
2024-04-08;456,65;Geprueft
2024-04-09;456,64;Geprueft
2024-04-10;456,61;Geprueft
2024-04-11;456,62;Geprueft
2024-04-12;456,65;Geprueft
2024-04-13;456,67;Geprueft
2024-04-14;456,70;Geprueft
2024-04-15;456,73;Geprueft
2024-04-16;456,73;Geprueft
2024-04-17;456,72;Geprueft
2024-04-18;456,71;Geprueft
2024-04-19;456,74;Geprueft
2024-04-20;456,72;Geprueft
2024-04-21;456,74;Geprueft
2024-04-22;456,74;Geprueft
2024-04-23;456,77;Geprueft
2024-04-24;456,79;Geprueft
2024-04-25;456,79;Geprueft
2024-04-26;456,79;Geprueft
2024-04-27;456,79;Geprueft
2024-04-28;456,79;Geprueft
2024-04-29;456,78;Geprueft
2024-04-30;456,82;Geprueft
2024-05-01;456,85;Geprueft
2024-05-02;456,85;Geprueft
2024-05-03;456,81;Geprueft
2024-05-04;456,83;Geprueft
2024-05-05;456,86;Geprueft
2024-05-06;456,86;Geprueft
2024-05-07;456,85;Geprueft
2024-05-08;456,83;Geprueft
2024-05-09;456,85;Geprueft
2024-05-10;456,87;Geprueft
2024-05-11;456,88;Geprueft
2024-05-12;456,89;Geprueft
2024-05-13;456,91;Geprueft
2024-05-14;456,92;Geprueft
2024-05-15;456,93;Geprueft
2024-05-16;456,93;Geprueft
2024-05-17;456,93;Geprueft
2024-05-18;456,92;Geprueft
2024-05-19;456,93;Geprueft
2024-05-20;456,94;Geprueft
2024-05-21;456,96;Geprueft
2024-05-22;457,00;Geprueft
2024-05-23;457,04;Geprueft
2024-05-24;457,05;Geprueft
2024-05-25;457,05;Geprueft
2024-05-26;457,06;Geprueft
2024-05-27;457,07;Geprueft
2024-05-28;457,07;Geprueft
2024-05-29;457,10;Geprueft
2024-05-30;457,12;Geprueft
2024-05-31;457,11;Geprueft
2024-06-01;457,11;Geprueft
2024-06-02;457,16;Geprueft
2024-06-03;457,23;Geprueft
2024-06-04;457,28;Geprueft
2024-06-05;457,29;Geprueft
2024-06-06;457,30;Geprueft
2024-06-07;457,31;Geprueft
2024-06-08;457,35;Geprueft
2024-06-09;457,37;Geprueft
2024-06-10;457,38;Geprueft
2024-06-11;457,35;Geprueft
2024-06-12;457,37;Geprueft
2024-06-13;457,39;Geprueft
2024-06-14;457,41;Geprueft
2024-06-15;457,43;Geprueft
2024-06-16;457,43;Geprueft
2024-06-17;457,43;Geprueft
2024-06-18;457,45;Geprueft
2024-06-19;457,45;Geprueft
2024-06-20;457,45;Geprueft
2024-06-21;457,48;Geprueft
2024-06-22;457,49;Geprueft
2024-06-23;457,48;Geprueft
2024-06-24;457,50;Geprueft
2024-06-25;457,52;Geprueft
2024-06-26;457,54;Geprueft
2024-06-27;457,54;Geprueft
2024-06-28;457,53;Geprueft
2024-06-29;457,56;Geprueft
2024-06-30;457,57;Geprueft
2024-07-01;457,56;Geprueft
2024-07-02;457,58;Geprueft
2024-07-03;457,60;Geprueft
2024-07-04;457,60;Geprueft
2024-07-05;457,60;Geprueft
2024-07-06;457,63;Geprueft
2024-07-07;457,61;Geprueft
2024-07-08;457,62;Geprueft
2024-07-09;457,64;Geprueft
2024-07-10;457,64;Geprueft
2024-07-11;457,65;Geprueft
2024-07-12;457,68;Geprueft
2024-07-13;457,67;Geprueft
2024-07-14;457,68;Geprueft
2024-07-15;457,70;Geprueft
2024-07-16;457,69;Geprueft
2024-07-17;457,68;Geprueft
2024-07-18;457,70;Geprueft
2024-07-19;457,72;Geprueft
2024-07-20;457,75;Geprueft
2024-07-21;457,75;Geprueft
2024-07-22;457,73;Geprueft
2024-07-23;457,74;Geprueft
2024-07-24;457,76;Geprueft
2024-07-25;457,78;Geprueft
2024-07-26;457,78;Geprueft
2024-07-27;457,78;Geprueft
2024-07-28;457,76;Geprueft
2024-07-29;457,78;Geprueft
2024-07-30;457,81;Geprueft
2024-07-31;457,83;Geprueft
2024-08-01;457,83;Geprueft
2024-08-02;457,84;Geprueft
2024-08-03;457,84;Geprueft
2024-08-04;457,84;Geprueft
2024-08-05;457,85;Geprueft
2024-08-06;457,86;Geprueft
2024-08-07;457,87;Geprueft
2024-08-08;457,86;Geprueft
2024-08-09;457,86;Geprueft
2024-08-10;457,86;Geprueft
2024-08-11;457,88;Geprueft
2024-08-12;457,90;Geprueft
2024-08-13;457,91;Geprueft
2024-08-14;457,91;Geprueft
2024-08-15;457,90;Geprueft
2024-08-16;457,91;Geprueft
2024-08-17;457,93;Geprueft
2024-08-18;457,95;Geprueft
2024-08-19;457,92;Geprueft
2024-08-20;457,95;Geprueft
2024-08-21;457,94;Geprueft
2024-08-22;457,95;Geprueft
2024-08-23;457,96;Geprueft
2024-08-24;457,97;Geprueft
2024-08-25;457,94;Geprueft
2024-08-26;457,95;Geprueft
2024-08-27;457,97;Geprueft
2024-08-28;457,98;Geprueft
2024-08-29;457,98;Geprueft
2024-08-30;457,99;Geprueft
2024-08-31;457,99;Geprueft
2024-09-01;458,01;Rohdaten
2024-09-02;458,02;Rohdaten
2024-09-03;458,01;Rohdaten
2024-09-04;458,03;Rohdaten
2024-09-05;458,04;Rohdaten
2024-09-06;458,03;Rohdaten
2024-09-07;458,03;Rohdaten
2024-09-08;458,06;Rohdaten
2024-09-09;458,06;Rohdaten
2024-09-10;458,04;Rohdaten
2024-09-11;458,06;Rohdaten
2024-09-12;458,05;Rohdaten
2024-09-13;458,04;Rohdaten
2024-09-14;458,03;Rohdaten
2024-09-15;458,05;Rohdaten
2024-09-16;458,07;Rohdaten
2024-09-17;458,05;Rohdaten
2024-09-18;458,06;Rohdaten
2024-09-19;458,07;Rohdaten
2024-09-20;458,07;Rohdaten
2024-09-21;458,08;Rohdaten
2024-09-22;458,10;Rohdaten
2024-09-23;458,12;Rohdaten
