﻿Quelle:;"Bayerisches Landesamt für Umwelt, www.gkd.bayern.de"
Datenbankabfrage:;"08.10.2024 21:50"
Zeitbezug:;MEZ
Messstellen-Name:;"Klardorf VAW B11"
Messstellen-Nr.:;2154
Ostwert:;725216;Nordwert:;5462923;"ETRS89 / UTM Zone 32N"

Datum;"Grundwasserstand [m ü. NN]";Prüfstatus
2024-01-01;349,62;Geprueft
2024-01-02;349,61;Geprueft
2024-01-03;349,63;Geprueft
2024-01-04;349,69;Geprueft
2024-01-05;349,82;Geprueft
2024-01-06;349,90;Geprueft
2024-01-07;349,82;Geprueft
2024-01-08;349,73;Geprueft
2024-01-09;349,67;Geprueft
2024-01-10;349,63;Geprueft
2024-01-11;349,60;Geprueft
2024-01-12;349,57;Geprueft
2024-01-13;349,55;Geprueft
2024-01-14;349,54;Geprueft
2024-01-15;349,53;Geprueft
2024-01-16;349,51;Geprueft
2024-01-17;349,50;Geprueft
2024-01-18;349,51;Geprueft
2024-01-19;349,50;Geprueft
2024-01-20;349,48;Geprueft
2024-01-21;349,47;Geprueft
2024-01-22;349,46;Geprueft
2024-01-23;349,47;Geprueft
2024-01-24;349,48;Geprueft
2024-01-25;349,48;Geprueft
2024-01-26;349,48;Geprueft
2024-01-27;349,47;Geprueft
2024-01-28;349,46;Geprueft
2024-01-29;349,45;Geprueft
2024-01-30;349,45;Geprueft
2024-01-31;349,44;Geprueft
2024-02-01;349,43;Geprueft
2024-02-02;349,43;Geprueft
2024-02-03;349,42;Geprueft
2024-02-04;349,42;Geprueft
2024-02-05;349,41;Geprueft
2024-02-06;349,40;Geprueft
2024-02-07;349,40;Geprueft
2024-02-08;349,42;Geprueft
2024-02-09;349,45;Geprueft
2024-02-10;349,47;Geprueft
2024-02-11;349,48;Geprueft
2024-02-12;349,47;Geprueft
2024-02-13;349,46;Geprueft
2024-02-14;349,45;Geprueft
2024-02-15;349,44;Geprueft
2024-02-16;349,43;Geprueft
2024-02-17;349,42;Geprueft
2024-02-18;349,41;Geprueft
2024-02-19;349,41;Geprueft
2024-02-20;349,41;Geprueft
2024-02-21;349,41;Geprueft
2024-02-22;349,42;Geprueft
2024-02-23;349,45;Geprueft
2024-02-24;349,46;Geprueft
2024-02-25;349,45;Geprueft
2024-02-26;349,44;Geprueft
2024-02-27;349,42;Geprueft
2024-02-28;349,40;Geprueft
2024-02-29;349,39;Geprueft
2024-03-01;349,39;Geprueft
2024-03-02;349,38;Geprueft
2024-03-03;349,38;Geprueft
2024-03-04;349,37;Geprueft
2024-03-05;349,36;Geprueft
2024-03-06;349,35;Geprueft
2024-03-07;349,34;Geprueft
2024-03-08;349,34;Geprueft
2024-03-09;349,34;Geprueft
2024-03-10;349,33;Geprueft
2024-03-11;349,32;Geprueft
2024-03-12;349,31;Geprueft
2024-03-13;349,30;Geprueft
2024-03-14;349,30;Geprueft
2024-03-15;349,31;Geprueft
2024-03-16;349,30;Geprueft
2024-03-17;349,30;Geprueft
2024-03-18;349,29;Geprueft
2024-03-19;349,29;Geprueft
2024-03-20;349,28;Geprueft
2024-03-21;349,27;Geprueft
2024-03-22;349,27;Geprueft
2024-03-23;349,26;Geprueft
2024-03-24;349,26;Geprueft
2024-03-25;349,27;Geprueft
2024-03-26;349,27;Geprueft
2024-03-27;349,26;Geprueft
2024-03-28;349,26;Geprueft
2024-03-29;349,26;Geprueft
2024-03-30;349,25;Geprueft
2024-03-31;349,24;Geprueft
2024-04-01;349,23;Geprueft
2024-04-02;349,23;Geprueft
2024-04-03;349,22;Geprueft
2024-04-04;349,22;Geprueft
2024-04-05;349,25;Geprueft
2024-04-06;349,23;Geprueft
2024-04-07;349,22;Geprueft
2024-04-08;349,21;Geprueft
2024-04-09;349,20;Geprueft
2024-04-10;349,20;Geprueft
2024-04-11;349,20;Geprueft
2024-04-12;349,19;Geprueft
2024-04-13;349,18;Geprueft
2024-04-14;349,18;Geprueft
2024-04-15;349,18;Geprueft
2024-04-16;349,19;Geprueft
2024-04-17;349,22;Geprueft
2024-04-18;349,23;Geprueft
2024-04-19;349,24;Geprueft
2024-04-20;349,25;Geprueft
2024-04-21;349,27;Geprueft
2024-04-22;349,27;Geprueft
2024-04-23;349,26;Geprueft
2024-04-24;349,25;Geprueft
2024-04-25;349,24;Geprueft
2024-04-26;349,23;Geprueft
2024-04-27;349,22;Geprueft
2024-04-28;349,21;Geprueft
2024-04-29;349,20;Geprueft
2024-04-30;349,19;Geprueft
2024-05-01;349,18;Geprueft
2024-05-02;349,18;Geprueft
2024-05-03;349,17;Geprueft
2024-05-04;349,17;Geprueft
2024-05-05;349,16;Geprueft
2024-05-06;349,16;Geprueft
2024-05-07;349,17;Geprueft
2024-05-08;349,17;Geprueft
2024-05-09;349,16;Geprueft
2024-05-10;349,15;Geprueft
2024-05-11;349,15;Geprueft
2024-05-12;349,14;Geprueft
2024-05-13;349,14;Geprueft
2024-05-14;349,13;Geprueft
2024-05-15;349,12;Geprueft
2024-05-16;349,12;Geprueft
2024-05-17;349,12;Geprueft
2024-05-18;349,13;Geprueft
2024-05-19;349,13;Geprueft
2024-05-20;349,13;Geprueft
2024-05-21;349,13;Geprueft
2024-05-22;349,22;Geprueft
2024-05-23;349,25;Geprueft
2024-05-24;349,26;Geprueft
2024-05-25;349,24;Geprueft
2024-05-26;349,21;Geprueft
2024-05-27;349,19;Geprueft
2024-05-28;349,22;Geprueft
2024-05-29;349,22;Geprueft
2024-05-30;349,21;Geprueft
2024-05-31;349,22;Geprueft
2024-06-01;349,29;Geprueft
2024-06-02;349,36;Geprueft
2024-06-03;349,44;Geprueft
2024-06-04;349,48;Geprueft
2024-06-05;349,48;Geprueft
2024-06-06;349,47;Geprueft
2024-06-07;349,45;Geprueft
2024-06-08;349,42;Geprueft
2024-06-09;349,39;Geprueft
2024-06-10;349,36;Geprueft
2024-06-11;349,34;Geprueft
2024-06-12;349,32;Geprueft
2024-06-13;349,31;Geprueft
2024-06-14;349,30;Geprueft
2024-06-15;349,30;Geprueft
2024-06-16;349,28;Geprueft
2024-06-17;349,27;Geprueft
2024-06-18;349,28;Geprueft
2024-06-19;349,26;Geprueft
2024-06-20;349,26;Geprueft
2024-06-21;349,24;Geprueft
2024-06-22;349,26;Geprueft
2024-06-23;349,25;Geprueft
2024-06-24;349,23;Geprueft
2024-06-25;349,23;Geprueft
2024-06-26;349,22;Geprueft
2024-06-27;349,23;Geprueft
2024-06-28;349,21;Geprueft
2024-06-29;349,21;Geprueft
2024-06-30;349,20;Geprueft
2024-07-01;349,20;Geprueft
2024-07-02;349,20;Geprueft
2024-07-03;349,20;Geprueft
2024-07-04;349,20;Geprueft
2024-07-05;349,20;Geprueft
2024-07-06;349,21;Geprueft
2024-07-07;349,25;Geprueft
2024-07-08;349,27;Geprueft
2024-07-09;349,26;Geprueft
2024-07-10;349,24;Geprueft
2024-07-11;349,24;Geprueft
2024-07-12;349,26;Geprueft
2024-07-13;349,29;Geprueft
2024-07-14;349,30;Geprueft
2024-07-15;349,28;Geprueft
2024-07-16;349,29;Geprueft
2024-07-17;349,30;Geprueft
2024-07-18;349,29;Geprueft
2024-07-19;349,27;Geprueft
2024-07-20;349,25;Geprueft
2024-07-21;349,24;Geprueft
2024-07-22;349,25;Geprueft
2024-07-23;349,30;Geprueft
2024-07-24;349,32;Geprueft
2024-07-25;349,31;Geprueft
2024-07-26;349,30;Geprueft
2024-07-27;349,29;Geprueft
2024-07-28;349,27;Geprueft
2024-07-29;349,26;Geprueft
2024-07-30;349,25;Geprueft
2024-07-31;349,24;Geprueft
2024-08-01;349,22;Rohdaten
2024-08-02;349,21;Rohdaten
2024-08-03;349,21;Rohdaten
2024-08-04;349,26;Rohdaten
2024-08-05;349,29;Rohdaten
2024-08-06;349,30;Rohdaten
2024-08-07;349,28;Rohdaten
2024-08-08;349,27;Rohdaten
2024-08-09;349,26;Rohdaten
2024-08-10;349,24;Rohdaten
2024-08-11;349,23;Rohdaten
2024-08-12;349,22;Rohdaten
2024-08-13;349,22;Rohdaten
2024-08-14;349,22;Rohdaten
2024-08-15;349,23;Rohdaten
2024-08-16;349,23;Rohdaten
2024-08-17;349,23;Rohdaten
2024-08-18;349,25;Rohdaten
2024-08-19;349,28;Rohdaten
2024-08-20;349,30;Rohdaten
2024-08-21;349,31;Rohdaten
2024-08-22;349,31;Rohdaten
2024-08-23;349,30;Rohdaten
2024-08-24;349,29;Rohdaten
2024-08-25;349,29;Rohdaten
2024-08-26;349,29;Rohdaten
