﻿Quelle:;"Bayerisches Landesamt für Umwelt, www.gkd.bayern.de"
Datenbankabfrage:;"08.10.2024 21:50"
Zeitbezug:;MEZ
Messstellen-Name:;"WÜSTENAU AM-KMS-6"
Messstellen-Nr.:;2157
Ostwert:;701187;Nordwert:;5491592;"ETRS89 / UTM Zone 32N"

Datum;"Grundwasserstand [m ü. NN]";Prüfstatus
2024-01-01;392,38;Geprueft
2024-01-02;392,41;Geprueft
2024-01-03;392,47;Geprueft
2024-01-04;392,47;Geprueft
2024-01-05;392,46;Geprueft
2024-01-06;392,44;Geprueft
2024-01-07;392,39;Geprueft
2024-01-08;392,33;Geprueft
2024-01-09;392,31;Geprueft
2024-01-10;392,32;Geprueft
2024-01-11;392,33;Geprueft
2024-01-12;392,32;Geprueft
2024-01-13;392,37;Geprueft
2024-01-14;392,44;Geprueft
2024-01-15;392,48;Geprueft
2024-01-16;392,42;Geprueft
2024-01-17;392,48;Geprueft
2024-01-18;392,48;Geprueft
2024-01-19;392,31;Geprueft
2024-01-20;392,24;Geprueft
2024-01-21;392,25;Geprueft
2024-01-22;392,32;Geprueft
2024-01-23;392,31;Geprueft
2024-01-24;392,33;Geprueft
2024-01-25;392,31;Geprueft
2024-01-26;392,33;Geprueft
2024-01-27;392,29;Geprueft
2024-01-28;392,30;Geprueft
2024-01-29;392,33;Geprueft
2024-01-30;392,34;Geprueft
2024-01-31;392,34;Geprueft
2024-02-01;392,37;Geprueft
2024-02-02;392,37;Geprueft
2024-02-03;392,39;Geprueft
2024-02-04;392,41;Geprueft
2024-02-05;392,42;Geprueft
2024-02-06;392,44;Geprueft
2024-02-07;392,48;Geprueft
2024-02-08;392,51;Geprueft
2024-02-09;392,54;Geprueft
2024-02-10;392,55;Geprueft
2024-02-11;392,53;Geprueft
2024-02-12;392,48;Geprueft
2024-02-13;392,43;Geprueft
2024-02-14;392,42;Geprueft
2024-02-15;392,44;Geprueft
2024-02-16;392,46;Geprueft
2024-02-17;392,40;Geprueft
2024-02-18;392,40;Geprueft
2024-02-19;392,45;Geprueft
2024-02-20;392,45;Geprueft
2024-02-21;392,49;Geprueft
2024-02-22;392,62;Geprueft
2024-02-23;392,65;Geprueft
2024-02-24;392,61;Geprueft
2024-02-25;392,59;Geprueft
2024-02-26;392,60;Geprueft
2024-02-27;392,54;Geprueft
2024-02-28;392,48;Geprueft
2024-02-29;392,50;Geprueft
2024-03-01;392,54;Geprueft
2024-03-02;392,55;Geprueft
2024-03-03;392,56;Geprueft
2024-03-04;392,53;Geprueft
2024-03-05;392,51;Geprueft
2024-03-06;392,48;Geprueft
2024-03-07;392,47;Geprueft
2024-03-08;392,50;Geprueft
2024-03-09;392,54;Geprueft
2024-03-10;392,56;Geprueft
2024-03-11;392,52;Geprueft
2024-03-12;392,48;Geprueft
2024-03-13;392,46;Geprueft
2024-03-14;392,47;Geprueft
2024-03-15;392,48;Geprueft
2024-03-16;392,46;Geprueft
2024-03-17;392,44;Geprueft
2024-03-18;392,46;Geprueft
2024-03-19;392,45;Geprueft
2024-03-20;392,45;Geprueft
2024-03-21;392,45;Geprueft
2024-03-22;392,46;Geprueft
2024-03-23;392,49;Geprueft
2024-03-24;392,49;Geprueft
2024-03-25;392,49;Geprueft
2024-03-26;392,52;Geprueft
2024-03-27;392,54;Geprueft
2024-03-28;392,51;Geprueft
2024-03-29;392,47;Geprueft
2024-03-30;392,46;Geprueft
2024-03-31;392,46;Geprueft
2024-04-01;392,46;Geprueft
2024-04-02;392,41;Geprueft
2024-04-03;392,41;Geprueft
2024-04-04;392,40;Geprueft
2024-04-05;392,40;Geprueft
2024-04-06;392,39;Geprueft
2024-04-07;392,39;Geprueft
2024-04-08;392,40;Geprueft
2024-04-09;392,40;Geprueft
2024-04-10;392,32;Geprueft
2024-04-11;392,29;Geprueft
2024-04-12;392,32;Geprueft
2024-04-13;392,36;Geprueft
2024-04-14;392,41;Geprueft
2024-04-15;392,47;Geprueft
2024-04-16;392,48;Geprueft
2024-04-17;392,45;Geprueft
2024-04-18;392,40;Geprueft
2024-04-19;392,41;Geprueft
2024-04-20;392,40;Geprueft
2024-04-21;392,38;Geprueft
2024-04-22;392,37;Geprueft
2024-04-23;392,41;Geprueft
2024-04-24;392,45;Geprueft
2024-04-25;392,46;Geprueft
2024-04-26;392,45;Geprueft
2024-04-27;392,43;Geprueft
2024-04-28;392,42;Geprueft
2024-04-29;392,39;Geprueft
2024-04-30;392,40;Geprueft
2024-05-01;392,43;Geprueft
2024-05-02;392,45;Geprueft
2024-05-03;392,41;Geprueft
2024-05-04;392,39;Geprueft
2024-05-05;392,41;Geprueft
2024-05-06;392,41;Geprueft
2024-05-07;392,39;Geprueft
2024-05-08;392,37;Geprueft
2024-05-09;392,36;Geprueft
2024-05-10;392,37;Geprueft
2024-05-11;392,38;Geprueft
2024-05-12;392,39;Geprueft
2024-05-13;392,40;Geprueft
2024-05-14;392,41;Geprueft
2024-05-15;392,42;Geprueft
2024-05-16;392,42;Geprueft
2024-05-17;392,41;Geprueft
2024-05-18;392,39;Geprueft
2024-05-19;392,39;Geprueft
2024-05-20;392,39;Geprueft
2024-05-21;392,40;Geprueft
2024-05-22;392,40;Geprueft
2024-05-23;392,38;Geprueft
2024-05-24;392,38;Geprueft
2024-05-25;392,38;Geprueft
2024-05-26;392,38;Geprueft
2024-05-27;392,38;Geprueft
2024-05-28;392,38;Geprueft
2024-05-29;392,40;Geprueft
2024-05-30;392,45;Geprueft
2024-05-31;392,44;Geprueft
2024-06-01;392,42;Geprueft
2024-06-02;392,43;Geprueft
2024-06-03;392,45;Geprueft
2024-06-04;392,49;Geprueft
2024-06-05;392,50;Geprueft
2024-06-06;392,49;Geprueft
2024-06-07;392,50;Geprueft
2024-06-08;392,53;Geprueft
2024-06-09;392,56;Geprueft
2024-06-10;392,57;Geprueft
2024-06-11;392,51;Geprueft
2024-06-12;392,48;Geprueft
2024-06-13;392,48;Geprueft
2024-06-14;392,50;Geprueft
2024-06-15;392,53;Geprueft
2024-06-16;392,51;Geprueft
2024-06-17;392,48;Geprueft
2024-06-18;392,48;Geprueft
2024-06-19;392,47;Geprueft
2024-06-20;392,44;Geprueft
2024-06-21;392,47;Geprueft
2024-06-22;392,47;Geprueft
2024-06-23;392,45;Geprueft
2024-06-24;392,44;Geprueft
2024-06-25;392,46;Geprueft
2024-06-26;392,48;Geprueft
2024-06-27;392,47;Geprueft
2024-06-28;392,44;Geprueft
2024-06-29;392,45;Geprueft
2024-06-30;392,48;Geprueft
2024-07-01;392,45;Geprueft
2024-07-02;392,44;Geprueft
2024-07-03;392,47;Geprueft
2024-07-04;392,46;Geprueft
2024-07-05;392,45;Geprueft
2024-07-06;392,47;Geprueft
2024-07-07;392,43;Geprueft
2024-07-08;392,42;Geprueft
2024-07-09;392,43;Geprueft
2024-07-10;392,44;Geprueft
2024-07-11;392,43;Geprueft
2024-07-12;392,47;Geprueft
2024-07-13;392,46;Geprueft
2024-07-14;392,44;Geprueft
2024-07-15;392,45;Geprueft
2024-07-16;392,44;Geprueft
2024-07-17;392,41;Geprueft
2024-07-18;392,40;Geprueft
2024-07-19;392,43;Geprueft
2024-07-20;392,46;Geprueft
2024-07-21;392,47;Geprueft
2024-07-22;392,42;Geprueft
2024-07-23;392,41;Geprueft
2024-07-24;392,41;Geprueft
2024-07-25;392,42;Geprueft
2024-07-26;392,43;Geprueft
2024-07-27;392,42;Geprueft
2024-07-28;392,38;Geprueft
2024-07-29;392,37;Geprueft
2024-07-30;392,40;Geprueft
2024-07-31;392,42;Geprueft
2024-08-01;392,43;Rohdaten
2024-08-02;392,43;Rohdaten
2024-08-03;392,41;Rohdaten
2024-08-04;392,39;Rohdaten
2024-08-05;392,39;Rohdaten
2024-08-06;392,39;Rohdaten
2024-08-07;392,40;Rohdaten
2024-08-08;392,37;Rohdaten
2024-08-09;392,36;Rohdaten
2024-08-10;392,35;Rohdaten
2024-08-11;392,36;Rohdaten
2024-08-12;392,38;Rohdaten
