﻿Quelle:;"Bayerisches Landesamt für Umwelt, www.gkd.bayern.de"
Datenbankabfrage:;"08.10.2024 21:50"
Zeitbezug:;MEZ
Messstellen-Name:;Bruck
Messstellen-Nr.:;2161
Ostwert:;741352;Nordwert:;5458591;"ETRS89 / UTM Zone 32N"

Datum;"Grundwasserstand [m ü. NN]";Prüfstatus
2024-01-01;362,06;Geprueft
2024-01-02;362,08;Geprueft
2024-01-03;362,10;Geprueft
2024-01-04;362,08;Geprueft
2024-01-05;362,07;Geprueft
2024-01-06;362,06;Geprueft
2024-01-07;362,04;Geprueft
2024-01-08;362,00;Geprueft
2024-01-09;361,97;Geprueft
2024-01-10;361,96;Geprueft
2024-01-11;361,95;Geprueft
2024-01-12;361,94;Geprueft
2024-01-13;361,97;Geprueft
2024-01-14;362,02;Geprueft
2024-01-15;362,05;Geprueft
2024-01-16;362,01;Geprueft
2024-01-17;362,04;Geprueft
2024-01-18;362,04;Geprueft
2024-01-19;361,94;Geprueft
2024-01-20;361,89;Geprueft
2024-01-21;361,91;Geprueft
2024-01-22;361,96;Geprueft
2024-01-23;361,94;Geprueft
2024-01-24;361,94;Geprueft
2024-01-25;361,93;Geprueft
2024-01-26;361,93;Geprueft
2024-01-27;361,91;Geprueft
2024-01-28;361,92;Geprueft
2024-01-29;361,94;Geprueft
2024-01-30;361,94;Geprueft
2024-01-31;361,94;Geprueft
2024-02-01;361,94;Geprueft
2024-02-02;361,93;Geprueft
2024-02-03;361,94;Geprueft
2024-02-04;361,97;Geprueft
2024-02-05;361,99;Geprueft
2024-02-06;361,99;Geprueft
2024-02-07;362,01;Geprueft
2024-02-08;362,03;Geprueft
2024-02-09;362,05;Geprueft
2024-02-10;362,06;Geprueft
2024-02-11;362,06;Geprueft
2024-02-12;362,03;Geprueft
2024-02-13;361,96;Geprueft
2024-02-14;361,94;Geprueft
2024-02-15;361,94;Geprueft
2024-02-16;361,96;Geprueft
2024-02-17;361,93;Geprueft
2024-02-18;361,94;Geprueft
2024-02-19;361,98;Geprueft
2024-02-20;361,96;Geprueft
2024-02-21;361,97;Geprueft
2024-02-22;362,04;Geprueft
2024-02-23;362,05;Geprueft
2024-02-24;362,03;Geprueft
2024-02-25;362,03;Geprueft
2024-02-26;362,05;Geprueft
2024-02-27;362,01;Geprueft
2024-02-28;361,97;Geprueft
2024-02-29;361,98;Geprueft
2024-03-01;362,01;Geprueft
2024-03-02;362,01;Geprueft
2024-03-03;362,04;Geprueft
2024-03-04;362,02;Geprueft
2024-03-05;361,98;Geprueft
2024-03-06;361,95;Geprueft
2024-03-07;361,94;Geprueft
2024-03-08;361,96;Geprueft
2024-03-09;362,00;Geprueft
2024-03-10;362,05;Geprueft
2024-03-11;362,02;Geprueft
2024-03-12;361,97;Geprueft
2024-03-13;361,94;Geprueft
2024-03-14;361,94;Geprueft
2024-03-15;361,95;Geprueft
2024-03-16;361,94;Geprueft
2024-03-17;361,94;Geprueft
2024-03-18;361,98;Geprueft
2024-03-19;361,96;Geprueft
2024-03-20;361,94;Geprueft
2024-03-21;361,93;Geprueft
2024-03-22;361,93;Geprueft
2024-03-23;361,97;Geprueft
2024-03-24;362,00;Geprueft
2024-03-25;362,01;Geprueft
2024-03-26;362,03;Geprueft
2024-03-27;362,05;Geprueft
2024-03-28;362,01;Geprueft
2024-03-29;361,98;Geprueft
2024-03-30;362,00;Geprueft
2024-03-31;362,02;Geprueft
2024-04-01;362,03;Geprueft
2024-04-02;361,99;Geprueft
2024-04-03;361,96;Geprueft
2024-04-04;361,94;Geprueft
2024-04-05;361,93;Geprueft
2024-04-06;361,93;Geprueft
2024-04-07;361,94;Geprueft
2024-04-08;361,96;Geprueft
2024-04-09;361,94;Geprueft
2024-04-10;361,88;Geprueft
2024-04-11;361,85;Geprueft
2024-04-12;361,85;Geprueft
2024-04-13;361,88;Geprueft
2024-04-14;361,92;Geprueft
2024-04-15;361,97;Geprueft
2024-04-16;361,98;Geprueft
2024-04-17;361,96;Geprueft
2024-04-18;361,93;Geprueft
2024-04-19;361,94;Geprueft
2024-04-20;361,94;Geprueft
2024-04-21;361,95;Geprueft
2024-04-22;361,96;Geprueft
2024-04-23;361,97;Geprueft
2024-04-24;361,99;Geprueft
2024-04-25;361,98;Geprueft
2024-04-26;361,98;Geprueft
2024-04-27;361,96;Geprueft
2024-04-28;361,95;Geprueft
2024-04-29;361,93;Geprueft
2024-04-30;361,93;Geprueft
2024-05-01;361,95;Geprueft
2024-05-02;361,97;Geprueft
2024-05-03;361,92;Geprueft
2024-05-04;361,91;Geprueft
2024-05-05;361,93;Geprueft
2024-05-06;361,95;Geprueft
2024-05-07;361,92;Geprueft
2024-05-08;361,89;Geprueft
2024-05-09;361,87;Geprueft
2024-05-10;361,89;Geprueft
2024-05-11;361,91;Geprueft
2024-05-12;361,93;Geprueft
2024-05-13;361,94;Geprueft
2024-05-14;361,93;Geprueft
2024-05-15;361,91;Geprueft
2024-05-16;361,90;Geprueft
2024-05-17;361,89;Geprueft
2024-05-18;361,89;Geprueft
2024-05-19;361,91;Geprueft
2024-05-20;361,94;Geprueft
2024-05-21;361,96;Geprueft
2024-05-22;361,95;Geprueft
2024-05-23;361,92;Geprueft
2024-05-24;361,91;Geprueft
2024-05-25;361,91;Geprueft
2024-05-26;361,92;Geprueft
2024-05-27;361,93;Geprueft
2024-05-28;361,94;Geprueft
2024-05-29;361,95;Geprueft
2024-05-30;362,00;Geprueft
2024-05-31;362,03;Geprueft
2024-06-01;362,07;Geprueft
2024-06-02;362,08;Geprueft
2024-06-03;362,10;Geprueft
2024-06-04;362,10;Geprueft
2024-06-05;362,10;Geprueft
2024-06-06;362,08;Geprueft
2024-06-07;362,06;Geprueft
2024-06-08;362,08;Geprueft
2024-06-09;362,11;Geprueft
2024-06-10;362,12;Geprueft
2024-06-11;362,06;Geprueft
2024-06-12;362,03;Geprueft
2024-06-13;362,03;Geprueft
2024-06-14;362,03;Geprueft
2024-06-15;362,05;Geprueft
2024-06-16;362,06;Geprueft
2024-06-17;362,04;Geprueft
2024-06-18;362,02;Geprueft
2024-06-19;361,99;Geprueft
2024-06-20;361,95;Geprueft
2024-06-21;361,95;Geprueft
2024-06-22;361,97;Geprueft
2024-06-23;361,97;Geprueft
2024-06-24;361,97;Geprueft
2024-06-25;361,96;Geprueft
2024-06-26;361,95;Geprueft
2024-06-27;361,95;Geprueft
2024-06-28;361,93;Geprueft
2024-06-29;361,95;Geprueft
2024-06-30;361,98;Geprueft
2024-07-01;361,97;Geprueft
2024-07-02;361,97;Geprueft
2024-07-03;361,98;Geprueft
2024-07-04;361,99;Geprueft
2024-07-05;362,00;Geprueft
2024-07-06;362,03;Geprueft
2024-07-07;362,02;Geprueft
2024-07-08;362,02;Geprueft
2024-07-09;362,01;Geprueft
2024-07-10;361,99;Geprueft
2024-07-11;361,97;Geprueft
2024-07-12;361,97;Geprueft
2024-07-13;361,97;Geprueft
2024-07-14;361,99;Geprueft
2024-07-15;361,99;Geprueft
2024-07-16;361,96;Geprueft
2024-07-17;361,93;Geprueft
2024-07-18;361,91;Geprueft
2024-07-19;361,92;Geprueft
2024-07-20;361,94;Geprueft
2024-07-21;361,97;Geprueft
2024-07-22;361,96;Geprueft
2024-07-23;361,95;Geprueft
2024-07-24;361,96;Geprueft
2024-07-25;361,96;Geprueft
2024-07-26;361,97;Geprueft
2024-07-27;361,96;Geprueft
2024-07-28;361,95;Geprueft
2024-07-29;361,96;Geprueft
2024-07-30;361,96;Geprueft
2024-07-31;361,96;Geprueft
2024-08-01;361,96;Rohdaten
2024-08-02;361,95;Rohdaten
2024-08-03;361,97;Rohdaten
2024-08-04;361,99;Rohdaten
2024-08-05;362,00;Rohdaten
2024-08-06;362,01;Rohdaten
2024-08-07;362,00;Rohdaten
2024-08-08;361,99;Rohdaten
2024-08-09;361,98;Rohdaten
2024-08-10;361,97;Rohdaten
2024-08-11;361,97;Rohdaten
2024-08-12;361,99;Rohdaten
2024-08-13;361,99;Rohdaten
2024-08-14;361,99;Rohdaten
2024-08-15;361,99;Rohdaten
2024-08-16;362,00;Rohdaten
2024-08-17;362,02;Rohdaten
2024-08-18;362,06;Rohdaten
2024-08-19;362,05;Rohdaten
2024-08-20;362,05;Rohdaten
2024-08-21;362,02;Rohdaten
2024-08-22;362,00;Rohdaten
2024-08-23;361,99;Rohdaten
2024-08-24;361,99;Rohdaten
2024-08-25;361,98;Rohdaten
2024-08-26;361,98;Rohdaten
