﻿Quelle:;"Bayerisches Landesamt für Umwelt, www.gkd.bayern.de"
Datenbankabfrage:;"08.10.2024 21:50"
Zeitbezug:;MEZ
Messstellen-Name:;"STEINBERG SL-10"
Messstellen-Nr.:;2163
Ostwert:;733159;Nordwert:;5461845;"ETRS89 / UTM Zone 32N"

Datum;"Grundwasserstand [m ü. NN]";Prüfstatus
2024-01-01;418,04;Geprueft
2024-01-02;418,09;Geprueft
2024-01-03;418,14;Geprueft
2024-01-04;418,13;Geprueft
2024-01-05;418,15;Geprueft
2024-01-06;418,17;Geprueft
2024-01-07;418,14;Geprueft
2024-01-08;418,08;Geprueft
2024-01-09;418,08;Geprueft
2024-01-10;418,12;Geprueft
2024-01-11;418,14;Geprueft
2024-01-12;418,15;Geprueft
2024-01-13;418,21;Geprueft
2024-01-14;418,30;Geprueft
2024-01-15;418,34;Geprueft
2024-01-16;418,26;Geprueft
2024-01-17;418,35;Geprueft
2024-01-18;418,35;Geprueft
2024-01-19;418,13;Geprueft
2024-01-20;418,05;Geprueft
2024-01-21;418,08;Geprueft
2024-01-22;418,18;Geprueft
2024-01-23;418,16;Geprueft
2024-01-24;418,20;Geprueft
2024-01-25;418,18;Geprueft
2024-01-26;418,21;Geprueft
2024-01-27;418,15;Geprueft
2024-01-28;418,17;Geprueft
2024-01-29;418,22;Geprueft
2024-01-30;418,23;Geprueft
2024-01-31;418,24;Geprueft
2024-02-01;418,29;Geprueft
2024-02-02;418,28;Geprueft
2024-02-03;418,31;Geprueft
2024-02-04;418,34;Geprueft
2024-02-05;418,36;Geprueft
2024-02-06;418,39;Geprueft
2024-02-07;418,45;Geprueft
2024-02-08;418,49;Geprueft
2024-02-09;418,52;Geprueft
2024-02-10;418,55;Geprueft
2024-02-11;418,51;Geprueft
2024-02-12;418,39;Geprueft
2024-02-13;418,28;Geprueft
2024-02-14;418,26;Geprueft
2024-02-15;418,29;Geprueft
2024-02-16;418,33;Geprueft
2024-02-17;418,26;Geprueft
2024-02-18;418,26;Geprueft
2024-02-19;418,33;Geprueft
2024-02-20;418,33;Geprueft
2024-02-21;418,39;Geprueft
2024-02-22;418,55;Geprueft
2024-02-23;418,56;Geprueft
2024-02-24;418,50;Geprueft
2024-02-25;418,48;Geprueft
2024-02-26;418,51;Geprueft
2024-02-27;418,44;Geprueft
2024-02-28;418,38;Geprueft
2024-02-29;418,41;Geprueft
2024-03-01;418,49;Geprueft
2024-03-02;418,49;Geprueft
2024-03-03;418,52;Geprueft
2024-03-04;418,47;Geprueft
2024-03-05;418,41;Geprueft
2024-03-06;418,36;Geprueft
2024-03-07;418,35;Geprueft
2024-03-08;418,41;Geprueft
2024-03-09;418,48;Geprueft
2024-03-10;418,53;Geprueft
2024-03-11;418,45;Geprueft
2024-03-12;418,35;Geprueft
2024-03-13;418,33;Geprueft
2024-03-14;418,34;Geprueft
2024-03-15;418,36;Geprueft
2024-03-16;418,33;Geprueft
2024-03-17;418,28;Geprueft
2024-03-18;418,33;Geprueft
2024-03-19;418,31;Geprueft
2024-03-20;418,30;Geprueft
2024-03-21;418,30;Geprueft
2024-03-22;418,31;Geprueft
2024-03-23;418,39;Geprueft
2024-03-24;418,40;Geprueft
2024-03-25;418,39;Geprueft
2024-03-26;418,45;Geprueft
2024-03-27;418,50;Geprueft
2024-03-28;418,42;Geprueft
2024-03-29;418,33;Geprueft
2024-03-30;418,33;Geprueft
2024-03-31;418,33;Geprueft
2024-04-01;418,32;Geprueft
2024-04-02;418,21;Geprueft
2024-04-03;418,19;Geprueft
2024-04-04;418,17;Geprueft
2024-04-05;418,15;Geprueft
2024-04-06;418,14;Geprueft
2024-04-07;418,14;Geprueft
2024-04-08;418,19;Geprueft
2024-04-09;418,19;Geprueft
2024-04-10;418,06;Geprueft
2024-04-11;418,02;Geprueft
2024-04-12;418,05;Geprueft
2024-04-13;418,09;Geprueft
2024-04-14;418,16;Geprueft
2024-04-15;418,24;Geprueft
2024-04-16;418,26;Geprueft
2024-04-17;418,22;Geprueft
2024-04-18;418,16;Geprueft
2024-04-19;418,17;Geprueft
2024-04-20;418,16;Geprueft
2024-04-21;418,13;Geprueft
2024-04-22;418,11;Geprueft
2024-04-23;418,15;Geprueft
2024-04-24;418,22;Geprueft
2024-04-25;418,22;Geprueft
2024-04-26;418,22;Geprueft
2024-04-27;418,19;Geprueft
2024-04-28;418,16;Geprueft
2024-04-29;418,10;Geprueft
2024-04-30;418,14;Geprueft
2024-05-01;418,21;Geprueft
2024-05-02;418,25;Geprueft
2024-05-03;418,15;Geprueft
2024-05-04;418,11;Geprueft
2024-05-05;418,14;Geprueft
2024-05-06;418,16;Geprueft
2024-05-07;418,11;Geprueft
2024-05-08;418,05;Geprueft
2024-05-09;418,03;Geprueft
2024-05-10;418,06;Geprueft
2024-05-11;418,07;Geprueft
2024-05-12;418,09;Geprueft
2024-05-13;418,11;Geprueft
2024-05-14;418,14;Geprueft
2024-05-15;418,15;Geprueft
2024-05-16;418,14;Geprueft
2024-05-17;418,11;Geprueft
2024-05-18;418,06;Geprueft
2024-05-19;418,05;Geprueft
2024-05-20;418,05;Geprueft
2024-05-21;418,08;Geprueft
2024-05-22;418,04;Geprueft
2024-05-23;418,01;Geprueft
2024-05-24;418,00;Geprueft
2024-05-25;418,01;Geprueft
2024-05-26;418,01;Geprueft
2024-05-27;418,02;Geprueft
2024-05-28;418,02;Geprueft
2024-05-29;418,06;Geprueft
2024-05-30;418,13;Geprueft
2024-05-31;418,13;Geprueft
2024-06-01;418,12;Geprueft
2024-06-02;418,11;Geprueft
2024-06-03;418,19;Geprueft
2024-06-04;418,29;Geprueft
2024-06-05;418,36;Geprueft
2024-06-06;418,40;Geprueft
2024-06-07;418,43;Geprueft
2024-06-08;418,50;Geprueft
2024-06-09;418,56;Geprueft
2024-06-10;418,59;Geprueft
2024-06-11;418,53;Geprueft
2024-06-12;418,52;Geprueft
2024-06-13;418,53;Geprueft
2024-06-14;418,56;Geprueft
2024-06-15;418,60;Geprueft
2024-06-16;418,58;Geprueft
2024-06-17;418,55;Geprueft
2024-06-18;418,54;Geprueft
2024-06-19;418,54;Geprueft
2024-06-20;418,49;Geprueft
2024-06-21;418,52;Geprueft
2024-06-22;418,52;Geprueft
2024-06-23;418,48;Geprueft
2024-06-24;418,46;Geprueft
2024-06-25;418,48;Geprueft
2024-06-26;418,50;Geprueft
2024-06-27;418,47;Geprueft
2024-06-28;418,42;Geprueft
2024-06-29;418,41;Geprueft
2024-06-30;418,44;Geprueft
2024-07-01;418,33;Geprueft
2024-07-02;418,33;Geprueft
2024-07-03;418,34;Geprueft
2024-07-04;418,32;Geprueft
2024-07-05;418,24;Geprueft
2024-07-06;418,29;Geprueft
2024-07-07;418,28;Geprueft
2024-07-08;418,22;Geprueft
2024-07-09;418,22;Geprueft
2024-07-10;418,24;Geprueft
2024-07-11;418,22;Geprueft
2024-07-12;418,25;Geprueft
2024-07-13;418,23;Geprueft
2024-07-14;418,20;Geprueft
2024-07-15;418,20;Geprueft
2024-07-16;418,19;Geprueft
2024-07-17;418,13;Geprueft
2024-07-18;418,11;Geprueft
2024-07-19;418,13;Geprueft
2024-07-20;418,17;Geprueft
2024-07-21;418,18;Geprueft
2024-07-22;418,12;Geprueft
2024-07-23;418,09;Geprueft
2024-07-24;418,09;Geprueft
2024-07-25;418,10;Geprueft
2024-07-26;418,11;Geprueft
2024-07-27;418,09;Geprueft
2024-07-28;418,03;Geprueft
2024-07-29;418,00;Geprueft
2024-07-30;418,03;Geprueft
2024-07-31;418,06;Geprueft
2024-08-01;418,06;Rohdaten
2024-08-02;418,05;Rohdaten
2024-08-03;418,01;Rohdaten
2024-08-04;417,99;Rohdaten
2024-08-05;417,97;Rohdaten
2024-08-06;417,97;Rohdaten
2024-08-07;417,97;Rohdaten
2024-08-08;417,93;Rohdaten
2024-08-09;417,90;Rohdaten
2024-08-10;417,88;Rohdaten
2024-08-11;417,88;Rohdaten
2024-08-12;417,91;Rohdaten
2024-08-13;417,92;Rohdaten
2024-08-14;417,90;Rohdaten
2024-08-15;417,85;Rohdaten
2024-08-16;417,85;Rohdaten
2024-08-17;417,87;Rohdaten
2024-08-18;417,89;Rohdaten
2024-08-19;417,84;Rohdaten
2024-08-20;417,86;Rohdaten
2024-08-21;417,85;Rohdaten
2024-08-22;417,86;Rohdaten
2024-08-23;417,87;Rohdaten
2024-08-24;417,86;Rohdaten
2024-08-25;417,82;Rohdaten
2024-08-26;417,80;Rohdaten
