﻿Quelle:;"Bayerisches Landesamt für Umwelt, www.gkd.bayern.de"
Datenbankabfrage:;"08.10.2024 21:50"
Zeitbezug:;MEZ
Messstellen-Name:;"WACKERSDORF 4KF"
Messstellen-Nr.:;2611
Ostwert:;731988;Nordwert:;5470309;"ETRS89 / UTM Zone 32N"

Datum;"Grundwasserstand [m ü. NN]";Prüfstatus
2024-01-01;369,74;Geprueft
2024-01-02;369,81;Geprueft
2024-01-03;369,86;Geprueft
2024-01-04;369,81;Geprueft
2024-01-05;369,80;Geprueft
2024-01-06;369,79;Geprueft
2024-01-07;369,72;Geprueft
2024-01-08;369,64;Geprueft
2024-01-09;369,61;Geprueft
2024-01-10;369,63;Geprueft
2024-01-11;369,64;Geprueft
2024-01-12;369,64;Geprueft
2024-01-13;369,71;Geprueft
2024-01-14;369,84;Geprueft
2024-01-15;369,91;Geprueft
2024-01-16;369,86;Geprueft
2024-01-17;369,98;Geprueft
2024-01-18;369,99;Geprueft
2024-01-19;369,76;Geprueft
2024-01-20;369,65;Geprueft
2024-01-21;369,67;Geprueft
2024-01-22;369,76;Geprueft
2024-01-23;369,72;Geprueft
2024-01-24;369,75;Geprueft
2024-01-25;369,72;Geprueft
2024-01-26;369,74;Geprueft
2024-01-27;369,66;Geprueft
2024-01-28;369,67;Geprueft
2024-01-29;369,70;Geprueft
2024-01-30;369,71;Geprueft
2024-01-31;369,72;Geprueft
2024-02-01;369,77;Geprueft
2024-02-02;369,76;Geprueft
2024-02-03;369,79;Geprueft
2024-02-04;369,83;Geprueft
2024-02-05;369,86;Geprueft
2024-02-06;369,90;Geprueft
2024-02-07;369,99;Geprueft
2024-02-08;370,04;Geprueft
2024-02-09;370,10;Geprueft
2024-02-10;370,14;Geprueft
2024-02-11;370,10;Geprueft
2024-02-12;369,98;Geprueft
2024-02-13;369,84;Geprueft
2024-02-14;369,81;Geprueft
2024-02-15;369,83;Geprueft
2024-02-16;369,85;Geprueft
2024-02-17;369,76;Geprueft
2024-02-18;369,75;Geprueft
2024-02-19;369,81;Geprueft
2024-02-20;369,80;Geprueft
2024-02-21;369,87;Geprueft
2024-02-22;370,05;Geprueft
2024-02-23;370,07;Geprueft
2024-02-24;370,01;Geprueft
2024-02-25;370,00;Geprueft
2024-02-26;370,02;Geprueft
2024-02-27;369,95;Geprueft
2024-02-28;369,87;Geprueft
2024-02-29;369,91;Geprueft
2024-03-01;369,99;Geprueft
2024-03-02;370,00;Geprueft
2024-03-03;370,04;Geprueft
2024-03-04;369,98;Geprueft
2024-03-05;369,93;Geprueft
2024-03-06;369,88;Geprueft
2024-03-07;369,86;Geprueft
2024-03-08;369,93;Geprueft
2024-03-09;370,02;Geprueft
2024-03-10;370,09;Geprueft
2024-03-11;370,01;Geprueft
2024-03-12;369,92;Geprueft
2024-03-13;369,89;Geprueft
2024-03-14;369,91;Geprueft
2024-03-15;369,94;Geprueft
2024-03-16;369,90;Geprueft
2024-03-17;369,86;Geprueft
2024-03-18;369,92;Geprueft
2024-03-19;369,89;Geprueft
2024-03-20;369,89;Geprueft
2024-03-21;369,89;Geprueft
2024-03-22;369,91;Geprueft
2024-03-23;370,01;Geprueft
2024-03-24;370,03;Geprueft
2024-03-25;370,03;Geprueft
2024-03-26;370,12;Geprueft
2024-03-27;370,20;Geprueft
2024-03-28;370,13;Geprueft
2024-03-29;370,05;Geprueft
2024-03-30;370,06;Geprueft
2024-03-31;370,07;Geprueft
2024-04-01;370,07;Geprueft
2024-04-02;369,95;Geprueft
2024-04-03;369,94;Geprueft
2024-04-04;369,92;Geprueft
2024-04-05;369,89;Geprueft
2024-04-06;369,89;Geprueft
2024-04-07;369,89;Geprueft
2024-04-08;369,95;Geprueft
2024-04-09;369,94;Geprueft
2024-04-10;369,80;Geprueft
2024-04-11;369,76;Geprueft
2024-04-12;369,78;Geprueft
2024-04-13;369,83;Geprueft
2024-04-14;369,91;Geprueft
2024-04-15;370,01;Geprueft
2024-04-16;370,04;Geprueft
2024-04-17;370,03;Geprueft
2024-04-18;369,96;Geprueft
2024-04-19;369,99;Geprueft
2024-04-20;369,96;Geprueft
2024-04-21;369,93;Geprueft
2024-04-22;369,91;Geprueft
2024-04-23;369,95;Geprueft
2024-04-24;370,02;Geprueft
2024-04-25;370,03;Geprueft
2024-04-26;370,02;Geprueft
2024-04-27;370,00;Geprueft
2024-04-28;369,97;Geprueft
2024-04-29;369,91;Geprueft
2024-04-30;369,95;Geprueft
2024-05-01;370,03;Geprueft
2024-05-02;370,08;Geprueft
2024-05-03;369,98;Geprueft
2024-05-04;369,95;Geprueft
2024-05-05;369,98;Geprueft
2024-05-06;370,00;Geprueft
2024-05-07;369,95;Geprueft
2024-05-08;369,88;Geprueft
2024-05-09;369,86;Geprueft
2024-05-10;369,89;Geprueft
2024-05-11;369,90;Geprueft
2024-05-12;369,93;Geprueft
2024-05-13;369,97;Geprueft
2024-05-14;370,01;Geprueft
2024-05-15;370,04;Geprueft
2024-05-16;370,05;Geprueft
2024-05-17;370,03;Geprueft
2024-05-18;369,99;Geprueft
2024-05-19;369,98;Geprueft
2024-05-20;369,99;Geprueft
2024-05-21;370,03;Geprueft
2024-05-22;369,98;Geprueft
2024-05-23;369,94;Geprueft
2024-05-24;369,92;Geprueft
2024-05-25;369,92;Geprueft
2024-05-26;369,91;Geprueft
2024-05-27;369,93;Geprueft
2024-05-28;369,92;Geprueft
2024-05-29;369,96;Geprueft
2024-05-30;370,04;Geprueft
2024-05-31;370,03;Geprueft
2024-06-01;370,01;Geprueft
2024-06-02;369,94;Geprueft
2024-06-03;369,94;Geprueft
2024-06-04;369,97;Geprueft
2024-06-05;369,97;Geprueft
2024-06-06;369,95;Geprueft
2024-06-07;369,95;Geprueft
2024-06-08;370,00;Geprueft
2024-06-09;370,05;Geprueft
2024-06-10;370,06;Geprueft
2024-06-11;369,99;Geprueft
2024-06-12;369,96;Geprueft
2024-06-13;369,96;Geprueft
2024-06-14;370,00;Geprueft
2024-06-15;370,04;Geprueft
2024-06-16;370,02;Geprueft
2024-06-17;369,99;Geprueft
2024-06-18;369,99;Geprueft
2024-06-19;369,99;Geprueft
2024-06-20;369,95;Geprueft
2024-06-21;369,99;Geprueft
2024-06-22;370,00;Geprueft
2024-06-23;369,97;Geprueft
2024-06-24;369,97;Geprueft
2024-06-25;370,01;Geprueft
2024-06-26;370,04;Geprueft
2024-06-27;370,03;Geprueft
2024-06-28;369,99;Geprueft
2024-06-29;370,01;Geprueft
2024-06-30;370,05;Geprueft
2024-07-01;370,00;Geprueft
2024-07-02;370,00;Geprueft
2024-07-03;370,03;Geprueft
2024-07-04;370,03;Geprueft
2024-07-05;370,00;Geprueft
2024-07-06;370,05;Geprueft
2024-07-07;369,98;Geprueft
2024-07-08;369,95;Geprueft
2024-07-09;369,97;Geprueft
2024-07-10;369,97;Geprueft
2024-07-11;369,97;Geprueft
2024-07-12;370,02;Geprueft
2024-07-13;370,00;Geprueft
2024-07-14;369,99;Geprueft
2024-07-15;370,01;Geprueft
2024-07-16;369,99;Geprueft
2024-07-17;369,93;Geprueft
2024-07-18;369,93;Geprueft
2024-07-19;369,96;Geprueft
2024-07-20;370,02;Geprueft
2024-07-21;370,04;Geprueft
2024-07-22;369,98;Geprueft
2024-07-23;369,96;Geprueft
2024-07-24;369,96;Geprueft
2024-07-25;369,99;Geprueft
2024-07-26;370,01;Geprueft
2024-07-27;370,00;Geprueft
2024-07-28;369,93;Geprueft
2024-07-29;369,91;Geprueft
2024-07-30;369,96;Geprueft
2024-07-31;370,00;Geprueft
2024-08-01;370,03;Geprueft
2024-08-02;370,03;Geprueft
2024-08-03;370,02;Geprueft
2024-08-04;370,00;Geprueft
2024-08-05;369,99;Geprueft
2024-08-06;370,00;Geprueft
2024-08-07;370,01;Geprueft
2024-08-08;369,97;Geprueft
2024-08-09;369,96;Geprueft
2024-08-10;369,93;Geprueft
2024-08-11;369,94;Geprueft
2024-08-12;369,99;Geprueft
2024-08-13;370,02;Geprueft
2024-08-14;370,01;Geprueft
2024-08-15;369,96;Geprueft
2024-08-16;369,97;Geprueft
2024-08-17;370,00;Geprueft
2024-08-18;370,04;Geprueft
2024-08-19;369,98;Geprueft
2024-08-20;369,99;Geprueft
2024-08-21;369,97;Geprueft
2024-08-22;369,97;Geprueft
2024-08-23;369,99;Geprueft
2024-08-24;369,99;Geprueft
2024-08-25;369,93;Geprueft
2024-08-26;369,91;Geprueft
2024-08-27;369,92;Geprueft
2024-08-28;369,95;Geprueft
2024-08-29;369,95;Geprueft
2024-08-30;369,95;Geprueft
2024-08-31;369,94;Geprueft
2024-09-01;369,97;Rohdaten
2024-09-02;369,99;Rohdaten
2024-09-03;369,98;Rohdaten
2024-09-04;370,00;Rohdaten
2024-09-05;370,04;Rohdaten
2024-09-06;370,01;Rohdaten
2024-09-07;369,99;Rohdaten
2024-09-08;370,02;Rohdaten
2024-09-09;370,06;Rohdaten
