﻿Quelle:;"Bayerisches Landesamt für Umwelt, www.gkd.bayern.de"
Datenbankabfrage:;"08.10.2024 21:50"
Zeitbezug:;MEZ
Messstellen-Name:;"WACKERSDORF 10KF"
Messstellen-Nr.:;2615
Ostwert:;738930;Nordwert:;5466106;"ETRS89 / UTM Zone 32N"

Datum;"Grundwasserstand [m ü. NN]";Prüfstatus
2024-01-01;373,93;Geprueft
2024-01-02;373,97;Geprueft
2024-01-03;373,98;Geprueft
2024-01-04;373,92;Geprueft
2024-01-05;373,92;Geprueft
2024-01-06;373,93;Geprueft
2024-01-07;373,90;Geprueft
2024-01-08;373,86;Geprueft
2024-01-09;373,85;Geprueft
2024-01-10;373,89;Geprueft
2024-01-11;373,90;Geprueft
2024-01-12;373,90;Geprueft
2024-01-13;373,96;Geprueft
2024-01-14;374,02;Geprueft
2024-01-15;374,03;Geprueft
2024-01-16;373,93;Geprueft
2024-01-17;374,03;Geprueft
2024-01-18;374,01;Geprueft
2024-01-19;373,83;Geprueft
2024-01-20;373,83;Geprueft
2024-01-21;373,89;Geprueft
2024-01-22;373,98;Geprueft
2024-01-23;373,92;Geprueft
2024-01-24;373,95;Geprueft
2024-01-25;373,92;Geprueft
2024-01-26;373,94;Geprueft
2024-01-27;373,90;Geprueft
2024-01-28;373,93;Geprueft
2024-01-29;373,96;Geprueft
2024-01-30;373,94;Geprueft
2024-01-31;373,94;Geprueft
2024-02-01;373,97;Geprueft
2024-02-02;373,94;Geprueft
2024-02-03;373,96;Geprueft
2024-02-04;373,98;Geprueft
2024-02-05;373,99;Geprueft
2024-02-06;374,01;Geprueft
2024-02-07;374,05;Geprueft
2024-02-08;374,05;Geprueft
2024-02-09;374,06;Geprueft
2024-02-10;374,07;Geprueft
2024-02-11;374,03;Geprueft
2024-02-12;373,97;Geprueft
2024-02-13;373,88;Geprueft
2024-02-14;373,92;Geprueft
2024-02-15;373,97;Geprueft
2024-02-16;373,99;Geprueft
2024-02-17;373,96;Geprueft
2024-02-18;373,97;Geprueft
2024-02-19;374,02;Geprueft
2024-02-20;373,99;Geprueft
2024-02-21;374,04;Geprueft
2024-02-22;374,15;Geprueft
2024-02-23;374,09;Geprueft
2024-02-24;374,06;Geprueft
2024-02-25;374,06;Geprueft
2024-02-26;374,09;Geprueft
2024-02-27;374,00;Geprueft
2024-02-28;373,98;Geprueft
2024-02-29;374,05;Geprueft
2024-03-01;374,07;Geprueft
2024-03-02;374,09;Geprueft
2024-03-03;374,12;Geprueft
2024-03-04;374,07;Geprueft
2024-03-05;374,03;Geprueft
2024-03-06;374,02;Geprueft
2024-03-07;374,02;Geprueft
2024-03-08;374,08;Geprueft
2024-03-09;374,12;Geprueft
2024-03-10;374,15;Geprueft
2024-03-11;374,08;Geprueft
2024-03-12;374,01;Geprueft
2024-03-13;374,01;Geprueft
2024-03-14;374,05;Geprueft
2024-03-15;374,05;Geprueft
2024-03-16;374,05;Geprueft
2024-03-17;374,04;Geprueft
2024-03-18;374,09;Geprueft
2024-03-19;374,05;Geprueft
2024-03-20;374,04;Geprueft
2024-03-21;374,05;Geprueft
2024-03-22;374,06;Geprueft
2024-03-23;374,11;Geprueft
2024-03-24;374,12;Geprueft
2024-03-25;374,11;Geprueft
2024-03-26;374,13;Geprueft
2024-03-27;374,17;Geprueft
2024-03-28;374,10;Geprueft
2024-03-29;374,05;Geprueft
2024-03-30;374,09;Geprueft
2024-03-31;374,11;Geprueft
2024-04-01;374,12;Geprueft
2024-04-02;374,06;Geprueft
2024-04-03;374,05;Geprueft
2024-04-04;374,07;Geprueft
2024-04-05;374,05;Geprueft
2024-04-06;374,06;Geprueft
2024-04-07;374,08;Geprueft
2024-04-08;374,12;Geprueft
2024-04-09;374,05;Geprueft
2024-04-10;373,97;Geprueft
2024-04-11;374,00;Geprueft
2024-04-12;374,01;Geprueft
2024-04-13;374,06;Geprueft
2024-04-14;374,10;Geprueft
2024-04-15;374,17;Geprueft
2024-04-16;374,12;Geprueft
2024-04-17;374,10;Geprueft
2024-04-18;374,07;Geprueft
2024-04-19;374,09;Geprueft
2024-04-20;374,08;Geprueft
2024-04-21;374,08;Geprueft
2024-04-22;374,09;Geprueft
2024-04-23;374,10;Geprueft
2024-04-24;374,12;Geprueft
2024-04-25;374,11;Geprueft
2024-04-26;374,08;Geprueft
2024-04-27;374,09;Geprueft
2024-04-28;374,07;Geprueft
2024-04-29;374,07;Geprueft
2024-04-30;374,06;Geprueft
2024-05-01;374,13;Geprueft
2024-05-02;374,16;Geprueft
2024-05-03;374,04;Geprueft
2024-05-04;374,06;Geprueft
2024-05-05;374,10;Geprueft
2024-05-06;374,13;Geprueft
2024-05-07;374,05;Geprueft
2024-05-08;374,04;Geprueft
2024-05-09;374,05;Geprueft
2024-05-10;374,10;Geprueft
2024-05-11;374,08;Geprueft
2024-05-12;374,10;Geprueft
2024-05-13;374,13;Geprueft
2024-05-14;374,09;Geprueft
2024-05-15;374,09;Geprueft
2024-05-16;374,10;Geprueft
2024-05-17;374,07;Geprueft
2024-05-18;374,07;Geprueft
2024-05-19;374,10;Geprueft
2024-05-20;374,10;Geprueft
2024-05-21;374,13;Geprueft
2024-05-22;374,09;Geprueft
2024-05-23;374,06;Geprueft
2024-05-24;374,05;Geprueft
2024-05-25;374,06;Geprueft
2024-05-26;374,07;Geprueft
2024-05-27;374,08;Geprueft
2024-05-28;374,08;Geprueft
2024-05-29;374,09;Geprueft
2024-05-30;374,14;Geprueft
2024-05-31;374,13;Geprueft
2024-06-01;374,11;Geprueft
2024-06-02;374,09;Geprueft
2024-06-03;374,12;Geprueft
2024-06-04;374,12;Geprueft
2024-06-05;374,14;Geprueft
2024-06-06;374,13;Geprueft
2024-06-07;374,11;Geprueft
2024-06-08;374,16;Geprueft
2024-06-09;374,18;Geprueft
2024-06-10;374,19;Geprueft
2024-06-11;374,10;Geprueft
2024-06-12;374,12;Geprueft
2024-06-13;374,13;Geprueft
2024-06-14;374,15;Geprueft
2024-06-15;374,18;Geprueft
2024-06-16;374,17;Geprueft
2024-06-17;374,15;Geprueft
2024-06-18;374,13;Geprueft
2024-06-19;374,13;Geprueft
2024-06-20;374,10;Geprueft
2024-06-21;374,11;Geprueft
2024-06-22;374,11;Geprueft
2024-06-23;374,09;Geprueft
2024-06-24;374,09;Geprueft
2024-06-25;374,14;Geprueft
2024-06-26;374,15;Geprueft
2024-06-27;374,15;Geprueft
2024-06-28;374,11;Geprueft
2024-06-29;374,14;Geprueft
2024-06-30;374,17;Geprueft
2024-07-01;374,15;Geprueft
2024-07-02;374,14;Geprueft
2024-07-03;374,17;Geprueft
2024-07-04;374,17;Geprueft
2024-07-05;374,14;Geprueft
2024-07-06;374,18;Geprueft
2024-07-07;374,16;Geprueft
2024-07-08;374,15;Geprueft
2024-07-09;374,13;Geprueft
2024-07-10;374,14;Geprueft
2024-07-11;374,14;Geprueft
2024-07-12;374,16;Geprueft
2024-07-13;374,16;Geprueft
2024-07-14;374,16;Geprueft
2024-07-15;374,19;Geprueft
2024-07-16;374,13;Geprueft
2024-07-17;374,12;Geprueft
2024-07-18;374,15;Geprueft
2024-07-19;374,14;Geprueft
2024-07-20;374,18;Geprueft
2024-07-21;374,20;Geprueft
2024-07-22;374,16;Geprueft
2024-07-23;374,12;Geprueft
2024-07-24;374,14;Geprueft
2024-07-25;374,18;Geprueft
2024-07-26;374,15;Geprueft
2024-07-27;374,16;Geprueft
2024-07-28;374,14;Geprueft
2024-07-29;374,16;Geprueft
2024-07-30;374,14;Geprueft
2024-07-31;374,17;Geprueft
2024-08-01;374,17;Geprueft
2024-08-02;374,16;Geprueft
2024-08-03;374,17;Geprueft
2024-08-04;374,18;Geprueft
2024-08-05;374,18;Geprueft
2024-08-06;374,15;Geprueft
2024-08-07;374,16;Geprueft
2024-08-08;374,14;Geprueft
2024-08-09;374,14;Geprueft
2024-08-10;374,15;Geprueft
2024-08-11;374,16;Geprueft
2024-08-12;374,20;Geprueft
2024-08-13;374,15;Geprueft
2024-08-14;374,13;Geprueft
2024-08-15;374,14;Geprueft
2024-08-16;374,17;Geprueft
2024-08-17;374,17;Geprueft
2024-08-18;374,21;Geprueft
2024-08-19;374,17;Geprueft
2024-08-20;374,15;Geprueft
2024-08-21;374,14;Geprueft
2024-08-22;374,16;Geprueft
2024-08-23;374,15;Geprueft
2024-08-24;374,16;Geprueft
2024-08-25;374,14;Geprueft
2024-08-26;374,15;Geprueft
2024-08-27;374,13;Geprueft
2024-08-28;374,15;Geprueft
2024-08-29;374,16;Geprueft
2024-08-30;374,15;Geprueft
2024-08-31;374,14;Geprueft
2024-09-01;374,17;Rohdaten
2024-09-02;374,18;Rohdaten
2024-09-03;374,14;Rohdaten
2024-09-04;374,12;Rohdaten
2024-09-05;374,17;Rohdaten
2024-09-06;374,12;Rohdaten
2024-09-07;374,13;Rohdaten
2024-09-08;374,15;Rohdaten
2024-09-09;374,20;Rohdaten
