﻿Quelle:;"Bayerisches Landesamt für Umwelt, www.gkd.bayern.de"
Datenbankabfrage:;"08.10.2024 21:50"
Zeitbezug:;MEZ
Messstellen-Name:;"WACKERSDORF 1T"
Messstellen-Nr.:;2622
Ostwert:;737366;Nordwert:;5459840;"ETRS89 / UTM Zone 32N"

Datum;"Grundwasserstand [m ü. NN]";Prüfstatus
2024-01-01;371,02;Geprueft
2024-01-02;371,04;Geprueft
2024-01-03;371,07;Geprueft
2024-01-04;371,07;Geprueft
2024-01-05;371,07;Geprueft
2024-01-06;371,08;Geprueft
2024-01-07;371,07;Geprueft
2024-01-08;371,06;Geprueft
2024-01-09;371,06;Geprueft
2024-01-10;371,06;Geprueft
2024-01-11;371,06;Geprueft
2024-01-12;371,05;Geprueft
2024-01-13;371,06;Geprueft
2024-01-14;371,08;Geprueft
2024-01-15;371,09;Geprueft
2024-01-16;371,08;Geprueft
2024-01-17;371,10;Geprueft
2024-01-18;371,10;Geprueft
2024-01-19;371,07;Geprueft
2024-01-20;371,05;Geprueft
2024-01-21;371,05;Geprueft
2024-01-22;371,06;Geprueft
2024-01-23;371,06;Geprueft
2024-01-24;371,06;Geprueft
2024-01-25;371,06;Geprueft
2024-01-26;371,06;Geprueft
2024-01-27;371,05;Geprueft
2024-01-28;371,05;Geprueft
2024-01-29;371,05;Geprueft
2024-01-30;371,05;Geprueft
2024-01-31;371,05;Geprueft
2024-02-01;371,06;Geprueft
2024-02-02;371,06;Geprueft
2024-02-03;371,07;Geprueft
2024-02-04;371,07;Geprueft
2024-02-05;371,08;Geprueft
2024-02-06;371,08;Geprueft
2024-02-07;371,09;Geprueft
2024-02-08;371,11;Geprueft
2024-02-09;371,13;Geprueft
2024-02-10;371,14;Geprueft
2024-02-11;371,14;Geprueft
2024-02-12;371,13;Geprueft
2024-02-13;371,11;Geprueft
2024-02-14;371,11;Geprueft
2024-02-15;371,11;Geprueft
2024-02-16;371,12;Geprueft
2024-02-17;371,11;Geprueft
2024-02-18;371,11;Geprueft
2024-02-19;371,12;Geprueft
2024-02-20;371,12;Geprueft
2024-02-21;371,13;Geprueft
2024-02-22;371,16;Geprueft
2024-02-23;371,17;Geprueft
2024-02-24;371,16;Geprueft
2024-02-25;371,16;Geprueft
2024-02-26;371,17;Geprueft
2024-02-27;371,15;Geprueft
2024-02-28;371,14;Geprueft
2024-02-29;371,15;Geprueft
2024-03-01;371,15;Geprueft
2024-03-02;371,15;Geprueft
2024-03-03;371,16;Geprueft
2024-03-04;371,15;Geprueft
2024-03-05;371,14;Geprueft
2024-03-06;371,13;Geprueft
2024-03-07;371,12;Geprueft
2024-03-08;371,13;Geprueft
2024-03-09;371,13;Geprueft
2024-03-10;371,14;Geprueft
2024-03-11;371,13;Geprueft
2024-03-12;371,11;Geprueft
2024-03-13;371,10;Geprueft
2024-03-14;371,10;Geprueft
2024-03-15;371,10;Geprueft
2024-03-16;371,10;Geprueft
2024-03-17;371,09;Geprueft
2024-03-18;371,09;Geprueft
2024-03-19;371,09;Geprueft
2024-03-20;371,08;Geprueft
2024-03-21;371,08;Geprueft
2024-03-22;371,08;Geprueft
2024-03-23;371,09;Geprueft
2024-03-24;371,09;Geprueft
2024-03-25;371,09;Geprueft
2024-03-26;371,10;Geprueft
2024-03-27;371,11;Geprueft
2024-03-28;371,10;Geprueft
2024-03-29;371,09;Geprueft
2024-03-30;371,08;Geprueft
2024-03-31;371,08;Geprueft
2024-04-01;371,08;Geprueft
2024-04-02;371,06;Geprueft
2024-04-03;371,06;Geprueft
2024-04-04;371,05;Geprueft
2024-04-05;371,05;Geprueft
2024-04-06;371,05;Geprueft
2024-04-07;371,04;Geprueft
2024-04-08;371,05;Geprueft
2024-04-09;371,04;Geprueft
2024-04-10;371,02;Geprueft
2024-04-11;371,01;Geprueft
2024-04-12;371,01;Geprueft
2024-04-13;371,01;Geprueft
2024-04-14;371,02;Geprueft
2024-04-15;371,03;Geprueft
2024-04-16;371,03;Geprueft
2024-04-17;371,03;Geprueft
2024-04-18;371,03;Geprueft
2024-04-19;371,04;Geprueft
2024-04-20;371,04;Geprueft
2024-04-21;371,04;Geprueft
2024-04-22;371,04;Geprueft
2024-04-23;371,05;Geprueft
2024-04-24;371,06;Geprueft
2024-04-25;371,06;Geprueft
2024-04-26;371,06;Geprueft
2024-04-27;371,06;Geprueft
2024-04-28;371,05;Geprueft
2024-04-29;371,04;Geprueft
2024-04-30;371,04;Geprueft
2024-05-01;371,05;Geprueft
2024-05-02;371,05;Geprueft
2024-05-03;371,03;Geprueft
2024-05-04;371,03;Geprueft
2024-05-05;371,03;Geprueft
2024-05-06;371,03;Geprueft
2024-05-07;371,02;Geprueft
2024-05-08;371,01;Geprueft
2024-05-09;371,00;Geprueft
2024-05-10;371,00;Geprueft
2024-05-11;371,00;Geprueft
2024-05-12;371,00;Geprueft
2024-05-13;371,00;Geprueft
2024-05-14;371,00;Geprueft
2024-05-15;370,99;Geprueft
2024-05-16;370,99;Geprueft
2024-05-17;370,99;Geprueft
2024-05-18;370,98;Geprueft
2024-05-19;370,98;Geprueft
2024-05-20;370,98;Geprueft
2024-05-21;370,99;Geprueft
2024-05-22;371,00;Geprueft
2024-05-23;371,00;Geprueft
2024-05-24;371,00;Geprueft
2024-05-25;371,00;Geprueft
2024-05-26;371,00;Geprueft
2024-05-27;371,00;Geprueft
2024-05-28;371,01;Geprueft
2024-05-29;371,02;Geprueft
2024-05-30;371,04;Geprueft
2024-05-31;371,04;Geprueft
2024-06-01;371,08;Geprueft
2024-06-02;371,11;Geprueft
2024-06-03;371,13;Geprueft
2024-06-04;371,14;Geprueft
2024-06-05;371,15;Geprueft
2024-06-06;371,15;Geprueft
2024-06-07;371,15;Geprueft
2024-06-08;371,16;Geprueft
2024-06-09;371,17;Geprueft
2024-06-10;371,17;Geprueft
2024-06-11;371,15;Geprueft
2024-06-12;371,15;Geprueft
2024-06-13;371,15;Geprueft
2024-06-14;371,15;Geprueft
2024-06-15;371,15;Geprueft
2024-06-16;371,14;Geprueft
2024-06-17;371,13;Geprueft
2024-06-18;371,12;Geprueft
2024-06-19;371,12;Geprueft
2024-06-20;371,10;Geprueft
2024-06-21;371,10;Geprueft
2024-06-22;371,10;Geprueft
2024-06-23;371,09;Geprueft
2024-06-24;371,09;Geprueft
2024-06-25;371,08;Geprueft
2024-06-26;371,08;Geprueft
2024-06-27;371,07;Geprueft
2024-06-28;371,06;Geprueft
2024-06-29;371,05;Geprueft
2024-06-30;371,05;Geprueft
2024-07-01;371,04;Geprueft
2024-07-02;371,03;Geprueft
2024-07-03;371,03;Geprueft
2024-07-04;371,03;Geprueft
2024-07-05;371,02;Geprueft
2024-07-06;371,03;Geprueft
2024-07-07;371,03;Geprueft
2024-07-08;371,02;Geprueft
2024-07-09;371,02;Geprueft
2024-07-10;371,01;Geprueft
2024-07-11;371,01;Geprueft
2024-07-12;371,01;Geprueft
2024-07-13;371,02;Geprueft
2024-07-14;371,01;Geprueft
2024-07-15;371,00;Geprueft
2024-07-16;371,00;Geprueft
2024-07-17;370,99;Geprueft
2024-07-18;370,98;Geprueft
2024-07-19;370,97;Geprueft
2024-07-20;370,97;Geprueft
2024-07-21;370,97;Geprueft
2024-07-22;370,96;Geprueft
2024-07-23;370,96;Geprueft
2024-07-24;370,96;Geprueft
2024-07-25;370,96;Geprueft
2024-07-26;370,95;Geprueft
2024-07-27;370,94;Geprueft
2024-07-28;370,92;Geprueft
2024-07-29;370,91;Geprueft
2024-07-30;370,91;Geprueft
2024-07-31;370,91;Geprueft
2024-08-01;370,90;Rohdaten
2024-08-02;370,90;Rohdaten
2024-08-03;370,89;Rohdaten
2024-08-04;370,90;Rohdaten
2024-08-05;370,89;Rohdaten
2024-08-06;370,89;Rohdaten
2024-08-07;370,88;Rohdaten
2024-08-08;370,88;Rohdaten
2024-08-09;370,87;Rohdaten
2024-08-10;370,86;Rohdaten
2024-08-11;370,85;Rohdaten
2024-08-12;370,85;Rohdaten
2024-08-13;370,85;Rohdaten
2024-08-14;370,84;Rohdaten
2024-08-15;370,84;Rohdaten
2024-08-16;370,84;Rohdaten
2024-08-17;370,84;Rohdaten
2024-08-18;370,85;Rohdaten
2024-08-19;370,87;Rohdaten
2024-08-20;370,88;Rohdaten
2024-08-21;370,88;Rohdaten
2024-08-22;370,88;Rohdaten
2024-08-23;370,87;Rohdaten
2024-08-24;370,87;Rohdaten
2024-08-25;370,86;Rohdaten
2024-08-26;370,85;Rohdaten
