﻿Quelle:;"Bayerisches Landesamt für Umwelt, www.gkd.bayern.de"
Datenbankabfrage:;"08.10.2024 21:50"
Zeitbezug:;MEZ
Messstellen-Name:;"WACKERSDORF 2T"
Messstellen-Nr.:;2623
Ostwert:;735070;Nordwert:;5459738;"ETRS89 / UTM Zone 32N"

Datum;"Grundwasserstand [m ü. NN]";Prüfstatus
2024-01-01;395,33;Geprueft
2024-01-02;395,35;Geprueft
2024-01-03;395,39;Geprueft
2024-01-04;395,40;Geprueft
2024-01-05;395,41;Geprueft
2024-01-06;395,42;Geprueft
2024-01-07;395,41;Geprueft
2024-01-08;395,39;Geprueft
2024-01-09;395,39;Geprueft
2024-01-10;395,39;Geprueft
2024-01-11;395,39;Geprueft
2024-01-12;395,39;Geprueft
2024-01-13;395,41;Geprueft
2024-01-14;395,43;Geprueft
2024-01-15;395,45;Geprueft
2024-01-16;395,43;Geprueft
2024-01-17;395,45;Geprueft
2024-01-18;395,46;Geprueft
2024-01-19;395,41;Geprueft
2024-01-20;395,38;Geprueft
2024-01-21;395,38;Geprueft
2024-01-22;395,41;Geprueft
2024-01-23;395,41;Geprueft
2024-01-24;395,41;Geprueft
2024-01-25;395,41;Geprueft
2024-01-26;395,42;Geprueft
2024-01-27;395,41;Geprueft
2024-01-28;395,41;Geprueft
2024-01-29;395,42;Geprueft
2024-01-30;395,43;Geprueft
2024-01-31;395,43;Geprueft
2024-02-01;395,44;Geprueft
2024-02-02;395,44;Geprueft
2024-02-03;395,45;Geprueft
2024-02-04;395,46;Geprueft
2024-02-05;395,47;Geprueft
2024-02-06;395,47;Geprueft
2024-02-07;395,49;Geprueft
2024-02-08;395,51;Geprueft
2024-02-09;395,53;Geprueft
2024-02-10;395,54;Geprueft
2024-02-11;395,54;Geprueft
2024-02-12;395,52;Geprueft
2024-02-13;395,49;Geprueft
2024-02-14;395,48;Geprueft
2024-02-15;395,49;Geprueft
2024-02-16;395,51;Geprueft
2024-02-17;395,49;Geprueft
2024-02-18;395,49;Geprueft
2024-02-19;395,51;Geprueft
2024-02-20;395,51;Geprueft
2024-02-21;395,52;Geprueft
2024-02-22;395,57;Geprueft
2024-02-23;395,59;Geprueft
2024-02-24;395,58;Geprueft
2024-02-25;395,58;Geprueft
2024-02-26;395,59;Geprueft
2024-02-27;395,57;Geprueft
2024-02-28;395,55;Geprueft
2024-02-29;395,56;Geprueft
2024-03-01;395,58;Geprueft
2024-03-02;395,59;Geprueft
2024-03-03;395,59;Geprueft
2024-03-04;395,58;Geprueft
2024-03-05;395,56;Geprueft
2024-03-06;395,55;Geprueft
2024-03-07;395,54;Geprueft
2024-03-08;395,55;Geprueft
2024-03-09;395,58;Geprueft
2024-03-10;395,59;Geprueft
2024-03-11;395,57;Geprueft
2024-03-12;395,54;Geprueft
2024-03-13;395,53;Geprueft
2024-03-14;395,53;Geprueft
2024-03-15;395,54;Geprueft
2024-03-16;395,53;Geprueft
2024-03-17;395,52;Geprueft
2024-03-18;395,53;Geprueft
2024-03-19;395,52;Geprueft
2024-03-20;395,51;Geprueft
2024-03-21;395,51;Geprueft
2024-03-22;395,50;Geprueft
2024-03-23;395,52;Geprueft
2024-03-24;395,53;Geprueft
2024-03-25;395,53;Geprueft
2024-03-26;395,54;Geprueft
2024-03-27;395,56;Geprueft
2024-03-28;395,54;Geprueft
2024-03-29;395,51;Geprueft
2024-03-30;395,51;Geprueft
2024-03-31;395,50;Geprueft
2024-04-01;395,50;Geprueft
2024-04-02;395,47;Geprueft
2024-04-03;395,46;Geprueft
2024-04-04;395,46;Geprueft
2024-04-05;395,46;Geprueft
2024-04-06;395,46;Geprueft
2024-04-07;395,46;Geprueft
2024-04-08;395,47;Geprueft
2024-04-09;395,47;Geprueft
2024-04-10;395,43;Geprueft
2024-04-11;395,42;Geprueft
2024-04-12;395,42;Geprueft
2024-04-13;395,43;Geprueft
2024-04-14;395,44;Geprueft
2024-04-15;395,47;Geprueft
2024-04-16;395,47;Geprueft
2024-04-17;395,48;Geprueft
2024-04-18;395,47;Geprueft
2024-04-19;395,48;Geprueft
2024-04-20;395,48;Geprueft
2024-04-21;395,48;Geprueft
2024-04-22;395,48;Geprueft
2024-04-23;395,49;Geprueft
2024-04-24;395,51;Geprueft
2024-04-25;395,51;Geprueft
2024-04-26;395,50;Geprueft
2024-04-27;395,49;Geprueft
2024-04-28;395,48;Geprueft
2024-04-29;395,46;Geprueft
2024-04-30;395,46;Geprueft
2024-05-01;395,47;Geprueft
2024-05-02;395,48;Geprueft
2024-05-03;395,45;Geprueft
2024-05-04;395,43;Geprueft
2024-05-05;395,44;Geprueft
2024-05-06;395,44;Geprueft
2024-05-07;395,43;Geprueft
2024-05-08;395,41;Geprueft
2024-05-09;395,40;Geprueft
2024-05-10;395,41;Geprueft
2024-05-11;395,41;Geprueft
2024-05-12;395,41;Geprueft
2024-05-13;395,41;Geprueft
2024-05-14;395,41;Geprueft
2024-05-15;395,41;Geprueft
2024-05-16;395,40;Geprueft
2024-05-17;395,40;Geprueft
2024-05-18;395,40;Geprueft
2024-05-19;395,39;Geprueft
2024-05-20;395,39;Geprueft
2024-05-21;395,40;Geprueft
2024-05-22;395,43;Geprueft
2024-05-23;395,43;Geprueft
2024-05-24;395,43;Geprueft
2024-05-25;395,43;Geprueft
2024-05-26;395,42;Geprueft
2024-05-27;395,42;Geprueft
2024-05-28;395,44;Geprueft
2024-05-29;395,45;Geprueft
2024-05-30;395,47;Geprueft
2024-05-31;395,48;Geprueft
2024-06-01;395,54;Geprueft
2024-06-02;395,62;Geprueft
2024-06-03;395,67;Geprueft
2024-06-04;395,70;Geprueft
2024-06-05;395,71;Geprueft
2024-06-06;395,71;Geprueft
2024-06-07;395,71;Geprueft
2024-06-08;395,71;Geprueft
2024-06-09;395,72;Geprueft
2024-06-10;395,71;Geprueft
2024-06-11;395,69;Geprueft
2024-06-12;395,67;Geprueft
2024-06-13;395,67;Geprueft
2024-06-14;395,67;Geprueft
2024-06-15;395,68;Geprueft
2024-06-16;395,67;Geprueft
2024-06-17;395,65;Geprueft
2024-06-18;395,64;Geprueft
2024-06-19;395,63;Geprueft
2024-06-20;395,61;Geprueft
2024-06-21;395,61;Geprueft
2024-06-22;395,62;Geprueft
2024-06-23;395,60;Geprueft
2024-06-24;395,59;Geprueft
2024-06-25;395,59;Geprueft
2024-06-26;395,59;Geprueft
2024-06-27;395,58;Geprueft
2024-06-28;395,56;Geprueft
2024-06-29;395,55;Geprueft
2024-06-30;395,56;Geprueft
2024-07-01;395,54;Geprueft
2024-07-02;395,53;Geprueft
2024-07-03;395,53;Geprueft
2024-07-04;395,53;Geprueft
2024-07-05;395,52;Geprueft
2024-07-06;395,53;Geprueft
2024-07-07;395,52;Geprueft
2024-07-08;395,51;Geprueft
2024-07-09;395,51;Geprueft
2024-07-10;395,50;Geprueft
2024-07-11;395,49;Geprueft
2024-07-12;395,50;Geprueft
2024-07-13;395,51;Geprueft
2024-07-14;395,50;Geprueft
2024-07-15;395,50;Geprueft
2024-07-16;395,49;Geprueft
2024-07-17;395,48;Geprueft
2024-07-18;395,47;Geprueft
2024-07-19;395,47;Geprueft
2024-07-20;395,47;Geprueft
2024-07-21;395,47;Geprueft
2024-07-22;395,48;Geprueft
2024-07-23;395,48;Geprueft
2024-07-24;395,49;Geprueft
2024-07-25;395,49;Geprueft
2024-07-26;395,48;Geprueft
2024-07-27;395,47;Geprueft
2024-07-28;395,44;Geprueft
2024-07-29;395,43;Geprueft
2024-07-30;395,43;Geprueft
2024-07-31;395,43;Geprueft
2024-08-01;395,42;Rohdaten
2024-08-02;395,42;Rohdaten
2024-08-03;395,41;Rohdaten
2024-08-04;395,41;Rohdaten
2024-08-05;395,40;Rohdaten
2024-08-06;395,40;Rohdaten
2024-08-07;395,39;Rohdaten
2024-08-08;395,38;Rohdaten
2024-08-09;395,37;Rohdaten
2024-08-10;395,36;Rohdaten
2024-08-11;395,35;Rohdaten
2024-08-12;395,35;Rohdaten
2024-08-13;395,35;Rohdaten
2024-08-14;395,34;Rohdaten
2024-08-15;395,32;Rohdaten
2024-08-16;395,32;Rohdaten
2024-08-17;395,32;Rohdaten
2024-08-18;395,33;Rohdaten
2024-08-19;395,39;Rohdaten
2024-08-20;395,42;Rohdaten
2024-08-21;395,43;Rohdaten
2024-08-22;395,42;Rohdaten
2024-08-23;395,42;Rohdaten
2024-08-24;395,41;Rohdaten
2024-08-25;395,40;Rohdaten
2024-08-26;395,39;Rohdaten
