﻿Quelle:;"Bayerisches Landesamt für Umwelt, www.gkd.bayern.de"
Datenbankabfrage:;"08.10.2024 21:50"
Zeitbezug:;MEZ
Messstellen-Name:;Hub
Messstellen-Nr.:;2636
Ostwert:;717393;Nordwert:;5457883;"ETRS89 / UTM Zone 32N"

Datum;"Grundwasserstand [m ü. NN]";Prüfstatus
2024-01-01;378,54;Geprueft
2024-01-02;378,58;Geprueft
2024-01-03;378,64;Geprueft
2024-01-04;378,71;Geprueft
2024-01-05;378,83;Geprueft
2024-01-06;378,95;Geprueft
2024-01-07;379,04;Geprueft
2024-01-08;379,10;Geprueft
2024-01-09;379,15;Geprueft
2024-01-10;379,19;Geprueft
2024-01-11;379,22;Geprueft
2024-01-12;379,24;Geprueft
2024-01-13;379,27;Geprueft
2024-01-14;379,31;Geprueft
2024-01-15;379,33;Geprueft
2024-01-16;379,33;Geprueft
2024-01-17;379,36;Geprueft
2024-01-18;379,36;Geprueft
2024-01-19;379,31;Geprueft
2024-01-20;379,30;Geprueft
2024-01-21;379,30;Geprueft
2024-01-22;379,32;Geprueft
2024-01-23;379,31;Geprueft
2024-01-24;379,32;Geprueft
2024-01-25;379,32;Geprueft
2024-01-26;379,33;Geprueft
2024-01-27;379,31;Geprueft
2024-01-28;379,33;Geprueft
2024-01-29;379,34;Geprueft
2024-01-30;379,35;Geprueft
2024-01-31;379,36;Geprueft
2024-02-01;379,37;Geprueft
2024-02-02;379,38;Geprueft
2024-02-03;379,39;Geprueft
2024-02-04;379,41;Geprueft
2024-02-05;379,42;Geprueft
2024-02-06;379,43;Geprueft
2024-02-07;379,45;Geprueft
2024-02-08;379,47;Geprueft
2024-02-09;379,50;Geprueft
2024-02-10;379,55;Geprueft
2024-02-11;379,59;Geprueft
2024-02-12;379,62;Geprueft
2024-02-13;379,64;Geprueft
2024-02-14;379,67;Geprueft
2024-02-15;379,71;Geprueft
2024-02-16;379,74;Geprueft
2024-02-17;379,74;Geprueft
2024-02-18;379,76;Geprueft
2024-02-19;379,78;Geprueft
2024-02-20;379,80;Geprueft
2024-02-21;379,82;Geprueft
2024-02-22;379,87;Geprueft
2024-02-23;379,89;Geprueft
2024-02-24;379,91;Geprueft
2024-02-25;379,93;Geprueft
2024-02-26;379,96;Geprueft
2024-02-27;379,97;Geprueft
2024-02-28;379,98;Geprueft
2024-02-29;380,01;Geprueft
2024-03-01;380,04;Geprueft
2024-03-02;380,05;Geprueft
2024-03-03;380,07;Geprueft
2024-03-04;380,07;Geprueft
2024-03-05;380,08;Geprueft
2024-03-06;380,07;Geprueft
2024-03-07;380,08;Geprueft
2024-03-08;380,10;Geprueft
2024-03-09;380,11;Geprueft
2024-03-10;380,13;Geprueft
2024-03-11;380,12;Geprueft
2024-03-12;380,10;Geprueft
2024-03-13;380,10;Geprueft
2024-03-14;380,11;Geprueft
2024-03-15;380,11;Geprueft
2024-03-16;380,11;Geprueft
2024-03-17;380,10;Geprueft
2024-03-18;380,11;Geprueft
2024-03-19;380,10;Geprueft
2024-03-20;380,10;Geprueft
2024-03-21;380,10;Geprueft
2024-03-22;380,10;Geprueft
2024-03-23;380,12;Geprueft
2024-03-24;380,12;Geprueft
2024-03-25;380,12;Geprueft
2024-03-26;380,13;Geprueft
2024-03-27;380,15;Geprueft
2024-03-28;380,13;Geprueft
2024-03-29;380,11;Geprueft
2024-03-30;380,11;Geprueft
2024-03-31;380,11;Geprueft
2024-04-01;380,11;Geprueft
2024-04-02;380,09;Geprueft
2024-04-03;380,08;Geprueft
2024-04-04;380,07;Geprueft
2024-04-05;380,06;Geprueft
2024-04-06;380,06;Geprueft
2024-04-07;380,05;Geprueft
2024-04-08;380,06;Geprueft
2024-04-09;380,05;Geprueft
2024-04-10;380,02;Geprueft
2024-04-11;380,01;Geprueft
2024-04-12;380,01;Geprueft
2024-04-13;380,01;Geprueft
2024-04-14;380,02;Geprueft
2024-04-15;380,03;Geprueft
2024-04-16;380,03;Geprueft
2024-04-17;380,02;Geprueft
2024-04-18;380,00;Geprueft
2024-04-19;380,01;Geprueft
2024-04-20;380,00;Geprueft
2024-04-21;379,99;Geprueft
2024-04-22;379,99;Geprueft
2024-04-23;380,00;Geprueft
2024-04-24;380,01;Geprueft
2024-04-25;380,02;Geprueft
2024-04-26;380,02;Geprueft
2024-04-27;380,02;Geprueft
2024-04-28;380,01;Geprueft
2024-04-29;380,00;Geprueft
2024-04-30;380,00;Geprueft
2024-05-01;380,01;Geprueft
2024-05-02;380,02;Geprueft
2024-05-03;379,99;Geprueft
2024-05-04;379,98;Geprueft
2024-05-05;379,98;Geprueft
2024-05-06;379,98;Geprueft
2024-05-07;379,96;Geprueft
2024-05-08;379,94;Geprueft
2024-05-09;379,93;Geprueft
2024-05-10;379,92;Geprueft
2024-05-11;379,91;Geprueft
2024-05-12;379,91;Geprueft
2024-05-13;379,91;Geprueft
2024-05-14;379,91;Geprueft
2024-05-15;379,90;Geprueft
2024-05-16;379,89;Geprueft
2024-05-17;379,88;Geprueft
2024-05-18;379,86;Geprueft
2024-05-19;379,85;Geprueft
2024-05-20;379,84;Geprueft
2024-05-21;379,84;Geprueft
2024-05-22;379,84;Geprueft
2024-05-23;379,86;Geprueft
2024-05-24;379,87;Geprueft
2024-05-25;379,88;Geprueft
2024-05-26;379,88;Geprueft
2024-05-27;379,89;Geprueft
2024-05-28;379,89;Geprueft
2024-05-29;379,90;Geprueft
2024-05-30;379,92;Geprueft
2024-05-31;379,92;Geprueft
2024-06-01;380,09;Geprueft
2024-06-02;380,43;Geprueft
2024-06-03;380,67;Geprueft
2024-06-04;380,87;Geprueft
2024-06-05;381,03;Geprueft
2024-06-06;381,13;Geprueft
2024-06-07;381,21;Geprueft
2024-06-08;381,28;Geprueft
2024-06-09;381,34;Geprueft
2024-06-10;381,39;Geprueft
2024-06-11;381,40;Geprueft
2024-06-12;381,42;Geprueft
2024-06-13;381,45;Geprueft
2024-06-14;381,47;Geprueft
2024-06-15;381,50;Geprueft
2024-06-16;381,51;Geprueft
2024-06-17;381,51;Geprueft
2024-06-18;381,52;Geprueft
2024-06-19;381,53;Geprueft
2024-06-20;381,53;Geprueft
2024-06-21;381,55;Geprueft
2024-06-22;381,55;Geprueft
2024-06-23;381,55;Geprueft
2024-06-24;381,56;Geprueft
2024-06-25;381,57;Geprueft
2024-06-26;381,58;Geprueft
2024-06-27;381,59;Geprueft
2024-06-28;381,58;Geprueft
2024-06-29;381,59;Geprueft
2024-06-30;381,60;Geprueft
2024-07-01;381,59;Geprueft
2024-07-02;381,59;Geprueft
2024-07-03;381,60;Geprueft
2024-07-04;381,60;Geprueft
2024-07-05;381,60;Geprueft
2024-07-06;381,61;Geprueft
2024-07-07;381,59;Geprueft
2024-07-08;381,58;Geprueft
2024-07-09;381,59;Geprueft
2024-07-10;381,59;Geprueft
2024-07-11;381,59;Geprueft
2024-07-12;381,61;Geprueft
2024-07-13;381,60;Geprueft
2024-07-14;381,60;Geprueft
2024-07-15;381,60;Geprueft
2024-07-16;381,60;Geprueft
2024-07-17;381,59;Geprueft
2024-07-18;381,59;Geprueft
2024-07-19;381,60;Geprueft
2024-07-20;381,62;Geprueft
2024-07-21;381,62;Geprueft
2024-07-22;381,61;Geprueft
2024-07-23;381,62;Geprueft
2024-07-24;381,64;Geprueft
2024-07-25;381,66;Geprueft
2024-07-26;381,67;Geprueft
2024-07-27;381,67;Geprueft
2024-07-28;381,66;Geprueft
2024-07-29;381,67;Geprueft
2024-07-30;381,69;Geprueft
2024-07-31;381,69;Geprueft
2024-08-01;381,68;Geprueft
2024-08-02;381,65;Geprueft
2024-08-03;381,64;Geprueft
2024-08-04;381,62;Geprueft
2024-08-05;381,62;Geprueft
2024-08-06;381,62;Geprueft
2024-08-07;381,61;Geprueft
2024-08-08;381,58;Geprueft
2024-08-09;381,57;Geprueft
2024-08-10;381,56;Geprueft
2024-08-11;381,56;Geprueft
2024-08-12;381,57;Geprueft
2024-08-13;381,57;Geprueft
2024-08-14;381,56;Geprueft
2024-08-15;381,52;Geprueft
2024-08-16;381,53;Geprueft
2024-08-17;381,54;Geprueft
2024-08-18;381,56;Geprueft
2024-08-19;381,51;Geprueft
2024-08-20;381,49;Geprueft
2024-08-21;381,48;Geprueft
2024-08-22;381,49;Geprueft
2024-08-23;381,49;Geprueft
2024-08-24;381,48;Geprueft
2024-08-25;381,46;Geprueft
2024-08-26;381,45;Geprueft
2024-08-27;381,45;Geprueft
2024-08-28;381,45;Geprueft
2024-08-29;381,44;Geprueft
2024-08-30;381,43;Geprueft
2024-08-31;381,41;Geprueft
2024-09-01;381,41;Rohdaten
2024-09-02;381,40;Rohdaten
2024-09-03;381,39;Rohdaten
2024-09-04;381,38;Rohdaten
2024-09-05;381,38;Rohdaten
2024-09-06;381,36;Rohdaten
2024-09-07;381,34;Rohdaten
2024-09-08;381,34;Rohdaten
2024-09-09;381,33;Rohdaten
2024-09-10;381,30;Rohdaten
2024-09-11;381,30;Rohdaten
2024-09-12;381,28;Rohdaten
2024-09-13;381,26;Rohdaten
2024-09-14;381,23;Rohdaten
2024-09-15;381,22;Rohdaten
2024-09-16;381,22;Rohdaten
2024-09-17;381,21;Rohdaten
2024-09-18;381,22;Rohdaten
2024-09-19;381,23;Rohdaten
2024-09-20;381,24;Rohdaten
2024-09-21;381,24;Rohdaten
2024-09-22;381,26;Rohdaten
2024-09-23;381,26;Rohdaten
2024-09-24;381,27;Rohdaten
