﻿Quelle:;"Bayerisches Landesamt für Umwelt, www.gkd.bayern.de"
Datenbankabfrage:;"08.10.2024 21:50"
Zeitbezug:;MEZ
Messstellen-Name:;"NEIDLINGEN NR. 3 44"
Messstellen-Nr.:;3100
Ostwert:;596076;Nordwert:;5452358;"ETRS89 / UTM Zone 32N"

Datum;"Grundwasserstand [m ü. NN]";Prüfstatus
2024-01-01;454,36;Rohdaten
2024-01-08;454,27;Rohdaten
2024-01-15;453,79;Rohdaten
2024-01-22;453,78;Rohdaten
2024-01-29;453,79;Rohdaten
2024-02-05;453,62;Rohdaten
2024-02-12;454,10;Rohdaten
2024-02-19;453,81;Rohdaten
2024-02-26;453,87;Rohdaten
2024-03-04;453,60;Rohdaten
2024-03-11;453,42;Rohdaten
2024-03-18;453,30;Rohdaten
2024-03-25;453,21;Rohdaten
2024-04-01;453,18;Rohdaten
2024-04-08;453,24;Rohdaten
2024-04-15;453,08;Rohdaten
2024-04-22;453,15;Rohdaten
2024-04-29;453,10;Rohdaten
2024-05-06;453,06;Rohdaten
2024-05-13;453,07;Rohdaten
2024-05-20;453,20;Rohdaten
2024-05-27;453,44;Rohdaten
2024-06-03;454,98;Rohdaten
2024-06-10;453,90;Rohdaten
2024-06-17;453,48;Rohdaten
