﻿Quelle:;"Bayerisches Landesamt für Umwelt, www.gkd.bayern.de"
Datenbankabfrage:;"08.10.2024 21:50"
Zeitbezug:;MEZ
Messstellen-Name:;"LEIPERZELL NR. 4 45"
Messstellen-Nr.:;3101
Ostwert:;596266;Nordwert:;5449619;"ETRS89 / UTM Zone 32N"

Datum;"Grundwasserstand [m ü. NN]";Prüfstatus
2024-01-07;449,78;Rohdaten
2024-01-14;449,57;Rohdaten
2024-01-21;449,46;Rohdaten
2024-01-28;449,58;Rohdaten
2024-02-04;449,36;Rohdaten
2024-02-11;449,79;Rohdaten
2024-02-18;449,45;Rohdaten
2024-02-25;449,61;Rohdaten
2024-03-03;448,41;Rohdaten
2024-03-10;449,14;Rohdaten
2024-03-17;449,12;Rohdaten
2024-03-24;449,02;Rohdaten
2024-03-31;449,04;Rohdaten
2024-04-07;449,10;Rohdaten
2024-04-14;449,09;Rohdaten
2024-04-21;449,07;Rohdaten
2024-04-28;449,05;Rohdaten
2024-05-05;449,01;Rohdaten
2024-05-12;448,96;Rohdaten
2024-05-19;448,95;Rohdaten
2024-05-26;449,01;Rohdaten
