﻿Quelle:;"Bayerisches Landesamt für Umwelt, www.gkd.bayern.de"
Datenbankabfrage:;"08.10.2024 21:50"
Zeitbezug:;MEZ
Messstellen-Name:;"MEINHEIM 429"
Messstellen-Nr.:;3108
Ostwert:;634866;Nordwert:;5432872;"ETRS89 / UTM Zone 32N"

Datum;"Grundwasserstand [m ü. NN]";Prüfstatus
2024-01-01;411,67;Rohdaten
2024-01-02;411,71;Rohdaten
2024-01-03;411,86;Rohdaten
2024-01-04;411,90;Rohdaten
2024-01-05;411,92;Rohdaten
2024-01-06;411,85;Rohdaten
2024-01-07;411,78;Rohdaten
2024-01-08;411,73;Rohdaten
2024-01-09;411,69;Rohdaten
2024-01-10;411,66;Rohdaten
2024-01-11;411,63;Rohdaten
2024-01-12;411,61;Rohdaten
2024-01-13;411,61;Rohdaten
2024-01-14;411,61;Rohdaten
2024-01-15;411,59;Rohdaten
2024-01-16;411,56;Rohdaten
2024-01-17;411,57;Rohdaten
2024-01-18;411,59;Rohdaten
2024-01-19;411,58;Rohdaten
2024-01-20;411,55;Rohdaten
2024-01-21;411,54;Rohdaten
2024-01-22;411,54;Rohdaten
2024-01-23;411,68;Rohdaten
2024-01-24;411,88;Rohdaten
2024-01-25;411,93;Rohdaten
2024-01-26;411,87;Rohdaten
2024-01-27;411,84;Rohdaten
2024-01-28;411,79;Rohdaten
2024-01-29;411,75;Rohdaten
2024-01-30;411,71;Rohdaten
2024-01-31;411,68;Rohdaten
2024-02-01;411,66;Rohdaten
2024-02-02;411,65;Rohdaten
2024-02-03;411,63;Rohdaten
2024-02-04;411,61;Rohdaten
2024-02-05;411,60;Rohdaten
2024-02-06;411,58;Rohdaten
2024-02-07;411,58;Rohdaten
2024-02-08;411,63;Rohdaten
2024-02-09;411,87;Rohdaten
2024-02-10;411,97;Rohdaten
2024-02-11;411,94;Rohdaten
2024-02-12;411,93;Rohdaten
2024-02-13;411,84;Rohdaten
2024-02-14;411,79;Rohdaten
2024-02-15;411,75;Rohdaten
2024-02-16;411,72;Rohdaten
2024-02-17;411,68;Rohdaten
2024-02-18;411,66;Rohdaten
2024-02-19;411,65;Rohdaten
2024-02-20;411,63;Rohdaten
2024-02-21;411,63;Rohdaten
2024-02-22;411,65;Rohdaten
2024-02-23;411,77;Rohdaten
2024-02-24;411,77;Rohdaten
2024-02-25;411,72;Rohdaten
2024-02-26;411,69;Rohdaten
2024-02-27;411,64;Rohdaten
2024-02-28;411,61;Rohdaten
2024-02-29;411,60;Rohdaten
2024-03-01;411,59;Rohdaten
2024-03-02;411,57;Rohdaten
2024-03-03;411,55;Rohdaten
2024-03-04;411,52;Rohdaten
2024-03-05;411,49;Rohdaten
2024-03-06;411,47;Rohdaten
2024-03-07;411,46;Rohdaten
2024-03-08;411,45;Rohdaten
2024-03-09;411,43;Rohdaten
2024-03-10;411,41;Rohdaten
2024-03-11;411,36;Rohdaten
2024-03-12;411,32;Rohdaten
2024-03-13;411,29;Rohdaten
2024-03-14;411,27;Rohdaten
2024-03-15;411,25;Rohdaten
2024-03-16;411,23;Rohdaten
2024-03-17;411,20;Rohdaten
2024-03-18;411,19;Rohdaten
2024-03-19;411,16;Rohdaten
2024-03-20;411,14;Rohdaten
2024-03-21;411,12;Rohdaten
2024-03-22;411,10;Rohdaten
2024-03-23;411,10;Rohdaten
2024-03-24;411,08;Rohdaten
2024-03-25;411,06;Rohdaten
2024-03-26;411,05;Rohdaten
2024-03-27;411,04;Rohdaten
2024-03-28;411,05;Rohdaten
2024-03-29;411,06;Rohdaten
2024-03-30;411,06;Rohdaten
2024-03-31;411,06;Rohdaten
2024-04-01;411,06;Rohdaten
2024-04-02;411,03;Rohdaten
2024-04-03;411,03;Rohdaten
2024-04-04;411,01;Rohdaten
2024-04-05;411,01;Rohdaten
2024-04-06;411,00;Rohdaten
2024-04-07;410,99;Rohdaten
2024-04-08;410,99;Rohdaten
2024-04-09;410,98;Rohdaten
2024-04-10;410,95;Rohdaten
2024-04-11;410,94;Rohdaten
2024-04-12;410,92;Rohdaten
2024-04-13;410,91;Rohdaten
2024-04-14;410,90;Rohdaten
2024-04-15;410,90;Rohdaten
2024-04-16;410,89;Rohdaten
2024-04-17;410,87;Rohdaten
2024-04-18;410,85;Rohdaten
2024-04-19;410,85;Rohdaten
2024-04-20;410,85;Rohdaten
2024-04-21;410,85;Rohdaten
2024-04-22;410,85;Rohdaten
2024-04-23;410,86;Rohdaten
2024-04-24;410,87;Rohdaten
2024-04-25;410,87;Rohdaten
2024-04-26;410,86;Rohdaten
2024-04-27;410,84;Rohdaten
2024-04-28;410,82;Rohdaten
2024-04-29;410,80;Rohdaten
2024-04-30;410,80;Rohdaten
2024-05-01;410,80;Rohdaten
2024-05-02;410,80;Rohdaten
2024-05-03;410,78;Rohdaten
2024-05-04;410,78;Rohdaten
2024-05-05;410,79;Rohdaten
2024-05-06;410,80;Rohdaten
2024-05-07;410,81;Rohdaten
2024-05-08;410,81;Rohdaten
2024-05-09;410,81;Rohdaten
2024-05-10;410,82;Rohdaten
2024-05-11;410,81;Rohdaten
2024-05-12;410,80;Rohdaten
2024-05-13;410,78;Rohdaten
2024-05-14;410,77;Rohdaten
2024-05-15;410,75;Rohdaten
2024-05-16;410,73;Rohdaten
2024-05-17;410,73;Rohdaten
2024-05-18;410,81;Rohdaten
2024-05-19;410,92;Rohdaten
2024-05-20;410,94;Rohdaten
2024-05-21;410,94;Rohdaten
2024-05-22;410,92;Rohdaten
2024-05-23;410,91;Rohdaten
2024-05-24;410,90;Rohdaten
2024-05-25;410,90;Rohdaten
2024-05-26;410,90;Rohdaten
2024-05-27;410,91;Rohdaten
2024-05-28;410,91;Rohdaten
2024-05-29;410,93;Rohdaten
2024-05-30;410,94;Rohdaten
2024-05-31;410,96;Rohdaten
2024-06-01;411,62;Rohdaten
2024-06-02;411,95;Rohdaten
2024-06-03;411,89;Rohdaten
2024-06-04;411,81;Rohdaten
2024-06-05;411,75;Rohdaten
2024-06-06;411,69;Rohdaten
2024-06-07;411,63;Rohdaten
2024-06-08;411,60;Rohdaten
2024-06-09;411,56;Rohdaten
2024-06-10;411,52;Rohdaten
2024-06-11;411,47;Rohdaten
2024-06-12;411,43;Rohdaten
2024-06-13;411,40;Rohdaten
2024-06-14;411,38;Rohdaten
2024-06-15;411,36;Rohdaten
2024-06-16;411,33;Rohdaten
2024-06-17;411,29;Rohdaten
2024-06-18;411,26;Rohdaten
2024-06-19;411,22;Rohdaten
2024-06-20;411,17;Rohdaten
2024-06-21;411,14;Rohdaten
2024-06-22;411,11;Rohdaten
2024-06-23;411,07;Rohdaten
2024-06-24;411,04;Rohdaten
2024-06-25;411,02;Rohdaten
2024-06-26;410,99;Rohdaten
2024-06-27;410,96;Rohdaten
2024-06-28;410,93;Rohdaten
2024-06-29;410,91;Rohdaten
2024-06-30;410,90;Rohdaten
2024-07-01;410,88;Rohdaten
2024-07-02;410,86;Rohdaten
2024-07-03;410,85;Rohdaten
2024-07-04;410,84;Rohdaten
2024-07-05;410,82;Rohdaten
2024-07-06;410,81;Rohdaten
2024-07-07;410,79;Rohdaten
2024-07-08;410,78;Rohdaten
2024-07-09;410,76;Rohdaten
2024-07-10;410,75;Rohdaten
2024-07-11;410,82;Rohdaten
2024-07-12;411,01;Rohdaten
2024-07-13;411,42;Rohdaten
2024-07-14;411,41;Rohdaten
2024-07-15;411,34;Rohdaten
2024-07-16;411,29;Rohdaten
2024-07-17;411,23;Rohdaten
2024-07-18;411,18;Rohdaten
2024-07-19;411,13;Rohdaten
2024-07-20;411,09;Rohdaten
2024-07-21;411,05;Rohdaten
2024-07-22;411,00;Rohdaten
2024-07-23;410,98;Rohdaten
2024-07-24;410,95;Rohdaten
2024-07-25;410,92;Rohdaten
2024-07-26;410,89;Rohdaten
2024-07-27;410,85;Rohdaten
2024-07-28;410,82;Rohdaten
2024-07-29;410,80;Rohdaten
2024-07-30;410,78;Rohdaten
2024-07-31;410,76;Rohdaten
2024-08-01;410,73;Rohdaten
2024-08-02;410,73;Rohdaten
2024-08-03;410,71;Rohdaten
2024-08-04;410,70;Rohdaten
2024-08-05;410,68;Rohdaten
2024-08-06;410,67;Rohdaten
2024-08-07;410,67;Rohdaten
2024-08-08;410,67;Rohdaten
2024-08-09;410,67;Rohdaten
2024-08-10;410,67;Rohdaten
2024-08-11;410,66;Rohdaten
2024-08-12;410,65;Rohdaten
2024-08-13;410,63;Rohdaten
2024-08-14;410,61;Rohdaten
2024-08-15;410,59;Rohdaten
2024-08-16;410,57;Rohdaten
2024-08-17;410,56;Rohdaten
2024-08-18;410,56;Rohdaten
2024-08-19;410,58;Rohdaten
2024-08-20;410,61;Rohdaten
2024-08-21;410,63;Rohdaten
2024-08-22;410,65;Rohdaten
2024-08-23;410,66;Rohdaten
2024-08-24;410,65;Rohdaten
2024-08-25;410,64;Rohdaten
2024-08-26;410,63;Rohdaten
2024-08-27;410,62;Rohdaten
2024-08-28;410,60;Rohdaten
2024-08-29;410,58;Rohdaten
2024-08-30;410,56;Rohdaten
2024-08-31;410,55;Rohdaten
2024-09-01;410,53;Rohdaten
2024-09-02;410,54;Rohdaten
2024-09-03;410,56;Rohdaten
2024-09-04;410,55;Rohdaten
2024-09-05;410,55;Rohdaten
2024-09-06;410,54;Rohdaten
2024-09-07;410,54;Rohdaten
2024-09-08;410,54;Rohdaten
2024-09-09;410,57;Rohdaten
2024-09-10;410,60;Rohdaten
2024-09-11;410,63;Rohdaten
2024-09-12;410,66;Rohdaten
2024-09-13;410,67;Rohdaten
2024-09-14;410,69;Rohdaten
2024-09-15;410,71;Rohdaten
2024-09-16;410,76;Rohdaten
2024-09-17;410,84;Rohdaten
2024-09-18;410,85;Rohdaten
2024-09-19;410,84;Rohdaten
2024-09-20;410,83;Rohdaten
2024-09-21;410,82;Rohdaten
2024-09-22;410,82;Rohdaten
2024-09-23;410,82;Rohdaten
2024-09-24;410,92;Rohdaten
2024-09-25;410,94;Rohdaten
2024-09-26;410,98;Rohdaten
2024-09-27;411,09;Rohdaten
2024-09-28;411,12;Rohdaten
2024-09-29;411,12;Rohdaten
2024-09-30;411,13;Rohdaten
