﻿Quelle:;"Bayerisches Landesamt für Umwelt, www.gkd.bayern.de"
Datenbankabfrage:;"08.10.2024 21:50"
Zeitbezug:;MEZ
Messstellen-Name:;"WALD/A2-FLACHBR 762"
Messstellen-Nr.:;3111
Ostwert:;623370;Nordwert:;5442118;"ETRS89 / UTM Zone 32N"

Datum;"Grundwasserstand [m ü. NN]";Prüfstatus
2024-01-01;418,85;Rohdaten
2024-01-02;418,89;Rohdaten
2024-01-03;418,91;Rohdaten
2024-01-04;418,88;Rohdaten
2024-01-05;418,87;Rohdaten
2024-01-06;418,86;Rohdaten
2024-01-07;418,83;Rohdaten
2024-01-08;418,79;Rohdaten
2024-01-09;418,78;Rohdaten
2024-01-10;418,78;Rohdaten
2024-01-11;418,78;Rohdaten
2024-01-12;418,79;Rohdaten
2024-01-13;418,82;Rohdaten
2024-01-14;418,89;Rohdaten
2024-01-15;418,93;Rohdaten
2024-01-16;418,90;Rohdaten
2024-01-17;418,97;Rohdaten
2024-01-18;418,98;Rohdaten
2024-01-19;418,85;Rohdaten
2024-01-20;418,78;Rohdaten
2024-01-21;418,79;Rohdaten
2024-01-22;418,84;Rohdaten
2024-01-23;418,83;Rohdaten
2024-01-24;418,85;Rohdaten
2024-01-25;418,83;Rohdaten
2024-03-14;419,00;Rohdaten
2024-03-15;419,01;Rohdaten
2024-03-16;418,99;Rohdaten
2024-03-17;418,97;Rohdaten
2024-03-18;419,00;Rohdaten
2024-03-19;418,99;Rohdaten
2024-03-20;418,99;Rohdaten
2024-03-21;418,98;Rohdaten
2024-03-22;418,99;Rohdaten
2024-03-23;419,04;Rohdaten
2024-03-24;419,06;Rohdaten
2024-03-25;419,06;Rohdaten
2024-03-26;419,12;Rohdaten
2024-03-27;419,15;Rohdaten
2024-03-28;419,12;Rohdaten
2024-03-29;419,08;Rohdaten
2024-03-30;419,08;Rohdaten
2024-03-31;419,08;Rohdaten
2024-04-01;419,07;Rohdaten
2024-04-02;419,01;Rohdaten
2024-04-03;419,00;Rohdaten
2024-04-04;418,99;Rohdaten
2024-04-05;418,98;Rohdaten
2024-04-06;418,97;Rohdaten
2024-04-07;418,97;Rohdaten
2024-04-08;419,00;Rohdaten
2024-04-09;419,00;Rohdaten
2024-04-10;418,93;Rohdaten
2024-04-11;418,90;Rohdaten
2024-04-12;418,91;Rohdaten
2024-04-13;418,93;Rohdaten
2024-04-14;418,98;Rohdaten
2024-04-15;419,04;Rohdaten
2024-04-16;419,06;Rohdaten
2024-04-17;419,04;Rohdaten
2024-04-18;419,01;Rohdaten
2024-04-19;419,01;Rohdaten
2024-04-20;419,00;Rohdaten
2024-04-21;418,99;Rohdaten
2024-04-22;418,97;Rohdaten
2024-04-23;418,99;Rohdaten
2024-04-24;419,03;Rohdaten
2024-04-25;419,03;Rohdaten
2024-04-26;419,03;Rohdaten
2024-04-27;419,02;Rohdaten
2024-04-28;418,99;Rohdaten
2024-04-29;418,95;Rohdaten
2024-04-30;418,97;Rohdaten
2024-05-01;419,02;Rohdaten
2024-05-02;419,04;Rohdaten
2024-05-03;418,98;Rohdaten
2024-05-04;418,96;Rohdaten
2024-05-05;418,98;Rohdaten
2024-05-06;418,99;Rohdaten
2024-05-07;418,96;Rohdaten
2024-05-08;418,92;Rohdaten
2024-05-09;418,92;Rohdaten
2024-05-10;418,93;Rohdaten
2024-05-11;418,94;Rohdaten
2024-05-12;418,95;Rohdaten
2024-05-13;418,97;Rohdaten
2024-05-14;418,99;Rohdaten
2024-05-15;419,00;Rohdaten
2024-05-16;419,00;Rohdaten
2024-05-17;418,99;Rohdaten
2024-05-18;418,97;Rohdaten
2024-05-19;418,96;Rohdaten
2024-05-20;418,96;Rohdaten
2024-05-21;418,98;Rohdaten
2024-05-22;418,96;Rohdaten
2024-05-23;418,93;Rohdaten
2024-05-24;418,94;Rohdaten
2024-05-25;418,93;Rohdaten
2024-05-26;418,94;Rohdaten
2024-05-27;418,94;Rohdaten
2024-05-28;418,94;Rohdaten
2024-05-29;418,96;Rohdaten
2024-05-30;419,00;Rohdaten
2024-05-31;419,00;Rohdaten
2024-06-01;419,00;Rohdaten
2024-06-02;418,98;Rohdaten
2024-06-03;419,00;Rohdaten
2024-06-04;419,02;Rohdaten
2024-06-05;419,04;Rohdaten
2024-06-06;419,03;Rohdaten
2024-06-07;419,03;Rohdaten
2024-06-08;419,05;Rohdaten
2024-06-09;419,08;Rohdaten
2024-06-10;419,09;Rohdaten
2024-06-11;419,05;Rohdaten
2024-06-12;419,04;Rohdaten
2024-06-13;419,04;Rohdaten
2024-06-14;419,06;Rohdaten
2024-06-15;419,08;Rohdaten
2024-06-16;419,07;Rohdaten
2024-06-17;419,05;Rohdaten
2024-06-18;419,05;Rohdaten
2024-06-19;419,04;Rohdaten
2024-06-20;419,02;Rohdaten
2024-06-21;419,04;Rohdaten
2024-06-22;419,05;Rohdaten
2024-06-23;419,03;Rohdaten
2024-06-24;419,03;Rohdaten
2024-06-25;419,05;Rohdaten
2024-06-26;419,06;Rohdaten
2024-06-27;419,06;Rohdaten
2024-06-28;419,03;Rohdaten
2024-06-29;419,04;Rohdaten
2024-06-30;419,05;Rohdaten
2024-07-01;419,03;Rohdaten
2024-07-02;419,02;Rohdaten
2024-07-03;419,04;Rohdaten
2024-07-04;419,04;Rohdaten
2024-07-05;419,03;Rohdaten
2024-07-06;419,05;Rohdaten
2024-07-07;419,01;Rohdaten
2024-07-08;419,00;Rohdaten
2024-07-09;419,00;Rohdaten
2024-07-10;419,00;Rohdaten
2024-07-11;419,01;Rohdaten
2024-07-12;419,04;Rohdaten
2024-07-13;419,04;Rohdaten
2024-07-14;419,03;Rohdaten
2024-07-15;419,04;Rohdaten
2024-07-16;419,03;Rohdaten
2024-07-17;419,00;Rohdaten
2024-07-18;418,99;Rohdaten
2024-07-19;419,01;Rohdaten
2024-07-20;419,04;Rohdaten
2024-07-21;419,05;Rohdaten
2024-07-22;419,01;Rohdaten
2024-07-23;418,99;Rohdaten
2024-07-24;419,00;Rohdaten
2024-07-25;419,01;Rohdaten
2024-07-26;419,02;Rohdaten
2024-07-27;419,01;Rohdaten
2024-07-28;418,97;Rohdaten
2024-07-29;418,96;Rohdaten
2024-07-30;418,99;Rohdaten
2024-07-31;419,00;Rohdaten
2024-08-01;419,01;Rohdaten
2024-08-02;419,01;Rohdaten
2024-08-03;419,00;Rohdaten
2024-08-04;418,98;Rohdaten
2024-08-05;418,98;Rohdaten
2024-08-06;418,99;Rohdaten
2024-08-07;418,99;Rohdaten
2024-08-08;418,97;Rohdaten
2024-08-09;418,96;Rohdaten
2024-08-10;418,95;Rohdaten
2024-08-11;418,95;Rohdaten
2024-08-12;418,98;Rohdaten
2024-08-13;418,99;Rohdaten
2024-08-14;418,97;Rohdaten
2024-08-15;418,94;Rohdaten
2024-08-16;418,94;Rohdaten
2024-08-17;418,96;Rohdaten
2024-08-18;418,98;Rohdaten
2024-08-19;418,96;Rohdaten
2024-08-20;418,98;Rohdaten
2024-08-21;418,97;Rohdaten
2024-08-22;418,98;Rohdaten
2024-08-23;418,98;Rohdaten
2024-08-24;418,98;Rohdaten
2024-08-25;418,95;Rohdaten
2024-08-26;418,93;Rohdaten
2024-08-27;418,94;Rohdaten
2024-08-28;418,96;Rohdaten
2024-08-29;418,95;Rohdaten
2024-08-30;418,95;Rohdaten
2024-08-31;418,94;Rohdaten
2024-09-01;418,95;Rohdaten
2024-09-02;418,96;Rohdaten
2024-09-03;418,95;Rohdaten
2024-09-04;418,95;Rohdaten
2024-09-05;418,98;Rohdaten
2024-09-06;418,95;Rohdaten
2024-09-07;418,94;Rohdaten
2024-09-08;418,95;Rohdaten
2024-09-09;418,97;Rohdaten
2024-09-10;418,95;Rohdaten
2024-09-11;418,96;Rohdaten
2024-09-12;418,95;Rohdaten
2024-09-13;418,92;Rohdaten
2024-09-14;418,90;Rohdaten
2024-09-15;418,91;Rohdaten
2024-09-16;418,93;Rohdaten
2024-09-17;418,93;Rohdaten
2024-09-18;418,93;Rohdaten
