﻿Quelle:;"Bayerisches Landesamt für Umwelt, www.gkd.bayern.de"
Datenbankabfrage:;"08.10.2024 21:50"
Zeitbezug:;MEZ
Messstellen-Name:;"Wilburgstetten GM 5A F"
Messstellen-Nr.:;3129
Ostwert:;601724;Nordwert:;5431864;"ETRS89 / UTM Zone 32N"

Datum;"Grundwasserstand [m ü. NN]";Prüfstatus
2024-01-01;430,86;Rohdaten
2024-01-02;430,89;Rohdaten
2024-01-03;431,15;Rohdaten
2024-01-04;431,47;Rohdaten
2024-01-05;431,59;Rohdaten
2024-01-06;431,38;Rohdaten
2024-01-07;431,12;Rohdaten
2024-01-08;430,98;Rohdaten
2024-01-09;430,88;Rohdaten
2024-01-10;430,82;Rohdaten
2024-01-11;430,77;Rohdaten
2024-01-12;430,74;Rohdaten
2024-01-13;430,71;Rohdaten
2024-01-14;430,70;Rohdaten
2024-01-15;430,68;Rohdaten
2024-01-16;430,67;Rohdaten
2024-01-17;430,69;Rohdaten
2024-01-18;430,86;Rohdaten
2024-01-19;431,02;Rohdaten
2024-01-20;430,92;Rohdaten
2024-01-21;430,80;Rohdaten
2024-01-22;430,76;Rohdaten
2024-01-23;431,01;Rohdaten
2024-01-24;431,31;Rohdaten
2024-01-25;431,39;Rohdaten
2024-01-26;431,21;Rohdaten
2024-01-27;431,09;Rohdaten
2024-01-28;431,02;Rohdaten
2024-01-29;430,92;Rohdaten
2024-01-30;430,86;Rohdaten
2024-01-31;430,82;Rohdaten
2024-02-01;430,83;Rohdaten
2024-02-02;430,88;Rohdaten
2024-02-03;430,84;Rohdaten
2024-02-04;430,81;Rohdaten
2024-02-05;430,79;Rohdaten
2024-02-06;430,77;Rohdaten
2024-02-07;430,74;Rohdaten
2024-02-08;430,94;Rohdaten
2024-02-09;431,45;Rohdaten
2024-02-10;431,52;Rohdaten
2024-02-11;431,48;Rohdaten
2024-02-12;431,50;Rohdaten
2024-02-13;431,29;Rohdaten
2024-02-14;431,04;Rohdaten
2024-02-15;430,93;Rohdaten
2024-02-16;430,86;Rohdaten
2024-02-17;430,82;Rohdaten
2024-02-18;430,82;Rohdaten
2024-02-19;430,84;Rohdaten
2024-02-20;430,90;Rohdaten
2024-02-21;430,92;Rohdaten
2024-02-22;430,95;Rohdaten
2024-02-23;431,34;Rohdaten
2024-02-24;431,36;Rohdaten
2024-02-25;431,10;Rohdaten
2024-02-26;430,96;Rohdaten
2024-02-27;430,89;Rohdaten
2024-02-28;430,83;Rohdaten
2024-02-29;430,79;Rohdaten
2024-03-01;430,77;Rohdaten
2024-03-02;430,75;Rohdaten
2024-03-03;430,72;Rohdaten
2024-03-04;430,69;Rohdaten
2024-03-05;430,69;Rohdaten
2024-03-06;430,70;Rohdaten
2024-03-07;430,69;Rohdaten
2024-03-08;430,68;Rohdaten
2024-03-09;430,67;Rohdaten
2024-03-10;430,66;Rohdaten
2024-03-11;430,64;Rohdaten
2024-03-12;430,63;Rohdaten
2024-03-13;430,64;Rohdaten
2024-03-14;430,64;Rohdaten
2024-03-15;430,62;Rohdaten
2024-03-16;430,66;Rohdaten
2024-03-17;430,71;Rohdaten
2024-03-18;430,68;Rohdaten
2024-03-19;430,65;Rohdaten
2024-03-20;430,64;Rohdaten
2024-03-21;430,62;Rohdaten
2024-03-22;430,61;Rohdaten
2024-03-23;430,61;Rohdaten
2024-03-24;430,62;Rohdaten
2024-03-25;430,63;Rohdaten
2024-03-26;430,62;Rohdaten
2024-03-27;430,61;Rohdaten
2024-03-28;430,65;Rohdaten
2024-03-29;430,66;Rohdaten
2024-03-30;430,64;Rohdaten
2024-03-31;430,63;Rohdaten
2024-04-01;430,61;Rohdaten
2024-04-02;430,61;Rohdaten
2024-04-03;430,60;Rohdaten
2024-04-04;430,62;Rohdaten
2024-04-05;430,73;Rohdaten
2024-04-06;430,73;Rohdaten
2024-04-07;430,65;Rohdaten
2024-04-08;430,62;Rohdaten
2024-04-09;430,60;Rohdaten
2024-04-10;430,57;Rohdaten
2024-04-11;430,56;Rohdaten
2024-04-12;430,54;Rohdaten
2024-04-13;430,53;Rohdaten
2024-04-14;430,52;Rohdaten
2024-04-15;430,52;Rohdaten
2024-04-16;430,53;Rohdaten
2024-04-17;430,57;Rohdaten
2024-04-18;430,56;Rohdaten
2024-04-19;430,55;Rohdaten
2024-04-20;430,63;Rohdaten
2024-04-21;430,66;Rohdaten
2024-04-22;430,67;Rohdaten
2024-04-23;430,64;Rohdaten
2024-04-24;430,61;Rohdaten
2024-04-25;430,59;Rohdaten
2024-04-26;430,57;Rohdaten
2024-04-27;430,56;Rohdaten
2024-04-28;430,53;Rohdaten
2024-04-29;430,51;Rohdaten
2024-04-30;430,51;Rohdaten
2024-05-01;430,51;Rohdaten
2024-05-02;430,54;Rohdaten
2024-05-03;430,66;Rohdaten
2024-05-04;430,63;Rohdaten
2024-05-05;430,59;Rohdaten
2024-05-06;430,63;Rohdaten
2024-05-07;430,63;Rohdaten
2024-05-08;430,60;Rohdaten
2024-05-09;430,57;Rohdaten
2024-05-10;430,56;Rohdaten
2024-05-11;430,56;Rohdaten
2024-05-12;430,54;Rohdaten
2024-05-13;430,52;Rohdaten
2024-05-14;430,50;Rohdaten
2024-05-15;430,52;Rohdaten
2024-05-16;430,55;Rohdaten
2024-05-17;430,64;Rohdaten
2024-05-18;430,76;Rohdaten
2024-05-19;430,79;Rohdaten
2024-05-20;430,71;Rohdaten
2024-05-21;430,66;Rohdaten
2024-05-22;430,66;Rohdaten
2024-05-23;430,64;Rohdaten
2024-05-24;430,81;Rohdaten
2024-05-25;430,89;Rohdaten
2024-05-26;430,80;Rohdaten
2024-05-27;430,73;Rohdaten
2024-05-28;430,70;Rohdaten
2024-05-29;430,68;Rohdaten
2024-05-30;430,68;Rohdaten
2024-05-31;430,76;Rohdaten
2024-06-01;431,28;Rohdaten
2024-06-02;431,85;Rohdaten
2024-06-03;432,03;Rohdaten
2024-06-04;431,72;Rohdaten
2024-06-05;431,24;Rohdaten
2024-06-06;430,99;Rohdaten
2024-06-07;430,89;Rohdaten
2024-06-08;430,84;Rohdaten
2024-06-09;430,83;Rohdaten
2024-06-10;430,78;Rohdaten
2024-06-11;430,74;Rohdaten
2024-06-12;430,71;Rohdaten
2024-06-13;430,69;Rohdaten
2024-06-14;430,68;Rohdaten
2024-06-15;430,68;Rohdaten
2024-06-16;430,69;Rohdaten
2024-06-17;430,67;Rohdaten
2024-06-18;430,64;Rohdaten
2024-06-19;430,64;Rohdaten
2024-06-20;430,64;Rohdaten
2024-06-21;430,64;Rohdaten
2024-06-22;430,67;Rohdaten
2024-06-23;430,68;Rohdaten
2024-06-24;430,66;Rohdaten
2024-06-25;430,63;Rohdaten
2024-06-26;430,59;Rohdaten
2024-06-27;430,64;Rohdaten
2024-06-28;430,72;Rohdaten
2024-06-29;430,70;Rohdaten
2024-06-30;430,64;Rohdaten
2024-07-01;430,63;Rohdaten
2024-07-02;430,61;Rohdaten
2024-07-03;430,63;Rohdaten
2024-07-04;430,67;Rohdaten
2024-07-05;430,66;Rohdaten
2024-07-06;430,63;Rohdaten
2024-07-07;430,61;Rohdaten
2024-07-08;430,60;Rohdaten
2024-07-09;430,57;Rohdaten
2024-07-10;430,58;Rohdaten
2024-07-11;430,79;Rohdaten
2024-07-12;430,79;Rohdaten
2024-07-13;430,87;Rohdaten
2024-07-14;430,78;Rohdaten
2024-07-15;430,71;Rohdaten
2024-07-16;430,71;Rohdaten
2024-07-17;430,66;Rohdaten
2024-07-18;430,62;Rohdaten
2024-07-19;430,59;Rohdaten
2024-07-20;430,56;Rohdaten
2024-07-21;430,59;Rohdaten
2024-07-22;430,61;Rohdaten
2024-07-23;430,64;Rohdaten
2024-07-24;430,63;Rohdaten
2024-07-25;430,62;Rohdaten
2024-07-26;430,59;Rohdaten
2024-07-27;430,58;Rohdaten
2024-07-28;430,59;Rohdaten
2024-07-29;430,60;Rohdaten
2024-07-30;430,58;Rohdaten
2024-07-31;430,56;Rohdaten
2024-08-01;430,54;Rohdaten
2024-08-02;430,59;Rohdaten
2024-08-03;430,60;Rohdaten
2024-08-04;430,57;Rohdaten
2024-08-05;430,59;Rohdaten
2024-08-06;430,58;Rohdaten
2024-08-07;430,57;Rohdaten
2024-08-08;430,56;Rohdaten
2024-08-09;430,54;Rohdaten
2024-08-10;430,52;Rohdaten
2024-08-11;430,51;Rohdaten
2024-08-12;430,49;Rohdaten
2024-08-13;430,47;Rohdaten
2024-08-14;430,45;Rohdaten
2024-08-15;430,45;Rohdaten
2024-08-16;430,43;Rohdaten
2024-08-17;430,41;Rohdaten
2024-08-18;430,42;Rohdaten
2024-08-19;430,51;Rohdaten
2024-08-20;430,54;Rohdaten
2024-08-21;430,53;Rohdaten
2024-08-22;430,51;Rohdaten
2024-08-23;430,49;Rohdaten
2024-08-24;430,46;Rohdaten
2024-08-25;430,43;Rohdaten
2024-08-26;430,41;Rohdaten
2024-08-27;430,38;Rohdaten
2024-08-28;430,36;Rohdaten
2024-08-29;430,35;Rohdaten
2024-08-30;430,36;Rohdaten
2024-08-31;430,35;Rohdaten
2024-09-01;430,35;Rohdaten
2024-09-02;430,37;Rohdaten
2024-09-03;430,38;Rohdaten
2024-09-04;430,40;Rohdaten
2024-09-05;430,39;Rohdaten
2024-09-06;430,38;Rohdaten
2024-09-07;430,36;Rohdaten
2024-09-08;430,35;Rohdaten
2024-09-09;430,48;Rohdaten
2024-09-10;430,49;Rohdaten
2024-09-11;430,51;Rohdaten
2024-09-12;430,55;Rohdaten
2024-09-13;430,55;Rohdaten
2024-09-14;430,51;Rohdaten
2024-09-15;430,48;Rohdaten
2024-09-16;430,51;Rohdaten
2024-09-17;430,57;Rohdaten
2024-09-18;430,55;Rohdaten
2024-09-19;430,52;Rohdaten
2024-09-20;430,49;Rohdaten
2024-09-21;430,46;Rohdaten
2024-09-22;430,44;Rohdaten
2024-09-23;430,47;Rohdaten
2024-09-24;430,66;Rohdaten
2024-09-25;430,67;Rohdaten
2024-09-26;430,67;Rohdaten
2024-09-27;430,74;Rohdaten
2024-09-28;430,77;Rohdaten
2024-09-29;430,70;Rohdaten
2024-09-30;430,63;Rohdaten
