﻿Quelle:;"Bayerisches Landesamt für Umwelt, www.gkd.bayern.de"
Datenbankabfrage:;"08.10.2024 21:50"
Zeitbezug:;MEZ
Messstellen-Name:;"Wald B (neu) KMS 11"
Messstellen-Nr.:;3132
Ostwert:;625107;Nordwert:;5441789;"ETRS89 / UTM Zone 32N"

Datum;"Grundwasserstand [m ü. NN]";Prüfstatus
2024-01-01;415,64;Rohdaten
2024-01-02;415,65;Rohdaten
2024-01-03;415,67;Rohdaten
2024-01-04;415,66;Rohdaten
2024-01-05;415,68;Rohdaten
2024-01-06;415,68;Rohdaten
2024-01-07;415,69;Rohdaten
2024-01-08;415,68;Rohdaten
2024-01-09;415,69;Rohdaten
2024-01-10;415,70;Rohdaten
2024-01-11;415,69;Rohdaten
2024-01-12;415,69;Rohdaten
2024-01-13;415,70;Rohdaten
2024-01-14;415,72;Rohdaten
2024-01-15;415,73;Rohdaten
2024-01-16;415,70;Rohdaten
2024-01-17;415,73;Rohdaten
2024-01-18;415,72;Rohdaten
2024-01-19;415,67;Rohdaten
2024-01-20;415,65;Rohdaten
2024-01-21;415,66;Rohdaten
2024-01-22;415,68;Rohdaten
2024-01-23;415,67;Rohdaten
2024-01-24;415,69;Rohdaten
2024-01-25;415,69;Rohdaten
2024-01-26;415,71;Rohdaten
2024-01-27;415,70;Rohdaten
2024-01-28;415,73;Rohdaten
2024-01-29;415,74;Rohdaten
2024-01-30;415,74;Rohdaten
2024-01-31;415,73;Rohdaten
2024-02-01;415,74;Rohdaten
2024-02-02;415,73;Rohdaten
2024-02-03;415,73;Rohdaten
2024-02-04;415,73;Rohdaten
2024-02-05;415,73;Rohdaten
2024-02-06;415,74;Rohdaten
2024-02-07;415,76;Rohdaten
2024-02-08;415,77;Rohdaten
2024-02-09;415,79;Rohdaten
2024-02-10;415,81;Rohdaten
2024-02-11;415,81;Rohdaten
2024-02-12;415,80;Rohdaten
2024-02-13;415,78;Rohdaten
2024-02-14;415,78;Rohdaten
2024-02-15;415,78;Rohdaten
2024-02-16;415,78;Rohdaten
2024-02-17;415,75;Rohdaten
2024-02-18;415,76;Rohdaten
2024-02-19;415,76;Rohdaten
2024-02-20;415,76;Rohdaten
2024-02-21;415,78;Rohdaten
2024-02-22;415,82;Rohdaten
2024-02-23;415,83;Rohdaten
2024-02-24;415,83;Rohdaten
2024-02-25;415,83;Rohdaten
2024-02-26;415,84;Rohdaten
2024-02-27;415,81;Rohdaten
2024-02-28;415,78;Rohdaten
2024-02-29;415,78;Rohdaten
2024-03-01;415,80;Rohdaten
2024-03-02;415,80;Rohdaten
2024-03-03;415,81;Rohdaten
2024-03-04;415,79;Rohdaten
2024-03-05;415,77;Rohdaten
2024-03-06;415,76;Rohdaten
2024-03-07;415,75;Rohdaten
2024-03-08;415,77;Rohdaten
2024-03-09;415,77;Rohdaten
2024-03-10;415,78;Rohdaten
2024-03-11;415,75;Rohdaten
2024-03-12;415,73;Rohdaten
2024-03-13;415,72;Rohdaten
2024-03-14;415,71;Rohdaten
2024-03-15;415,71;Rohdaten
2024-03-16;415,70;Rohdaten
2024-03-17;415,69;Rohdaten
2024-03-18;415,70;Rohdaten
2024-03-19;415,69;Rohdaten
2024-03-20;415,68;Rohdaten
2024-03-21;415,67;Rohdaten
2024-03-22;415,67;Rohdaten
2024-03-23;415,69;Rohdaten
2024-03-24;415,70;Rohdaten
2024-03-25;415,70;Rohdaten
2024-03-26;415,71;Rohdaten
2024-03-27;415,71;Rohdaten
2024-03-28;415,71;Rohdaten
2024-03-29;415,70;Rohdaten
2024-03-30;415,69;Rohdaten
2024-03-31;415,69;Rohdaten
2024-04-01;415,70;Rohdaten
2024-04-02;415,67;Rohdaten
2024-04-03;415,67;Rohdaten
2024-04-04;415,66;Rohdaten
2024-04-05;415,65;Rohdaten
2024-04-06;415,62;Rohdaten
2024-04-07;415,62;Rohdaten
2024-04-08;415,62;Rohdaten
2024-04-09;415,62;Rohdaten
2024-04-10;415,60;Rohdaten
2024-04-11;415,58;Rohdaten
2024-04-12;415,56;Rohdaten
2024-04-13;415,56;Rohdaten
2024-04-14;415,57;Rohdaten
2024-04-15;415,62;Rohdaten
2024-04-16;415,63;Rohdaten
2024-04-17;415,61;Rohdaten
2024-04-18;415,59;Rohdaten
2024-04-19;415,61;Rohdaten
2024-04-20;415,60;Rohdaten
2024-04-21;415,60;Rohdaten
2024-04-22;415,59;Rohdaten
2024-04-23;415,59;Rohdaten
2024-04-24;415,60;Rohdaten
2024-04-25;415,60;Rohdaten
2024-04-26;415,59;Rohdaten
2024-04-27;415,56;Rohdaten
2024-04-28;415,54;Rohdaten
2024-04-29;415,51;Rohdaten
2024-04-30;415,50;Rohdaten
2024-05-01;415,47;Rohdaten
2024-05-02;415,50;Rohdaten
2024-05-03;415,50;Rohdaten
2024-05-04;415,49;Rohdaten
2024-05-05;415,50;Rohdaten
2024-05-06;415,52;Rohdaten
2024-05-07;415,52;Rohdaten
2024-05-08;415,51;Rohdaten
2024-05-09;415,48;Rohdaten
2024-05-10;415,47;Rohdaten
2024-05-11;415,45;Rohdaten
2024-05-12;415,45;Rohdaten
2024-05-13;415,44;Rohdaten
2024-05-14;415,44;Rohdaten
2024-05-15;415,44;Rohdaten
2024-05-16;415,44;Rohdaten
2024-05-17;415,47;Rohdaten
2024-05-18;415,48;Rohdaten
2024-05-19;415,48;Rohdaten
2024-05-20;415,46;Rohdaten
2024-05-21;415,47;Rohdaten
2024-05-22;415,48;Rohdaten
2024-05-23;415,45;Rohdaten
2024-05-24;415,48;Rohdaten
2024-05-25;415,49;Rohdaten
2024-05-26;415,48;Rohdaten
2024-05-27;415,48;Rohdaten
2024-05-28;415,49;Rohdaten
2024-05-29;415,49;Rohdaten
2024-05-30;415,52;Rohdaten
2024-05-31;415,53;Rohdaten
2024-06-01;415,58;Rohdaten
2024-06-02;415,64;Rohdaten
2024-06-03;415,70;Rohdaten
2024-06-04;415,73;Rohdaten
2024-06-05;415,74;Rohdaten
2024-06-06;415,72;Rohdaten
2024-06-07;415,70;Rohdaten
2024-06-08;415,70;Rohdaten
2024-06-09;415,73;Rohdaten
2024-06-10;415,74;Rohdaten
2024-06-11;415,72;Rohdaten
2024-06-12;415,70;Rohdaten
2024-06-13;415,69;Rohdaten
2024-06-14;415,71;Rohdaten
2024-06-15;415,72;Rohdaten
2024-06-16;415,69;Rohdaten
2024-06-17;415,65;Rohdaten
2024-06-18;415,60;Rohdaten
2024-06-19;415,63;Rohdaten
2024-06-20;415,60;Rohdaten
2024-06-21;415,61;Rohdaten
2024-06-22;415,62;Rohdaten
2024-06-23;415,61;Rohdaten
2024-06-24;415,60;Rohdaten
2024-06-25;415,59;Rohdaten
2024-06-26;415,57;Rohdaten
2024-06-27;415,58;Rohdaten
2024-06-28;415,56;Rohdaten
2024-06-29;415,53;Rohdaten
2024-06-30;415,54;Rohdaten
2024-07-01;415,55;Rohdaten
2024-07-02;415,54;Rohdaten
2024-07-03;415,57;Rohdaten
2024-07-04;415,58;Rohdaten
2024-07-05;415,55;Rohdaten
2024-07-06;415,53;Rohdaten
2024-07-07;415,54;Rohdaten
2024-07-08;415,52;Rohdaten
2024-07-09;415,47;Rohdaten
2024-07-10;415,48;Rohdaten
2024-07-11;415,52;Rohdaten
2024-07-12;415,54;Rohdaten
2024-07-13;415,57;Rohdaten
2024-07-14;415,56;Rohdaten
2024-07-15;415,53;Rohdaten
2024-07-16;415,53;Rohdaten
2024-07-17;415,54;Rohdaten
2024-07-18;415,51;Rohdaten
2024-07-19;415,48;Rohdaten
2024-07-20;415,49;Rohdaten
2024-07-21;415,49;Rohdaten
2024-07-22;415,49;Rohdaten
2024-07-23;415,47;Rohdaten
2024-07-24;415,48;Rohdaten
2024-07-25;415,48;Rohdaten
2024-07-26;415,44;Rohdaten
2024-07-27;415,44;Rohdaten
2024-07-28;415,43;Rohdaten
2024-07-29;415,42;Rohdaten
2024-07-30;415,39;Rohdaten
2024-07-31;415,37;Rohdaten
2024-08-01;415,38;Rohdaten
2024-08-02;415,41;Rohdaten
2024-08-03;415,41;Rohdaten
2024-08-04;415,39;Rohdaten
2024-08-05;415,41;Rohdaten
2024-08-06;415,40;Rohdaten
2024-08-07;415,39;Rohdaten
2024-08-08;415,41;Rohdaten
2024-08-09;415,40;Rohdaten
2024-08-10;415,38;Rohdaten
2024-08-11;415,37;Rohdaten
2024-08-12;415,36;Rohdaten
2024-08-13;415,34;Rohdaten
2024-08-14;415,34;Rohdaten
2024-08-15;415,33;Rohdaten
2024-08-16;415,32;Rohdaten
2024-08-17;415,33;Rohdaten
2024-08-18;415,36;Rohdaten
2024-08-19;415,42;Rohdaten
2024-08-20;415,47;Rohdaten
2024-08-21;415,47;Rohdaten
2024-08-22;415,45;Rohdaten
2024-08-23;415,43;Rohdaten
2024-08-24;415,41;Rohdaten
2024-08-25;415,41;Rohdaten
2024-08-26;415,41;Rohdaten
2024-08-27;415,39;Rohdaten
2024-08-28;415,38;Rohdaten
2024-08-29;415,36;Rohdaten
2024-08-30;415,35;Rohdaten
2024-08-31;415,34;Rohdaten
2024-09-01;415,33;Rohdaten
2024-09-02;415,36;Rohdaten
2024-09-03;415,37;Rohdaten
2024-09-04;415,36;Rohdaten
2024-09-05;415,36;Rohdaten
2024-09-06;415,35;Rohdaten
2024-09-07;415,34;Rohdaten
2024-09-08;415,34;Rohdaten
2024-09-09;415,40;Rohdaten
2024-09-10;415,41;Rohdaten
2024-09-11;415,44;Rohdaten
2024-09-12;415,44;Rohdaten
2024-09-13;415,44;Rohdaten
2024-09-14;415,44;Rohdaten
2024-09-15;415,44;Rohdaten
2024-09-16;415,45;Rohdaten
2024-09-17;415,45;Rohdaten
2024-09-18;415,46;Rohdaten
2024-09-19;415,43;Rohdaten
2024-09-20;415,43;Rohdaten
2024-09-21;415,42;Rohdaten
2024-09-22;415,43;Rohdaten
2024-09-23;415,46;Rohdaten
2024-09-24;415,51;Rohdaten
2024-09-25;415,53;Rohdaten
2024-09-26;415,56;Rohdaten
2024-09-27;415,57;Rohdaten
2024-09-28;415,57;Rohdaten
2024-09-29;415,56;Rohdaten
2024-09-30;415,59;Rohdaten
