﻿Quelle:;"Bayerisches Landesamt für Umwelt, www.gkd.bayern.de"
Datenbankabfrage:;"08.10.2024 21:50"
Zeitbezug:;MEZ
Messstellen-Name:;"Treuchtlingen-Graben (13/85)"
Messstellen-Nr.:;3133
Ostwert:;639516;Nordwert:;5427196;"ETRS89 / UTM Zone 32N"

Datum;"Grundwasserstand [m ü. NN]";Prüfstatus
2024-01-01;158,98;Rohdaten
2024-01-02;166,56;Rohdaten
2024-01-03;174,08;Rohdaten
2024-01-04;179,60;Rohdaten
2024-01-05;178,07;Rohdaten
2024-01-06;171,72;Rohdaten
2024-01-07;169,05;Rohdaten
2024-01-08;169,57;Rohdaten
2024-01-09;167,45;Rohdaten
2024-01-10;168,32;Rohdaten
2024-01-11;172,10;Rohdaten
2024-01-12;176,46;Rohdaten
2024-01-13;179,43;Rohdaten
2024-01-14;177,95;Rohdaten
2024-01-15;172,54;Rohdaten
2024-01-16;165,93;Rohdaten
2024-01-17;165,97;Rohdaten
2024-01-18;169,87;Rohdaten
2024-01-19;163,59;Rohdaten
2024-01-20;158,46;Rohdaten
2024-01-21;155,07;Rohdaten
2024-01-22;157,03;Rohdaten
2024-01-23;172,23;Rohdaten
2024-01-24;185,59;Rohdaten
2024-01-25;195,48;Rohdaten
2024-03-14;404,72;Rohdaten
2024-03-15;405,14;Rohdaten
2024-03-16;405,12;Rohdaten
2024-03-17;405,12;Rohdaten
2024-03-18;405,12;Rohdaten
2024-03-19;405,12;Rohdaten
2024-03-20;405,12;Rohdaten
2024-03-21;405,10;Rohdaten
2024-03-22;405,08;Rohdaten
2024-03-23;405,05;Rohdaten
2024-03-24;405,03;Rohdaten
2024-03-25;405,02;Rohdaten
2024-03-26;405,01;Rohdaten
2024-03-27;405,02;Rohdaten
2024-03-28;405,13;Rohdaten
2024-03-29;405,19;Rohdaten
2024-03-30;405,21;Rohdaten
2024-03-31;405,23;Rohdaten
2024-04-01;405,23;Rohdaten
2024-04-02;405,21;Rohdaten
2024-04-03;405,18;Rohdaten
2024-04-04;405,14;Rohdaten
2024-04-05;405,13;Rohdaten
2024-04-06;405,12;Rohdaten
2024-04-07;405,12;Rohdaten
2024-04-08;405,13;Rohdaten
2024-04-09;405,12;Rohdaten
2024-04-10;405,08;Rohdaten
2024-04-11;405,03;Rohdaten
2024-04-12;404,98;Rohdaten
2024-04-13;404,95;Rohdaten
2024-04-14;404,92;Rohdaten
2024-04-15;404,90;Rohdaten
2024-04-16;404,90;Rohdaten
2024-04-17;404,90;Rohdaten
2024-04-18;404,91;Rohdaten
2024-04-19;404,94;Rohdaten
2024-04-20;404,97;Rohdaten
2024-04-21;404,99;Rohdaten
2024-04-22;405,00;Rohdaten
2024-04-23;405,02;Rohdaten
2024-04-24;405,04;Rohdaten
2024-04-25;405,04;Rohdaten
2024-04-26;405,01;Rohdaten
2024-04-27;404,92;Rohdaten
2024-04-28;404,92;Rohdaten
2024-04-29;404,92;Rohdaten
2024-04-30;404,90;Rohdaten
2024-05-01;404,88;Rohdaten
2024-05-02;404,87;Rohdaten
2024-05-03;404,87;Rohdaten
2024-05-04;404,87;Rohdaten
2024-05-05;404,95;Rohdaten
2024-05-06;405,03;Rohdaten
2024-05-07;405,06;Rohdaten
2024-05-08;405,07;Rohdaten
2024-05-09;405,05;Rohdaten
2024-05-10;405,00;Rohdaten
2024-05-11;404,94;Rohdaten
2024-05-12;404,89;Rohdaten
2024-05-13;404,85;Rohdaten
2024-05-14;404,82;Rohdaten
2024-05-15;404,79;Rohdaten
2024-05-16;404,77;Rohdaten
2024-05-17;404,80;Rohdaten
2024-05-18;404,91;Rohdaten
2024-05-19;404,97;Rohdaten
2024-05-20;404,99;Rohdaten
2024-05-21;404,99;Rohdaten
2024-05-22;404,99;Rohdaten
