﻿Quelle:;"Bayerisches Landesamt für Umwelt, www.gkd.bayern.de"
Datenbankabfrage:;"08.10.2024 21:50"
Zeitbezug:;MEZ
Messstellen-Name:;Merkendorf-Hirschlach
Messstellen-Nr.:;3136
Ostwert:;622810;Nordwert:;5448608;"ETRS89 / UTM Zone 32N"

Datum;"Grundwasserstand [m ü. NN]";Prüfstatus
2024-01-01;415,28;Rohdaten
2024-01-02;415,31;Rohdaten
2024-01-03;415,35;Rohdaten
2024-01-04;415,39;Rohdaten
2024-01-05;415,42;Rohdaten
2024-01-06;415,41;Rohdaten
2024-01-07;415,40;Rohdaten
2024-01-08;415,40;Rohdaten
2024-01-09;415,38;Rohdaten
2024-01-10;415,38;Rohdaten
2024-01-11;415,37;Rohdaten
2024-01-12;415,36;Rohdaten
2024-01-13;415,35;Rohdaten
2024-01-14;415,33;Rohdaten
2024-01-15;415,31;Rohdaten
2024-01-16;415,30;Rohdaten
2024-01-17;415,31;Rohdaten
2024-01-18;415,34;Rohdaten
2024-01-19;415,32;Rohdaten
2024-01-20;415,30;Rohdaten
2024-01-21;415,29;Rohdaten
2024-01-22;415,30;Rohdaten
2024-01-23;415,34;Rohdaten
2024-01-24;415,34;Rohdaten
2024-01-25;415,32;Rohdaten
2024-01-26;415,32;Rohdaten
2024-01-27;415,32;Rohdaten
2024-01-28;415,30;Rohdaten
2024-01-29;415,29;Rohdaten
2024-01-30;415,29;Rohdaten
2024-01-31;415,28;Rohdaten
2024-02-01;415,30;Rohdaten
2024-02-02;415,29;Rohdaten
2024-02-03;415,28;Rohdaten
2024-02-04;415,28;Rohdaten
2024-02-05;415,27;Rohdaten
2024-02-06;415,26;Rohdaten
2024-02-07;415,27;Rohdaten
2024-02-08;415,30;Rohdaten
2024-02-09;415,31;Rohdaten
2024-02-10;415,31;Rohdaten
2024-02-11;415,32;Rohdaten
2024-02-12;415,31;Rohdaten
2024-02-13;415,29;Rohdaten
2024-02-14;415,28;Rohdaten
2024-02-15;415,28;Rohdaten
2024-02-16;415,28;Rohdaten
2024-02-17;415,28;Rohdaten
2024-02-18;415,27;Rohdaten
2024-02-19;415,29;Rohdaten
2024-02-20;415,29;Rohdaten
2024-02-21;415,27;Rohdaten
2024-02-22;415,30;Rohdaten
2024-02-23;415,33;Rohdaten
2024-02-24;415,31;Rohdaten
2024-02-25;415,31;Rohdaten
2024-02-26;415,29;Rohdaten
2024-02-27;415,28;Rohdaten
2024-02-28;415,28;Rohdaten
2024-02-29;415,27;Rohdaten
2024-03-01;415,27;Rohdaten
2024-03-02;415,26;Rohdaten
2024-03-03;415,26;Rohdaten
2024-03-04;415,25;Rohdaten
2024-03-05;415,25;Rohdaten
2024-03-06;415,25;Rohdaten
2024-03-07;415,25;Rohdaten
2024-03-08;415,24;Rohdaten
2024-03-09;415,24;Rohdaten
2024-03-10;415,24;Rohdaten
2024-03-11;415,24;Rohdaten
2024-03-12;415,23;Rohdaten
2024-03-13;415,24;Rohdaten
2024-03-14;415,23;Rohdaten
2024-03-15;415,22;Rohdaten
2024-03-16;415,25;Rohdaten
2024-03-17;415,25;Rohdaten
2024-03-18;415,24;Rohdaten
2024-03-19;415,23;Rohdaten
2024-03-20;415,22;Rohdaten
2024-03-21;415,21;Rohdaten
2024-03-22;415,21;Rohdaten
2024-03-23;415,22;Rohdaten
2024-03-24;415,23;Rohdaten
2024-03-25;415,23;Rohdaten
2024-03-26;415,22;Rohdaten
2024-03-27;415,22;Rohdaten
2024-03-28;415,29;Rohdaten
2024-03-29;415,28;Rohdaten
2024-03-30;415,26;Rohdaten
2024-03-31;415,25;Rohdaten
2024-04-01;415,24;Rohdaten
2024-04-02;415,24;Rohdaten
2024-04-03;415,24;Rohdaten
2024-04-04;415,26;Rohdaten
2024-04-05;415,26;Rohdaten
2024-04-06;415,24;Rohdaten
2024-04-07;415,22;Rohdaten
2024-04-08;415,21;Rohdaten
2024-04-09;415,20;Rohdaten
2024-04-10;415,20;Rohdaten
2024-04-11;415,18;Rohdaten
2024-04-12;415,16;Rohdaten
2024-04-13;415,15;Rohdaten
2024-04-14;415,13;Rohdaten
2024-04-15;415,19;Rohdaten
2024-04-16;415,20;Rohdaten
2024-04-17;415,23;Rohdaten
2024-04-18;415,22;Rohdaten
2024-04-19;415,25;Rohdaten
2024-04-20;415,26;Rohdaten
2024-04-21;415,27;Rohdaten
2024-04-22;415,26;Rohdaten
2024-04-23;415,24;Rohdaten
2024-04-24;415,24;Rohdaten
2024-04-25;415,23;Rohdaten
2024-04-26;415,22;Rohdaten
2024-04-27;415,20;Rohdaten
2024-04-28;415,17;Rohdaten
2024-04-29;415,15;Rohdaten
2024-04-30;415,12;Rohdaten
2024-05-01;415,09;Rohdaten
2024-05-02;415,08;Rohdaten
2024-05-03;415,13;Rohdaten
2024-05-04;415,11;Rohdaten
2024-05-05;415,13;Rohdaten
2024-05-06;415,18;Rohdaten
2024-05-07;415,19;Rohdaten
2024-05-08;415,19;Rohdaten
2024-05-09;415,16;Rohdaten
2024-05-10;415,11;Rohdaten
2024-05-11;415,07;Rohdaten
2024-05-12;415,03;Rohdaten
2024-05-13;415,00;Rohdaten
2024-05-14;414,97;Rohdaten
2024-05-15;414,94;Rohdaten
2024-05-16;414,94;Rohdaten
2024-05-17;415,03;Rohdaten
2024-05-18;415,14;Rohdaten
2024-05-19;415,15;Rohdaten
2024-05-20;415,11;Rohdaten
2024-05-21;415,09;Rohdaten
2024-05-22;415,13;Rohdaten
2024-05-23;415,12;Rohdaten
2024-05-24;415,27;Rohdaten
2024-05-25;415,24;Rohdaten
2024-05-26;415,21;Rohdaten
2024-05-27;415,20;Rohdaten
2024-05-28;415,20;Rohdaten
2024-05-29;415,18;Rohdaten
2024-05-30;415,22;Rohdaten
2024-05-31;415,27;Rohdaten
2024-06-01;415,38;Rohdaten
2024-06-02;415,38;Rohdaten
2024-06-03;415,37;Rohdaten
2024-06-04;415,34;Rohdaten
2024-06-05;415,31;Rohdaten
2024-06-06;415,29;Rohdaten
2024-06-07;415,26;Rohdaten
2024-06-08;415,24;Rohdaten
2024-06-09;415,22;Rohdaten
2024-06-10;415,20;Rohdaten
2024-06-11;415,18;Rohdaten
2024-06-12;415,15;Rohdaten
2024-06-13;415,14;Rohdaten
2024-06-14;415,15;Rohdaten
2024-06-15;415,19;Rohdaten
2024-06-16;415,17;Rohdaten
2024-06-17;415,14;Rohdaten
2024-06-18;415,11;Rohdaten
2024-06-19;415,13;Rohdaten
2024-06-20;415,12;Rohdaten
2024-06-21;415,14;Rohdaten
2024-06-22;415,18;Rohdaten
2024-06-23;415,15;Rohdaten
2024-06-24;415,11;Rohdaten
2024-06-25;415,06;Rohdaten
2024-06-26;415,02;Rohdaten
2024-06-27;415,06;Rohdaten
2024-06-28;415,14;Rohdaten
2024-06-29;415,10;Rohdaten
2024-06-30;415,07;Rohdaten
2024-07-01;415,08;Rohdaten
2024-07-02;415,06;Rohdaten
2024-07-03;415,10;Rohdaten
2024-07-04;415,13;Rohdaten
2024-07-05;415,10;Rohdaten
2024-07-06;415,07;Rohdaten
2024-07-07;415,07;Rohdaten
2024-07-08;415,03;Rohdaten
2024-07-09;415,00;Rohdaten
2024-07-10;415,06;Rohdaten
2024-07-11;415,22;Rohdaten
2024-07-12;415,22;Rohdaten
2024-07-13;415,24;Rohdaten
2024-07-14;415,21;Rohdaten
2024-07-15;415,18;Rohdaten
2024-07-16;415,19;Rohdaten
2024-07-17;415,16;Rohdaten
2024-07-18;415,12;Rohdaten
2024-07-19;415,09;Rohdaten
2024-07-20;415,06;Rohdaten
2024-07-21;415,03;Rohdaten
2024-07-22;415,06;Rohdaten
2024-07-23;415,04;Rohdaten
2024-07-24;415,02;Rohdaten
2024-07-25;415,00;Rohdaten
2024-07-26;414,98;Rohdaten
2024-07-27;414,97;Rohdaten
2024-07-28;414,99;Rohdaten
2024-07-29;414,95;Rohdaten
2024-07-30;414,92;Rohdaten
2024-07-31;414,90;Rohdaten
2024-08-01;414,89;Rohdaten
2024-08-02;414,99;Rohdaten
2024-08-03;414,96;Rohdaten
2024-08-04;414,93;Rohdaten
2024-08-05;414,96;Rohdaten
2024-08-06;414,92;Rohdaten
2024-08-07;414,89;Rohdaten
2024-08-08;414,93;Rohdaten
2024-08-09;414,90;Rohdaten
2024-08-10;414,85;Rohdaten
2024-08-11;414,83;Rohdaten
2024-08-12;414,80;Rohdaten
2024-08-13;414,79;Rohdaten
2024-08-14;414,85;Rohdaten
2024-08-15;414,83;Rohdaten
2024-08-16;414,80;Rohdaten
2024-08-17;414,78;Rohdaten
2024-08-18;414,86;Rohdaten
2024-08-19;415,05;Rohdaten
2024-08-20;415,07;Rohdaten
2024-08-21;415,05;Rohdaten
2024-08-22;415,02;Rohdaten
2024-08-23;414,99;Rohdaten
2024-08-24;414,96;Rohdaten
2024-08-25;414,95;Rohdaten
2024-08-26;414,95;Rohdaten
2024-08-27;414,93;Rohdaten
2024-08-28;414,90;Rohdaten
2024-08-29;414,87;Rohdaten
2024-08-30;414,85;Rohdaten
2024-08-31;414,82;Rohdaten
2024-09-01;414,80;Rohdaten
2024-09-02;414,84;Rohdaten
2024-09-03;414,86;Rohdaten
2024-09-04;414,84;Rohdaten
2024-09-05;414,81;Rohdaten
2024-09-06;414,79;Rohdaten
2024-09-07;414,78;Rohdaten
2024-09-08;414,78;Rohdaten
2024-09-09;414,99;Rohdaten
2024-09-10;415,02;Rohdaten
2024-09-11;415,04;Rohdaten
2024-09-12;415,08;Rohdaten
2024-09-13;415,09;Rohdaten
2024-09-14;415,09;Rohdaten
2024-09-15;415,07;Rohdaten
2024-09-16;415,15;Rohdaten
2024-09-17;415,17;Rohdaten
2024-09-18;415,15;Rohdaten
2024-09-19;415,12;Rohdaten
2024-09-20;415,09;Rohdaten
2024-09-21;415,07;Rohdaten
2024-09-22;415,06;Rohdaten
2024-09-23;415,08;Rohdaten
2024-09-24;415,19;Rohdaten
2024-09-25;415,18;Rohdaten
2024-09-26;415,23;Rohdaten
2024-09-27;415,25;Rohdaten
2024-09-28;415,25;Rohdaten
2024-09-29;415,24;Rohdaten
2024-09-30;415,23;Rohdaten
