﻿Quelle:;"Bayerisches Landesamt für Umwelt, www.gkd.bayern.de"
Datenbankabfrage:;"08.10.2024 21:50"
Zeitbezug:;MEZ
Messstellen-Name:;Haundorf
Messstellen-Nr.:;3140
Ostwert:;631003;Nordwert:;5449777;"ETRS89 / UTM Zone 32N"

Datum;"Grundwasserstand [m ü. NN]";Prüfstatus
2024-03-19;428,34;Rohdaten
2024-03-20;428,33;Rohdaten
2024-03-21;428,33;Rohdaten
2024-03-22;428,33;Rohdaten
2024-03-23;428,39;Rohdaten
2024-03-24;428,41;Rohdaten
2024-03-25;428,42;Rohdaten
2024-03-26;428,47;Rohdaten
2024-03-27;428,52;Rohdaten
2024-03-28;428,51;Rohdaten
2024-03-29;428,46;Rohdaten
2024-03-30;428,46;Rohdaten
2024-03-31;428,46;Rohdaten
2024-04-01;428,46;Rohdaten
2024-04-02;428,40;Rohdaten
2024-04-03;428,38;Rohdaten
2024-04-04;428,37;Rohdaten
2024-04-05;428,35;Rohdaten
2024-04-06;428,34;Rohdaten
2024-04-07;428,34;Rohdaten
2024-04-08;428,36;Rohdaten
2024-04-09;428,37;Rohdaten
2024-04-10;428,29;Rohdaten
2024-04-11;428,25;Rohdaten
2024-04-12;428,25;Rohdaten
2024-04-13;428,27;Rohdaten
2024-04-14;428,31;Rohdaten
2024-04-15;428,38;Rohdaten
2024-04-16;428,41;Rohdaten
2024-04-17;428,41;Rohdaten
2024-04-18;428,38;Rohdaten
2024-04-19;428,38;Rohdaten
2024-04-20;428,38;Rohdaten
2024-04-21;428,36;Rohdaten
2024-04-22;428,34;Rohdaten
2024-04-23;428,36;Rohdaten
2024-04-24;428,39;Rohdaten
2024-04-25;428,41;Rohdaten
2024-04-26;428,41;Rohdaten
2024-04-27;428,40;Rohdaten
2024-04-28;428,38;Rohdaten
2024-04-29;428,34;Rohdaten
2024-04-30;428,35;Rohdaten
2024-05-01;428,40;Rohdaten
2024-05-02;428,44;Rohdaten
2024-05-03;428,40;Rohdaten
2024-05-04;428,36;Rohdaten
2024-05-05;428,38;Rohdaten
2024-05-06;428,39;Rohdaten
2024-05-07;428,37;Rohdaten
2024-05-08;428,32;Rohdaten
2024-05-09;428,30;Rohdaten
2024-05-10;428,31;Rohdaten
2024-05-11;428,32;Rohdaten
2024-05-12;428,33;Rohdaten
2024-05-13;428,36;Rohdaten
2024-05-14;428,39;Rohdaten
2024-05-15;428,41;Rohdaten
2024-05-16;428,41;Rohdaten
2024-05-17;428,42;Rohdaten
2024-05-18;428,40;Rohdaten
2024-05-19;428,38;Rohdaten
2024-05-20;428,38;Rohdaten
2024-05-21;428,40;Rohdaten
2024-05-22;428,39;Rohdaten
2024-05-23;428,35;Rohdaten
2024-05-24;428,35;Rohdaten
2024-05-25;428,34;Rohdaten
2024-05-26;428,33;Rohdaten
2024-05-27;428,33;Rohdaten
2024-05-28;428,33;Rohdaten
2024-05-29;428,35;Rohdaten
2024-05-30;428,40;Rohdaten
2024-05-31;428,41;Rohdaten
2024-06-01;428,41;Rohdaten
2024-06-02;428,38;Rohdaten
2024-06-03;428,37;Rohdaten
2024-06-04;428,38;Rohdaten
2024-06-05;428,39;Rohdaten
2024-06-06;428,38;Rohdaten
