﻿Quelle:;"Bayerisches Landesamt für Umwelt, www.gkd.bayern.de"
Datenbankabfrage:;"08.10.2024 21:50"
Zeitbezug:;MEZ
Messstellen-Name:;Rothenburg
Messstellen-Nr.:;3143
Ostwert:;588076;Nordwert:;5470805;"ETRS89 / UTM Zone 32N"

Datum;"Grundwasserstand [m ü. NN]";Prüfstatus
2024-01-01;369,39;Rohdaten
2024-01-02;369,47;Rohdaten
2024-01-03;369,50;Rohdaten
2024-01-04;369,44;Rohdaten
2024-01-05;369,44;Rohdaten
2024-01-06;369,41;Rohdaten
2024-01-07;369,33;Rohdaten
2024-01-08;369,26;Rohdaten
2024-01-09;369,23;Rohdaten
2024-01-10;369,24;Rohdaten
2024-01-11;369,22;Rohdaten
2024-01-12;369,22;Rohdaten
2024-01-13;369,28;Rohdaten
2024-01-14;369,40;Rohdaten
2024-01-15;369,47;Rohdaten
2024-01-16;369,42;Rohdaten
2024-01-17;369,57;Rohdaten
2024-01-18;369,55;Rohdaten
2024-01-19;369,31;Rohdaten
2024-01-20;369,21;Rohdaten
2024-01-21;369,23;Rohdaten
2024-01-22;369,31;Rohdaten
2024-01-23;369,24;Rohdaten
2024-01-24;369,26;Rohdaten
2024-01-25;369,22;Rohdaten
2024-01-26;369,24;Rohdaten
2024-01-27;369,16;Rohdaten
2024-01-28;369,19;Rohdaten
2024-01-29;369,21;Rohdaten
2024-01-30;369,21;Rohdaten
2024-01-31;369,20;Rohdaten
2024-02-01;369,23;Rohdaten
2024-02-02;369,23;Rohdaten
2024-02-03;369,25;Rohdaten
2024-02-04;369,28;Rohdaten
2024-02-05;369,31;Rohdaten
2024-02-06;369,36;Rohdaten
2024-02-07;369,46;Rohdaten
2024-02-08;369,53;Rohdaten
2024-02-09;369,60;Rohdaten
2024-02-10;369,64;Rohdaten
2024-02-11;369,59;Rohdaten
2024-02-12;369,47;Rohdaten
2024-02-13;369,32;Rohdaten
2024-02-14;369,30;Rohdaten
2024-02-15;369,31;Rohdaten
2024-02-16;369,33;Rohdaten
2024-02-17;369,22;Rohdaten
2024-02-18;369,22;Rohdaten
2024-02-19;369,26;Rohdaten
2024-02-20;369,25;Rohdaten
2024-02-21;369,33;Rohdaten
2024-02-22;369,54;Rohdaten
2024-02-23;369,55;Rohdaten
2024-02-24;369,50;Rohdaten
2024-02-25;369,48;Rohdaten
2024-02-26;369,51;Rohdaten
2024-02-27;369,40;Rohdaten
2024-02-28;369,32;Rohdaten
2024-02-29;369,37;Rohdaten
2024-03-01;369,45;Rohdaten
2024-03-02;369,47;Rohdaten
2024-03-03;369,51;Rohdaten
2024-03-04;369,43;Rohdaten
2024-03-05;369,37;Rohdaten
2024-03-06;369,32;Rohdaten
2024-03-07;369,32;Rohdaten
2024-03-08;369,40;Rohdaten
2024-03-09;369,49;Rohdaten
2024-03-10;369,56;Rohdaten
2024-03-11;369,47;Rohdaten
2024-03-12;369,37;Rohdaten
2024-03-13;369,35;Rohdaten
2024-03-14;369,36;Rohdaten
2024-03-15;369,38;Rohdaten
2024-03-16;369,33;Rohdaten
2024-03-17;369,30;Rohdaten
2024-03-18;369,35;Rohdaten
2024-03-19;369,33;Rohdaten
2024-03-20;369,32;Rohdaten
2024-03-21;369,31;Rohdaten
2024-03-22;369,34;Rohdaten
2024-03-23;369,44;Rohdaten
2024-03-24;369,46;Rohdaten
2024-03-25;369,47;Rohdaten
2024-03-26;369,58;Rohdaten
2024-03-27;369,65;Rohdaten
2024-03-28;369,59;Rohdaten
2024-03-29;369,52;Rohdaten
2024-03-30;369,53;Rohdaten
2024-03-31;369,53;Rohdaten
2024-04-01;369,53;Rohdaten
2024-04-02;369,41;Rohdaten
2024-04-03;369,41;Rohdaten
2024-04-04;369,38;Rohdaten
2024-04-05;369,34;Rohdaten
2024-04-06;369,33;Rohdaten
2024-04-07;369,33;Rohdaten
2024-04-08;369,39;Rohdaten
2024-04-09;369,37;Rohdaten
2024-04-10;369,24;Rohdaten
2024-04-11;369,19;Rohdaten
2024-04-12;369,20;Rohdaten
2024-04-13;369,25;Rohdaten
2024-04-14;369,32;Rohdaten
2024-04-15;369,43;Rohdaten
2024-04-16;369,48;Rohdaten
2024-04-17;369,46;Rohdaten
2024-04-18;369,39;Rohdaten
2024-04-19;369,43;Rohdaten
2024-04-20;369,38;Rohdaten
2024-04-21;369,37;Rohdaten
2024-04-22;369,34;Rohdaten
2024-04-23;369,38;Rohdaten
2024-04-24;369,46;Rohdaten
2024-04-25;369,47;Rohdaten
2024-04-26;369,48;Rohdaten
2024-04-27;369,44;Rohdaten
2024-04-28;369,40;Rohdaten
2024-04-29;369,32;Rohdaten
2024-04-30;369,37;Rohdaten
2024-05-01;369,46;Rohdaten
2024-05-02;369,52;Rohdaten
2024-05-03;369,41;Rohdaten
2024-05-04;369,38;Rohdaten
2024-05-05;369,42;Rohdaten
2024-05-06;369,44;Rohdaten
2024-05-07;369,38;Rohdaten
2024-05-08;369,30;Rohdaten
2024-05-09;369,28;Rohdaten
2024-05-10;369,31;Rohdaten
2024-05-11;369,32;Rohdaten
2024-05-12;369,36;Rohdaten
2024-05-13;369,40;Rohdaten
2024-05-14;369,45;Rohdaten
2024-05-15;369,47;Rohdaten
2024-05-16;369,48;Rohdaten
2024-05-17;369,49;Rohdaten
2024-05-18;369,43;Rohdaten
2024-05-19;369,42;Rohdaten
2024-05-20;369,42;Rohdaten
2024-05-21;369,47;Rohdaten
2024-05-22;369,42;Rohdaten
2024-05-23;369,37;Rohdaten
2024-05-24;369,36;Rohdaten
2024-05-25;369,35;Rohdaten
2024-05-26;369,35;Rohdaten
2024-05-27;369,35;Rohdaten
2024-05-28;369,34;Rohdaten
2024-05-29;369,39;Rohdaten
2024-05-30;369,47;Rohdaten
2024-05-31;369,46;Rohdaten
2024-06-01;369,41;Rohdaten
2024-06-02;369,36;Rohdaten
2024-06-03;369,36;Rohdaten
2024-06-04;369,39;Rohdaten
2024-06-05;369,39;Rohdaten
2024-06-06;369,36;Rohdaten
2024-06-07;369,35;Rohdaten
2024-06-08;369,40;Rohdaten
2024-06-09;369,44;Rohdaten
2024-06-10;369,46;Rohdaten
2024-06-11;369,39;Rohdaten
2024-06-12;369,36;Rohdaten
2024-06-13;369,36;Rohdaten
2024-06-14;369,41;Rohdaten
2024-06-15;369,44;Rohdaten
2024-06-16;369,42;Rohdaten
2024-06-17;369,39;Rohdaten
2024-06-18;369,39;Rohdaten
2024-06-19;369,37;Rohdaten
2024-06-20;369,34;Rohdaten
2024-06-21;369,39;Rohdaten
2024-06-22;369,38;Rohdaten
2024-06-23;369,35;Rohdaten
2024-06-24;369,35;Rohdaten
2024-06-25;369,39;Rohdaten
2024-06-26;369,42;Rohdaten
2024-06-27;369,42;Rohdaten
2024-06-28;369,38;Rohdaten
2024-06-29;369,40;Rohdaten
2024-06-30;369,44;Rohdaten
2024-07-01;369,40;Rohdaten
2024-07-02;369,40;Rohdaten
2024-07-03;369,44;Rohdaten
2024-07-04;369,44;Rohdaten
2024-07-05;369,41;Rohdaten
2024-07-06;369,46;Rohdaten
2024-07-07;369,39;Rohdaten
2024-07-08;369,36;Rohdaten
2024-07-09;369,37;Rohdaten
2024-07-10;369,37;Rohdaten
2024-07-11;369,37;Rohdaten
2024-07-12;369,43;Rohdaten
2024-07-13;369,41;Rohdaten
2024-07-14;369,40;Rohdaten
2024-07-15;369,42;Rohdaten
2024-07-16;369,40;Rohdaten
2024-07-17;369,34;Rohdaten
2024-07-18;369,33;Rohdaten
2024-07-19;369,36;Rohdaten
2024-07-20;369,43;Rohdaten
2024-07-21;369,45;Rohdaten
2024-07-22;369,38;Rohdaten
2024-07-23;369,36;Rohdaten
2024-07-24;369,36;Rohdaten
2024-07-25;369,40;Rohdaten
2024-07-26;369,42;Rohdaten
2024-07-27;369,41;Rohdaten
2024-07-28;369,32;Rohdaten
2024-07-29;369,32;Rohdaten
2024-07-30;369,37;Rohdaten
2024-07-31;369,41;Rohdaten
2024-08-01;369,44;Rohdaten
2024-08-02;369,44;Rohdaten
2024-08-03;369,43;Rohdaten
2024-08-04;369,41;Rohdaten
2024-08-05;369,40;Rohdaten
2024-08-06;369,42;Rohdaten
2024-08-07;369,42;Rohdaten
2024-08-08;369,38;Rohdaten
2024-08-09;369,37;Rohdaten
2024-08-10;369,34;Rohdaten
2024-08-11;369,34;Rohdaten
2024-08-12;369,40;Rohdaten
2024-08-13;369,43;Rohdaten
2024-08-14;369,42;Rohdaten
2024-08-15;369,37;Rohdaten
2024-08-16;369,38;Rohdaten
2024-08-17;369,41;Rohdaten
2024-08-18;369,45;Rohdaten
2024-08-19;369,39;Rohdaten
2024-08-20;369,42;Rohdaten
2024-08-21;369,39;Rohdaten
2024-08-22;369,40;Rohdaten
2024-08-23;369,42;Rohdaten
2024-08-24;369,42;Rohdaten
2024-08-25;369,35;Rohdaten
2024-08-26;369,33;Rohdaten
2024-08-27;369,34;Rohdaten
2024-08-28;369,37;Rohdaten
2024-08-29;369,37;Rohdaten
2024-08-30;369,37;Rohdaten
2024-08-31;369,35;Rohdaten
2024-09-01;369,38;Rohdaten
2024-09-02;369,41;Rohdaten
2024-09-03;369,40;Rohdaten
2024-09-04;369,41;Rohdaten
2024-09-05;369,47;Rohdaten
2024-09-06;369,43;Rohdaten
2024-09-07;369,42;Rohdaten
2024-09-08;369,45;Rohdaten
2024-09-09;369,48;Rohdaten
2024-09-10;369,42;Rohdaten
2024-09-11;369,47;Rohdaten
2024-09-12;369,43;Rohdaten
2024-09-13;369,37;Rohdaten
2024-09-14;369,30;Rohdaten
2024-09-15;369,31;Rohdaten
2024-09-16;369,34;Rohdaten
2024-09-17;369,33;Rohdaten
2024-09-18;369,32;Rohdaten
2024-09-19;369,34;Rohdaten
2024-09-20;369,34;Rohdaten
2024-09-21;369,35;Rohdaten
2024-09-22;369,39;Rohdaten
2024-09-23;369,44;Rohdaten
2024-09-24;369,47;Rohdaten
2024-09-25;369,47;Rohdaten
2024-09-26;369,55;Rohdaten
2024-09-27;369,50;Rohdaten
2024-09-28;369,37;Rohdaten
2024-09-29;369,29;Rohdaten
2024-09-30;369,38;Rohdaten
