﻿Quelle:;"Bayerisches Landesamt für Umwelt, www.gkd.bayern.de"
Datenbankabfrage:;"08.10.2024 21:50"
Zeitbezug:;MEZ
Messstellen-Name:;Wassertrüdingen-Schobdach
Messstellen-Nr.:;3147
Ostwert:;617888;Nordwert:;5432096;"ETRS89 / UTM Zone 32N"

Datum;"Grundwasserstand [m ü. NN]";Prüfstatus
2024-01-01;420,72;Rohdaten
2024-01-02;420,74;Rohdaten
2024-01-03;420,77;Rohdaten
2024-01-04;420,79;Rohdaten
2024-01-05;420,80;Rohdaten
2024-01-06;420,77;Rohdaten
2024-01-07;420,75;Rohdaten
2024-01-08;420,73;Rohdaten
2024-01-09;420,71;Rohdaten
2024-01-10;420,69;Rohdaten
2024-01-11;420,67;Rohdaten
2024-01-12;420,66;Rohdaten
2024-01-13;420,65;Rohdaten
2024-01-14;420,65;Rohdaten
2024-01-15;420,64;Rohdaten
2024-01-16;420,63;Rohdaten
2024-01-17;420,65;Rohdaten
2024-01-18;420,67;Rohdaten
2024-01-19;420,67;Rohdaten
2024-01-20;420,66;Rohdaten
2024-01-21;420,65;Rohdaten
2024-01-22;420,64;Rohdaten
2024-01-23;420,66;Rohdaten
2024-01-24;420,70;Rohdaten
2024-01-25;420,73;Rohdaten
2024-01-26;420,73;Rohdaten
2024-01-27;420,73;Rohdaten
2024-01-28;420,72;Rohdaten
2024-01-29;420,70;Rohdaten
2024-01-30;420,69;Rohdaten
2024-01-31;420,68;Rohdaten
2024-02-01;420,68;Rohdaten
2024-02-02;420,68;Rohdaten
2024-02-03;420,67;Rohdaten
2024-02-04;420,66;Rohdaten
2024-02-05;420,66;Rohdaten
2024-02-06;420,65;Rohdaten
2024-02-07;420,65;Rohdaten
2024-02-08;420,68;Rohdaten
2024-02-09;420,74;Rohdaten
2024-02-10;420,77;Rohdaten
2024-02-11;420,80;Rohdaten
2024-02-12;420,81;Rohdaten
2024-02-13;420,78;Rohdaten
2024-02-14;420,76;Rohdaten
2024-02-15;420,73;Rohdaten
2024-02-16;420,72;Rohdaten
2024-02-17;420,70;Rohdaten
2024-02-18;420,69;Rohdaten
2024-02-19;420,69;Rohdaten
2024-02-20;420,70;Rohdaten
2024-02-21;420,70;Rohdaten
2024-02-22;420,71;Rohdaten
2024-02-23;420,74;Rohdaten
2024-02-24;420,73;Rohdaten
2024-02-25;420,71;Rohdaten
2024-02-26;420,70;Rohdaten
2024-02-27;420,68;Rohdaten
2024-02-28;420,67;Rohdaten
2024-02-29;420,66;Rohdaten
2024-03-01;420,66;Rohdaten
2024-03-02;420,65;Rohdaten
2024-03-03;420,64;Rohdaten
2024-03-04;420,63;Rohdaten
2024-03-05;420,62;Rohdaten
2024-03-06;420,62;Rohdaten
2024-03-07;420,62;Rohdaten
2024-03-08;420,61;Rohdaten
2024-03-09;420,61;Rohdaten
2024-03-10;420,61;Rohdaten
2024-03-11;420,59;Rohdaten
2024-03-12;420,58;Rohdaten
2024-03-13;420,58;Rohdaten
2024-03-14;420,57;Rohdaten
2024-03-15;420,57;Rohdaten
2024-03-16;420,57;Rohdaten
2024-03-17;420,57;Rohdaten
2024-03-18;420,57;Rohdaten
2024-03-19;420,56;Rohdaten
2024-03-20;420,56;Rohdaten
2024-03-21;420,56;Rohdaten
2024-03-22;420,57;Rohdaten
2024-03-23;420,55;Rohdaten
2024-03-24;420,55;Rohdaten
2024-03-25;420,55;Rohdaten
2024-03-26;420,55;Rohdaten
2024-03-27;420,54;Rohdaten
2024-03-28;420,57;Rohdaten
2024-03-29;420,57;Rohdaten
2024-03-30;420,56;Rohdaten
2024-03-31;420,56;Rohdaten
2024-04-01;420,55;Rohdaten
2024-04-02;420,54;Rohdaten
2024-04-03;420,54;Rohdaten
2024-04-04;420,54;Rohdaten
2024-04-05;420,54;Rohdaten
2024-04-06;420,53;Rohdaten
2024-04-07;420,52;Rohdaten
2024-04-08;420,52;Rohdaten
2024-04-09;420,51;Rohdaten
2024-04-10;420,50;Rohdaten
2024-04-11;420,49;Rohdaten
2024-04-12;420,49;Rohdaten
2024-04-13;420,49;Rohdaten
2024-04-14;420,49;Rohdaten
2024-04-15;420,49;Rohdaten
2024-04-16;420,49;Rohdaten
2024-04-17;420,49;Rohdaten
2024-04-18;420,49;Rohdaten
2024-05-14;420,38;Rohdaten
2024-05-15;420,39;Rohdaten
2024-05-16;420,39;Rohdaten
2024-05-17;420,43;Rohdaten
2024-05-18;420,49;Rohdaten
2024-05-19;420,50;Rohdaten
2024-05-20;420,48;Rohdaten
2024-05-21;420,49;Rohdaten
2024-05-22;420,48;Rohdaten
2024-05-23;420,47;Rohdaten
2024-05-24;420,49;Rohdaten
2024-05-25;420,49;Rohdaten
2024-05-26;420,48;Rohdaten
2024-05-27;420,47;Rohdaten
2024-05-28;420,46;Rohdaten
2024-05-29;420,45;Rohdaten
2024-05-30;420,45;Rohdaten
2024-05-31;420,49;Rohdaten
2024-06-01;420,72;Rohdaten
2024-06-02;420,84;Rohdaten
2024-06-03;420,86;Rohdaten
2024-06-04;420,85;Rohdaten
2024-06-05;420,81;Rohdaten
2024-06-06;420,76;Rohdaten
2024-06-07;420,72;Rohdaten
2024-06-08;420,70;Rohdaten
2024-06-09;420,68;Rohdaten
2024-06-10;420,65;Rohdaten
2024-06-11;420,62;Rohdaten
2024-06-12;420,60;Rohdaten
2024-06-13;420,58;Rohdaten
2024-06-14;420,57;Rohdaten
2024-06-15;420,56;Rohdaten
2024-06-16;420,54;Rohdaten
2024-06-17;420,52;Rohdaten
2024-06-18;420,50;Rohdaten
2024-06-19;420,48;Rohdaten
2024-06-20;420,47;Rohdaten
2024-06-21;420,48;Rohdaten
2024-06-22;420,48;Rohdaten
2024-06-23;420,50;Rohdaten
2024-06-24;420,47;Rohdaten
2024-06-25;420,45;Rohdaten
2024-06-26;420,43;Rohdaten
2024-06-27;420,47;Rohdaten
2024-06-28;420,45;Rohdaten
2024-06-29;420,43;Rohdaten
2024-06-30;420,43;Rohdaten
2024-07-01;420,42;Rohdaten
2024-07-02;420,42;Rohdaten
2024-07-03;420,43;Rohdaten
2024-07-04;420,44;Rohdaten
2024-07-05;420,41;Rohdaten
2024-07-06;420,40;Rohdaten
2024-07-07;420,40;Rohdaten
2024-07-08;420,38;Rohdaten
2024-07-09;420,36;Rohdaten
2024-07-10;420,38;Rohdaten
2024-07-11;420,48;Rohdaten
2024-07-12;420,51;Rohdaten
2024-07-13;420,56;Rohdaten
2024-07-14;420,55;Rohdaten
2024-07-15;420,52;Rohdaten
2024-07-16;420,55;Rohdaten
2024-07-17;420,53;Rohdaten
2024-07-18;420,50;Rohdaten
2024-07-19;420,48;Rohdaten
2024-07-20;420,46;Rohdaten
2024-07-21;420,44;Rohdaten
2024-07-22;420,43;Rohdaten
2024-07-23;420,41;Rohdaten
2024-07-24;420,41;Rohdaten
2024-07-25;420,39;Rohdaten
2024-07-26;420,38;Rohdaten
2024-07-27;420,37;Rohdaten
2024-07-28;420,37;Rohdaten
2024-07-29;420,35;Rohdaten
2024-07-30;420,33;Rohdaten
2024-07-31;420,32;Rohdaten
2024-08-01;420,32;Rohdaten
2024-08-02;420,38;Rohdaten
2024-08-03;420,37;Rohdaten
2024-08-04;420,35;Rohdaten
2024-08-05;420,35;Rohdaten
2024-08-06;420,33;Rohdaten
2024-08-07;420,31;Rohdaten
2024-08-08;420,32;Rohdaten
2024-08-09;420,30;Rohdaten
2024-08-10;420,29;Rohdaten
2024-08-11;420,28;Rohdaten
2024-08-12;420,26;Rohdaten
2024-08-13;420,25;Rohdaten
2024-08-14;420,24;Rohdaten
2024-08-15;420,23;Rohdaten
2024-08-16;420,23;Rohdaten
2024-08-17;420,23;Rohdaten
2024-08-18;420,25;Rohdaten
2024-08-19;420,33;Rohdaten
2024-08-20;420,34;Rohdaten
2024-08-21;420,33;Rohdaten
2024-08-22;420,32;Rohdaten
2024-08-23;420,29;Rohdaten
2024-08-24;420,27;Rohdaten
2024-08-25;420,26;Rohdaten
2024-08-26;420,26;Rohdaten
2024-08-27;420,24;Rohdaten
2024-08-28;420,23;Rohdaten
2024-08-29;420,22;Rohdaten
2024-08-30;420,21;Rohdaten
2024-08-31;420,20;Rohdaten
2024-09-01;420,19;Rohdaten
2024-09-02;420,20;Rohdaten
2024-09-03;420,19;Rohdaten
2024-09-04;420,19;Rohdaten
2024-09-05;420,18;Rohdaten
2024-09-06;420,17;Rohdaten
2024-09-07;420,17;Rohdaten
2024-09-08;420,16;Rohdaten
2024-09-09;420,20;Rohdaten
2024-09-10;420,21;Rohdaten
2024-09-11;420,22;Rohdaten
2024-09-12;420,24;Rohdaten
2024-09-13;420,24;Rohdaten
2024-09-14;420,24;Rohdaten
2024-09-15;420,23;Rohdaten
2024-09-16;420,25;Rohdaten
2024-09-17;420,27;Rohdaten
2024-09-18;420,25;Rohdaten
2024-09-19;420,24;Rohdaten
2024-09-20;420,23;Rohdaten
2024-09-21;420,23;Rohdaten
2024-09-22;420,23;Rohdaten
2024-09-23;420,23;Rohdaten
2024-09-24;420,25;Rohdaten
2024-09-25;420,25;Rohdaten
2024-09-26;420,28;Rohdaten
2024-09-27;420,32;Rohdaten
2024-09-28;420,34;Rohdaten
2024-09-29;420,35;Rohdaten
2024-09-30;420,35;Rohdaten
