﻿Quelle:;"Bayerisches Landesamt für Umwelt, www.gkd.bayern.de"
Datenbankabfrage:;"08.10.2024 21:50"
Zeitbezug:;MEZ
Messstellen-Name:;Herrieden
Messstellen-Nr.:;3148
Ostwert:;608669;Nordwert:;5453675;"ETRS89 / UTM Zone 32N"

Datum;"Grundwasserstand [m ü. NN]";Prüfstatus
2024-01-01;419,35;Rohdaten
2024-01-02;419,41;Rohdaten
2024-01-03;419,49;Rohdaten
2024-01-04;419,53;Rohdaten
2024-01-05;419,55;Rohdaten
2024-01-06;419,49;Rohdaten
2024-01-07;419,44;Rohdaten
2024-01-08;419,40;Rohdaten
2024-01-09;419,35;Rohdaten
2024-01-10;419,32;Rohdaten
2024-01-11;419,30;Rohdaten
2024-01-12;419,28;Rohdaten
2024-01-13;419,28;Rohdaten
2024-01-14;419,27;Rohdaten
2024-01-15;419,25;Rohdaten
2024-01-16;419,24;Rohdaten
2024-01-17;419,28;Rohdaten
2024-01-18;419,37;Rohdaten
2024-01-19;419,37;Rohdaten
2024-01-20;419,36;Rohdaten
2024-01-21;419,34;Rohdaten
2024-01-22;419,34;Rohdaten
2024-01-23;419,44;Rohdaten
2024-01-24;419,48;Rohdaten
2024-01-25;419,47;Rohdaten
2024-01-26;419,45;Rohdaten
2024-01-27;419,44;Rohdaten
2024-01-28;419,42;Rohdaten
2024-01-29;419,40;Rohdaten
2024-01-30;419,38;Rohdaten
2024-01-31;419,38;Rohdaten
2024-02-01;419,39;Rohdaten
2024-02-02;419,39;Rohdaten
2024-02-03;419,37;Rohdaten
2024-02-04;419,36;Rohdaten
2024-02-05;419,35;Rohdaten
2024-02-06;419,34;Rohdaten
2024-02-07;419,35;Rohdaten
2024-02-08;419,41;Rohdaten
2024-02-09;419,44;Rohdaten
2024-02-10;419,45;Rohdaten
2024-02-11;419,46;Rohdaten
2024-02-12;419,45;Rohdaten
2024-02-13;419,41;Rohdaten
2024-02-14;419,39;Rohdaten
2024-02-15;419,38;Rohdaten
2024-02-16;419,37;Rohdaten
2024-02-17;419,36;Rohdaten
2024-02-18;419,36;Rohdaten
2024-02-19;419,37;Rohdaten
2024-02-20;419,37;Rohdaten
2024-02-21;419,37;Rohdaten
2024-02-22;419,42;Rohdaten
2024-02-23;419,46;Rohdaten
2024-02-24;419,43;Rohdaten
2024-02-25;419,42;Rohdaten
2024-02-26;419,39;Rohdaten
2024-02-27;419,37;Rohdaten
2024-02-28;419,35;Rohdaten
2024-02-29;419,35;Rohdaten
2024-03-01;419,34;Rohdaten
2024-03-02;419,33;Rohdaten
2024-03-03;419,32;Rohdaten
2024-03-04;419,30;Rohdaten
2024-03-05;419,29;Rohdaten
2024-03-06;419,29;Rohdaten
2024-03-07;419,29;Rohdaten
2024-03-08;419,28;Rohdaten
2024-03-09;419,28;Rohdaten
2024-03-10;419,27;Rohdaten
2024-03-11;419,25;Rohdaten
2024-03-12;419,24;Rohdaten
2024-03-13;419,25;Rohdaten
2024-03-14;419,25;Rohdaten
2024-03-15;419,24;Rohdaten
2024-03-16;419,27;Rohdaten
2024-03-17;419,29;Rohdaten
2024-03-18;419,28;Rohdaten
2024-03-19;419,25;Rohdaten
2024-03-20;419,23;Rohdaten
2024-03-21;419,22;Rohdaten
2024-03-22;419,21;Rohdaten
2024-03-23;419,21;Rohdaten
2024-03-24;419,22;Rohdaten
2024-03-25;419,24;Rohdaten
2024-03-26;419,23;Rohdaten
2024-03-27;419,21;Rohdaten
2024-03-28;419,30;Rohdaten
2024-03-29;419,30;Rohdaten
2024-03-30;419,29;Rohdaten
2024-03-31;419,28;Rohdaten
2024-04-01;419,27;Rohdaten
2024-04-02;419,25;Rohdaten
2024-04-03;419,25;Rohdaten
2024-04-04;419,30;Rohdaten
2024-04-05;419,34;Rohdaten
2024-04-06;419,30;Rohdaten
2024-04-07;419,28;Rohdaten
2024-04-08;419,26;Rohdaten
2024-04-09;419,23;Rohdaten
2024-04-10;419,20;Rohdaten
2024-04-11;419,18;Rohdaten
2024-04-12;419,16;Rohdaten
2024-04-13;419,14;Rohdaten
2024-04-14;419,13;Rohdaten
2024-04-15;419,15;Rohdaten
2024-04-16;419,17;Rohdaten
2024-04-17;419,19;Rohdaten
2024-04-18;419,17;Rohdaten
2024-04-19;419,19;Rohdaten
2024-04-20;419,23;Rohdaten
2024-04-21;419,26;Rohdaten
2024-04-22;419,29;Rohdaten
2024-04-23;419,26;Rohdaten
2024-04-24;419,25;Rohdaten
2024-04-25;419,27;Rohdaten
2024-04-26;419,23;Rohdaten
2024-04-27;419,19;Rohdaten
2024-04-28;419,16;Rohdaten
2024-04-29;419,12;Rohdaten
2024-04-30;419,11;Rohdaten
2024-05-01;419,09;Rohdaten
2024-05-02;419,10;Rohdaten
2024-05-03;419,31;Rohdaten
2024-05-04;419,28;Rohdaten
2024-05-05;419,28;Rohdaten
2024-05-06;419,30;Rohdaten
2024-05-07;419,28;Rohdaten
2024-05-08;419,25;Rohdaten
2024-05-09;419,22;Rohdaten
2024-05-10;419,19;Rohdaten
2024-05-11;419,15;Rohdaten
2024-05-12;419,12;Rohdaten
2024-05-13;419,08;Rohdaten
2024-05-14;419,06;Rohdaten
2024-05-15;419,03;Rohdaten
2024-05-16;419,02;Rohdaten
2024-05-17;419,04;Rohdaten
2024-05-18;419,09;Rohdaten
2024-05-19;419,10;Rohdaten
2024-05-20;419,07;Rohdaten
2024-05-21;419,06;Rohdaten
2024-05-22;419,06;Rohdaten
2024-05-23;419,03;Rohdaten
2024-05-24;419,33;Rohdaten
2024-05-25;419,31;Rohdaten
2024-05-26;419,26;Rohdaten
2024-05-27;419,23;Rohdaten
2024-05-28;419,20;Rohdaten
2024-05-29;419,17;Rohdaten
2024-05-30;419,20;Rohdaten
2024-05-31;419,28;Rohdaten
2024-06-01;419,57;Rohdaten
2024-06-02;419,63;Rohdaten
2024-06-03;419,67;Rohdaten
2024-06-04;419,73;Rohdaten
2024-06-05;419,67;Rohdaten
2024-06-06;419,58;Rohdaten
2024-06-07;419,49;Rohdaten
2024-06-08;419,41;Rohdaten
2024-06-09;419,35;Rohdaten
2024-06-10;419,31;Rohdaten
2024-06-11;419,27;Rohdaten
2024-06-12;419,24;Rohdaten
2024-06-13;419,21;Rohdaten
2024-06-14;419,20;Rohdaten
2024-06-15;419,21;Rohdaten
2024-06-16;419,19;Rohdaten
2024-06-17;419,15;Rohdaten
2024-06-18;419,13;Rohdaten
2024-06-19;419,12;Rohdaten
2024-06-20;419,10;Rohdaten
2024-06-21;419,10;Rohdaten
2024-06-22;419,10;Rohdaten
2024-06-23;419,08;Rohdaten
2024-06-24;419,04;Rohdaten
2024-06-25;419,01;Rohdaten
2024-06-26;419,01;Rohdaten
2024-06-27;419,14;Rohdaten
2024-06-28;419,10;Rohdaten
2024-06-29;419,07;Rohdaten
2024-06-30;419,04;Rohdaten
2024-07-01;419,02;Rohdaten
2024-07-02;419,00;Rohdaten
2024-07-03;419,00;Rohdaten
2024-07-04;419,01;Rohdaten
2024-07-05;418,98;Rohdaten
2024-07-06;418,95;Rohdaten
2024-07-07;418,91;Rohdaten
2024-07-08;418,88;Rohdaten
2024-07-09;418,86;Rohdaten
2024-07-10;418,85;Rohdaten
2024-07-11;418,86;Rohdaten
2024-07-12;418,88;Rohdaten
2024-07-13;418,95;Rohdaten
2024-07-14;418,93;Rohdaten
2024-07-15;418,90;Rohdaten
2024-07-16;418,88;Rohdaten
2024-07-17;418,84;Rohdaten
2024-07-18;418,81;Rohdaten
2024-07-19;418,79;Rohdaten
2024-07-20;418,77;Rohdaten
2024-07-21;418,74;Rohdaten
2024-07-22;418,72;Rohdaten
2024-07-23;418,71;Rohdaten
2024-07-24;418,70;Rohdaten
2024-07-25;418,68;Rohdaten
2024-07-26;418,66;Rohdaten
2024-07-27;418,64;Rohdaten
2024-07-28;418,63;Rohdaten
2024-07-29;418,62;Rohdaten
2024-07-30;418,60;Rohdaten
2024-07-31;418,58;Rohdaten
2024-08-01;418,58;Rohdaten
2024-08-02;418,59;Rohdaten
2024-08-03;418,59;Rohdaten
2024-08-06;418,55;Rohdaten
2024-08-07;418,54;Rohdaten
2024-08-08;418,53;Rohdaten
2024-08-09;418,51;Rohdaten
2024-08-10;418,48;Rohdaten
2024-08-11;418,47;Rohdaten
2024-08-12;418,46;Rohdaten
2024-08-13;418,44;Rohdaten
2024-08-14;418,45;Rohdaten
2024-08-15;418,43;Rohdaten
2024-08-16;418,42;Rohdaten
2024-08-17;418,41;Rohdaten
2024-08-18;418,43;Rohdaten
2024-08-19;418,50;Rohdaten
2024-08-20;418,53;Rohdaten
2024-08-21;418,52;Rohdaten
2024-08-22;418,51;Rohdaten
2024-08-23;418,48;Rohdaten
2024-08-24;418,45;Rohdaten
2024-08-25;418,41;Rohdaten
2024-08-26;418,41;Rohdaten
2024-08-27;418,40;Rohdaten
2024-08-28;418,38;Rohdaten
2024-08-29;418,36;Rohdaten
2024-08-30;418,34;Rohdaten
2024-08-31;418,33;Rohdaten
2024-09-01;418,33;Rohdaten
2024-09-02;418,41;Rohdaten
2024-09-03;418,49;Rohdaten
2024-09-04;418,49;Rohdaten
2024-09-05;418,49;Rohdaten
2024-09-06;418,46;Rohdaten
2024-09-07;418,45;Rohdaten
2024-09-08;418,44;Rohdaten
2024-09-09;418,47;Rohdaten
2024-09-10;418,46;Rohdaten
2024-09-11;418,48;Rohdaten
2024-09-12;418,49;Rohdaten
2024-09-13;418,48;Rohdaten
2024-09-14;418,47;Rohdaten
2024-09-15;418,46;Rohdaten
2024-09-16;418,49;Rohdaten
2024-09-17;418,50;Rohdaten
2024-09-18;418,49;Rohdaten
2024-09-19;418,47;Rohdaten
2024-09-20;418,45;Rohdaten
2024-09-21;418,44;Rohdaten
2024-09-22;418,44;Rohdaten
2024-09-23;418,45;Rohdaten
2024-09-24;418,54;Rohdaten
2024-09-25;418,53;Rohdaten
2024-09-26;418,63;Rohdaten
2024-09-27;418,74;Rohdaten
2024-09-28;418,73;Rohdaten
2024-09-29;418,72;Rohdaten
2024-09-30;418,73;Rohdaten
