﻿Quelle:;"Bayerisches Landesamt für Umwelt, www.gkd.bayern.de"
Datenbankabfrage:;"08.10.2024 21:50"
Zeitbezug:;MEZ
Messstellen-Name:;Wittelshofen
Messstellen-Nr.:;3149
Ostwert:;607818;Nordwert:;5434717;"ETRS89 / UTM Zone 32N"

Datum;"Grundwasserstand [m ü. NN]";Prüfstatus
2024-01-01;429,55;Rohdaten
2024-01-02;429,58;Rohdaten
2024-01-03;429,62;Rohdaten
2024-01-04;429,66;Rohdaten
2024-01-05;429,70;Rohdaten
2024-01-06;429,67;Rohdaten
2024-01-07;429,63;Rohdaten
2024-01-08;429,58;Rohdaten
2024-01-09;429,55;Rohdaten
2024-01-10;429,52;Rohdaten
2024-01-11;429,50;Rohdaten
2024-01-12;429,47;Rohdaten
2024-01-13;429,48;Rohdaten
2024-01-14;429,48;Rohdaten
2024-01-15;429,47;Rohdaten
2024-01-16;429,45;Rohdaten
2024-01-17;429,48;Rohdaten
2024-01-18;429,51;Rohdaten
2024-01-19;429,48;Rohdaten
2024-01-20;429,46;Rohdaten
2024-01-21;429,45;Rohdaten
2024-01-22;429,45;Rohdaten
2024-01-23;429,50;Rohdaten
2024-01-24;429,55;Rohdaten
2024-01-25;429,58;Rohdaten
2024-01-26;429,59;Rohdaten
2024-01-27;429,57;Rohdaten
2024-01-28;429,57;Rohdaten
2024-01-29;429,56;Rohdaten
2024-01-30;429,54;Rohdaten
2024-01-31;429,53;Rohdaten
2024-02-01;429,54;Rohdaten
2024-02-02;429,54;Rohdaten
2024-02-03;429,54;Rohdaten
2024-02-04;429,53;Rohdaten
2024-02-05;429,52;Rohdaten
2024-02-06;429,52;Rohdaten
2024-02-07;429,52;Rohdaten
2024-02-08;429,57;Rohdaten
2024-02-09;429,64;Rohdaten
2024-02-10;429,69;Rohdaten
2024-02-11;429,71;Rohdaten
2024-02-12;429,71;Rohdaten
2024-02-13;429,68;Rohdaten
2024-02-14;429,66;Rohdaten
2024-02-15;429,64;Rohdaten
2024-02-16;429,62;Rohdaten
2024-02-17;429,59;Rohdaten
2024-02-18;429,58;Rohdaten
2024-02-19;429,60;Rohdaten
2024-02-20;429,61;Rohdaten
2024-02-21;429,62;Rohdaten
2024-02-22;429,67;Rohdaten
2024-02-23;429,72;Rohdaten
2024-02-24;429,71;Rohdaten
2024-02-25;429,71;Rohdaten
2024-02-26;429,68;Rohdaten
2024-02-27;429,65;Rohdaten
2024-02-28;429,61;Rohdaten
2024-02-29;429,61;Rohdaten
2024-03-01;429,61;Rohdaten
2024-03-02;429,59;Rohdaten
2024-03-03;429,58;Rohdaten
2024-03-04;429,55;Rohdaten
2024-03-05;429,53;Rohdaten
2024-03-06;429,53;Rohdaten
2024-03-07;429,52;Rohdaten
2024-03-08;429,52;Rohdaten
2024-03-09;429,52;Rohdaten
2024-03-10;429,52;Rohdaten
2024-03-11;429,48;Rohdaten
2024-03-12;429,46;Rohdaten
2024-03-13;429,46;Rohdaten
2024-03-14;429,46;Rohdaten
2024-03-15;429,45;Rohdaten
2024-03-16;429,46;Rohdaten
2024-03-17;429,47;Rohdaten
2024-03-18;429,47;Rohdaten
2024-03-19;429,44;Rohdaten
2024-03-20;429,43;Rohdaten
2024-03-21;429,42;Rohdaten
2024-03-22;429,43;Rohdaten
2024-03-23;429,43;Rohdaten
2024-03-24;429,44;Rohdaten
2024-03-25;429,44;Rohdaten
2024-03-26;429,44;Rohdaten
2024-03-27;429,43;Rohdaten
2024-03-28;429,43;Rohdaten
2024-03-29;429,42;Rohdaten
2024-03-30;429,41;Rohdaten
2024-03-31;429,40;Rohdaten
2024-04-01;429,39;Rohdaten
2024-04-02;429,37;Rohdaten
2024-04-03;429,37;Rohdaten
2024-04-04;429,38;Rohdaten
2024-04-05;429,39;Rohdaten
2024-04-06;429,37;Rohdaten
2024-04-07;429,36;Rohdaten
2024-04-08;429,35;Rohdaten
2024-04-09;429,34;Rohdaten
2024-04-10;429,31;Rohdaten
2024-04-11;429,31;Rohdaten
2024-04-12;429,30;Rohdaten
2024-04-13;429,30;Rohdaten
2024-04-14;429,30;Rohdaten
2024-04-15;429,32;Rohdaten
2024-04-16;429,32;Rohdaten
2024-04-17;429,32;Rohdaten
2024-04-18;429,30;Rohdaten
2024-04-19;429,32;Rohdaten
2024-04-20;429,32;Rohdaten
2024-04-21;429,33;Rohdaten
2024-04-22;429,32;Rohdaten
2024-04-23;429,31;Rohdaten
2024-04-24;429,31;Rohdaten
2024-04-25;429,30;Rohdaten
2024-04-26;429,29;Rohdaten
2024-04-27;429,27;Rohdaten
2024-04-28;429,25;Rohdaten
2024-04-29;429,23;Rohdaten
2024-04-30;429,23;Rohdaten
2024-05-01;429,24;Rohdaten
2024-05-02;429,25;Rohdaten
2024-05-03;429,28;Rohdaten
2024-05-04;429,27;Rohdaten
2024-05-05;429,27;Rohdaten
2024-05-06;429,28;Rohdaten
2024-05-07;429,27;Rohdaten
2024-05-08;429,25;Rohdaten
2024-05-09;429,24;Rohdaten
2024-05-10;429,23;Rohdaten
2024-05-11;429,22;Rohdaten
2024-05-12;429,21;Rohdaten
2024-05-13;429,20;Rohdaten
2024-05-14;429,20;Rohdaten
2024-05-15;429,19;Rohdaten
2024-05-16;429,19;Rohdaten
2024-05-17;429,24;Rohdaten
2024-05-18;429,27;Rohdaten
2024-05-19;429,27;Rohdaten
2024-05-20;429,25;Rohdaten
2024-05-21;429,25;Rohdaten
2024-05-22;429,24;Rohdaten
2024-05-23;429,23;Rohdaten
2024-05-24;429,28;Rohdaten
2024-05-25;429,27;Rohdaten
2024-05-26;429,25;Rohdaten
2024-05-27;429,25;Rohdaten
2024-05-28;429,26;Rohdaten
2024-05-29;429,25;Rohdaten
2024-05-30;429,26;Rohdaten
2024-05-31;429,29;Rohdaten
2024-06-01;429,46;Rohdaten
2024-06-02;429,62;Rohdaten
2024-06-03;429,76;Rohdaten
2024-06-04;429,73;Rohdaten
2024-06-05;429,65;Rohdaten
2024-06-06;429,59;Rohdaten
2024-06-07;429,55;Rohdaten
2024-06-08;429,53;Rohdaten
2024-06-09;429,53;Rohdaten
2024-06-10;429,50;Rohdaten
2024-06-11;429,45;Rohdaten
2024-06-12;429,43;Rohdaten
2024-06-13;429,42;Rohdaten
2024-06-14;429,42;Rohdaten
2024-06-15;429,42;Rohdaten
2024-06-16;429,40;Rohdaten
2024-06-17;429,38;Rohdaten
2024-06-18;429,37;Rohdaten
2024-06-19;429,37;Rohdaten
2024-06-20;429,36;Rohdaten
2024-06-21;429,37;Rohdaten
2024-06-22;429,37;Rohdaten
2024-06-23;429,35;Rohdaten
2024-06-24;429,33;Rohdaten
2024-06-25;429,32;Rohdaten
2024-06-26;429,32;Rohdaten
2024-06-27;429,33;Rohdaten
2024-06-28;429,32;Rohdaten
2024-06-29;429,31;Rohdaten
2024-06-30;429,30;Rohdaten
2024-07-01;429,29;Rohdaten
2024-07-02;429,29;Rohdaten
2024-07-03;429,31;Rohdaten
2024-07-04;429,31;Rohdaten
2024-07-05;429,30;Rohdaten
2024-07-06;429,30;Rohdaten
2024-07-07;429,29;Rohdaten
2024-07-08;429,27;Rohdaten
2024-07-09;429,26;Rohdaten
2024-07-10;429,27;Rohdaten
2024-07-11;429,36;Rohdaten
2024-07-12;429,37;Rohdaten
2024-07-13;429,41;Rohdaten
2024-07-14;429,39;Rohdaten
2024-07-15;429,37;Rohdaten
2024-07-16;429,36;Rohdaten
2024-07-17;429,33;Rohdaten
2024-07-18;429,31;Rohdaten
2024-07-19;429,30;Rohdaten
2024-07-20;429,30;Rohdaten
2024-07-21;429,28;Rohdaten
2024-07-22;429,27;Rohdaten
2024-07-23;429,27;Rohdaten
2024-07-24;429,27;Rohdaten
2024-07-25;429,26;Rohdaten
2024-07-26;429,25;Rohdaten
2024-07-27;429,23;Rohdaten
2024-07-28;429,23;Rohdaten
2024-07-29;429,22;Rohdaten
2024-07-30;429,22;Rohdaten
2024-07-31;429,20;Rohdaten
2024-08-01;429,20;Rohdaten
2024-08-02;429,22;Rohdaten
2024-08-03;429,20;Rohdaten
2024-08-04;429,19;Rohdaten
2024-08-05;429,20;Rohdaten
2024-08-06;429,19;Rohdaten
2024-08-07;429,17;Rohdaten
2024-08-08;429,16;Rohdaten
2024-08-09;429,15;Rohdaten
2024-08-10;429,13;Rohdaten
2024-08-11;429,12;Rohdaten
2024-08-12;429,12;Rohdaten
2024-08-13;429,12;Rohdaten
2024-08-14;429,14;Rohdaten
2024-08-15;429,12;Rohdaten
2024-08-16;429,12;Rohdaten
2024-08-17;429,13;Rohdaten
2024-08-18;429,15;Rohdaten
2024-08-19;429,18;Rohdaten
2024-08-20;429,19;Rohdaten
2024-08-21;429,17;Rohdaten
2024-08-22;429,17;Rohdaten
2024-08-23;429,15;Rohdaten
2024-08-24;429,13;Rohdaten
2024-08-25;429,11;Rohdaten
2024-08-26;429,12;Rohdaten
2024-08-27;429,11;Rohdaten
2024-08-28;429,10;Rohdaten
2024-08-29;429,09;Rohdaten
2024-08-30;429,08;Rohdaten
2024-08-31;429,07;Rohdaten
2024-09-01;429,06;Rohdaten
2024-09-02;429,06;Rohdaten
2024-09-03;429,06;Rohdaten
2024-09-04;429,06;Rohdaten
2024-09-05;429,06;Rohdaten
2024-09-06;429,04;Rohdaten
2024-09-07;429,04;Rohdaten
2024-09-08;429,04;Rohdaten
2024-09-09;429,07;Rohdaten
2024-09-10;429,07;Rohdaten
2024-09-11;429,09;Rohdaten
2024-09-12;429,09;Rohdaten
2024-09-13;429,09;Rohdaten
2024-09-14;429,08;Rohdaten
2024-09-15;429,08;Rohdaten
2024-09-16;429,10;Rohdaten
2024-09-17;429,11;Rohdaten
2024-09-18;429,10;Rohdaten
2024-09-19;429,09;Rohdaten
2024-09-20;429,07;Rohdaten
2024-09-21;429,06;Rohdaten
2024-09-22;429,07;Rohdaten
2024-09-23;429,08;Rohdaten
2024-09-24;429,12;Rohdaten
2024-09-25;429,12;Rohdaten
2024-09-26;429,16;Rohdaten
2024-09-27;429,17;Rohdaten
2024-09-28;429,17;Rohdaten
2024-09-29;429,15;Rohdaten
2024-09-30;429,16;Rohdaten
