﻿Quelle:;"Bayerisches Landesamt für Umwelt, www.gkd.bayern.de"
Datenbankabfrage:;"08.10.2024 21:50"
Zeitbezug:;MEZ
Messstellen-Name:;Auernheim
Messstellen-Nr.:;3150
Ostwert:;631883;Nordwert:;5426240;"ETRS89 / UTM Zone 32N"

Datum;"Grundwasserstand [m ü. NN]";Prüfstatus
2024-01-01;533,86;Rohdaten
2024-01-02;533,74;Rohdaten
2024-01-03;533,76;Rohdaten
2024-01-04;533,78;Rohdaten
2024-01-05;533,87;Rohdaten
2024-01-06;533,88;Rohdaten
2024-01-07;533,81;Rohdaten
2024-01-08;533,71;Rohdaten
2024-01-09;533,55;Rohdaten
2024-01-10;533,20;Rohdaten
2024-01-11;532,64;Rohdaten
2024-01-12;531,88;Rohdaten
2024-01-13;530,96;Rohdaten
2024-01-14;529,99;Rohdaten
2024-01-15;529,20;Rohdaten
2024-01-16;528,74;Rohdaten
2024-01-17;528,62;Rohdaten
2024-01-18;529,34;Rohdaten
2024-01-19;529,08;Rohdaten
2024-01-20;528,90;Rohdaten
2024-01-21;528,92;Rohdaten
2024-01-22;529,06;Rohdaten
2024-01-23;530,70;Rohdaten
2024-01-24;531,35;Rohdaten
2024-01-25;532,13;Rohdaten
2024-01-26;532,52;Rohdaten
2024-01-27;532,80;Rohdaten
2024-01-28;532,78;Rohdaten
2024-01-29;532,58;Rohdaten
2024-01-30;532,20;Rohdaten
2024-01-31;531,71;Rohdaten
2024-02-01;531,34;Rohdaten
2024-02-02;531,00;Rohdaten
2024-02-03;530,57;Rohdaten
2024-02-04;530,19;Rohdaten
2024-02-05;529,91;Rohdaten
2024-02-06;529,69;Rohdaten
2024-02-07;529,53;Rohdaten
2024-02-08;531,02;Rohdaten
2024-02-09;534,16;Rohdaten
2024-02-10;535,09;Rohdaten
2024-02-11;535,32;Rohdaten
2024-02-12;535,57;Rohdaten
2024-02-13;535,20;Rohdaten
2024-02-14;534,89;Rohdaten
2024-02-15;534,70;Rohdaten
2024-02-16;534,50;Rohdaten
2024-02-17;534,21;Rohdaten
2024-02-18;534,00;Rohdaten
2024-02-19;533,87;Rohdaten
2024-02-20;533,84;Rohdaten
2024-02-21;533,78;Rohdaten
2024-02-22;533,77;Rohdaten
2024-02-23;534,36;Rohdaten
2024-02-24;534,44;Rohdaten
2024-02-25;534,37;Rohdaten
2024-02-26;534,25;Rohdaten
2024-02-27;534,04;Rohdaten
2024-02-28;533,68;Rohdaten
2024-02-29;532,99;Rohdaten
2024-03-01;532,12;Rohdaten
2024-03-02;530,97;Rohdaten
2024-03-03;530,25;Rohdaten
2024-03-04;529,64;Rohdaten
2024-03-05;529,13;Rohdaten
2024-03-06;528,76;Rohdaten
2024-03-07;528,47;Rohdaten
2024-03-08;528,27;Rohdaten
2024-03-09;528,12;Rohdaten
2024-03-10;527,96;Rohdaten
2024-03-11;527,73;Rohdaten
2024-03-12;527,52;Rohdaten
2024-03-13;527,39;Rohdaten
2024-03-14;527,30;Rohdaten
2024-03-15;527,21;Rohdaten
2024-03-16;527,12;Rohdaten
2024-03-17;527,01;Rohdaten
2024-03-18;526,92;Rohdaten
2024-03-19;526,82;Rohdaten
2024-03-20;526,73;Rohdaten
2024-03-21;526,64;Rohdaten
2024-03-22;526,55;Rohdaten
2024-03-23;526,50;Rohdaten
2024-03-24;526,43;Rohdaten
2024-03-25;526,34;Rohdaten
2024-03-26;526,29;Rohdaten
2024-03-27;526,32;Rohdaten
2024-03-28;527,18;Rohdaten
2024-03-29;527,32;Rohdaten
2024-03-30;527,48;Rohdaten
2024-03-31;527,56;Rohdaten
2024-04-01;527,59;Rohdaten
2024-04-02;527,52;Rohdaten
2024-04-03;527,49;Rohdaten
2024-04-04;527,47;Rohdaten
2024-04-05;527,43;Rohdaten
2024-04-06;527,37;Rohdaten
2024-04-07;527,34;Rohdaten
2024-04-08;527,34;Rohdaten
2024-04-09;527,33;Rohdaten
2024-04-10;527,24;Rohdaten
2024-04-11;527,17;Rohdaten
2024-04-12;527,11;Rohdaten
2024-04-13;527,07;Rohdaten
2024-04-14;527,03;Rohdaten
2024-04-15;527,00;Rohdaten
2024-04-16;526,96;Rohdaten
2024-04-17;526,93;Rohdaten
2024-04-18;526,80;Rohdaten
2024-04-19;526,79;Rohdaten
2024-04-20;526,82;Rohdaten
2024-04-21;526,98;Rohdaten
2024-04-22;527,33;Rohdaten
2024-04-23;527,61;Rohdaten
2024-04-24;527,77;Rohdaten
2024-04-25;527,82;Rohdaten
2024-04-26;527,78;Rohdaten
2024-04-27;527,68;Rohdaten
2024-04-28;527,56;Rohdaten
2024-04-29;527,42;Rohdaten
2024-04-30;527,33;Rohdaten
2024-05-01;527,25;Rohdaten
2024-05-02;527,16;Rohdaten
2024-05-03;526,98;Rohdaten
2024-05-04;526,82;Rohdaten
2024-05-05;526,71;Rohdaten
2024-05-06;526,62;Rohdaten
2024-05-07;526,48;Rohdaten
2024-05-08;526,32;Rohdaten
2024-05-09;526,17;Rohdaten
2024-05-10;526,05;Rohdaten
2024-05-11;525,95;Rohdaten
2024-05-12;525,85;Rohdaten
2024-05-13;525,78;Rohdaten
2024-05-14;525,70;Rohdaten
2024-05-15;525,63;Rohdaten
2024-05-16;525,54;Rohdaten
2024-05-17;525,81;Rohdaten
2024-05-18;528,56;Rohdaten
2024-05-19;529,43;Rohdaten
2024-05-20;529,04;Rohdaten
2024-05-21;528,60;Rohdaten
2024-05-22;528,16;Rohdaten
2024-05-23;527,84;Rohdaten
2024-05-24;527,65;Rohdaten
2024-05-25;527,63;Rohdaten
2024-05-26;527,43;Rohdaten
2024-05-27;527,30;Rohdaten
2024-05-28;527,26;Rohdaten
