﻿Quelle:;"Bayerisches Landesamt für Umwelt, www.gkd.bayern.de"
Datenbankabfrage:;"08.10.2024 21:50"
Zeitbezug:;MEZ
Messstellen-Name:;Uffenheim-Hinterpfeinach
Messstellen-Nr.:;3151
Ostwert:;588880;Nordwert:;5482573;"ETRS89 / UTM Zone 32N"

Datum;"Grundwasserstand [m ü. NN]";Prüfstatus
2024-01-01;369,94;Rohdaten
2024-01-02;369,98;Rohdaten
2024-01-03;369,99;Rohdaten
2024-01-04;369,97;Rohdaten
2024-01-05;369,97;Rohdaten
2024-01-06;369,96;Rohdaten
2024-01-07;369,94;Rohdaten
2024-01-08;369,91;Rohdaten
2024-01-09;369,90;Rohdaten
2024-01-10;369,91;Rohdaten
2024-01-11;369,90;Rohdaten
2024-01-12;369,90;Rohdaten
2024-01-13;369,92;Rohdaten
2024-01-14;369,96;Rohdaten
2024-01-15;369,98;Rohdaten
2024-01-16;369,96;Rohdaten
2024-01-17;370,02;Rohdaten
2024-01-18;370,02;Rohdaten
2024-01-19;369,94;Rohdaten
2024-01-20;369,91;Rohdaten
2024-01-21;369,92;Rohdaten
2024-01-22;369,95;Rohdaten
2024-01-23;369,93;Rohdaten
2024-01-24;369,95;Rohdaten
2024-01-26;369,94;Rohdaten
2024-01-27;369,91;Rohdaten
2024-01-28;369,92;Rohdaten
2024-01-29;369,93;Rohdaten
2024-01-30;369,93;Rohdaten
2024-01-31;369,93;Rohdaten
2024-02-01;369,94;Rohdaten
2024-02-02;369,94;Rohdaten
2024-02-03;369,95;Rohdaten
2024-02-04;369,96;Rohdaten
2024-02-05;369,97;Rohdaten
2024-02-06;369,99;Rohdaten
2024-02-07;370,02;Rohdaten
2024-02-08;370,04;Rohdaten
2024-02-09;370,07;Rohdaten
2024-02-10;370,09;Rohdaten
2024-02-11;370,07;Rohdaten
2024-02-12;370,03;Rohdaten
2024-02-13;369,99;Rohdaten
2024-02-14;369,99;Rohdaten
2024-02-15;370,00;Rohdaten
2024-02-16;370,01;Rohdaten
2024-02-17;369,97;Rohdaten
2024-02-18;369,98;Rohdaten
2024-02-19;369,99;Rohdaten
2024-02-20;369,99;Rohdaten
2024-02-21;370,02;Rohdaten
2024-02-22;370,09;Rohdaten
2024-02-23;370,09;Rohdaten
2024-02-24;370,07;Rohdaten
2024-02-25;370,07;Rohdaten
2024-02-26;370,08;Rohdaten
2024-02-27;370,05;Rohdaten
2024-02-28;370,03;Rohdaten
2024-02-29;370,05;Rohdaten
2024-03-01;370,08;Rohdaten
2024-03-02;370,09;Rohdaten
2024-03-03;370,10;Rohdaten
2024-03-04;370,07;Rohdaten
2024-03-05;370,06;Rohdaten
2024-03-06;370,04;Rohdaten
2024-03-07;370,05;Rohdaten
2024-03-08;370,08;Rohdaten
2024-03-09;370,11;Rohdaten
2024-03-10;370,13;Rohdaten
2024-03-11;370,10;Rohdaten
2024-03-12;370,07;Rohdaten
2024-03-13;370,07;Rohdaten
2024-03-14;370,08;Rohdaten
2024-03-15;370,08;Rohdaten
2024-03-16;370,07;Rohdaten
2024-03-17;370,06;Rohdaten
2024-03-18;370,08;Rohdaten
2024-03-19;370,07;Rohdaten
2024-03-20;370,07;Rohdaten
2024-03-21;370,07;Rohdaten
2024-03-22;370,08;Rohdaten
2024-03-23;370,11;Rohdaten
2024-03-24;370,12;Rohdaten
2024-03-25;370,12;Rohdaten
2024-03-26;370,16;Rohdaten
2024-03-27;370,17;Rohdaten
2024-03-28;370,16;Rohdaten
2024-03-29;370,14;Rohdaten
2024-03-30;370,14;Rohdaten
2024-03-31;370,15;Rohdaten
2024-04-01;370,14;Rohdaten
2024-04-02;370,11;Rohdaten
2024-04-03;370,11;Rohdaten
2024-04-04;370,10;Rohdaten
2024-04-05;370,10;Rohdaten
2024-04-06;370,10;Rohdaten
2024-04-07;370,09;Rohdaten
2024-04-08;370,11;Rohdaten
2024-04-09;370,09;Rohdaten
2024-04-10;370,05;Rohdaten
2024-04-11;370,03;Rohdaten
2024-04-12;370,03;Rohdaten
2024-04-13;370,04;Rohdaten
2024-04-14;370,06;Rohdaten
2024-04-15;370,09;Rohdaten
2024-04-16;370,10;Rohdaten
2024-04-17;370,09;Rohdaten
2024-04-18;370,06;Rohdaten
2024-04-19;370,08;Rohdaten
2024-04-20;370,06;Rohdaten
2024-04-21;370,06;Rohdaten
2024-04-22;370,05;Rohdaten
2024-04-23;370,06;Rohdaten
2024-04-24;370,08;Rohdaten
2024-04-25;370,08;Rohdaten
2024-04-26;370,07;Rohdaten
2024-04-27;370,06;Rohdaten
2024-04-28;370,03;Rohdaten
2024-04-29;369,98;Rohdaten
2024-04-30;369,99;Rohdaten
2024-05-01;370,01;Rohdaten
2024-05-02;370,02;Rohdaten
2024-05-03;369,98;Rohdaten
2024-05-04;369,98;Rohdaten
2024-05-05;369,99;Rohdaten
2024-05-06;369,99;Rohdaten
2024-05-07;369,97;Rohdaten
2024-05-08;369,94;Rohdaten
2024-05-09;369,93;Rohdaten
2024-05-10;369,94;Rohdaten
2024-05-11;369,94;Rohdaten
2024-05-12;369,95;Rohdaten
2024-05-13;369,96;Rohdaten
2024-05-14;369,97;Rohdaten
2024-05-15;369,97;Rohdaten
2024-05-16;369,96;Rohdaten
2024-05-17;369,96;Rohdaten
2024-05-18;369,94;Rohdaten
2024-05-19;369,94;Rohdaten
2024-05-20;369,94;Rohdaten
2024-05-21;369,95;Rohdaten
2024-05-22;369,93;Rohdaten
2024-05-23;369,91;Rohdaten
2024-05-24;369,91;Rohdaten
2024-05-25;369,91;Rohdaten
2024-05-26;369,91;Rohdaten
2024-05-27;369,90;Rohdaten
2024-05-28;369,90;Rohdaten
2024-05-29;369,92;Rohdaten
2024-05-30;369,95;Rohdaten
2024-05-31;369,94;Rohdaten
2024-06-01;369,95;Rohdaten
2024-06-02;369,94;Rohdaten
2024-06-03;369,94;Rohdaten
2024-06-04;369,95;Rohdaten
2024-06-05;369,95;Rohdaten
2024-06-06;369,94;Rohdaten
2024-06-07;369,93;Rohdaten
2024-06-08;369,95;Rohdaten
2024-06-09;369,96;Rohdaten
2024-06-10;369,96;Rohdaten
2024-06-11;369,93;Rohdaten
2024-06-12;369,92;Rohdaten
2024-06-13;369,92;Rohdaten
2024-06-14;369,94;Rohdaten
2024-06-15;369,94;Rohdaten
2024-06-16;369,93;Rohdaten
2024-06-17;369,92;Rohdaten
2024-06-18;369,92;Rohdaten
2024-06-19;369,91;Rohdaten
2024-06-20;369,90;Rohdaten
2024-06-21;369,91;Rohdaten
2024-06-22;369,91;Rohdaten
2024-06-23;369,89;Rohdaten
2024-06-24;369,89;Rohdaten
2024-06-25;369,91;Rohdaten
2024-06-26;369,92;Rohdaten
2024-06-27;369,92;Rohdaten
2024-06-28;369,90;Rohdaten
2024-06-29;369,91;Rohdaten
2024-06-30;369,92;Rohdaten
2024-07-01;369,91;Rohdaten
2024-07-02;369,91;Rohdaten
2024-07-03;369,93;Rohdaten
2024-07-04;369,93;Rohdaten
2024-07-05;369,92;Rohdaten
2024-07-06;369,94;Rohdaten
2024-07-07;369,92;Rohdaten
2024-07-08;369,91;Rohdaten
2024-07-09;369,92;Rohdaten
2024-07-10;369,91;Rohdaten
2024-07-11;369,92;Rohdaten
2024-07-12;369,94;Rohdaten
2024-07-13;369,93;Rohdaten
2024-07-14;369,93;Rohdaten
2024-07-15;369,94;Rohdaten
2024-07-16;369,93;Rohdaten
2024-07-17;369,91;Rohdaten
2024-07-18;369,91;Rohdaten
2024-07-19;369,92;Rohdaten
2024-07-20;369,95;Rohdaten
2024-07-21;369,95;Rohdaten
2024-07-22;369,93;Rohdaten
2024-07-23;369,93;Rohdaten
2024-07-24;369,93;Rohdaten
2024-07-25;369,94;Rohdaten
2024-07-26;369,95;Rohdaten
2024-07-27;369,94;Rohdaten
2024-07-28;369,92;Rohdaten
2024-07-29;369,92;Rohdaten
2024-07-30;369,94;Rohdaten
2024-07-31;369,95;Rohdaten
2024-08-01;369,96;Rohdaten
2024-08-02;369,99;Rohdaten
2024-08-03;369,98;Rohdaten
2024-08-04;369,98;Rohdaten
2024-08-05;369,98;Rohdaten
2024-08-06;369,99;Rohdaten
2024-08-07;369,99;Rohdaten
2024-08-08;369,98;Rohdaten
2024-08-09;369,98;Rohdaten
2024-08-10;369,97;Rohdaten
2024-08-11;369,97;Rohdaten
2024-08-12;369,99;Rohdaten
2024-08-13;370,00;Rohdaten
2024-08-14;370,00;Rohdaten
2024-08-15;369,98;Rohdaten
2024-08-16;369,98;Rohdaten
2024-08-17;369,99;Rohdaten
2024-08-18;370,01;Rohdaten
2024-08-19;370,00;Rohdaten
2024-08-20;370,02;Rohdaten
2024-08-21;370,01;Rohdaten
2024-08-22;370,02;Rohdaten
2024-08-23;370,02;Rohdaten
2024-08-24;370,02;Rohdaten
2024-08-25;369,99;Rohdaten
2024-08-26;369,99;Rohdaten
2024-08-27;370,00;Rohdaten
2024-08-28;370,01;Rohdaten
2024-08-29;370,01;Rohdaten
2024-08-30;370,00;Rohdaten
2024-08-31;370,00;Rohdaten
2024-09-01;370,01;Rohdaten
2024-09-02;370,02;Rohdaten
2024-09-03;370,01;Rohdaten
2024-09-04;370,02;Rohdaten
2024-09-05;370,04;Rohdaten
2024-09-06;370,02;Rohdaten
2024-09-07;370,02;Rohdaten
2024-09-08;370,02;Rohdaten
2024-09-09;370,04;Rohdaten
2024-09-10;370,02;Rohdaten
2024-09-11;370,03;Rohdaten
2024-09-12;370,02;Rohdaten
2024-09-13;370,00;Rohdaten
2024-09-14;369,98;Rohdaten
2024-09-15;369,98;Rohdaten
2024-09-16;369,99;Rohdaten
2024-09-17;369,99;Rohdaten
2024-09-18;369,99;Rohdaten
2024-09-19;369,99;Rohdaten
2024-09-20;369,99;Rohdaten
2024-09-21;369,99;Rohdaten
2024-09-22;370,00;Rohdaten
2024-09-23;370,01;Rohdaten
2024-09-24;370,02;Rohdaten
2024-09-25;370,02;Rohdaten
2024-09-26;370,05;Rohdaten
2024-09-27;370,03;Rohdaten
2024-09-28;369,98;Rohdaten
2024-09-29;369,96;Rohdaten
2024-09-30;369,99;Rohdaten
