﻿Quelle:;"Bayerisches Landesamt für Umwelt, www.gkd.bayern.de"
Datenbankabfrage:;"08.10.2024 21:50"
Zeitbezug:;MEZ
Messstellen-Name:;Langenaltheim
Messstellen-Nr.:;3152
Ostwert:;643615;Nordwert:;5414460;"ETRS89 / UTM Zone 32N"

Datum;"Grundwasserstand [m ü. NN]";Prüfstatus
2024-01-01;430,73;Rohdaten
2024-01-02;430,43;Rohdaten
2024-01-03;430,39;Rohdaten
2024-01-04;430,51;Rohdaten
2024-01-05;430,56;Rohdaten
2024-01-06;430,25;Rohdaten
2024-01-07;429,91;Rohdaten
2024-01-08;429,51;Rohdaten
2024-01-09;429,03;Rohdaten
2024-01-10;428,57;Rohdaten
2024-01-11;428,11;Rohdaten
2024-01-12;427,70;Rohdaten
2024-01-13;427,35;Rohdaten
2024-01-14;427,09;Rohdaten
2024-01-15;426,86;Rohdaten
2024-01-16;426,57;Rohdaten
2024-01-17;426,40;Rohdaten
2024-01-18;427,29;Rohdaten
2024-01-19;427,38;Rohdaten
2024-01-20;426,82;Rohdaten
2024-01-21;426,32;Rohdaten
2024-01-22;426,02;Rohdaten
2024-01-23;426,80;Rohdaten
2024-01-24;427,57;Rohdaten
2024-01-25;428,07;Rohdaten
2024-01-26;427,94;Rohdaten
2024-01-27;428,34;Rohdaten
2024-01-28;427,92;Rohdaten
2024-01-29;427,39;Rohdaten
2024-01-30;426,90;Rohdaten
2024-01-31;426,53;Rohdaten
2024-02-01;426,42;Rohdaten
2024-02-02;426,87;Rohdaten
2024-02-03;426,76;Rohdaten
2024-02-04;426,46;Rohdaten
2024-02-05;426,18;Rohdaten
2024-02-06;425,91;Rohdaten
2024-02-07;425,67;Rohdaten
2024-02-08;426,44;Rohdaten
2024-02-09;428,24;Rohdaten
2024-02-10;428,67;Rohdaten
2024-02-11;428,65;Rohdaten
2024-02-12;429,05;Rohdaten
2024-02-13;428,49;Rohdaten
2024-02-14;427,95;Rohdaten
2024-02-15;427,48;Rohdaten
2024-02-16;427,10;Rohdaten
2024-02-17;426,77;Rohdaten
2024-02-18;426,51;Rohdaten
2024-02-19;426,43;Rohdaten
2024-02-20;426,59;Rohdaten
2024-02-21;426,52;Rohdaten
2024-02-22;426,73;Rohdaten
2024-02-23;429,36;Rohdaten
2024-02-24;429,28;Rohdaten
2024-02-25;428,63;Rohdaten
2024-02-26;428,15;Rohdaten
2024-02-27;427,66;Rohdaten
2024-02-28;427,21;Rohdaten
2024-02-29;426,90;Rohdaten
2024-03-01;426,71;Rohdaten
2024-03-02;426,53;Rohdaten
2024-03-03;426,28;Rohdaten
2024-03-04;426,02;Rohdaten
2024-03-05;425,80;Rohdaten
2024-03-06;425,55;Rohdaten
2024-03-07;425,41;Rohdaten
2024-03-08;425,32;Rohdaten
2024-03-09;425,15;Rohdaten
2024-03-10;424,97;Rohdaten
2024-03-11;424,78;Rohdaten
2024-03-12;424,48;Rohdaten
2024-03-13;424,19;Rohdaten
2024-03-14;424,02;Rohdaten
2024-03-15;423,80;Rohdaten
2024-03-16;423,69;Rohdaten
2024-03-17;423,66;Rohdaten
2024-03-18;423,47;Rohdaten
2024-03-19;423,46;Rohdaten
2024-03-20;423,31;Rohdaten
2024-03-21;423,17;Rohdaten
2024-03-22;423,14;Rohdaten
2024-03-23;423,05;Rohdaten
2024-03-24;423,10;Rohdaten
2024-03-25;422,99;Rohdaten
2024-03-26;422,86;Rohdaten
2024-03-27;422,79;Rohdaten
2024-03-28;424,11;Rohdaten
2024-03-29;424,72;Rohdaten
2024-03-30;424,09;Rohdaten
2024-03-31;423,48;Rohdaten
2024-04-01;422,89;Rohdaten
2024-04-02;422,41;Rohdaten
2024-04-03;422,33;Rohdaten
2024-04-04;422,59;Rohdaten
2024-04-05;422,93;Rohdaten
2024-04-06;422,76;Rohdaten
2024-04-07;422,36;Rohdaten
2024-04-08;422,14;Rohdaten
2024-04-09;421,99;Rohdaten
2024-04-10;421,79;Rohdaten
2024-04-11;421,61;Rohdaten
2024-04-12;421,50;Rohdaten
2024-04-13;421,39;Rohdaten
2024-04-14;421,34;Rohdaten
2024-04-15;421,30;Rohdaten
2024-04-16;421,43;Rohdaten
2024-04-17;421,46;Rohdaten
2024-04-18;421,37;Rohdaten
2024-04-19;421,33;Rohdaten
2024-04-20;421,67;Rohdaten
2024-04-21;421,58;Rohdaten
2024-04-22;421,80;Rohdaten
2024-04-23;421,53;Rohdaten
2024-04-24;421,33;Rohdaten
2024-04-25;421,32;Rohdaten
2024-04-26;421,24;Rohdaten
2024-04-27;421,02;Rohdaten
2024-04-28;420,86;Rohdaten
2024-04-29;420,74;Rohdaten
2024-04-30;420,67;Rohdaten
2024-05-01;420,64;Rohdaten
2024-05-02;420,61;Rohdaten
2024-05-03;420,53;Rohdaten
2024-05-04;420,46;Rohdaten
2024-05-05;420,42;Rohdaten
2024-05-06;420,39;Rohdaten
2024-05-07;420,58;Rohdaten
2024-05-08;420,42;Rohdaten
2024-05-09;420,25;Rohdaten
2024-05-10;420,18;Rohdaten
2024-05-11;420,12;Rohdaten
2024-05-12;420,08;Rohdaten
2024-05-13;420,04;Rohdaten
2024-05-14;420,02;Rohdaten
2024-05-15;420,00;Rohdaten
2024-05-16;419,98;Rohdaten
2024-05-17;420,15;Rohdaten
2024-05-18;422,44;Rohdaten
2024-05-19;424,02;Rohdaten
2024-05-20;422,63;Rohdaten
2024-05-21;421,18;Rohdaten
2024-05-22;420,87;Rohdaten
2024-05-23;420,39;Rohdaten
2024-05-24;420,25;Rohdaten
2024-05-25;419,99;Rohdaten
2024-05-26;419,72;Rohdaten
2024-05-27;419,57;Rohdaten
2024-05-28;420,94;Rohdaten
2024-05-29;420,56;Rohdaten
2024-05-30;420,70;Rohdaten
2024-05-31;423,53;Rohdaten
2024-06-01;428,84;Rohdaten
2024-06-02;431,21;Rohdaten
2024-06-03;431,36;Rohdaten
2024-06-04;431,03;Rohdaten
2024-06-05;430,55;Rohdaten
2024-06-06;429,96;Rohdaten
2024-06-07;429,41;Rohdaten
2024-06-08;428,85;Rohdaten
2024-06-09;428,44;Rohdaten
2024-06-10;428,03;Rohdaten
2024-06-11;427,53;Rohdaten
2024-06-12;427,05;Rohdaten
2024-06-13;426,64;Rohdaten
2024-06-14;426,30;Rohdaten
2024-06-15;426,03;Rohdaten
2024-06-16;425,71;Rohdaten
2024-06-17;425,39;Rohdaten
2024-06-18;425,11;Rohdaten
2024-06-19;424,86;Rohdaten
2024-06-20;424,62;Rohdaten
2024-06-21;424,35;Rohdaten
2024-06-22;424,51;Rohdaten
2024-06-23;424,22;Rohdaten
2024-06-24;423,77;Rohdaten
2024-06-25;423,45;Rohdaten
2024-06-26;423,15;Rohdaten
2024-06-27;422,99;Rohdaten
2024-06-28;422,94;Rohdaten
2024-06-29;422,66;Rohdaten
2024-06-30;422,73;Rohdaten
2024-07-01;422,68;Rohdaten
2024-07-02;422,52;Rohdaten
2024-07-03;422,46;Rohdaten
2024-07-04;422,68;Rohdaten
2024-07-05;422,51;Rohdaten
2024-07-06;422,20;Rohdaten
2024-07-07;422,06;Rohdaten
2024-07-08;421,96;Rohdaten
2024-07-09;421,77;Rohdaten
2024-07-10;421,64;Rohdaten
2024-07-11;421,76;Rohdaten
2024-07-12;421,90;Rohdaten
2024-07-13;422,15;Rohdaten
2024-07-14;421,93;Rohdaten
2024-07-15;421,53;Rohdaten
2024-07-16;421,66;Rohdaten
2024-07-17;421,70;Rohdaten
2024-07-18;421,37;Rohdaten
2024-07-19;421,16;Rohdaten
2024-07-20;421,05;Rohdaten
2024-07-21;420,98;Rohdaten
2024-07-22;420,85;Rohdaten
2024-07-23;420,78;Rohdaten
2024-07-24;420,77;Rohdaten
2024-07-25;420,65;Rohdaten
2024-07-26;420,57;Rohdaten
2024-07-27;420,50;Rohdaten
2024-07-28;420,45;Rohdaten
2024-07-29;420,41;Rohdaten
2024-07-30;420,29;Rohdaten
2024-07-31;420,23;Rohdaten
2024-08-01;420,19;Rohdaten
2024-08-02;420,50;Rohdaten
2024-08-03;420,30;Rohdaten
2024-08-04;420,09;Rohdaten
2024-08-05;420,11;Rohdaten
2024-08-06;420,06;Rohdaten
2024-08-07;419,96;Rohdaten
2024-08-08;420,20;Rohdaten
2024-08-09;420,09;Rohdaten
2024-08-10;419,84;Rohdaten
2024-08-11;419,76;Rohdaten
2024-08-12;419,71;Rohdaten
2024-08-13;419,67;Rohdaten
2024-08-14;419,62;Rohdaten
2024-08-15;419,58;Rohdaten
2024-08-16;419,54;Rohdaten
2024-08-17;419,86;Rohdaten
2024-08-18;420,08;Rohdaten
2024-08-19;422,72;Rohdaten
2024-08-20;422,83;Rohdaten
2024-08-21;421,18;Rohdaten
2024-08-22;420,15;Rohdaten
2024-08-23;419,69;Rohdaten
2024-08-24;419,42;Rohdaten
2024-08-25;419,32;Rohdaten
2024-08-26;419,33;Rohdaten
2024-08-27;419,15;Rohdaten
2024-08-28;419,07;Rohdaten
2024-08-29;419,02;Rohdaten
2024-08-30;418,97;Rohdaten
2024-08-31;418,92;Rohdaten
2024-09-01;418,88;Rohdaten
2024-09-02;419,03;Rohdaten
2024-09-03;419,13;Rohdaten
2024-09-04;418,90;Rohdaten
2024-09-05;418,87;Rohdaten
2024-09-06;418,84;Rohdaten
2024-09-07;418,80;Rohdaten
2024-09-08;418,75;Rohdaten
2024-09-09;420,26;Rohdaten
2024-09-10;419,50;Rohdaten
2024-09-11;419,03;Rohdaten
2024-09-12;419,66;Rohdaten
2024-09-13;419,31;Rohdaten
2024-09-14;419,69;Rohdaten
2024-09-15;420,09;Rohdaten
2024-09-16;420,94;Rohdaten
2024-09-17;422,83;Rohdaten
2024-09-18;421,83;Rohdaten
2024-09-19;420,38;Rohdaten
2024-09-20;419,75;Rohdaten
2024-09-21;419,42;Rohdaten
2024-09-22;419,25;Rohdaten
2024-09-23;419,14;Rohdaten
2024-09-24;419,44;Rohdaten
2024-09-25;419,45;Rohdaten
2024-09-26;419,46;Rohdaten
2024-09-27;421,64;Rohdaten
2024-09-28;421,56;Rohdaten
2024-09-29;420,81;Rohdaten
2024-09-30;420,10;Rohdaten
