﻿Quelle:;"Bayerisches Landesamt für Umwelt, www.gkd.bayern.de"
Datenbankabfrage:;"08.10.2024 21:50"
Zeitbezug:;MEZ
Messstellen-Name:;"Burghaslach Q1"
Messstellen-Nr.:;3639
Ostwert:;614931;Nordwert:;5509983;"ETRS89 / UTM Zone 32N"

Datum;"Grundwasserstand [m ü. NN]";Prüfstatus
2024-04-18;297,00;Rohdaten
2024-04-19;297,02;Rohdaten
2024-04-20;297,05;Rohdaten
2024-04-21;297,10;Rohdaten
2024-04-22;297,12;Rohdaten
2024-04-23;297,11;Rohdaten
2024-04-24;297,10;Rohdaten
2024-04-25;297,10;Rohdaten
2024-04-26;297,09;Rohdaten
2024-04-27;297,08;Rohdaten
2024-04-28;297,06;Rohdaten
2024-04-29;297,04;Rohdaten
2024-04-30;297,03;Rohdaten
2024-05-01;297,03;Rohdaten
2024-05-02;297,02;Rohdaten
2024-05-03;297,01;Rohdaten
2024-05-04;296,99;Rohdaten
2024-05-05;296,99;Rohdaten
2024-05-06;296,99;Rohdaten
2024-05-07;296,99;Rohdaten
2024-05-08;296,98;Rohdaten
2024-05-09;296,97;Rohdaten
2024-05-10;296,96;Rohdaten
2024-05-11;296,95;Rohdaten
2024-05-12;296,94;Rohdaten
2024-05-13;296,94;Rohdaten
2024-05-14;296,93;Rohdaten
2024-05-15;296,94;Rohdaten
2024-05-16;296,94;Rohdaten
2024-05-17;296,94;Rohdaten
2024-05-18;296,94;Rohdaten
2024-05-19;296,93;Rohdaten
2024-05-20;296,93;Rohdaten
2024-05-21;296,92;Rohdaten
2024-05-22;296,93;Rohdaten
2024-05-23;296,92;Rohdaten
2024-05-24;296,94;Rohdaten
2024-05-25;296,94;Rohdaten
2024-05-26;296,94;Rohdaten
2024-05-27;296,94;Rohdaten
2024-05-28;296,93;Rohdaten
2024-05-29;296,92;Rohdaten
2024-05-30;296,93;Rohdaten
2024-05-31;296,96;Rohdaten
2024-06-01;297,01;Rohdaten
2024-06-02;297,16;Rohdaten
2024-06-03;297,14;Rohdaten
2024-06-04;297,11;Rohdaten
2024-06-05;297,09;Rohdaten
2024-06-06;297,07;Rohdaten
2024-06-07;297,05;Rohdaten
2024-06-08;297,04;Rohdaten
2024-06-09;297,03;Rohdaten
2024-06-10;297,02;Rohdaten
2024-06-11;297,00;Rohdaten
2024-06-12;296,98;Rohdaten
2024-06-13;296,97;Rohdaten
2024-06-14;296,97;Rohdaten
2024-06-15;296,97;Rohdaten
2024-06-16;296,96;Rohdaten
2024-06-17;296,96;Rohdaten
2024-06-18;296,95;Rohdaten
2024-06-19;296,94;Rohdaten
2024-06-20;296,93;Rohdaten
2024-06-21;296,93;Rohdaten
2024-06-22;296,92;Rohdaten
2024-06-23;296,91;Rohdaten
2024-06-24;296,90;Rohdaten
2024-06-25;296,88;Rohdaten
2024-06-26;296,88;Rohdaten
2024-06-27;296,90;Rohdaten
2024-06-28;296,91;Rohdaten
2024-06-29;296,91;Rohdaten
2024-06-30;296,91;Rohdaten
2024-07-01;296,91;Rohdaten
2024-07-02;296,90;Rohdaten
2024-07-03;296,91;Rohdaten
2024-07-04;296,93;Rohdaten
2024-07-05;296,94;Rohdaten
2024-07-06;296,96;Rohdaten
2024-07-07;296,98;Rohdaten
2024-07-08;296,97;Rohdaten
2024-07-09;296,96;Rohdaten
2024-07-10;296,95;Rohdaten
2024-07-11;296,96;Rohdaten
2024-07-12;296,97;Rohdaten
2024-07-13;296,95;Rohdaten
2024-07-14;296,94;Rohdaten
2024-07-15;296,93;Rohdaten
2024-07-16;296,93;Rohdaten
2024-07-17;296,91;Rohdaten
2024-07-18;296,89;Rohdaten
