﻿Quelle:;"Bayerisches Landesamt für Umwelt, www.gkd.bayern.de"
Datenbankabfrage:;"08.10.2024 21:50"
Zeitbezug:;MEZ
Messstellen-Name:;"Burghaslach Q2"
Messstellen-Nr.:;3640
Ostwert:;615115;Nordwert:;5510125;"ETRS89 / UTM Zone 32N"

Datum;"Grundwasserstand [m ü. NN]";Prüfstatus
2024-01-01;296,95;Rohdaten
2024-01-02;296,96;Rohdaten
2024-01-03;297,05;Rohdaten
2024-01-04;297,09;Rohdaten
2024-01-05;297,12;Rohdaten
2024-01-06;297,12;Rohdaten
2024-01-07;297,10;Rohdaten
2024-01-08;297,09;Rohdaten
2024-01-09;297,07;Rohdaten
2024-01-10;297,06;Rohdaten
2024-01-11;297,05;Rohdaten
2024-01-12;297,03;Rohdaten
2024-01-13;297,02;Rohdaten
2024-01-14;297,02;Rohdaten
2024-01-15;297,02;Rohdaten
2024-01-16;297,00;Rohdaten
2024-01-17;297,01;Rohdaten
2024-01-18;297,01;Rohdaten
2024-01-19;296,99;Rohdaten
2024-01-20;296,99;Rohdaten
2024-01-21;296,99;Rohdaten
2024-01-22;296,98;Rohdaten
2024-01-23;296,99;Rohdaten
2024-01-24;297,00;Rohdaten
2024-01-25;296,99;Rohdaten
2024-01-26;296,99;Rohdaten
2024-01-27;296,99;Rohdaten
2024-01-28;296,99;Rohdaten
2024-01-29;296,99;Rohdaten
2024-01-30;296,99;Rohdaten
2024-01-31;296,97;Rohdaten
2024-02-01;296,97;Rohdaten
2024-02-02;296,97;Rohdaten
2024-02-03;296,97;Rohdaten
2024-02-04;296,97;Rohdaten
2024-02-05;296,97;Rohdaten
2024-02-06;296,97;Rohdaten
2024-02-07;296,97;Rohdaten
2024-02-08;297,00;Rohdaten
2024-02-09;297,04;Rohdaten
2024-02-10;297,09;Rohdaten
2024-02-11;297,11;Rohdaten
2024-02-12;297,11;Rohdaten
2024-02-13;297,10;Rohdaten
2024-02-14;297,10;Rohdaten
2024-02-15;297,10;Rohdaten
2024-02-16;297,09;Rohdaten
2024-02-17;297,07;Rohdaten
2024-02-18;297,07;Rohdaten
2024-02-19;297,08;Rohdaten
2024-02-20;297,08;Rohdaten
2024-02-21;297,09;Rohdaten
2024-02-22;297,12;Rohdaten
2024-02-23;297,16;Rohdaten
2024-02-24;297,16;Rohdaten
2024-02-25;297,16;Rohdaten
2024-02-26;297,15;Rohdaten
2024-02-27;297,14;Rohdaten
2024-02-28;295,99;Rohdaten
2024-04-18;296,91;Rohdaten
2024-04-19;296,94;Rohdaten
2024-04-20;296,96;Rohdaten
2024-04-21;297,00;Rohdaten
2024-04-22;297,02;Rohdaten
2024-04-23;297,02;Rohdaten
2024-04-24;297,02;Rohdaten
2024-04-25;297,01;Rohdaten
2024-04-26;297,00;Rohdaten
2024-04-27;296,98;Rohdaten
2024-04-28;296,96;Rohdaten
2024-04-29;296,94;Rohdaten
2024-04-30;296,93;Rohdaten
2024-05-01;296,93;Rohdaten
2024-05-02;296,92;Rohdaten
2024-05-03;296,91;Rohdaten
2024-05-04;296,90;Rohdaten
2024-05-05;296,89;Rohdaten
2024-05-06;296,90;Rohdaten
2024-05-07;296,89;Rohdaten
2024-05-08;296,89;Rohdaten
2024-05-09;296,88;Rohdaten
2024-05-10;296,87;Rohdaten
2024-05-11;296,85;Rohdaten
2024-05-12;296,84;Rohdaten
2024-05-13;296,85;Rohdaten
2024-05-14;296,86;Rohdaten
2024-05-15;296,89;Rohdaten
2024-05-16;296,86;Rohdaten
2024-05-17;296,84;Rohdaten
2024-05-18;296,84;Rohdaten
2024-05-19;296,84;Rohdaten
2024-05-20;296,83;Rohdaten
2024-05-21;296,83;Rohdaten
2024-05-22;296,84;Rohdaten
2024-05-23;296,83;Rohdaten
2024-05-24;296,84;Rohdaten
2024-05-25;296,86;Rohdaten
2024-05-26;296,87;Rohdaten
2024-05-27;296,89;Rohdaten
2024-05-28;296,84;Rohdaten
2024-05-29;296,84;Rohdaten
2024-05-30;296,86;Rohdaten
2024-05-31;296,87;Rohdaten
2024-06-01;296,90;Rohdaten
2024-06-02;297,01;Rohdaten
2024-06-03;297,01;Rohdaten
2024-06-04;297,01;Rohdaten
2024-06-05;297,00;Rohdaten
2024-06-06;296,99;Rohdaten
2024-06-07;296,98;Rohdaten
2024-06-08;296,97;Rohdaten
2024-06-09;296,97;Rohdaten
2024-06-10;296,96;Rohdaten
2024-06-11;296,93;Rohdaten
2024-06-12;296,87;Rohdaten
2024-06-13;296,92;Rohdaten
2024-06-14;296,91;Rohdaten
2024-06-15;296,92;Rohdaten
2024-06-16;296,91;Rohdaten
2024-06-17;296,92;Rohdaten
2024-06-18;296,90;Rohdaten
2024-06-19;296,89;Rohdaten
2024-06-20;296,87;Rohdaten
2024-06-21;296,87;Rohdaten
2024-06-22;296,86;Rohdaten
2024-06-23;296,85;Rohdaten
2024-06-24;296,84;Rohdaten
2024-06-25;296,82;Rohdaten
2024-06-26;296,84;Rohdaten
2024-06-27;296,87;Rohdaten
2024-06-28;296,87;Rohdaten
2024-06-29;296,88;Rohdaten
2024-06-30;296,88;Rohdaten
2024-07-01;296,86;Rohdaten
2024-07-02;296,84;Rohdaten
2024-07-03;296,84;Rohdaten
2024-07-04;296,85;Rohdaten
2024-07-05;296,87;Rohdaten
2024-07-06;296,89;Rohdaten
2024-07-07;296,90;Rohdaten
2024-07-08;296,91;Rohdaten
2024-07-09;296,91;Rohdaten
2024-07-10;296,91;Rohdaten
2024-07-11;296,91;Rohdaten
2024-07-12;296,92;Rohdaten
2024-07-13;296,91;Rohdaten
2024-07-14;296,88;Rohdaten
2024-07-15;296,89;Rohdaten
2024-07-16;296,89;Rohdaten
2024-07-17;296,86;Rohdaten
2024-07-18;296,86;Rohdaten
