﻿Quelle:;"Bayerisches Landesamt für Umwelt, www.gkd.bayern.de"
Datenbankabfrage:;"08.10.2024 21:50"
Zeitbezug:;MEZ
Messstellen-Name:;Ansbach-Orangerie-Ost
Messstellen-Nr.:;3641
Ostwert:;614924;Nordwert:;5462293;"ETRS89 / UTM Zone 32N"

Datum;"Grundwasserstand [m ü. NN]";Prüfstatus
2004-09-28;398,50;Geprueft
2004-09-29;398,51;Geprueft
2004-09-30;398,50;Geprueft
2004-10-01;398,49;Geprueft
2004-10-02;398,50;Geprueft
2004-10-03;398,49;Geprueft
2004-10-04;398,51;Geprueft
2004-10-05;398,54;Geprueft
2004-10-06;398,54;Geprueft
2004-10-07;398,54;Geprueft
2004-10-08;398,56;Geprueft
2004-10-09;398,57;Geprueft
2004-10-10;398,59;Geprueft
2004-10-11;398,58;Geprueft
2004-10-12;398,58;Geprueft
2004-10-13;398,58;Geprueft
2004-10-14;398,59;Geprueft
2004-10-15;398,60;Geprueft
2004-10-16;398,60;Geprueft
2004-10-17;398,59;Geprueft
2004-10-18;398,58;Geprueft
2004-10-19;398,58;Geprueft
2004-10-20;398,58;Geprueft
2004-10-21;398,58;Geprueft
2004-10-22;398,56;Geprueft
2004-10-23;398,56;Geprueft
2004-10-24;398,57;Geprueft
2004-10-25;398,57;Geprueft
2004-10-26;398,58;Geprueft
2004-10-27;398,63;Geprueft
2004-10-28;398,65;Geprueft
2004-10-29;398,65;Geprueft
2004-10-30;398,64;Geprueft
2004-10-31;398,62;Geprueft
2004-11-01;398,62;Geprueft
2004-11-02;398,59;Geprueft
2004-11-03;398,58;Geprueft
2004-11-04;398,57;Geprueft
2004-11-05;398,57;Geprueft
2004-11-06;398,57;Geprueft
2004-11-07;398,59;Geprueft
2004-11-08;398,59;Geprueft
2004-11-09;398,60;Geprueft
2004-11-10;398,61;Geprueft
2004-11-11;398,61;Geprueft
2004-11-12;398,61;Geprueft
2004-11-13;398,62;Geprueft
2004-11-14;398,62;Geprueft
2004-11-15;398,60;Geprueft
2004-11-16;398,57;Geprueft
2004-11-17;398,57;Geprueft
2004-11-18;398,57;Geprueft
2004-11-19;398,58;Geprueft
2004-11-20;398,55;Geprueft
2004-11-21;398,54;Geprueft
2004-11-22;398,55;Geprueft
2004-11-23;398,57;Geprueft
2004-11-24;398,57;Geprueft
2004-11-25;398,58;Geprueft
2004-11-26;398,58;Geprueft
2004-11-27;398,58;Geprueft
2004-11-28;398,58;Geprueft
2004-11-29;398,58;Geprueft
2004-11-30;398,59;Geprueft
2004-12-01;398,59;Geprueft
2004-12-02;398,58;Geprueft
2004-12-03;398,57;Geprueft
2004-12-04;398,55;Geprueft
2004-12-05;398,55;Geprueft
2004-12-06;398,55;Geprueft
2004-12-07;398,55;Geprueft
2004-12-08;398,54;Geprueft
2004-12-09;398,54;Geprueft
2004-12-10;398,54;Geprueft
2004-12-11;398,53;Geprueft
2004-12-12;398,53;Geprueft
2004-12-13;398,52;Geprueft
2004-12-14;398,51;Geprueft
2004-12-15;398,51;Geprueft
2004-12-16;398,52;Geprueft
2004-12-17;398,54;Geprueft
2004-12-18;398,54;Geprueft
2004-12-19;398,56;Geprueft
2004-12-20;398,54;Geprueft
2004-12-21;398,54;Geprueft
2004-12-22;398,54;Geprueft
2004-12-23;398,54;Geprueft
2004-12-24;398,55;Geprueft
2004-12-25;398,61;Geprueft
2004-12-26;398,66;Geprueft
2004-12-27;398,70;Geprueft
2004-12-28;398,70;Geprueft
2004-12-29;398,70;Geprueft
2004-12-30;398,67;Geprueft
2004-12-31;398,65;Geprueft
2005-01-01;398,66;Geprueft
2005-01-02;398,69;Geprueft
2005-01-03;398,69;Geprueft
2005-01-04;398,68;Geprueft
2005-01-05;398,67;Geprueft
2005-01-06;398,69;Geprueft
2005-01-07;398,71;Geprueft
2005-01-08;398,72;Geprueft
2005-01-09;398,71;Geprueft
2005-01-10;398,69;Geprueft
2005-01-11;398,68;Geprueft
2005-01-12;398,67;Geprueft
2005-01-13;398,67;Geprueft
2005-01-14;398,66;Geprueft
2005-01-15;398,65;Geprueft
2005-01-16;398,65;Geprueft
2005-01-17;398,66;Geprueft
2005-01-18;398,73;Geprueft
2005-01-19;398,71;Geprueft
2005-01-20;398,70;Geprueft
2005-01-21;398,81;Geprueft
2005-01-22;398,85;Geprueft
2005-01-23;398,83;Geprueft
2005-01-24;398,82;Geprueft
2005-01-25;398,80;Geprueft
2005-01-26;398,79;Geprueft
2005-01-27;398,78;Geprueft
2005-01-28;398,78;Geprueft
2005-01-29;398,76;Geprueft
2005-01-30;398,73;Geprueft
2005-01-31;398,73;Geprueft
2005-02-01;398,72;Geprueft
2005-02-02;398,73;Geprueft
2005-02-03;398,74;Geprueft
2005-02-04;398,78;Geprueft
2005-02-05;398,78;Geprueft
2005-02-06;398,77;Geprueft
2005-02-07;398,76;Geprueft
2005-02-08;398,74;Geprueft
2005-02-09;398,73;Geprueft
2005-02-10;398,72;Geprueft
2005-02-11;398,79;Geprueft
2005-02-12;398,95;Geprueft
2005-02-13;399,12;Geprueft
2005-02-14;399,10;Geprueft
2005-02-15;398,99;Geprueft
2005-02-16;398,94;Geprueft
2005-02-17;398,90;Geprueft
2005-02-18;398,89;Geprueft
2005-02-19;398,87;Geprueft
2005-02-20;398,86;Geprueft
2005-02-21;398,86;Geprueft
2005-02-22;398,84;Geprueft
2005-02-23;398,83;Geprueft
2005-02-24;398,81;Geprueft
2005-02-25;398,79;Geprueft
2005-02-26;398,79;Geprueft
2005-02-27;398,78;Geprueft
2005-02-28;398,77;Geprueft
2005-03-01;398,77;Geprueft
2005-03-02;398,78;Geprueft
2005-03-03;398,76;Geprueft
2005-03-04;398,74;Geprueft
2005-03-05;398,74;Geprueft
2005-03-06;398,71;Geprueft
2005-03-07;398,70;Geprueft
2005-03-08;398,69;Geprueft
2005-03-09;398,68;Geprueft
2005-03-10;398,68;Geprueft
2005-03-11;398,71;Geprueft
2005-03-12;398,73;Geprueft
2005-03-13;398,72;Geprueft
2005-03-14;398,71;Geprueft
2005-03-15;398,72;Geprueft
2005-03-16;398,80;Geprueft
2005-03-17;399,02;Geprueft
2005-03-18;399,22;Geprueft
2005-03-19;399,16;Geprueft
2005-03-20;399,08;Geprueft
2005-03-21;399,02;Geprueft
2005-03-22;398,98;Geprueft
2005-03-23;398,94;Geprueft
2005-03-24;398,93;Geprueft
2005-03-25;398,90;Geprueft
2005-03-26;398,92;Geprueft
2005-03-27;398,92;Geprueft
2005-03-28;398,89;Geprueft
2005-03-29;398,87;Geprueft
2005-03-30;398,86;Geprueft
2005-03-31;398,84;Geprueft
2005-04-01;398,82;Geprueft
2005-04-02;398,81;Geprueft
2005-04-03;398,80;Geprueft
2005-04-04;398,79;Geprueft
2005-04-05;398,79;Geprueft
2005-04-06;398,82;Geprueft
2005-04-07;398,84;Geprueft
2005-04-08;398,87;Geprueft
2005-04-09;398,85;Geprueft
2005-04-10;398,81;Geprueft
2005-04-11;398,80;Geprueft
2005-04-12;398,82;Geprueft
2005-04-13;398,82;Geprueft
2005-04-14;398,82;Geprueft
2005-04-15;398,82;Geprueft
2005-04-16;398,81;Geprueft
2005-04-17;398,81;Geprueft
2005-04-18;398,79;Geprueft
2005-04-19;398,84;Geprueft
2005-04-20;399,05;Geprueft
2005-04-21;399,13;Geprueft
2005-04-22;399,07;Geprueft
2005-04-23;399,03;Geprueft
2005-04-24;399,00;Geprueft
2005-04-25;398,98;Geprueft
2005-04-26;399,01;Geprueft
2005-04-27;398,98;Geprueft
2005-04-28;398,93;Geprueft
2005-04-29;398,91;Geprueft
2005-04-30;398,90;Geprueft
2005-05-01;398,89;Geprueft
2005-05-02;398,86;Geprueft
2005-05-03;398,86;Geprueft
2005-05-04;398,88;Geprueft
2005-05-05;398,87;Geprueft
2005-05-06;398,85;Geprueft
2005-05-07;398,85;Geprueft
2005-05-08;398,86;Geprueft
2005-05-09;398,85;Geprueft
2005-05-10;398,83;Geprueft
2005-05-11;398,80;Geprueft
2005-05-12;398,79;Geprueft
2005-05-13;398,79;Geprueft
2005-05-14;398,79;Geprueft
2005-05-15;398,78;Geprueft
2005-05-16;398,77;Geprueft
2005-05-17;398,77;Geprueft
2005-05-18;398,75;Geprueft
2005-05-19;398,73;Geprueft
2005-05-20;398,73;Geprueft
2005-05-21;398,73;Geprueft
2005-05-22;398,72;Geprueft
2005-05-23;398,72;Geprueft
2005-05-24;398,72;Geprueft
2005-05-25;398,72;Geprueft
2005-05-26;398,72;Geprueft
2005-05-27;398,72;Geprueft
2005-05-28;398,71;Geprueft
2005-05-29;398,70;Geprueft
2005-05-30;398,69;Geprueft
2005-05-31;398,66;Geprueft
2005-06-01;398,67;Geprueft
2005-06-02;398,67;Geprueft
2005-06-03;398,67;Geprueft
2005-06-04;398,65;Geprueft
2005-06-05;398,64;Geprueft
2005-06-06;398,64;Geprueft
2005-06-07;398,64;Geprueft
2005-06-08;398,65;Geprueft
2005-06-09;398,66;Geprueft
2005-06-10;398,67;Geprueft
2005-06-11;398,68;Geprueft
2005-06-12;398,68;Geprueft
2005-06-13;398,67;Geprueft
2005-06-14;398,65;Geprueft
2005-06-15;398,64;Geprueft
2005-06-16;398,63;Geprueft
2005-06-17;398,62;Geprueft
2005-06-18;398,62;Geprueft
2005-06-19;398,62;Geprueft
2005-06-20;398,62;Geprueft
2005-06-21;398,62;Geprueft
2005-06-22;398,60;Geprueft
2005-06-23;398,57;Geprueft
2005-06-24;398,56;Geprueft
2005-06-25;398,54;Geprueft
2005-06-26;398,52;Geprueft
2005-06-27;398,54;Geprueft
2005-06-28;398,57;Geprueft
2005-06-29;398,59;Geprueft
2005-06-30;398,61;Geprueft
2005-07-01;398,60;Geprueft
2005-07-02;398,59;Geprueft
2005-07-03;398,59;Geprueft
2005-07-04;398,61;Geprueft
2005-07-05;398,60;Geprueft
2005-07-06;398,60;Geprueft
2005-07-07;398,60;Geprueft
2005-07-08;398,60;Geprueft
2005-07-09;398,59;Geprueft
2005-07-10;398,60;Geprueft
2005-07-11;398,62;Geprueft
2005-07-12;398,61;Geprueft
2005-07-13;398,61;Geprueft
2005-07-14;398,60;Geprueft
2005-07-15;398,61;Geprueft
2005-07-16;398,61;Geprueft
2005-07-17;398,61;Geprueft
2005-07-18;398,61;Geprueft
2005-07-19;398,59;Geprueft
2005-07-20;398,58;Geprueft
2005-07-21;398,59;Geprueft
2005-07-22;398,60;Geprueft
2005-07-23;398,60;Geprueft
2005-07-24;398,59;Geprueft
2005-07-25;398,59;Geprueft
2005-07-26;398,59;Geprueft
2005-07-27;398,58;Geprueft
2005-07-28;398,57;Geprueft
2005-07-29;398,57;Geprueft
2005-07-30;398,58;Geprueft
2005-07-31;398,57;Geprueft
2005-08-01;398,56;Geprueft
2005-08-02;398,56;Geprueft
2005-08-03;398,58;Geprueft
2005-08-04;398,59;Geprueft
2005-08-05;398,59;Geprueft
2005-08-06;398,60;Geprueft
2005-08-07;398,60;Geprueft
2005-08-08;398,59;Geprueft
2005-08-09;398,59;Geprueft
2005-08-10;398,59;Geprueft
2005-08-11;398,58;Geprueft
2005-08-12;398,58;Geprueft
2005-08-13;398,57;Geprueft
2005-08-14;398,58;Geprueft
2005-08-15;398,57;Geprueft
2005-08-16;398,57;Geprueft
2005-08-17;398,57;Geprueft
2005-08-18;398,57;Geprueft
2005-08-19;398,57;Geprueft
2005-08-20;398,58;Geprueft
2005-08-21;398,61;Geprueft
2005-08-22;398,66;Geprueft
2005-08-23;398,76;Geprueft
2005-08-24;398,76;Geprueft
2005-08-25;398,75;Geprueft
2005-08-26;398,71;Geprueft
2005-08-27;398,70;Geprueft
2005-08-28;398,68;Geprueft
2005-08-29;398,65;Geprueft
2005-08-30;398,63;Geprueft
2005-08-31;398,63;Geprueft
2005-09-01;398,62;Geprueft
2005-09-02;398,59;Geprueft
2005-09-03;398,58;Geprueft
2005-09-04;398,58;Geprueft
2005-09-05;398,58;Geprueft
2005-09-06;398,59;Geprueft
2005-09-07;398,57;Geprueft
2005-09-08;398,56;Geprueft
2005-09-09;398,56;Geprueft
2005-09-10;398,58;Geprueft
2005-09-11;398,66;Geprueft
2005-09-12;398,71;Geprueft
2005-09-13;398,68;Geprueft
2005-09-14;398,68;Geprueft
2005-09-15;398,68;Geprueft
2005-09-16;398,70;Geprueft
2005-09-17;398,70;Geprueft
2005-09-18;398,68;Geprueft
2005-09-19;398,68;Geprueft
2005-09-20;398,67;Geprueft
2005-09-21;398,66;Geprueft
2005-09-22;398,66;Geprueft
2005-09-23;398,66;Geprueft
2005-09-24;398,64;Geprueft
2005-09-25;398,64;Geprueft
2005-09-26;398,62;Geprueft
2005-09-27;398,61;Geprueft
2005-09-28;398,61;Geprueft
2005-09-29;398,61;Geprueft
2005-09-30;398,60;Geprueft
2005-10-01;398,61;Geprueft
2005-10-02;398,63;Geprueft
2005-10-03;398,66;Geprueft
2005-10-04;398,68;Geprueft
2005-10-05;398,68;Geprueft
2005-10-06;398,67;Geprueft
2005-10-07;398,67;Geprueft
2005-10-08;398,66;Geprueft
2005-10-09;398,64;Geprueft
2005-10-10;398,63;Geprueft
2005-10-11;398,63;Geprueft
2005-10-12;398,63;Geprueft
2005-10-13;398,62;Geprueft
2005-10-14;398,60;Geprueft
2005-10-15;398,59;Geprueft
2005-10-16;398,59;Geprueft
2005-10-17;398,59;Geprueft
2005-10-18;398,59;Geprueft
2005-10-19;398,59;Geprueft
2005-10-20;398,60;Geprueft
2005-10-21;398,60;Geprueft
2005-10-22;398,60;Geprueft
2005-10-23;398,58;Geprueft
2005-10-24;398,56;Geprueft
2005-10-25;398,57;Geprueft
2005-10-26;398,55;Geprueft
2005-10-27;398,55;Geprueft
2005-10-28;398,55;Geprueft
2005-10-29;398,55;Geprueft
2005-10-30;398,55;Geprueft
2005-10-31;398,55;Geprueft
2005-11-01;398,55;Geprueft
2005-11-02;398,53;Geprueft
2005-11-03;398,52;Geprueft
2005-11-04;398,53;Geprueft
2005-11-05;398,54;Geprueft
2005-11-06;398,54;Geprueft
2005-11-07;398,55;Geprueft
2005-11-08;398,54;Geprueft
2005-11-09;398,54;Geprueft
2005-11-10;398,52;Geprueft
2005-11-11;398,53;Geprueft
2005-11-12;398,55;Geprueft
2005-11-13;398,54;Geprueft
2005-11-14;398,52;Geprueft
2005-11-15;398,55;Geprueft
2005-11-16;398,55;Geprueft
2005-11-17;398,54;Geprueft
2005-11-18;398,54;Geprueft
2005-11-19;398,53;Geprueft
2005-11-20;398,52;Geprueft
2005-11-21;398,54;Geprueft
2005-11-22;398,55;Geprueft
2005-11-23;398,57;Geprueft
2005-11-24;398,60;Geprueft
2005-11-25;398,63;Geprueft
2005-11-26;398,60;Geprueft
2005-11-27;398,59;Geprueft
2005-11-28;398,58;Geprueft
2005-11-29;398,56;Geprueft
2005-11-30;398,55;Geprueft
2005-12-01;398,55;Geprueft
2005-12-02;398,57;Geprueft
2005-12-03;398,56;Geprueft
2005-12-04;398,56;Geprueft
2005-12-05;398,58;Geprueft
2005-12-06;398,60;Geprueft
2005-12-07;398,61;Geprueft
2005-12-08;398,60;Geprueft
2005-12-09;398,56;Geprueft
2005-12-10;398,55;Geprueft
2005-12-11;398,55;Geprueft
2005-12-12;398,57;Geprueft
2005-12-13;398,56;Geprueft
2005-12-14;398,57;Geprueft
2005-12-15;398,56;Geprueft
2005-12-16;398,60;Geprueft
2005-12-17;398,66;Geprueft
2005-12-18;398,63;Geprueft
2005-12-19;398,63;Geprueft
2005-12-20;398,62;Geprueft
2005-12-21;398,62;Geprueft
2005-12-22;398,61;Geprueft
2005-12-23;398,61;Geprueft
2005-12-24;398,64;Geprueft
2005-12-25;398,70;Geprueft
2005-12-26;398,72;Geprueft
2005-12-27;398,72;Geprueft
2005-12-28;398,73;Geprueft
2005-12-29;398,70;Geprueft
2005-12-30;398,69;Geprueft
2005-12-31;398,71;Geprueft
2006-01-01;398,70;Geprueft
2006-01-02;398,67;Geprueft
2006-01-03;398,65;Geprueft
2006-01-04;398,65;Geprueft
2006-01-05;398,66;Geprueft
2006-01-06;398,65;Geprueft
2006-01-07;398,64;Geprueft
2006-01-08;398,64;Geprueft
2006-01-09;398,63;Geprueft
2006-01-10;398,63;Geprueft
2006-01-11;398,63;Geprueft
2006-01-12;398,62;Geprueft
2006-01-13;398,61;Geprueft
2006-01-14;398,61;Geprueft
2006-01-15;398,61;Geprueft
2006-01-16;398,62;Geprueft
2006-01-17;398,65;Geprueft
2006-01-18;398,64;Geprueft
2006-01-19;398,60;Geprueft
2006-01-20;398,61;Geprueft
2006-01-21;398,63;Geprueft
2006-01-22;398,64;Geprueft
2006-01-23;398,62;Geprueft
2006-01-24;398,62;Geprueft
2006-01-25;398,64;Geprueft
2006-01-26;398,64;Geprueft
2006-01-27;398,62;Geprueft
2006-01-28;398,60;Geprueft
2006-01-29;398,59;Geprueft
2006-01-30;398,58;Geprueft
2006-01-31;398,58;Geprueft
2006-02-01;398,58;Geprueft
2006-02-02;398,58;Geprueft
2006-02-03;398,57;Geprueft
2006-02-04;398,55;Geprueft
2006-02-05;398,54;Geprueft
2006-02-06;398,54;Geprueft
2006-02-07;398,54;Geprueft
2006-02-08;398,57;Geprueft
2006-02-09;398,61;Geprueft
2006-02-10;398,57;Geprueft
2006-02-11;398,53;Geprueft
2006-02-12;398,53;Geprueft
2006-02-13;398,54;Geprueft
2006-02-14;398,54;Geprueft
2006-02-15;398,57;Geprueft
2006-02-16;398,67;Geprueft
2006-02-17;398,79;Geprueft
2006-02-18;398,77;Geprueft
2006-02-19;398,77;Geprueft
2006-02-20;398,76;Geprueft
2006-02-21;398,73;Geprueft
2006-02-22;398,72;Geprueft
2006-02-23;398,71;Geprueft
2006-02-24;398,71;Geprueft
2006-02-25;398,70;Geprueft
2006-02-26;398,67;Geprueft
2006-02-27;398,66;Geprueft
2006-02-28;398,67;Geprueft
2006-03-01;398,66;Geprueft
2006-03-02;398,65;Geprueft
2006-03-03;398,64;Geprueft
2006-03-04;398,64;Geprueft
2006-03-05;398,63;Geprueft
2006-03-06;398,62;Geprueft
2006-03-07;398,59;Geprueft
2006-03-08;398,59;Geprueft
2006-03-09;;Geprueft
2006-03-10;;Geprueft
2006-03-11;;Geprueft
2006-03-12;;Geprueft
2006-03-13;;Geprueft
2006-03-14;;Geprueft
2006-03-15;;Geprueft
2006-03-16;;Geprueft
2006-03-17;;Geprueft
2006-03-18;;Geprueft
2006-03-19;;Geprueft
2006-03-20;;Geprueft
2006-03-21;;Geprueft
2006-03-22;;Geprueft
2006-03-23;;Geprueft
2006-03-24;;Geprueft
2006-03-25;;Geprueft
2006-03-26;;Geprueft
2006-03-27;;Geprueft
2006-03-28;;Geprueft
2006-03-29;;Geprueft
2006-03-30;;Geprueft
2006-03-31;;Geprueft
2006-04-01;;Geprueft
2006-04-02;;Geprueft
2006-04-03;;Geprueft
2006-04-04;;Geprueft
2006-04-05;;Geprueft
2006-04-06;;Geprueft
2006-04-07;;Geprueft
2006-04-08;;Geprueft
2006-04-09;;Geprueft
2006-04-10;;Geprueft
2006-04-11;;Geprueft
2006-04-12;;Geprueft
2006-04-13;;Geprueft
2006-04-14;;Geprueft
2006-04-15;;Geprueft
2006-04-16;;Geprueft
2006-04-17;;Geprueft
2006-04-18;398,79;Geprueft
2006-04-19;398,79;Geprueft
2006-04-20;398,77;Geprueft
2006-04-21;398,76;Geprueft
2006-04-22;398,76;Geprueft
2006-04-23;398,79;Geprueft
2006-04-24;398,78;Geprueft
2006-04-25;398,77;Geprueft
2006-04-26;398,79;Geprueft
2006-04-27;398,84;Geprueft
2006-04-28;398,85;Geprueft
2006-04-29;398,86;Geprueft
2006-04-30;398,89;Geprueft
2006-05-01;398,87;Geprueft
2006-05-02;398,84;Geprueft
2006-05-03;398,82;Geprueft
2006-05-04;398,80;Geprueft
2006-05-05;398,79;Geprueft
2006-05-06;398,77;Geprueft
2006-05-07;398,76;Geprueft
2006-05-08;398,76;Geprueft
2006-05-09;398,75;Geprueft
2006-05-10;398,73;Geprueft
2006-05-11;398,72;Geprueft
2006-05-12;398,71;Geprueft
2006-05-13;398,69;Geprueft
2006-05-14;398,68;Geprueft
2006-05-15;398,67;Geprueft
2006-05-16;398,68;Geprueft
2006-05-17;398,68;Geprueft
2006-05-18;398,69;Geprueft
2006-05-19;398,68;Geprueft
2006-05-20;398,69;Geprueft
2006-05-21;398,68;Geprueft
2006-05-22;398,67;Geprueft
2006-05-23;398,65;Geprueft
2006-05-24;398,63;Geprueft
2006-05-25;398,63;Geprueft
2006-05-26;398,64;Geprueft
2006-05-27;398,67;Geprueft
2006-05-28;398,73;Geprueft
2006-05-29;398,77;Geprueft
2006-05-30;398,80;Geprueft
2006-05-31;398,80;Geprueft
2006-06-01;398,80;Geprueft
2006-06-02;398,80;Geprueft
2006-06-03;398,77;Geprueft
2006-06-04;398,76;Geprueft
2006-06-05;398,74;Geprueft
2006-06-06;398,73;Geprueft
2006-06-07;398,71;Geprueft
2006-06-08;398,69;Geprueft
2006-06-09;398,68;Geprueft
2006-06-10;398,67;Geprueft
2006-06-11;398,65;Geprueft
2006-06-12;398,65;Geprueft
2006-06-13;398,64;Geprueft
2006-06-14;398,64;Geprueft
2006-06-15;398,63;Geprueft
2006-06-16;398,62;Geprueft
2006-06-17;398,61;Geprueft
2006-06-18;398,60;Geprueft
2006-06-19;398,60;Geprueft
2006-06-20;398,63;Geprueft
2006-06-21;;Geprueft
2006-06-22;;Geprueft
2006-06-23;;Geprueft
2006-06-24;;Geprueft
2006-06-25;;Geprueft
2006-06-26;;Geprueft
2006-06-27;;Geprueft
2006-06-28;;Geprueft
2006-06-29;;Geprueft
2006-06-30;398,55;Geprueft
2006-07-01;398,54;Geprueft
2006-07-02;398,54;Geprueft
2006-07-03;398,54;Geprueft
2006-07-04;398,54;Geprueft
2006-07-05;398,53;Geprueft
2006-07-06;398,51;Geprueft
2006-07-07;398,52;Geprueft
2006-07-08;398,51;Geprueft
2006-07-09;398,51;Geprueft
2006-07-10;398,49;Geprueft
2006-07-11;398,49;Geprueft
2006-07-12;398,49;Geprueft
2006-07-13;398,49;Geprueft
2006-07-14;398,48;Geprueft
2006-07-15;398,47;Geprueft
2006-07-16;398,47;Geprueft
2006-07-17;398,47;Geprueft
2006-07-18;398,47;Geprueft
2006-07-19;398,46;Geprueft
2006-07-20;398,47;Geprueft
2006-07-21;398,52;Geprueft
2006-07-22;398,52;Geprueft
2006-07-23;398,53;Geprueft
2006-07-24;398,52;Geprueft
2006-07-25;398,52;Geprueft
2006-07-26;398,51;Geprueft
2006-07-27;398,50;Geprueft
2006-07-28;398,51;Geprueft
2006-07-29;398,51;Geprueft
2006-07-30;398,49;Geprueft
2006-07-31;398,50;Geprueft
2006-08-01;398,51;Geprueft
2006-08-02;398,51;Geprueft
2006-08-03;398,51;Geprueft
2006-08-04;398,49;Geprueft
2006-08-05;398,48;Geprueft
2006-08-06;398,48;Geprueft
2006-08-07;398,48;Geprueft
2006-08-08;398,49;Geprueft
2006-08-09;398,49;Geprueft
2006-08-10;398,50;Geprueft
2006-08-11;398,52;Geprueft
2006-08-12;398,52;Geprueft
2006-08-13;398,53;Geprueft
2006-08-14;398,54;Geprueft
2006-08-15;398,53;Geprueft
2006-08-16;398,53;Geprueft
2006-08-17;398,53;Geprueft
2006-08-18;398,51;Geprueft
2006-08-19;398,50;Geprueft
2006-08-20;398,49;Geprueft
2006-08-21;398,48;Geprueft
2006-08-22;398,49;Geprueft
2006-08-23;398,49;Geprueft
2006-08-24;398,50;Geprueft
2006-08-25;398,49;Geprueft
2006-08-26;398,49;Geprueft
2006-08-27;398,50;Geprueft
2006-08-28;398,53;Geprueft
2006-08-29;398,62;Geprueft
2006-08-30;398,62;Geprueft
2006-08-31;398,61;Geprueft
2006-09-01;398,61;Geprueft
2006-09-02;398,61;Geprueft
2006-09-03;398,59;Geprueft
2006-09-04;398,57;Geprueft
2006-09-05;398,55;Geprueft
2006-09-06;398,54;Geprueft
2006-09-07;398,54;Geprueft
2006-09-08;398,50;Geprueft
2006-09-09;398,49;Geprueft
2006-09-10;398,50;Geprueft
2006-09-11;398,49;Geprueft
2006-09-12;398,49;Geprueft
2006-09-13;398,49;Geprueft
2006-09-14;398,50;Geprueft
2006-09-15;398,50;Geprueft
2006-09-16;398,49;Geprueft
2006-09-17;398,49;Geprueft
2006-09-18;398,48;Geprueft
2006-09-19;398,48;Geprueft
2006-09-20;398,47;Geprueft
2006-09-21;398,48;Geprueft
2006-09-22;398,48;Geprueft
2006-09-23;398,48;Geprueft
2006-09-24;398,48;Geprueft
2006-09-25;398,48;Geprueft
2006-09-26;398,48;Geprueft
2006-09-27;398,48;Geprueft
2006-09-28;398,49;Geprueft
2006-09-29;398,49;Geprueft
2006-09-30;398,49;Geprueft
2006-10-01;398,48;Geprueft
2006-10-02;398,48;Geprueft
2006-10-03;398,48;Geprueft
2006-10-04;398,48;Geprueft
2006-10-05;398,47;Geprueft
2006-10-06;398,48;Geprueft
2006-10-07;398,48;Geprueft
2006-10-08;398,49;Geprueft
2006-10-09;398,49;Geprueft
2006-10-10;398,49;Geprueft
2006-10-11;398,50;Geprueft
2006-10-12;398,48;Geprueft
2006-10-13;398,47;Geprueft
2006-10-14;398,47;Geprueft
2006-10-15;398,47;Geprueft
2006-10-16;398,47;Geprueft
2006-10-17;398,48;Geprueft
2006-10-18;398,48;Geprueft
2006-10-19;398,48;Geprueft
2006-10-20;398,48;Geprueft
2006-10-21;398,47;Geprueft
2006-10-22;398,46;Geprueft
2006-10-23;398,46;Geprueft
2006-10-24;398,47;Geprueft
2006-10-25;398,45;Geprueft
2006-10-26;398,46;Geprueft
2006-10-27;398,44;Geprueft
2006-10-28;398,44;Geprueft
2006-10-29;398,45;Geprueft
2006-10-30;398,44;Geprueft
2006-10-31;398,46;Geprueft
2006-11-01;398,46;Geprueft
2006-11-02;398,45;Geprueft
2006-11-03;398,44;Geprueft
2006-11-04;398,45;Geprueft
2006-11-05;398,45;Geprueft
2006-11-06;398,44;Geprueft
2006-11-07;398,45;Geprueft
2006-11-08;398,47;Geprueft
2006-11-09;398,48;Geprueft
2006-11-10;398,47;Geprueft
2006-11-11;398,50;Geprueft
2006-11-12;398,50;Geprueft
2006-11-13;398,53;Geprueft
2006-11-14;398,53;Geprueft
2006-11-15;398,53;Geprueft
2006-11-16;398,55;Geprueft
2006-11-17;398,54;Geprueft
2006-11-18;398,53;Geprueft
2006-11-19;398,52;Geprueft
2006-11-20;398,53;Geprueft
2006-11-21;398,56;Geprueft
2006-11-22;398,56;Geprueft
2006-11-23;398,57;Geprueft
2006-11-24;398,55;Geprueft
2006-11-25;398,54;Geprueft
2006-11-26;398,51;Geprueft
2006-11-27;398,51;Geprueft
2006-11-28;398,51;Geprueft
2006-11-29;398,50;Geprueft
2006-11-30;398,49;Geprueft
2006-12-01;398,50;Geprueft
2006-12-02;398,52;Geprueft
2006-12-03;398,53;Geprueft
2006-12-04;398,54;Geprueft
2006-12-05;398,55;Geprueft
2006-12-06;398,55;Geprueft
2006-12-07;398,56;Geprueft
2006-12-08;398,57;Geprueft
2006-12-09;398,55;Geprueft
2006-12-10;;Geprueft
2006-12-11;;Geprueft
2006-12-12;;Geprueft
2006-12-13;;Geprueft
2006-12-14;;Geprueft
2006-12-15;;Geprueft
2006-12-16;;Geprueft
2006-12-17;;Geprueft
2006-12-18;;Geprueft
2006-12-19;;Geprueft
2006-12-20;;Geprueft
2006-12-21;;Geprueft
2006-12-22;;Geprueft
2006-12-23;;Geprueft
2006-12-24;;Geprueft
2006-12-25;;Geprueft
2006-12-26;;Geprueft
2006-12-27;;Geprueft
2006-12-28;;Geprueft
2006-12-29;;Geprueft
2006-12-30;;Geprueft
2006-12-31;;Geprueft
2007-01-01;;Geprueft
2007-01-02;;Geprueft
2007-01-03;398,45;Geprueft
2007-01-04;398,48;Geprueft
2007-01-05;398,46;Geprueft
2007-01-06;398,46;Geprueft
2007-01-07;398,47;Geprueft
2007-01-08;398,49;Geprueft
2007-01-09;398,48;Geprueft
2007-01-10;398,47;Geprueft
2007-01-11;398,48;Geprueft
2007-01-12;398,49;Geprueft
2007-01-13;398,50;Geprueft
2007-01-14;398,49;Geprueft
2007-01-15;398,49;Geprueft
2007-01-16;398,50;Geprueft
2007-01-17;398,50;Geprueft
2007-01-18;398,50;Geprueft
2007-01-19;398,64;Geprueft
2007-01-20;398,79;Geprueft
2007-01-21;398,75;Geprueft
2007-01-22;398,72;Geprueft
2007-01-23;398,71;Geprueft
2007-01-24;398,67;Geprueft
2007-01-25;398,58;Geprueft
2007-01-26;398,61;Geprueft
2007-01-27;398,57;Geprueft
2007-01-28;398,55;Geprueft
2007-01-29;398,58;Geprueft
2007-01-30;398,69;Geprueft
2007-01-31;398,75;Geprueft
2007-02-01;398,71;Geprueft
2007-02-02;398,67;Geprueft
2007-02-03;398,65;Geprueft
2007-02-04;398,64;Geprueft
2007-02-05;398,66;Geprueft
2007-02-06;398,66;Geprueft
2007-02-07;398,70;Geprueft
2007-02-08;398,75;Geprueft
2007-02-09;398,77;Geprueft
2007-02-10;398,77;Geprueft
2007-02-11;398,77;Geprueft
2007-02-12;398,84;Geprueft
2007-02-13;398,86;Geprueft
2007-02-14;398,85;Geprueft
2007-02-15;398,87;Geprueft
2007-02-16;398,86;Geprueft
2007-02-17;398,85;Geprueft
2007-02-18;398,84;Geprueft
2007-02-19;398,80;Geprueft
2007-02-20;398,72;Geprueft
2007-02-21;398,68;Geprueft
2007-02-22;398,66;Geprueft
2007-02-23;398,71;Geprueft
2007-02-24;398,73;Geprueft
2007-02-25;398,75;Geprueft
2007-02-26;398,73;Geprueft
2007-02-27;398,68;Geprueft
2007-02-28;398,72;Geprueft
2007-03-01;398,74;Geprueft
2007-03-02;398,77;Geprueft
2007-03-03;398,86;Geprueft
2007-03-04;398,86;Geprueft
2007-03-05;398,86;Geprueft
2007-03-06;398,86;Geprueft
2007-03-07;398,86;Geprueft
2007-03-08;398,81;Geprueft
2007-03-09;398,79;Geprueft
2007-03-10;398,77;Geprueft
2007-03-11;398,76;Geprueft
2007-03-12;398,77;Geprueft
2007-03-13;398,76;Geprueft
2007-03-14;398,74;Geprueft
2007-03-15;398,74;Geprueft
2007-03-16;;Geprueft
2007-03-17;;Geprueft
2007-03-18;;Geprueft
2007-03-19;;Geprueft
2007-03-20;;Geprueft
2007-03-21;;Geprueft
2007-03-22;;Geprueft
2007-03-23;;Geprueft
2007-03-24;;Geprueft
2007-03-25;;Geprueft
2007-03-26;;Geprueft
2007-03-27;;Geprueft
2007-03-28;;Geprueft
2007-03-29;;Geprueft
2007-03-30;;Geprueft
2007-03-31;;Geprueft
2007-04-01;;Geprueft
2007-04-02;;Geprueft
2007-04-03;;Geprueft
2007-04-04;;Geprueft
2007-04-05;;Geprueft
2007-04-06;;Geprueft
2007-04-07;;Geprueft
2007-04-08;;Geprueft
2007-04-09;;Geprueft
2007-04-10;;Geprueft
2007-04-11;;Geprueft
2007-04-12;;Geprueft
2007-04-13;;Geprueft
2007-04-14;;Geprueft
2007-04-15;;Geprueft
2007-04-16;;Geprueft
2007-04-17;;Geprueft
2007-04-18;;Geprueft
2007-04-19;;Geprueft
2007-04-20;;Geprueft
2007-04-21;;Geprueft
2007-04-22;;Geprueft
2007-04-23;;Geprueft
2007-04-24;;Geprueft
2007-04-25;;Geprueft
2007-04-26;;Geprueft
2007-04-27;;Geprueft
2007-04-28;;Geprueft
2007-04-29;;Geprueft
2007-04-30;;Geprueft
2007-05-01;;Geprueft
2007-05-02;;Geprueft
2007-05-03;;Geprueft
2007-05-04;;Geprueft
2007-05-05;;Geprueft
2007-05-06;;Geprueft
2007-05-07;;Geprueft
2007-05-08;;Geprueft
2007-05-09;;Geprueft
2007-05-10;;Geprueft
2007-05-11;;Geprueft
2007-05-12;;Geprueft
2007-05-13;;Geprueft
2007-05-14;398,44;Geprueft
2007-05-15;;Geprueft
2007-05-16;;Geprueft
2007-05-17;;Geprueft
2007-05-18;;Geprueft
2007-05-19;;Geprueft
2007-05-20;;Geprueft
2007-05-21;;Geprueft
2007-05-22;398,40;Geprueft
2007-05-23;398,40;Geprueft
2007-05-24;398,40;Geprueft
2007-05-25;398,40;Geprueft
2007-05-26;398,41;Geprueft
2007-05-27;398,44;Geprueft
2007-05-28;398,45;Geprueft
2007-05-29;398,57;Geprueft
2007-05-30;398,74;Geprueft
2007-05-31;398,68;Geprueft
2007-06-01;398,63;Geprueft
2007-06-02;398,60;Geprueft
2007-06-03;398,60;Geprueft
2007-06-04;398,58;Geprueft
2007-06-05;398,58;Geprueft
2007-06-06;398,57;Geprueft
2007-06-07;398,55;Geprueft
2007-06-08;398,53;Geprueft
2007-06-09;398,52;Geprueft
2007-06-10;398,52;Geprueft
2007-06-11;398,51;Geprueft
2007-06-12;398,52;Geprueft
2007-06-13;398,53;Geprueft
2007-06-14;398,52;Geprueft
2007-06-15;398,63;Geprueft
2007-06-16;398,87;Geprueft
2007-06-17;398,81;Geprueft
2007-06-18;398,73;Geprueft
2007-06-19;398,70;Geprueft
2007-06-20;398,67;Geprueft
2007-06-21;398,82;Geprueft
2007-06-22;398,91;Geprueft
2007-06-23;398,82;Geprueft
2007-06-24;398,79;Geprueft
2007-06-25;398,77;Geprueft
2007-06-26;398,75;Geprueft
2007-06-27;398,72;Geprueft
2007-06-28;398,70;Geprueft
2007-06-29;398,68;Geprueft
2007-06-30;398,66;Geprueft
2007-07-01;398,66;Geprueft
2007-07-02;398,65;Geprueft
2007-07-03;398,65;Geprueft
2007-07-04;398,64;Geprueft
2007-07-05;398,63;Geprueft
2007-07-06;398,67;Geprueft
2007-07-07;398,65;Geprueft
2007-07-08;398,64;Geprueft
2007-07-09;398,64;Geprueft
2007-07-10;398,62;Geprueft
2007-07-11;398,61;Geprueft
2007-07-12;398,60;Geprueft
2007-07-13;398,58;Geprueft
2007-07-14;398,58;Geprueft
2007-07-15;398,57;Geprueft
2007-07-16;398,56;Geprueft
2007-07-17;398,54;Geprueft
2007-07-18;398,53;Geprueft
2007-07-19;398,53;Geprueft
2007-07-20;398,52;Geprueft
2007-07-21;398,52;Geprueft
2007-07-22;398,54;Geprueft
2007-07-23;398,55;Geprueft
2007-07-24;398,56;Geprueft
2007-07-25;398,52;Geprueft
2007-07-26;398,52;Geprueft
2007-07-27;398,52;Geprueft
2007-07-28;398,51;Geprueft
2007-07-29;398,51;Geprueft
2007-07-30;398,50;Geprueft
2007-07-31;398,49;Geprueft
2007-08-01;398,49;Geprueft
2007-08-02;398,49;Geprueft
2007-08-03;398,47;Geprueft
2007-08-04;398,46;Geprueft
2007-08-05;398,46;Geprueft
2007-08-06;398,47;Geprueft
2007-08-07;398,46;Geprueft
2007-08-08;398,48;Geprueft
2007-08-09;398,51;Geprueft
2007-08-10;398,54;Geprueft
2007-08-11;398,60;Geprueft
2007-08-12;398,59;Geprueft
2007-08-13;398,58;Geprueft
2007-08-14;398,57;Geprueft
2007-08-15;398,56;Geprueft
2007-08-16;398,55;Geprueft
2007-08-17;398,53;Geprueft
2007-08-18;398,53;Geprueft
2007-08-19;398,54;Geprueft
2007-08-20;398,53;Geprueft
2007-08-21;398,53;Geprueft
2007-08-22;398,52;Geprueft
2007-08-23;398,51;Geprueft
2007-08-24;398,50;Geprueft
2007-08-25;398,48;Geprueft
2007-08-26;398,48;Geprueft
2007-08-27;398,48;Geprueft
2007-08-28;398,48;Geprueft
2007-08-29;398,48;Geprueft
2007-08-30;398,47;Geprueft
2007-08-31;398,46;Geprueft
2007-09-01;398,45;Geprueft
2007-09-02;398,45;Geprueft
2007-09-03;398,46;Geprueft
2007-09-04;398,45;Geprueft
2007-09-05;398,44;Geprueft
2007-09-06;398,44;Geprueft
2007-09-07;398,44;Geprueft
2007-09-08;398,44;Geprueft
2007-09-09;398,44;Geprueft
2007-09-10;398,44;Geprueft
2007-09-11;398,43;Geprueft
2007-09-12;398,41;Geprueft
2007-09-13;398,41;Geprueft
2007-09-14;398,42;Geprueft
2007-09-15;398,40;Geprueft
2007-09-16;398,40;Geprueft
2007-09-17;398,41;Geprueft
2007-09-18;398,42;Geprueft
2007-09-19;398,40;Geprueft
2007-09-20;398,40;Geprueft
2007-09-21;398,40;Geprueft
2007-09-22;398,40;Geprueft
2007-09-23;398,39;Geprueft
2007-09-24;398,40;Geprueft
2007-09-25;398,39;Geprueft
2007-09-26;398,40;Geprueft
2007-09-27;398,46;Geprueft
2007-09-28;398,52;Geprueft
2007-09-29;398,54;Geprueft
2007-09-30;398,51;Geprueft
2007-10-01;398,50;Geprueft
2007-10-02;398,51;Geprueft
2007-10-03;398,51;Geprueft
2007-10-04;398,50;Geprueft
2007-10-05;398,49;Geprueft
2007-10-06;398,49;Geprueft
2007-10-07;398,48;Geprueft
2007-10-08;398,47;Geprueft
2007-10-09;398,46;Geprueft
2007-10-10;398,46;Geprueft
2007-10-11;398,45;Geprueft
2007-10-12;398,45;Geprueft
2007-10-13;398,44;Geprueft
2007-10-14;398,44;Geprueft
2007-10-15;398,44;Geprueft
2007-10-16;398,43;Geprueft
2007-10-17;398,43;Geprueft
2007-10-18;398,42;Geprueft
2007-10-19;398,40;Geprueft
2007-10-20;398,40;Geprueft
2007-10-21;398,41;Geprueft
2007-10-22;398,41;Geprueft
2007-10-23;398,41;Geprueft
2007-10-24;398,41;Geprueft
2007-10-25;398,40;Geprueft
2007-10-26;398,40;Geprueft
2007-10-27;398,38;Geprueft
2007-10-28;398,38;Geprueft
2007-10-29;398,40;Geprueft
2007-10-30;398,39;Geprueft
2007-10-31;398,36;Geprueft
2007-11-01;398,36;Geprueft
2007-11-02;398,36;Geprueft
2007-11-03;398,37;Geprueft
2007-11-04;398,37;Geprueft
2007-11-05;398,36;Geprueft
2007-11-06;398,37;Geprueft
2007-11-07;398,37;Geprueft
2007-11-08;398,39;Geprueft
2007-11-09;398,43;Geprueft
2007-11-10;398,46;Geprueft
2007-11-11;398,59;Geprueft
2007-11-12;398,65;Geprueft
2007-11-13;398,62;Geprueft
2007-11-14;398,62;Geprueft
2007-11-15;398,60;Geprueft
2007-11-16;398,59;Geprueft
2007-11-17;398,59;Geprueft
2007-11-18;398,60;Geprueft
2007-11-19;398,60;Geprueft
2007-11-20;398,59;Geprueft
2007-11-21;398,59;Geprueft
2007-11-22;;Geprueft
2007-11-23;;Geprueft
2007-11-24;;Geprueft
2007-11-25;;Geprueft
2007-11-26;;Geprueft
2007-11-27;;Geprueft
2007-11-28;;Geprueft
2007-11-29;;Geprueft
2007-11-30;;Geprueft
2007-12-01;;Geprueft
2007-12-02;;Geprueft
2007-12-03;;Geprueft
2007-12-04;398,68;Geprueft
2007-12-05;398,67;Geprueft
2007-12-06;398,68;Geprueft
2007-12-07;398,72;Geprueft
2007-12-08;398,71;Geprueft
2007-12-09;398,72;Geprueft
2007-12-10;;Geprueft
2007-12-11;;Geprueft
2007-12-12;;Geprueft
2007-12-13;;Geprueft
2007-12-14;;Geprueft
2007-12-15;;Geprueft
2007-12-16;;Geprueft
2007-12-17;;Geprueft
2007-12-18;;Geprueft
2007-12-19;;Geprueft
2007-12-20;398,59;Geprueft
2007-12-21;398,59;Geprueft
2007-12-22;398,57;Geprueft
2007-12-23;398,56;Geprueft
2007-12-24;398,55;Geprueft
2007-12-25;398,54;Geprueft
2007-12-26;398,53;Geprueft
2007-12-27;398,51;Geprueft
2007-12-28;398,50;Geprueft
2007-12-29;398,52;Geprueft
2007-12-30;398,51;Geprueft
2007-12-31;398,49;Geprueft
2008-01-01;398,49;Geprueft
2008-01-02;398,49;Geprueft
2008-01-03;398,50;Geprueft
2008-01-04;398,49;Geprueft
2008-01-05;398,48;Geprueft
2008-01-06;398,54;Geprueft
2008-01-07;398,57;Geprueft
2008-01-08;398,56;Geprueft
2008-01-09;398,57;Geprueft
2008-01-10;398,55;Geprueft
2008-01-11;398,57;Geprueft
2008-01-12;398,56;Geprueft
2008-01-13;398,54;Geprueft
2008-01-14;398,54;Geprueft
2008-01-15;398,54;Geprueft
2008-01-16;398,54;Geprueft
2008-01-17;398,51;Geprueft
2008-01-18;398,54;Geprueft
2008-01-19;398,56;Geprueft
2008-01-20;398,57;Geprueft
2008-01-21;398,58;Geprueft
2008-01-22;398,58;Geprueft
2008-01-23;;Geprueft
2008-01-24;;Geprueft
2008-01-25;;Geprueft
2008-01-26;;Geprueft
2008-01-27;;Geprueft
2008-01-28;;Geprueft
2008-01-29;;Geprueft
2008-01-30;;Geprueft
2008-01-31;;Geprueft
2008-02-01;;Geprueft
2008-02-02;;Geprueft
2008-02-03;;Geprueft
2008-02-04;;Geprueft
2008-02-05;;Geprueft
2008-02-06;;Geprueft
2008-02-07;;Geprueft
2008-02-08;;Geprueft
2008-02-09;;Geprueft
2008-02-10;;Geprueft
2008-02-11;;Geprueft
2008-02-12;;Geprueft
2008-02-13;;Geprueft
2008-02-14;;Geprueft
2008-02-15;;Geprueft
2008-02-16;;Geprueft
2008-02-17;;Geprueft
2008-02-18;;Geprueft
2008-02-19;398,47;Geprueft
2008-02-20;;Geprueft
2008-02-21;;Geprueft
2008-02-22;;Geprueft
2008-02-23;;Geprueft
2008-02-24;;Geprueft
2008-02-25;;Geprueft
2008-02-26;;Geprueft
2008-02-27;;Geprueft
2008-02-28;;Geprueft
2008-02-29;;Geprueft
2008-03-01;;Geprueft
2008-03-02;;Geprueft
2008-03-03;;Geprueft
2008-03-04;;Geprueft
2008-03-05;;Geprueft
2008-03-06;;Geprueft
2008-03-07;;Geprueft
2008-03-08;;Geprueft
2008-03-09;;Geprueft
2008-03-10;;Geprueft
2008-03-11;;Geprueft
2008-03-12;;Geprueft
2008-03-13;;Geprueft
2008-03-14;;Geprueft
2008-03-15;;Geprueft
2008-03-16;;Geprueft
2008-03-17;;Geprueft
2008-03-18;;Geprueft
2008-03-19;;Geprueft
2008-03-20;;Geprueft
2008-03-21;;Geprueft
2008-03-22;;Geprueft
2008-03-23;;Geprueft
2008-03-24;;Geprueft
2008-03-25;;Geprueft
2008-03-26;;Geprueft
2008-03-27;;Geprueft
2008-03-28;;Geprueft
2008-03-29;;Geprueft
2008-03-30;;Geprueft
2008-03-31;;Geprueft
2008-04-01;;Geprueft
2008-04-02;;Geprueft
2008-04-03;;Geprueft
2008-04-04;;Geprueft
2008-04-05;;Geprueft
2008-04-06;;Geprueft
2008-04-07;;Geprueft
2008-04-08;;Geprueft
2008-04-09;;Geprueft
2008-04-10;;Geprueft
2008-04-11;;Geprueft
2008-04-12;;Geprueft
2008-04-13;;Geprueft
2008-04-14;;Geprueft
2008-04-15;;Geprueft
2008-04-16;;Geprueft
2008-04-17;;Geprueft
2008-04-18;;Geprueft
2008-04-19;;Geprueft
2008-04-20;;Geprueft
2008-04-21;;Geprueft
2008-04-22;;Geprueft
2008-04-23;;Geprueft
2008-04-24;;Geprueft
2008-04-25;;Geprueft
2008-04-26;;Geprueft
2008-04-27;;Geprueft
2008-04-28;;Geprueft
2008-04-29;398,76;Geprueft
2008-04-30;398,76;Geprueft
2008-05-01;398,73;Geprueft
2008-05-02;398,71;Geprueft
2008-05-03;398,69;Geprueft
2008-05-04;398,69;Geprueft
2008-05-05;398,68;Geprueft
2008-05-06;398,67;Geprueft
2008-05-07;398,67;Geprueft
2008-05-08;398,66;Geprueft
2008-05-09;398,65;Geprueft
2008-05-10;398,64;Geprueft
2008-05-11;398,63;Geprueft
2008-05-12;398,62;Geprueft
2008-05-13;398,61;Geprueft
2008-05-14;398,60;Geprueft
2008-05-15;398,60;Geprueft
2008-05-16;398,60;Geprueft
2008-05-17;398,62;Geprueft
2008-05-18;398,63;Geprueft
2008-05-19;398,61;Geprueft
2008-05-20;398,60;Geprueft
2008-05-21;398,59;Geprueft
2008-05-22;398,59;Geprueft
2008-05-23;398,58;Geprueft
2008-05-24;398,58;Geprueft
2008-05-25;398,56;Geprueft
2008-05-26;398,55;Geprueft
2008-05-27;398,55;Geprueft
2008-05-28;398,54;Geprueft
2008-05-29;398,53;Geprueft
2008-05-30;398,53;Geprueft
2008-05-31;398,51;Geprueft
2008-06-01;398,51;Geprueft
2008-06-02;398,50;Geprueft
2008-06-03;;Geprueft
2008-06-04;;Geprueft
2008-06-05;;Geprueft
2008-06-06;;Geprueft
2008-06-07;;Geprueft
2008-06-08;;Geprueft
2008-06-09;;Geprueft
2008-06-10;;Geprueft
2008-06-11;;Geprueft
2008-06-12;;Geprueft
2008-06-13;;Geprueft
2008-06-14;;Geprueft
2008-06-15;;Geprueft
2008-06-16;;Geprueft
2008-06-17;;Geprueft
2008-06-18;;Geprueft
2008-06-19;;Geprueft
2008-06-20;;Geprueft
2008-06-21;;Geprueft
2008-06-22;;Geprueft
2008-06-23;;Geprueft
2008-06-24;;Geprueft
2008-06-25;;Geprueft
2008-06-26;;Geprueft
2008-06-27;;Geprueft
2008-06-28;;Geprueft
2008-06-29;;Geprueft
2008-06-30;;Geprueft
2008-07-01;;Geprueft
2008-07-02;;Geprueft
2008-07-03;;Geprueft
2008-07-04;;Geprueft
2008-07-05;;Geprueft
2008-07-06;;Geprueft
2008-07-07;;Geprueft
2008-07-08;;Geprueft
2008-07-09;;Geprueft
2008-07-10;398,51;Geprueft
2008-07-11;398,51;Geprueft
2008-07-12;398,50;Geprueft
2008-07-13;398,50;Geprueft
2008-07-14;398,49;Geprueft
2008-07-15;398,47;Geprueft
2008-07-16;398,49;Geprueft
2008-07-17;398,49;Geprueft
2008-07-18;398,49;Geprueft
2008-07-19;398,49;Geprueft
2008-07-20;398,49;Geprueft
2008-07-21;398,49;Geprueft
2008-07-22;398,49;Geprueft
2008-07-23;398,49;Geprueft
2008-07-24;398,49;Geprueft
2008-07-25;398,49;Geprueft
2008-07-26;398,49;Geprueft
2008-07-27;398,49;Geprueft
2008-07-28;398,49;Geprueft
2008-07-29;398,49;Geprueft
2008-07-30;398,49;Geprueft
2008-07-31;398,49;Geprueft
2008-08-01;398,49;Geprueft
2008-08-02;398,49;Geprueft
2008-08-03;398,49;Geprueft
2008-08-04;398,49;Geprueft
2008-08-05;398,49;Geprueft
2008-08-06;398,49;Geprueft
2008-08-07;398,49;Geprueft
2008-08-08;398,49;Geprueft
2008-08-09;398,49;Geprueft
2008-08-10;398,49;Geprueft
2008-08-11;398,50;Geprueft
2008-08-12;;Geprueft
2008-08-13;;Geprueft
2008-08-14;;Geprueft
2008-08-15;398,52;Geprueft
2008-08-16;;Geprueft
2008-08-17;;Geprueft
2008-08-18;;Geprueft
2008-08-19;;Geprueft
2008-08-20;;Geprueft
2008-08-21;;Geprueft
2008-08-22;;Geprueft
2008-08-23;;Geprueft
2008-08-24;;Geprueft
2008-08-25;;Geprueft
2008-08-26;;Geprueft
2008-08-27;;Geprueft
2008-08-28;;Geprueft
2008-08-29;;Geprueft
2008-08-30;;Geprueft
2008-08-31;;Geprueft
2008-09-01;;Geprueft
2008-09-02;;Geprueft
2008-09-03;;Geprueft
2008-09-04;398,52;Geprueft
2008-09-05;;Geprueft
2012-10-31;398,36;Rohdaten
2012-11-01;398,38;Rohdaten
2012-11-02;398,35;Rohdaten
2012-11-03;398,37;Rohdaten
2012-11-04;398,41;Rohdaten
2012-11-05;398,47;Rohdaten
2012-11-06;398,46;Rohdaten
2012-11-07;398,47;Rohdaten
2012-11-08;398,50;Rohdaten
2012-11-09;398,51;Rohdaten
2012-11-10;398,54;Rohdaten
2012-11-11;398,55;Rohdaten
2012-11-12;398,54;Rohdaten
2012-11-13;398,54;Rohdaten
2012-11-14;398,55;Rohdaten
2012-11-15;398,56;Rohdaten
2012-11-16;398,56;Rohdaten
2012-11-17;398,57;Rohdaten
2012-11-18;398,56;Rohdaten
2012-11-19;398,55;Rohdaten
2012-11-20;398,54;Rohdaten
2012-11-21;398,54;Rohdaten
2012-11-22;398,52;Rohdaten
2012-11-23;398,50;Rohdaten
2012-11-24;398,48;Rohdaten
2012-11-25;398,47;Rohdaten
2012-11-26;398,47;Rohdaten
2012-11-27;398,46;Rohdaten
2012-11-28;398,47;Rohdaten
2012-11-29;398,53;Rohdaten
2012-11-30;398,59;Rohdaten
2012-12-01;398,60;Rohdaten
2012-12-02;398,60;Rohdaten
2012-12-03;398,56;Rohdaten
2012-12-04;398,57;Rohdaten
2012-12-05;398,58;Rohdaten
2012-12-06;398,56;Rohdaten
2012-12-07;398,58;Rohdaten
2012-12-08;398,54;Rohdaten
2012-12-09;398,55;Rohdaten
2012-12-10;398,56;Rohdaten
2012-12-11;398,51;Rohdaten
2012-12-12;398,51;Rohdaten
2012-12-13;398,53;Rohdaten
2012-12-14;398,54;Rohdaten
2012-12-15;398,57;Rohdaten
2012-12-16;398,63;Rohdaten
2012-12-17;398,70;Rohdaten
2012-12-18;398,71;Rohdaten
2012-12-19;398,69;Rohdaten
2012-12-20;398,69;Rohdaten
2012-12-21;398,68;Rohdaten
2012-12-22;398,71;Rohdaten
2012-12-23;398,82;Rohdaten
2012-12-24;398,86;Rohdaten
2012-12-25;398,81;Rohdaten
2012-12-26;398,77;Rohdaten
2012-12-27;398,77;Rohdaten
2012-12-28;398,76;Rohdaten
2012-12-29;398,78;Rohdaten
2012-12-30;398,76;Rohdaten
2012-12-31;398,75;Rohdaten
2013-01-01;398,75;Rohdaten
2013-01-02;398,70;Rohdaten
2013-01-03;398,68;Rohdaten
2013-01-04;398,68;Rohdaten
2013-01-05;398,72;Rohdaten
2013-01-06;398,84;Rohdaten
2013-01-07;398,82;Rohdaten
2013-01-08;398,80;Rohdaten
2013-01-09;398,79;Rohdaten
2013-01-10;398,79;Rohdaten
2013-01-11;398,76;Rohdaten
2013-01-12;398,75;Rohdaten
2013-01-13;398,74;Rohdaten
2013-01-14;398,73;Rohdaten
2013-01-15;398,75;Rohdaten
2013-01-16;398,75;Rohdaten
2013-01-17;398,73;Rohdaten
2013-01-18;398,73;Rohdaten
2013-01-19;398,70;Rohdaten
2013-01-20;398,68;Rohdaten
2013-01-21;398,65;Rohdaten
2013-01-22;398,68;Rohdaten
2013-01-23;398,64;Rohdaten
2013-01-24;398,64;Rohdaten
2013-01-25;398,64;Rohdaten
2013-01-26;398,63;Rohdaten
2013-01-27;398,63;Rohdaten
2013-01-28;398,60;Rohdaten
2013-01-29;398,62;Rohdaten
2013-01-30;398,80;Rohdaten
2013-01-31;398,92;Rohdaten
2013-02-01;398,94;Rohdaten
2013-02-02;399,06;Rohdaten
2013-02-03;399,04;Rohdaten
2013-02-04;399,04;Rohdaten
2013-02-05;399,15;Rohdaten
2013-02-06;399,12;Rohdaten
2013-02-07;399,05;Rohdaten
2013-02-08;398,99;Rohdaten
2013-02-09;398,84;Rohdaten
2013-02-10;398,87;Rohdaten
2013-02-11;398,91;Rohdaten
2013-02-12;398,89;Rohdaten
2013-02-13;398,92;Rohdaten
2013-02-14;398,93;Rohdaten
2013-02-15;398,90;Rohdaten
2013-02-16;398,86;Rohdaten
2013-02-17;398,85;Rohdaten
2013-02-18;398,87;Rohdaten
2013-02-19;398,87;Rohdaten
2013-02-20;398,81;Rohdaten
2013-02-21;398,83;Rohdaten
2013-02-22;398,84;Rohdaten
2013-02-23;398,82;Rohdaten
2013-02-24;398,80;Rohdaten
2013-02-25;398,79;Rohdaten
2013-02-26;398,77;Rohdaten
2013-02-27;398,77;Rohdaten
2013-02-28;398,77;Rohdaten
2013-03-01;398,78;Rohdaten
2013-03-02;398,78;Rohdaten
2013-03-03;398,79;Rohdaten
2013-03-04;398,77;Rohdaten
2013-03-05;398,78;Rohdaten
2013-03-06;398,79;Rohdaten
2013-03-07;398,79;Rohdaten
2013-03-08;398,79;Rohdaten
2013-03-09;398,77;Rohdaten
2013-03-10;398,76;Rohdaten
2013-03-11;398,73;Rohdaten
2013-03-12;398,72;Rohdaten
2013-03-13;398,69;Rohdaten
2013-03-14;398,68;Rohdaten
2013-03-15;398,66;Rohdaten
2013-03-16;398,65;Rohdaten
2013-03-17;398,67;Rohdaten
2013-03-18;398,68;Rohdaten
2013-03-19;398,69;Rohdaten
2013-03-20;398,70;Rohdaten
2013-03-21;398,68;Rohdaten
2013-03-22;398,67;Rohdaten
2013-03-23;398,67;Rohdaten
2013-03-24;398,70;Rohdaten
2013-03-25;398,71;Rohdaten
2013-03-26;398,71;Rohdaten
2013-03-27;398,72;Rohdaten
2013-03-28;398,72;Rohdaten
2013-03-29;398,72;Rohdaten
2013-03-30;398,74;Rohdaten
2013-03-31;398,73;Rohdaten
2013-04-01;398,73;Rohdaten
2013-04-02;398,72;Rohdaten
2013-04-03;398,69;Rohdaten
2013-04-04;398,68;Rohdaten
2013-04-05;398,69;Rohdaten
2013-04-06;398,66;Rohdaten
2013-04-07;398,65;Rohdaten
2013-04-08;398,68;Rohdaten
2013-04-09;398,68;Rohdaten
2013-04-10;398,68;Rohdaten
2013-04-11;398,69;Rohdaten
2013-04-12;398,68;Rohdaten
2013-04-13;398,64;Rohdaten
2013-04-14;398,63;Rohdaten
2013-04-15;398,64;Rohdaten
2013-04-16;398,64;Rohdaten
2013-04-17;398,63;Rohdaten
2013-04-18;398,65;Rohdaten
2013-04-19;398,64;Rohdaten
2013-04-20;398,64;Rohdaten
2013-04-21;398,66;Rohdaten
2013-04-22;398,66;Rohdaten
2013-04-23;398,65;Rohdaten
2013-04-24;398,64;Rohdaten
2013-04-25;398,65;Rohdaten
2013-04-26;398,68;Rohdaten
2013-04-27;398,69;Rohdaten
2013-04-28;398,67;Rohdaten
2013-04-29;398,66;Rohdaten
2013-04-30;398,66;Rohdaten
2013-05-01;398,66;Rohdaten
2013-05-02;398,66;Rohdaten
2013-05-03;398,66;Rohdaten
2013-05-04;398,66;Rohdaten
2013-05-05;398,66;Rohdaten
2013-05-06;398,67;Rohdaten
2013-05-07;398,68;Rohdaten
2013-05-08;398,68;Rohdaten
2013-05-09;398,67;Rohdaten
2013-05-10;398,68;Rohdaten
2013-05-11;398,69;Rohdaten
2013-05-12;398,69;Rohdaten
2013-05-13;398,68;Rohdaten
2013-05-14;398,69;Rohdaten
2013-05-15;398,70;Rohdaten
2013-05-16;398,70;Rohdaten
2013-05-17;398,68;Rohdaten
2013-05-18;398,67;Rohdaten
2013-05-19;398,67;Rohdaten
2013-05-20;398,66;Rohdaten
2013-05-21;398,66;Rohdaten
2013-05-22;398,66;Rohdaten
2013-05-23;398,66;Rohdaten
2013-05-24;398,66;Rohdaten
2013-05-25;398,66;Rohdaten
2013-05-26;398,67;Rohdaten
2013-05-27;398,75;Rohdaten
2013-05-28;398,77;Rohdaten
2013-05-29;398,79;Rohdaten
2013-05-30;398,80;Rohdaten
2013-05-31;399,03;Rohdaten
2013-06-01;399,36;Rohdaten
2013-06-02;399,26;Rohdaten
2013-06-03;399,20;Rohdaten
2013-06-04;399,15;Rohdaten
2013-06-05;399,07;Rohdaten
2013-06-06;399,01;Rohdaten
2013-06-07;398,96;Rohdaten
2013-06-08;398,94;Rohdaten
2013-06-09;398,92;Rohdaten
2013-06-10;398,91;Rohdaten
2013-06-11;398,94;Rohdaten
2013-06-12;398,91;Rohdaten
2013-06-13;398,89;Rohdaten
2013-06-14;398,86;Rohdaten
2013-06-15;398,85;Rohdaten
2013-06-16;398,83;Rohdaten
2013-06-17;398,82;Rohdaten
2013-06-18;398,79;Rohdaten
2013-06-19;398,78;Rohdaten
2013-06-20;398,76;Rohdaten
2013-06-21;398,74;Rohdaten
2013-06-22;398,73;Rohdaten
2013-06-23;398,72;Rohdaten
2013-06-24;398,70;Rohdaten
2013-06-25;398,70;Rohdaten
2013-06-26;398,70;Rohdaten
2013-06-27;398,71;Rohdaten
2013-06-28;398,71;Rohdaten
2013-06-29;398,71;Rohdaten
2013-06-30;398,71;Rohdaten
2013-07-01;398,71;Rohdaten
2013-07-02;398,70;Rohdaten
2013-07-03;398,70;Rohdaten
2013-07-04;398,67;Rohdaten
2013-07-05;398,66;Rohdaten
2013-07-06;398,66;Rohdaten
2013-07-07;398,65;Rohdaten
2013-07-08;398,65;Rohdaten
2013-07-09;398,65;Rohdaten
2013-07-10;398,65;Rohdaten
2013-07-11;398,63;Rohdaten
2013-07-12;398,63;Rohdaten
2013-07-13;398,62;Rohdaten
2013-07-14;398,62;Rohdaten
2013-07-15;398,61;Rohdaten
2013-07-16;398,60;Rohdaten
2013-07-17;398,60;Rohdaten
2013-07-18;398,59;Rohdaten
2013-07-19;398,60;Rohdaten
2013-07-20;398,60;Rohdaten
2013-07-21;398,59;Rohdaten
2013-07-22;398,59;Rohdaten
2013-07-23;398,58;Rohdaten
2013-07-24;398,56;Rohdaten
2013-07-25;398,55;Rohdaten
2013-07-26;398,56;Rohdaten
2013-07-27;398,56;Rohdaten
2013-07-28;398,54;Rohdaten
2013-07-29;398,55;Rohdaten
2013-07-30;398,56;Rohdaten
2013-07-31;398,56;Rohdaten
2013-08-01;398,56;Rohdaten
2013-08-02;398,56;Rohdaten
2013-08-03;398,55;Rohdaten
2013-08-04;398,55;Rohdaten
2013-08-05;398,56;Rohdaten
2013-08-06;398,56;Rohdaten
2013-08-07;398,57;Rohdaten
2013-08-08;398,56;Rohdaten
2013-08-09;398,56;Rohdaten
2013-08-10;398,55;Rohdaten
2013-08-11;398,53;Rohdaten
2013-08-12;398,53;Rohdaten
2013-08-13;398,53;Rohdaten
2013-08-14;398,53;Rohdaten
2013-08-15;398,53;Rohdaten
2013-08-16;398,54;Rohdaten
2013-08-17;398,55;Rohdaten
2013-08-18;398,54;Rohdaten
2013-08-19;398,55;Rohdaten
2013-08-20;398,54;Rohdaten
2013-08-21;398,53;Rohdaten
2013-08-22;398,53;Rohdaten
2013-08-23;398,52;Rohdaten
2013-08-24;398,52;Rohdaten
2013-08-25;398,56;Rohdaten
2013-08-26;398,60;Rohdaten
2013-08-27;398,61;Rohdaten
2013-08-28;398,61;Rohdaten
2013-08-29;398,60;Rohdaten
2013-08-30;398,61;Rohdaten
2013-08-31;398,61;Rohdaten
2013-09-01;398,60;Rohdaten
2013-09-02;398,60;Rohdaten
2013-09-03;398,59;Rohdaten
2013-09-04;398,59;Rohdaten
2013-09-05;398,57;Rohdaten
2013-09-06;398,55;Rohdaten
2013-09-07;398,53;Rohdaten
2013-09-08;398,52;Rohdaten
2013-09-09;398,55;Rohdaten
2013-09-10;398,56;Rohdaten
2013-09-11;398,56;Rohdaten
2013-09-12;398,59;Rohdaten
2013-09-13;398,60;Rohdaten
2013-09-14;398,61;Rohdaten
2013-09-15;398,63;Rohdaten
2013-09-16;398,64;Rohdaten
2013-09-17;398,65;Rohdaten
2013-09-18;398,68;Rohdaten
2013-09-19;398,68;Rohdaten
2013-09-20;398,67;Rohdaten
2013-09-21;398,65;Rohdaten
2013-09-22;398,64;Rohdaten
2013-09-23;398,64;Rohdaten
2013-09-24;398,65;Rohdaten
2013-09-25;398,65;Rohdaten
2013-09-26;398,63;Rohdaten
2013-09-27;398,62;Rohdaten
2013-09-28;398,62;Rohdaten
2013-09-29;398,62;Rohdaten
2013-09-30;398,61;Rohdaten
2013-10-01;398,59;Rohdaten
2013-10-02;398,56;Rohdaten
2013-10-03;398,56;Rohdaten
2013-10-04;398,55;Rohdaten
2013-10-05;398,57;Rohdaten
2013-10-06;398,56;Rohdaten
2013-10-07;398,56;Rohdaten
2013-10-08;398,56;Rohdaten
2013-10-09;398,57;Rohdaten
2013-10-10;398,60;Rohdaten
2013-10-11;398,60;Rohdaten
2013-10-12;398,61;Rohdaten
2013-10-13;398,60;Rohdaten
2013-10-14;398,60;Rohdaten
2013-10-15;398,63;Rohdaten
2013-10-16;398,66;Rohdaten
2013-10-17;398,65;Rohdaten
2013-10-18;398,64;Rohdaten
2013-10-19;398,64;Rohdaten
2013-10-20;398,65;Rohdaten
2013-10-21;398,66;Rohdaten
2013-10-22;398,68;Rohdaten
2013-10-23;398,68;Rohdaten
2013-10-24;398,66;Rohdaten
2013-10-25;398,67;Rohdaten
2013-10-26;398,67;Rohdaten
2013-10-27;398,67;Rohdaten
2013-10-28;398,68;Rohdaten
2013-10-29;398,66;Rohdaten
2013-10-30;398,63;Rohdaten
2013-10-31;398,64;Rohdaten
2013-11-01;398,65;Rohdaten
2013-11-02;398,67;Rohdaten
2013-11-03;398,67;Rohdaten
2013-11-04;398,70;Rohdaten
2013-11-05;398,69;Rohdaten
2013-11-06;398,68;Rohdaten
2013-11-07;398,69;Rohdaten
2013-11-08;398,70;Rohdaten
2013-11-09;398,72;Rohdaten
2013-11-10;398,74;Rohdaten
2013-11-11;398,74;Rohdaten
2013-11-12;398,75;Rohdaten
2013-11-13;398,74;Rohdaten
2013-11-14;398,76;Rohdaten
2013-11-15;398,74;Rohdaten
2013-11-16;398,72;Rohdaten
2013-11-17;398,74;Rohdaten
2013-11-18;398,75;Rohdaten
2013-11-19;398,75;Rohdaten
2013-11-20;398,78;Rohdaten
2013-11-21;398,81;Rohdaten
2013-11-22;398,79;Rohdaten
2013-11-23;398,76;Rohdaten
2013-11-24;398,74;Rohdaten
2013-11-25;398,71;Rohdaten
2013-11-26;398,70;Rohdaten
2013-11-27;398,70;Rohdaten
2013-11-28;398,70;Rohdaten
2013-11-29;398,71;Rohdaten
2013-11-30;398,71;Rohdaten
2013-12-01;398,68;Rohdaten
2013-12-02;398,67;Rohdaten
2013-12-03;398,68;Rohdaten
2013-12-04;398,67;Rohdaten
2013-12-05;398,68;Rohdaten
2013-12-06;398,67;Rohdaten
2013-12-07;398,64;Rohdaten
2013-12-08;398,65;Rohdaten
2013-12-09;398,64;Rohdaten
2013-12-10;398,63;Rohdaten
2013-12-11;398,63;Rohdaten
2013-12-12;398,64;Rohdaten
2013-12-13;398,64;Rohdaten
2013-12-14;398,62;Rohdaten
2013-12-15;398,62;Rohdaten
2013-12-16;398,62;Rohdaten
2013-12-17;398,63;Rohdaten
2013-12-18;398,64;Rohdaten
2013-12-19;398,66;Rohdaten
2013-12-20;398,62;Rohdaten
2013-12-21;398,62;Rohdaten
2013-12-22;398,64;Rohdaten
2013-12-23;398,65;Rohdaten
2013-12-24;398,68;Rohdaten
2013-12-25;398,69;Rohdaten
2013-12-26;398,68;Rohdaten
2013-12-27;398,67;Rohdaten
2013-12-28;398,69;Rohdaten
2013-12-29;398,66;Rohdaten
2013-12-30;398,65;Rohdaten
2013-12-31;398,67;Rohdaten
2014-01-01;398,68;Rohdaten
2014-01-02;398,69;Rohdaten
2014-01-03;398,67;Rohdaten
2014-01-04;398,68;Rohdaten
2014-01-05;398,67;Rohdaten
2014-01-06;398,65;Rohdaten
2014-01-07;398,64;Rohdaten
2014-01-08;398,63;Rohdaten
2014-01-09;398,66;Rohdaten
2014-01-10;398,65;Rohdaten
2014-01-11;398,66;Rohdaten
2014-01-12;398,65;Rohdaten
2014-01-13;398,67;Rohdaten
2014-01-14;398,70;Rohdaten
2014-01-15;398,69;Rohdaten
2014-01-16;398,70;Rohdaten
2014-01-17;398,70;Rohdaten
2014-01-18;398,70;Rohdaten
2014-01-19;398,71;Rohdaten
2014-01-20;398,69;Rohdaten
2014-01-21;398,67;Rohdaten
2014-01-22;398,66;Rohdaten
2014-01-23;398,66;Rohdaten
2014-01-24;398,66;Rohdaten
2014-01-25;398,65;Rohdaten
2014-01-26;398,68;Rohdaten
2014-01-27;398,72;Rohdaten
2014-01-28;398,73;Rohdaten
2014-01-29;398,74;Rohdaten
2014-01-30;398,72;Rohdaten
2014-01-31;398,71;Rohdaten
2014-02-01;398,72;Rohdaten
2014-02-02;398,70;Rohdaten
2014-02-03;398,72;Rohdaten
2014-02-04;398,72;Rohdaten
2014-02-05;398,74;Rohdaten
2014-02-06;398,73;Rohdaten
2014-02-07;398,73;Rohdaten
2014-02-08;398,73;Rohdaten
2014-02-09;398,72;Rohdaten
2014-02-10;398,73;Rohdaten
2014-02-11;398,70;Rohdaten
2014-02-12;398,69;Rohdaten
2014-02-13;398,72;Rohdaten
2014-02-14;398,74;Rohdaten
2014-02-15;398,76;Rohdaten
2014-02-16;398,76;Rohdaten
2014-02-17;398,75;Rohdaten
2014-02-18;398,75;Rohdaten
2014-02-19;398,75;Rohdaten
2014-02-20;398,74;Rohdaten
2014-02-21;398,74;Rohdaten
2014-02-22;398,72;Rohdaten
2014-02-23;398,70;Rohdaten
2014-02-24;398,71;Rohdaten
2014-02-25;398,71;Rohdaten
2014-02-26;398,70;Rohdaten
2014-02-27;398,70;Rohdaten
2014-02-28;398,72;Rohdaten
2014-03-01;398,72;Rohdaten
2014-03-02;398,70;Rohdaten
2014-03-03;398,72;Rohdaten
2014-03-04;398,69;Rohdaten
2014-03-05;398,65;Rohdaten
2014-03-06;398,63;Rohdaten
2014-03-07;398,64;Rohdaten
2014-03-08;398,63;Rohdaten
2014-03-09;398,63;Rohdaten
2014-03-10;398,65;Rohdaten
2014-03-11;398,63;Rohdaten
2014-03-12;398,62;Rohdaten
2014-03-13;398,63;Rohdaten
2014-03-14;398,63;Rohdaten
2014-03-15;398,64;Rohdaten
2014-03-16;398,64;Rohdaten
2014-03-17;398,63;Rohdaten
2014-03-18;398,63;Rohdaten
2014-03-19;398,61;Rohdaten
2014-03-20;398,62;Rohdaten
2014-03-21;398,63;Rohdaten
2014-03-22;398,64;Rohdaten
2014-03-23;398,63;Rohdaten
2014-03-24;398,62;Rohdaten
2014-03-25;398,61;Rohdaten
2014-03-26;398,61;Rohdaten
2014-03-27;398,60;Rohdaten
2014-03-28;398,59;Rohdaten
2014-03-29;398,58;Rohdaten
2014-03-30;398,59;Rohdaten
2014-03-31;398,60;Rohdaten
2014-04-01;398,60;Rohdaten
2014-04-02;398,60;Rohdaten
2014-04-03;398,60;Rohdaten
2014-04-04;398,59;Rohdaten
2014-04-05;398,57;Rohdaten
2014-04-06;398,56;Rohdaten
2014-04-07;398,57;Rohdaten
2014-04-08;398,57;Rohdaten
2014-04-09;398,55;Rohdaten
2014-04-10;398,56;Rohdaten
2014-04-11;398,57;Rohdaten
2014-04-12;398,57;Rohdaten
2014-04-13;398,56;Rohdaten
2014-04-14;398,56;Rohdaten
2014-04-15;398,54;Rohdaten
2014-04-16;398,54;Rohdaten
2014-04-17;398,56;Rohdaten
2014-04-18;398,57;Rohdaten
2014-04-19;398,57;Rohdaten
2014-04-20;398,57;Rohdaten
2014-04-21;398,57;Rohdaten
2014-04-22;398,54;Rohdaten
2014-04-23;398,53;Rohdaten
2014-04-24;398,54;Rohdaten
2014-04-25;398,55;Rohdaten
2014-04-26;398,55;Rohdaten
2014-04-27;398,56;Rohdaten
2014-04-28;398,56;Rohdaten
2014-04-29;398,56;Rohdaten
2014-04-30;398,56;Rohdaten
2014-05-01;398,56;Rohdaten
2014-05-02;398,56;Rohdaten
2014-05-03;398,54;Rohdaten
2014-05-04;398,55;Rohdaten
2014-05-05;398,56;Rohdaten
2014-05-06;398,56;Rohdaten
2014-05-07;398,55;Rohdaten
2014-05-08;398,55;Rohdaten
2014-05-09;398,55;Rohdaten
2014-05-10;398,55;Rohdaten
2014-05-11;398,57;Rohdaten
2014-05-12;398,56;Rohdaten
2014-05-13;398,55;Rohdaten
2014-05-14;398,54;Rohdaten
2014-05-15;398,54;Rohdaten
2014-05-16;398,55;Rohdaten
2014-05-17;398,56;Rohdaten
2014-05-18;398,57;Rohdaten
2014-05-19;398,57;Rohdaten
2014-05-20;398,55;Rohdaten
2014-05-21;398,55;Rohdaten
2014-05-22;398,55;Rohdaten
2014-05-23;398,54;Rohdaten
2014-05-24;398,53;Rohdaten
2014-05-25;398,53;Rohdaten
2014-05-26;398,57;Rohdaten
2014-05-27;398,66;Rohdaten
2014-05-28;398,65;Rohdaten
2014-05-29;398,63;Rohdaten
2014-05-30;398,62;Rohdaten
2014-05-31;398,62;Rohdaten
2014-06-01;398,62;Rohdaten
2014-06-02;398,62;Rohdaten
2014-06-03;398,62;Rohdaten
2014-06-04;398,62;Rohdaten
2014-06-05;398,59;Rohdaten
2014-06-06;398,59;Rohdaten
2014-06-07;398,58;Rohdaten
2014-06-08;398,57;Rohdaten
2014-06-09;398,56;Rohdaten
2014-06-10;398,55;Rohdaten
2014-06-11;398,54;Rohdaten
2014-06-12;398,53;Rohdaten
2014-06-13;398,54;Rohdaten
2014-06-14;398,54;Rohdaten
2014-06-15;398,53;Rohdaten
2014-06-16;398,53;Rohdaten
2014-06-17;398,52;Rohdaten
2014-06-18;398,52;Rohdaten
2014-06-19;398,52;Rohdaten
2014-06-20;398,51;Rohdaten
2014-06-21;398,51;Rohdaten
2014-06-22;398,50;Rohdaten
2014-06-23;398,50;Rohdaten
2014-06-24;398,50;Rohdaten
2014-06-25;398,50;Rohdaten
2014-06-26;398,49;Rohdaten
2014-06-27;398,49;Rohdaten
2014-06-28;398,49;Rohdaten
2014-06-29;398,50;Rohdaten
2014-06-30;398,48;Rohdaten
2014-07-01;398,48;Rohdaten
2014-07-02;398,47;Rohdaten
2014-07-03;398,47;Rohdaten
2014-07-04;398,49;Rohdaten
2014-07-05;398,48;Rohdaten
2014-07-06;398,47;Rohdaten
2014-07-07;398,47;Rohdaten
2014-07-08;398,49;Rohdaten
2014-07-09;398,52;Rohdaten
2014-07-10;398,54;Rohdaten
2014-07-11;398,53;Rohdaten
2014-07-12;398,53;Rohdaten
2014-07-13;398,53;Rohdaten
2014-07-14;398,53;Rohdaten
2014-07-15;398,51;Rohdaten
2014-07-16;398,51;Rohdaten
2014-07-17;398,50;Rohdaten
2014-07-18;398,50;Rohdaten
2014-07-19;398,51;Rohdaten
2014-07-20;398,50;Rohdaten
2014-07-21;398,50;Rohdaten
2014-07-22;398,53;Rohdaten
2014-07-23;398,53;Rohdaten
2014-07-24;398,53;Rohdaten
2014-07-25;398,52;Rohdaten
2014-07-26;398,52;Rohdaten
2014-07-27;398,51;Rohdaten
2014-07-28;398,52;Rohdaten
2014-07-29;398,54;Rohdaten
2014-07-30;398,56;Rohdaten
2014-07-31;398,55;Rohdaten
2014-08-01;398,56;Rohdaten
2014-08-02;398,58;Rohdaten
2014-08-03;398,61;Rohdaten
2014-08-04;398,60;Rohdaten
2014-08-05;398,59;Rohdaten
2014-08-06;398,59;Rohdaten
2014-08-07;398,59;Rohdaten
2014-08-08;398,58;Rohdaten
2014-08-09;398,57;Rohdaten
2014-08-10;398,57;Rohdaten
2014-08-11;398,56;Rohdaten
2014-08-12;398,56;Rohdaten
2014-08-13;398,57;Rohdaten
2014-08-14;398,56;Rohdaten
2014-08-15;398,57;Rohdaten
2014-08-16;398,56;Rohdaten
2014-08-17;398,57;Rohdaten
2014-08-18;398,58;Rohdaten
2014-08-19;398,57;Rohdaten
2014-08-20;398,55;Rohdaten
2014-08-21;398,55;Rohdaten
2014-08-22;398,55;Rohdaten
2014-08-23;398,54;Rohdaten
2014-08-24;398,53;Rohdaten
2014-08-25;398,53;Rohdaten
2014-08-26;398,57;Rohdaten
2014-08-27;398,59;Rohdaten
2014-08-28;398,60;Rohdaten
2014-08-29;398,60;Rohdaten
2014-08-30;398,59;Rohdaten
2014-08-31;398,62;Rohdaten
2014-09-01;398,65;Rohdaten
2014-09-02;398,65;Rohdaten
2014-09-03;398,64;Rohdaten
2014-09-04;398,64;Rohdaten
2014-09-05;398,64;Rohdaten
2014-09-06;398,64;Rohdaten
2014-09-07;398,63;Rohdaten
2014-09-08;398,62;Rohdaten
2014-09-09;398,61;Rohdaten
2014-09-10;398,60;Rohdaten
2014-09-11;398,60;Rohdaten
2014-09-12;398,64;Rohdaten
2014-09-13;398,69;Rohdaten
2014-09-14;398,71;Rohdaten
2014-09-15;398,70;Rohdaten
2014-09-16;398,69;Rohdaten
2014-09-17;398,68;Rohdaten
2014-09-18;398,67;Rohdaten
2014-09-19;398,66;Rohdaten
2014-09-20;398,65;Rohdaten
2014-09-21;398,66;Rohdaten
2014-09-22;398,69;Rohdaten
2014-09-23;398,68;Rohdaten
2014-09-24;398,69;Rohdaten
2014-09-25;398,66;Rohdaten
2014-09-26;398,64;Rohdaten
2014-09-27;398,63;Rohdaten
2014-09-28;398,63;Rohdaten
2014-09-29;395,59;Rohdaten
2014-09-30;393,93;Rohdaten
2014-10-01;393,95;Rohdaten
2014-11-19;398,72;Rohdaten
2014-11-20;398,74;Rohdaten
2014-11-21;398,75;Rohdaten
2014-11-22;398,74;Rohdaten
2014-11-23;398,73;Rohdaten
2014-11-24;398,72;Rohdaten
2014-11-25;398,72;Rohdaten
2014-11-26;398,73;Rohdaten
2014-11-27;398,73;Rohdaten
2014-11-28;398,72;Rohdaten
2014-11-29;398,70;Rohdaten
2014-11-30;398,70;Rohdaten
2014-12-01;398,70;Rohdaten
2014-12-02;398,69;Rohdaten
2014-12-03;398,67;Rohdaten
2014-12-04;398,67;Rohdaten
2014-12-05;398,66;Rohdaten
2014-12-06;398,65;Rohdaten
2014-12-07;398,65;Rohdaten
2014-12-08;398,66;Rohdaten
2014-12-09;398,63;Rohdaten
2014-12-10;398,65;Rohdaten
2014-12-11;398,67;Rohdaten
2014-12-12;398,73;Rohdaten
2014-12-13;398,73;Rohdaten
2014-12-14;398,71;Rohdaten
2014-12-15;398,72;Rohdaten
2014-12-16;398,73;Rohdaten
2014-12-17;398,73;Rohdaten
2014-12-18;398,74;Rohdaten
2014-12-19;398,75;Rohdaten
2014-12-20;398,80;Rohdaten
2014-12-21;398,80;Rohdaten
2014-12-22;398,81;Rohdaten
2014-12-23;398,80;Rohdaten
2014-12-24;398,79;Rohdaten
2014-12-25;398,78;Rohdaten
2014-12-26;398,77;Rohdaten
2014-12-27;398,82;Rohdaten
2014-12-28;398,76;Rohdaten
2014-12-29;398,73;Rohdaten
2014-12-30;398,73;Rohdaten
2014-12-31;398,73;Rohdaten
2015-01-01;398,73;Rohdaten
2015-01-02;398,76;Rohdaten
2015-01-03;398,84;Rohdaten
2015-01-04;398,90;Rohdaten
2015-01-05;398,92;Rohdaten
2015-01-06;398,92;Rohdaten
2015-01-07;398,89;Rohdaten
2015-01-08;398,89;Rohdaten
2015-01-09;398,96;Rohdaten
2015-01-10;399,03;Rohdaten
2015-01-11;399,05;Rohdaten
2015-01-12;399,01;Rohdaten
2015-01-13;398,99;Rohdaten
2015-01-14;398,97;Rohdaten
2015-01-15;398,97;Rohdaten
2015-01-16;398,96;Rohdaten
2015-01-17;398,93;Rohdaten
2015-01-18;398,93;Rohdaten
2015-01-19;398,93;Rohdaten
2015-01-20;398,92;Rohdaten
2015-01-21;398,91;Rohdaten
2015-01-22;398,89;Rohdaten
2015-01-23;398,86;Rohdaten
2015-01-24;398,86;Rohdaten
2015-01-25;398,84;Rohdaten
2015-01-26;398,85;Rohdaten
2015-01-27;398,85;Rohdaten
2015-01-28;398,89;Rohdaten
2015-01-29;398,95;Rohdaten
2015-01-30;398,98;Rohdaten
2015-01-31;398,95;Rohdaten
2015-02-01;398,93;Rohdaten
2015-02-02;398,90;Rohdaten
2015-02-03;398,89;Rohdaten
2015-02-04;398,87;Rohdaten
2015-02-05;398,85;Rohdaten
2015-02-06;398,84;Rohdaten
2015-02-07;398,82;Rohdaten
2015-02-08;398,82;Rohdaten
2015-02-09;398,81;Rohdaten
2015-02-10;398,80;Rohdaten
2015-02-11;398,81;Rohdaten
2015-02-12;398,81;Rohdaten
2015-02-13;398,81;Rohdaten
2015-02-14;398,82;Rohdaten
2015-02-15;398,81;Rohdaten
2015-02-16;398,79;Rohdaten
2015-02-17;398,76;Rohdaten
2015-02-18;398,74;Rohdaten
2015-02-19;398,77;Rohdaten
2015-02-20;398,80;Rohdaten
2015-02-21;398,82;Rohdaten
2015-02-22;398,79;Rohdaten
2015-02-23;398,80;Rohdaten
2015-02-24;398,78;Rohdaten
2015-02-25;398,75;Rohdaten
2015-02-26;398,76;Rohdaten
2015-02-27;398,77;Rohdaten
2015-02-28;398,75;Rohdaten
2015-03-01;398,77;Rohdaten
2015-03-02;398,82;Rohdaten
2015-03-03;398,83;Rohdaten
2015-03-04;398,83;Rohdaten
2015-03-05;398,80;Rohdaten
2015-03-06;398,79;Rohdaten
2015-03-07;398,80;Rohdaten
2015-03-08;398,81;Rohdaten
2015-03-09;398,80;Rohdaten
2015-03-10;398,79;Rohdaten
2015-03-11;398,78;Rohdaten
2015-03-12;398,77;Rohdaten
2015-03-13;398,78;Rohdaten
2015-03-14;398,76;Rohdaten
2015-03-15;398,76;Rohdaten
2015-03-16;398,75;Rohdaten
2015-03-17;398,74;Rohdaten
2015-03-18;398,73;Rohdaten
2015-03-19;398,71;Rohdaten
2015-03-20;398,72;Rohdaten
2015-03-21;398,73;Rohdaten
2015-03-22;398,71;Rohdaten
2015-03-23;398,71;Rohdaten
2015-03-24;398,73;Rohdaten
2015-03-25;398,73;Rohdaten
2015-03-26;398,70;Rohdaten
2015-03-27;398,68;Rohdaten
2015-03-28;398,68;Rohdaten
2015-03-29;398,71;Rohdaten
2015-03-30;398,72;Rohdaten
2015-03-31;398,73;Rohdaten
2015-04-01;398,72;Rohdaten
2015-04-02;398,76;Rohdaten
2015-04-03;398,78;Rohdaten
2015-04-04;398,80;Rohdaten
2015-04-05;398,77;Rohdaten
2015-04-06;398,75;Rohdaten
2015-04-07;398,73;Rohdaten
2015-04-08;398,74;Rohdaten
2015-04-09;398,74;Rohdaten
2015-04-10;398,74;Rohdaten
2015-04-11;398,73;Rohdaten
2015-04-12;398,71;Rohdaten
2015-04-13;398,71;Rohdaten
2015-04-14;398,71;Rohdaten
2015-04-15;398,73;Rohdaten
2015-04-16;398,73;Rohdaten
2015-04-17;398,72;Rohdaten
2015-04-18;398,69;Rohdaten
2015-04-19;398,70;Rohdaten
2015-04-20;398,69;Rohdaten
2015-04-21;398,68;Rohdaten
2015-04-22;398,69;Rohdaten
2015-04-23;398,69;Rohdaten
2015-04-24;398,69;Rohdaten
2015-04-25;398,69;Rohdaten
2015-04-26;398,69;Rohdaten
2015-04-27;398,70;Rohdaten
2015-04-28;398,68;Rohdaten
2015-04-29;398,68;Rohdaten
2015-04-30;398,69;Rohdaten
2015-05-01;398,70;Rohdaten
2015-05-02;398,69;Rohdaten
2015-05-03;398,70;Rohdaten
2015-05-04;398,71;Rohdaten
2015-05-05;398,72;Rohdaten
2015-05-06;398,70;Rohdaten
2015-05-07;398,69;Rohdaten
2015-05-08;398,70;Rohdaten
2015-05-09;398,68;Rohdaten
2015-05-10;398,66;Rohdaten
2015-05-11;398,67;Rohdaten
2015-05-12;398,68;Rohdaten
2015-05-13;398,67;Rohdaten
2015-05-14;398,68;Rohdaten
2015-05-15;398,66;Rohdaten
2015-05-16;398,64;Rohdaten
2015-05-17;398,63;Rohdaten
2015-05-18;398,66;Rohdaten
2015-05-19;398,65;Rohdaten
2015-05-20;398,63;Rohdaten
2015-05-21;398,61;Rohdaten
2015-05-22;398,62;Rohdaten
2015-05-23;398,63;Rohdaten
2015-05-24;398,62;Rohdaten
2015-05-25;398,63;Rohdaten
2015-05-26;398,62;Rohdaten
2015-05-27;398,61;Rohdaten
2015-05-28;398,62;Rohdaten
2015-05-29;398,62;Rohdaten
2015-05-30;398,60;Rohdaten
2015-05-31;398,60;Rohdaten
2015-06-01;398,60;Rohdaten
2015-06-02;398,59;Rohdaten
2015-06-03;398,58;Rohdaten
2015-06-04;398,57;Rohdaten
2015-06-05;398,58;Rohdaten
2015-06-06;398,57;Rohdaten
2015-06-07;398,60;Rohdaten
2015-06-08;398,62;Rohdaten
2015-06-09;398,65;Rohdaten
2015-06-10;398,65;Rohdaten
2015-06-11;398,66;Rohdaten
2015-06-12;398,66;Rohdaten
2015-06-13;398,65;Rohdaten
2015-06-14;398,65;Rohdaten
2015-06-15;398,62;Rohdaten
2015-06-16;398,61;Rohdaten
2015-06-17;398,60;Rohdaten
2015-06-18;398,62;Rohdaten
2015-06-19;398,62;Rohdaten
2015-06-20;398,61;Rohdaten
2015-06-21;398,61;Rohdaten
2015-06-22;398,62;Rohdaten
2015-06-23;398,62;Rohdaten
2015-06-24;398,60;Rohdaten
2015-06-25;398,60;Rohdaten
2015-06-26;398,60;Rohdaten
2015-06-27;398,61;Rohdaten
2015-06-28;398,59;Rohdaten
2015-06-29;398,59;Rohdaten
2015-06-30;398,59;Rohdaten
2015-07-01;398,59;Rohdaten
2015-07-02;398,59;Rohdaten
2015-07-03;398,58;Rohdaten
2015-07-04;398,58;Rohdaten
2015-07-05;398,59;Rohdaten
2015-07-06;398,57;Rohdaten
2015-07-07;398,59;Rohdaten
2015-07-08;398,58;Rohdaten
2015-07-09;398,56;Rohdaten
2015-07-10;398,56;Rohdaten
2015-07-11;398,57;Rohdaten
2015-07-12;398,56;Rohdaten
2015-07-13;398,55;Rohdaten
2015-07-14;398,55;Rohdaten
2015-07-15;398,54;Rohdaten
2015-07-16;398,54;Rohdaten
2015-07-17;398,54;Rohdaten
2015-07-18;398,54;Rohdaten
2015-07-19;398,55;Rohdaten
2015-07-20;398,53;Rohdaten
2015-07-21;398,53;Rohdaten
2015-07-22;398,54;Rohdaten
2015-07-23;398,56;Rohdaten
2015-07-24;398,57;Rohdaten
2015-07-25;398,56;Rohdaten
2015-07-26;398,54;Rohdaten
2015-07-27;398,55;Rohdaten
2015-07-28;398,54;Rohdaten
2015-07-29;398,53;Rohdaten
2015-07-30;398,51;Rohdaten
2015-07-31;398,51;Rohdaten
2015-08-01;398,51;Rohdaten
2015-08-02;398,50;Rohdaten
2015-08-03;398,50;Rohdaten
2015-08-04;398,49;Rohdaten
2015-08-05;398,49;Rohdaten
2015-08-06;398,49;Rohdaten
2015-08-07;398,48;Rohdaten
2015-08-08;398,47;Rohdaten
2015-08-09;398,47;Rohdaten
2015-08-10;398,47;Rohdaten
2015-08-11;398,47;Rohdaten
2015-08-12;398,46;Rohdaten
2015-08-13;398,47;Rohdaten
2015-08-14;398,46;Rohdaten
2015-08-15;398,46;Rohdaten
2015-08-16;398,46;Rohdaten
2015-08-17;398,47;Rohdaten
2015-08-18;398,47;Rohdaten
2015-08-19;398,46;Rohdaten
2015-08-20;398,45;Rohdaten
2015-08-21;398,46;Rohdaten
2015-08-22;398,47;Rohdaten
2015-08-23;398,48;Rohdaten
2015-08-24;398,48;Rohdaten
2015-08-25;398,45;Rohdaten
2015-08-26;395,36;Rohdaten
2015-08-27;393,96;Rohdaten
2015-08-28;393,98;Rohdaten
2015-10-30;400,95;Rohdaten
2015-11-06;398,49;Rohdaten
2015-11-12;398,46;Rohdaten
2015-11-13;398,46;Rohdaten
2015-11-14;398,46;Rohdaten
2015-11-15;398,48;Rohdaten
2015-11-16;398,47;Rohdaten
2015-11-17;398,47;Rohdaten
2015-11-18;398,46;Rohdaten
2015-11-19;398,47;Rohdaten
2015-11-20;398,56;Rohdaten
2015-11-21;398,64;Rohdaten
2015-11-22;398,61;Rohdaten
2015-11-23;398,58;Rohdaten
2015-11-24;398,58;Rohdaten
2015-11-25;398,61;Rohdaten
2015-11-26;398,58;Rohdaten
2015-11-27;398,58;Rohdaten
2015-11-28;398,59;Rohdaten
2015-11-29;398,58;Rohdaten
2015-11-30;398,60;Rohdaten
2015-12-01;398,64;Rohdaten
2015-12-02;398,65;Rohdaten
2015-12-03;398,65;Rohdaten
2015-12-04;398,64;Rohdaten
2015-12-05;398,63;Rohdaten
2015-12-06;398,63;Rohdaten
2015-12-07;398,61;Rohdaten
2015-12-08;398,61;Rohdaten
2015-12-09;398,56;Rohdaten
2015-12-10;398,53;Rohdaten
2015-12-11;398,59;Rohdaten
2015-12-12;398,61;Rohdaten
2015-12-13;398,62;Rohdaten
2015-12-14;398,61;Rohdaten
2015-12-15;398,61;Rohdaten
2015-12-16;398,60;Rohdaten
2015-12-17;398,61;Rohdaten
2015-12-18;398,62;Rohdaten
2015-12-19;398,62;Rohdaten
2015-12-20;398,62;Rohdaten
2015-12-21;398,62;Rohdaten
2015-12-22;398,61;Rohdaten
2015-12-23;398,62;Rohdaten
2015-12-24;398,62;Rohdaten
2015-12-25;398,61;Rohdaten
2015-12-26;398,61;Rohdaten
2015-12-27;398,61;Rohdaten
2015-12-28;398,61;Rohdaten
2015-12-29;398,60;Rohdaten
2015-12-30;398,60;Rohdaten
2015-12-31;398,61;Rohdaten
2016-01-01;398,61;Rohdaten
2016-01-02;398,63;Rohdaten
2016-01-03;398,66;Rohdaten
2016-01-04;398,69;Rohdaten
2016-01-05;398,70;Rohdaten
2016-01-06;398,73;Rohdaten
2016-01-07;398,75;Rohdaten
2016-01-08;398,74;Rohdaten
2016-01-09;398,75;Rohdaten
2016-01-10;398,75;Rohdaten
2016-01-11;398,76;Rohdaten
2016-01-12;398,77;Rohdaten
2016-01-13;398,78;Rohdaten
2016-01-14;398,81;Rohdaten
2016-01-15;398,80;Rohdaten
2016-01-16;398,77;Rohdaten
2016-01-17;398,76;Rohdaten
2016-01-18;398,76;Rohdaten
2016-01-19;398,76;Rohdaten
2016-01-20;398,74;Rohdaten
2016-01-21;398,71;Rohdaten
2016-01-22;398,71;Rohdaten
2016-01-23;398,70;Rohdaten
2016-01-24;398,70;Rohdaten
2016-01-25;398,76;Rohdaten
2016-01-26;398,80;Rohdaten
2016-01-27;398,80;Rohdaten
2016-01-28;398,78;Rohdaten
2016-01-29;398,77;Rohdaten
2016-01-30;398,79;Rohdaten
2016-01-31;398,81;Rohdaten
2016-02-01;398,86;Rohdaten
2016-02-02;398,89;Rohdaten
2016-02-03;398,88;Rohdaten
2016-02-04;398,88;Rohdaten
2016-02-05;398,90;Rohdaten
2016-02-06;398,92;Rohdaten
2016-02-07;398,91;Rohdaten
2016-02-08;398,91;Rohdaten
2016-02-09;398,99;Rohdaten
2016-02-10;399,05;Rohdaten
2016-02-11;399,03;Rohdaten
2016-02-12;399,03;Rohdaten
2016-02-13;399,02;Rohdaten
2016-02-14;399,03;Rohdaten
2016-02-15;398,99;Rohdaten
2016-02-16;398,93;Rohdaten
2016-02-17;398,96;Rohdaten
2016-02-18;398,95;Rohdaten
2016-02-19;398,91;Rohdaten
2016-02-20;398,91;Rohdaten
2016-02-21;398,95;Rohdaten
2016-02-22;398,97;Rohdaten
2016-02-23;398,97;Rohdaten
2016-02-24;399,00;Rohdaten
2016-02-25;399,00;Rohdaten
2016-02-26;398,98;Rohdaten
2016-02-27;398,97;Rohdaten
2016-02-28;398,94;Rohdaten
2016-02-29;398,92;Rohdaten
2016-03-01;398,90;Rohdaten
2016-03-02;398,94;Rohdaten
2016-03-03;398,96;Rohdaten
2016-03-04;398,95;Rohdaten
2016-03-05;398,95;Rohdaten
2016-03-06;398,92;Rohdaten
2016-03-07;398,91;Rohdaten
2016-03-08;398,88;Rohdaten
2016-03-09;398,88;Rohdaten
2016-03-10;398,86;Rohdaten
2016-03-11;398,84;Rohdaten
