﻿Quelle:;"Bayerisches Landesamt für Umwelt, www.gkd.bayern.de"
Datenbankabfrage:;"08.10.2024 21:50"
Zeitbezug:;MEZ
Messstellen-Name:;Ansbach-Orangerie-Mitte
Messstellen-Nr.:;3642
Ostwert:;614888;Nordwert:;5462291;"ETRS89 / UTM Zone 32N"

Datum;"Grundwasserstand [m ü. NN]";Prüfstatus
2024-01-01;398,98;Rohdaten
2024-01-02;398,99;Rohdaten
2024-01-03;399,00;Rohdaten
2024-01-04;399,00;Rohdaten
2024-01-05;399,00;Rohdaten
2024-01-06;399,00;Rohdaten
2024-01-07;399,00;Rohdaten
2024-01-08;398,99;Rohdaten
2024-01-09;398,97;Rohdaten
2024-01-10;398,96;Rohdaten
2024-01-11;398,94;Rohdaten
2024-01-12;398,93;Rohdaten
2024-01-13;398,94;Rohdaten
2024-01-14;398,95;Rohdaten
2024-01-15;398,95;Rohdaten
2024-01-16;398,91;Rohdaten
2024-01-17;398,95;Rohdaten
2024-01-18;398,96;Rohdaten
2024-01-19;398,92;Rohdaten
2024-01-20;398,90;Rohdaten
2024-01-21;398,91;Rohdaten
2024-01-22;398,93;Rohdaten
2024-01-23;398,94;Rohdaten
2024-01-24;398,97;Rohdaten
2024-01-25;398,97;Rohdaten
2024-01-26;398,97;Rohdaten
2024-01-27;398,96;Rohdaten
2024-01-28;398,96;Rohdaten
2024-01-29;398,96;Rohdaten
2024-01-30;398,94;Rohdaten
2024-01-31;398,93;Rohdaten
2024-02-01;398,94;Rohdaten
2024-02-02;398,94;Rohdaten
2024-02-03;398,93;Rohdaten
2024-02-04;398,93;Rohdaten
2024-02-05;398,93;Rohdaten
2024-02-06;398,93;Rohdaten
2024-02-07;398,95;Rohdaten
2024-02-08;398,97;Rohdaten
2024-02-09;399,00;Rohdaten
2024-02-10;399,00;Rohdaten
2024-02-11;399,00;Rohdaten
2024-02-12;399,00;Rohdaten
2024-02-13;399,00;Rohdaten
2024-02-14;398,99;Rohdaten
2024-02-15;399,00;Rohdaten
2024-02-16;398,99;Rohdaten
2024-02-17;398,95;Rohdaten
2024-02-18;398,96;Rohdaten
2024-02-19;398,96;Rohdaten
2024-02-20;398,95;Rohdaten
2024-02-21;398,97;Rohdaten
2024-02-22;399,00;Rohdaten
2024-02-23;399,00;Rohdaten
2024-02-24;398,99;Rohdaten
2024-02-25;398,99;Rohdaten
2024-02-26;398,99;Rohdaten
2024-02-27;398,95;Rohdaten
2024-02-28;398,92;Rohdaten
2024-02-29;398,94;Rohdaten
2024-03-01;398,95;Rohdaten
2024-03-02;398,94;Rohdaten
2024-03-03;398,94;Rohdaten
2024-03-04;398,91;Rohdaten
2024-03-05;398,89;Rohdaten
2024-03-06;398,88;Rohdaten
2024-03-07;398,88;Rohdaten
2024-03-08;398,90;Rohdaten
2024-03-09;398,91;Rohdaten
2024-03-10;398,91;Rohdaten
2024-03-11;398,87;Rohdaten
2024-03-12;398,84;Rohdaten
2024-03-13;398,85;Rohdaten
2024-03-14;398,85;Rohdaten
2024-03-15;398,85;Rohdaten
2024-03-16;398,84;Rohdaten
2024-03-17;398,83;Rohdaten
2024-03-18;398,85;Rohdaten
2024-03-19;398,83;Rohdaten
2024-03-20;398,83;Rohdaten
2024-03-21;398,82;Rohdaten
2024-03-22;398,83;Rohdaten
2024-03-23;398,85;Rohdaten
2024-03-24;398,84;Rohdaten
2024-03-25;398,84;Rohdaten
2024-03-26;398,86;Rohdaten
2024-03-27;398,87;Rohdaten
2024-03-28;398,87;Rohdaten
2024-03-29;398,87;Rohdaten
2024-03-30;398,89;Rohdaten
2024-03-31;398,89;Rohdaten
2024-04-01;398,88;Rohdaten
2024-04-02;398,85;Rohdaten
2024-04-03;398,86;Rohdaten
2024-04-04;398,85;Rohdaten
2024-04-05;398,86;Rohdaten
2024-04-06;398,87;Rohdaten
2024-04-07;398,87;Rohdaten
2024-04-08;398,88;Rohdaten
2024-04-09;398,86;Rohdaten
2024-04-10;398,82;Rohdaten
2024-04-11;398,81;Rohdaten
2024-04-12;398,82;Rohdaten
2024-04-13;398,83;Rohdaten
2024-04-14;398,84;Rohdaten
2024-04-15;398,86;Rohdaten
2024-04-16;398,86;Rohdaten
2024-04-17;398,85;Rohdaten
2024-04-18;398,81;Rohdaten
2024-06-04;399,00;Rohdaten
2024-06-05;399,00;Rohdaten
2024-06-06;399,00;Rohdaten
2024-06-07;398,98;Rohdaten
2024-06-08;398,98;Rohdaten
2024-06-09;398,97;Rohdaten
2024-06-10;398,95;Rohdaten
2024-06-11;398,91;Rohdaten
2024-06-12;398,90;Rohdaten
2024-06-13;398,89;Rohdaten
2024-06-14;398,90;Rohdaten
2024-06-15;398,89;Rohdaten
2024-06-16;398,88;Rohdaten
2024-06-17;398,86;Rohdaten
2024-06-18;398,86;Rohdaten
2024-06-19;398,84;Rohdaten
2024-06-20;398,84;Rohdaten
2024-06-21;398,84;Rohdaten
2024-06-22;398,84;Rohdaten
2024-06-23;398,82;Rohdaten
2024-06-24;398,82;Rohdaten
2024-06-25;398,82;Rohdaten
2024-06-26;398,82;Rohdaten
2024-06-27;398,81;Rohdaten
2024-06-28;398,79;Rohdaten
2024-06-29;398,80;Rohdaten
2024-06-30;398,79;Rohdaten
2024-07-01;398,78;Rohdaten
2024-07-02;398,78;Rohdaten
2024-07-03;398,78;Rohdaten
2024-07-04;398,78;Rohdaten
2024-07-05;398,77;Rohdaten
2024-07-06;398,77;Rohdaten
2024-07-07;398,75;Rohdaten
2024-07-08;398,74;Rohdaten
2024-07-09;398,75;Rohdaten
2024-07-10;398,74;Rohdaten
2024-07-11;398,75;Rohdaten
2024-07-12;398,76;Rohdaten
2024-07-13;398,75;Rohdaten
2024-07-14;398,75;Rohdaten
2024-07-15;398,75;Rohdaten
2024-07-16;398,74;Rohdaten
2024-07-17;398,72;Rohdaten
2024-07-18;398,72;Rohdaten
2024-07-19;398,73;Rohdaten
2024-07-20;398,74;Rohdaten
2024-07-21;398,73;Rohdaten
2024-07-22;398,71;Rohdaten
2024-07-23;398,71;Rohdaten
2024-07-24;398,71;Rohdaten
2024-07-25;398,72;Rohdaten
2024-07-26;398,71;Rohdaten
2024-07-27;398,70;Rohdaten
2024-07-28;398,69;Rohdaten
2024-07-29;398,70;Rohdaten
2024-07-30;398,71;Rohdaten
2024-07-31;398,71;Rohdaten
2024-08-01;398,71;Rohdaten
2024-08-02;398,77;Rohdaten
2024-08-03;398,76;Rohdaten
2024-08-04;398,73;Rohdaten
2024-08-05;398,72;Rohdaten
2024-08-06;398,72;Rohdaten
2024-08-07;398,71;Rohdaten
