﻿Quelle:;"Bayerisches Landesamt für Umwelt, www.gkd.bayern.de"
Datenbankabfrage:;"08.10.2024 21:50"
Zeitbezug:;MEZ
Messstellen-Name:;"GUN_HW_KB 2"
Messstellen-Nr.:;3649
Ostwert:;628035;Nordwert:;5441421;"ETRS89 / UTM Zone 32N"

Datum;"Grundwasserstand [m ü. NN]";Prüfstatus
2014-07-10;411,45;Geprueft
2014-07-11;411,44;Geprueft
2014-07-12;411,43;Geprueft
2014-07-13;411,43;Geprueft
2014-07-14;411,43;Geprueft
2014-07-15;411,43;Geprueft
2014-07-16;411,43;Geprueft
2014-07-17;411,42;Geprueft
2014-07-18;411,42;Geprueft
2014-07-19;411,41;Geprueft
2014-07-20;411,41;Geprueft
2014-07-21;411,42;Geprueft
2014-07-22;411,44;Geprueft
2014-07-23;411,44;Geprueft
2014-07-24;411,43;Geprueft
2014-07-25;411,43;Geprueft
2014-07-26;411,42;Geprueft
2014-07-27;411,43;Geprueft
2014-07-28;411,43;Geprueft
2014-07-29;411,43;Geprueft
2014-07-30;411,47;Geprueft
2014-07-31;411,46;Geprueft
2014-08-01;411,45;Geprueft
2014-08-02;411,45;Geprueft
2014-08-03;411,45;Geprueft
2014-08-04;411,45;Geprueft
2014-08-05;411,44;Geprueft
2014-08-06;;Geprueft
2014-08-07;411,43;Geprueft
2014-08-08;411,42;Geprueft
2014-08-09;411,42;Geprueft
2014-08-10;411,42;Geprueft
2014-08-11;411,42;Geprueft
2014-08-12;411,41;Geprueft
2014-08-13;411,42;Geprueft
2014-08-14;411,41;Geprueft
2014-08-15;411,41;Geprueft
2014-08-16;411,41;Geprueft
2014-08-17;411,42;Geprueft
2014-08-18;411,41;Geprueft
2014-08-19;411,41;Geprueft
2014-08-20;411,40;Geprueft
2014-08-21;411,40;Geprueft
2014-08-22;411,40;Geprueft
2014-08-23;411,40;Geprueft
2014-08-24;411,40;Geprueft
2014-08-25;411,39;Geprueft
2014-08-26;411,41;Geprueft
2014-08-27;411,43;Geprueft
2014-08-28;411,48;Geprueft
2014-08-29;411,50;Geprueft
2014-08-30;411,37;Geprueft
2014-08-31;411,43;Geprueft
2014-09-01;411,55;Geprueft
2014-09-02;411,66;Geprueft
2014-09-03;411,68;Geprueft
2014-09-04;411,58;Geprueft
2014-09-05;411,39;Geprueft
2014-09-06;411,28;Geprueft
2014-09-07;411,44;Geprueft
2014-09-08;411,44;Geprueft
2014-09-09;411,44;Geprueft
2014-09-10;411,44;Geprueft
2014-09-11;411,43;Geprueft
2014-09-12;411,46;Geprueft
2014-09-13;411,53;Geprueft
2014-09-14;411,74;Geprueft
2014-09-15;411,82;Geprueft
2014-09-16;411,83;Geprueft
2014-09-17;411,76;Geprueft
2014-09-18;411,57;Geprueft
2014-09-19;411,42;Geprueft
2014-09-20;411,48;Geprueft
2014-09-21;411,50;Geprueft
2014-09-22;411,61;Geprueft
2014-09-23;411,67;Geprueft
2014-09-24;411,72;Geprueft
2014-09-25;411,65;Geprueft
2014-09-26;411,49;Geprueft
2014-09-27;411,48;Geprueft
2014-09-28;411,48;Geprueft
2014-09-29;411,48;Geprueft
2014-09-30;411,47;Geprueft
2014-10-01;411,48;Geprueft
2014-10-02;411,47;Geprueft
2014-10-03;411,46;Geprueft
2014-10-04;411,47;Geprueft
2014-10-05;411,46;Geprueft
2014-10-06;411,46;Geprueft
2014-10-07;411,47;Geprueft
2014-10-08;411,47;Geprueft
2014-10-09;411,47;Geprueft
2014-10-10;411,46;Geprueft
2014-10-11;411,45;Geprueft
2014-10-12;411,46;Geprueft
2014-10-13;411,45;Geprueft
2014-10-14;411,45;Geprueft
2014-10-15;411,41;Geprueft
2014-10-16;411,32;Geprueft
2014-10-17;411,38;Geprueft
2014-10-18;411,47;Geprueft
2014-10-19;411,57;Geprueft
2014-10-20;411,52;Geprueft
2014-10-21;411,49;Geprueft
2014-10-22;411,49;Geprueft
2014-10-23;411,66;Geprueft
2014-10-24;411,66;Geprueft
2014-10-25;411,64;Geprueft
2014-10-26;411,61;Geprueft
2014-10-27;411,57;Geprueft
2014-10-28;411,49;Geprueft
2014-10-29;411,51;Geprueft
2014-10-30;411,50;Geprueft
2014-10-31;411,49;Geprueft
2014-11-01;411,49;Geprueft
2014-11-02;411,49;Geprueft
2014-11-03;411,48;Geprueft
2014-11-04;411,48;Geprueft
2014-11-05;411,48;Geprueft
2014-11-06;411,49;Geprueft
2014-11-07;411,53;Geprueft
2014-11-08;411,57;Geprueft
2014-11-09;411,49;Geprueft
2014-11-10;411,43;Geprueft
2014-11-11;411,49;Geprueft
2014-11-12;411,48;Geprueft
2014-11-13;411,47;Geprueft
2014-11-14;411,47;Geprueft
2014-11-15;411,47;Geprueft
2014-11-16;411,47;Geprueft
2014-11-17;411,46;Geprueft
2014-11-18;411,48;Geprueft
2014-11-19;411,62;Geprueft
2014-11-20;411,66;Geprueft
2014-11-21;411,62;Geprueft
2014-11-22;411,60;Geprueft
2014-11-23;411,54;Geprueft
2014-11-24;411,48;Geprueft
2014-11-25;411,50;Geprueft
2014-11-26;411,50;Geprueft
2014-11-27;411,50;Geprueft
2014-11-28;411,49;Geprueft
2014-11-29;411,48;Geprueft
2014-11-30;411,49;Geprueft
2014-12-01;411,48;Geprueft
2014-12-02;411,48;Geprueft
2014-12-03;411,48;Geprueft
2014-12-04;411,48;Geprueft
2014-12-05;411,48;Geprueft
2014-12-06;411,47;Geprueft
2014-12-07;411,47;Geprueft
2014-12-08;411,47;Geprueft
2014-12-09;411,46;Geprueft
2014-12-10;411,47;Geprueft
2014-12-11;411,48;Geprueft
2014-12-12;411,49;Geprueft
2014-12-13;411,62;Geprueft
2014-12-14;411,65;Geprueft
2014-12-15;411,59;Geprueft
2014-12-16;411,49;Geprueft
2014-12-17;411,50;Geprueft
2014-12-18;411,60;Geprueft
2014-12-19;411,62;Geprueft
2014-12-20;411,64;Geprueft
2014-12-21;411,65;Geprueft
2014-12-22;411,62;Geprueft
2014-12-23;411,59;Geprueft
2014-12-24;411,59;Geprueft
2014-12-25;411,57;Geprueft
2014-12-26;411,56;Geprueft
2014-12-27;411,59;Geprueft
2014-12-28;411,56;Geprueft
2014-12-29;411,53;Geprueft
2014-12-30;411,54;Geprueft
2014-12-31;411,54;Geprueft
2015-01-01;411,56;Geprueft
2015-01-02;411,62;Geprueft
2015-01-03;411,80;Geprueft
2015-01-04;412,07;Geprueft
2015-01-05;412,10;Geprueft
2015-01-06;412,07;Geprueft
2015-01-07;412,01;Geprueft
2015-01-08;411,94;Geprueft
2015-01-09;412,16;Geprueft
2015-01-10;412,23;Geprueft
2015-01-11;412,28;Geprueft
2015-01-12;412,22;Geprueft
2015-01-13;412,18;Geprueft
2015-01-14;412,12;Geprueft
2015-01-15;411,97;Geprueft
2015-01-16;411,89;Geprueft
2015-01-17;411,95;Geprueft
2015-01-18;412,00;Geprueft
2015-01-19;411,97;Geprueft
2015-01-20;411,78;Geprueft
2015-01-21;411,78;Geprueft
2015-01-22;411,69;Geprueft
2015-01-23;411,81;Geprueft
2015-01-24;411,82;Geprueft
2015-01-25;411,79;Geprueft
2015-01-26;411,75;Geprueft
2015-01-27;411,75;Geprueft
2015-01-28;411,79;Geprueft
2015-01-29;411,72;Geprueft
2015-01-30;411,79;Geprueft
2015-01-31;411,79;Geprueft
2015-02-01;411,71;Geprueft
2015-02-02;411,67;Geprueft
2015-02-03;411,81;Geprueft
2015-02-04;411,82;Geprueft
2015-02-05;411,77;Geprueft
2015-02-06;411,72;Geprueft
2015-02-07;411,65;Geprueft
2015-02-08;411,61;Geprueft
2015-02-09;411,57;Geprueft
2015-02-10;411,56;Geprueft
2015-02-11;411,58;Geprueft
2015-02-12;411,58;Geprueft
2015-02-13;411,58;Geprueft
2015-02-14;411,58;Geprueft
2015-02-15;411,58;Geprueft
2015-02-16;411,55;Geprueft
2015-02-17;411,53;Geprueft
2015-02-18;411,52;Geprueft
2015-02-19;411,53;Geprueft
2015-02-20;411,54;Geprueft
2015-02-21;411,54;Geprueft
2015-02-22;411,54;Geprueft
2015-02-23;411,56;Geprueft
2015-02-24;411,57;Geprueft
2015-02-25;411,59;Geprueft
2015-02-26;411,59;Geprueft
2015-02-27;411,56;Geprueft
2015-02-28;411,51;Geprueft
2015-03-01;411,50;Geprueft
2015-03-02;411,55;Geprueft
2015-03-03;411,64;Geprueft
2015-03-04;411,74;Geprueft
2015-03-05;411,89;Geprueft
2015-03-06;411,93;Geprueft
2015-03-07;411,89;Geprueft
2015-03-08;411,83;Geprueft
2015-03-09;411,75;Geprueft
2015-03-10;411,66;Geprueft
2015-03-11;411,60;Geprueft
2015-03-12;411,60;Geprueft
2015-03-13;411,62;Geprueft
2015-03-14;411,69;Geprueft
2015-03-15;411,68;Geprueft
2015-03-16;411,58;Geprueft
2015-03-17;411,49;Geprueft
2015-03-18;411,50;Geprueft
2015-03-19;411,47;Geprueft
2015-03-20;411,40;Geprueft
2015-03-21;411,38;Geprueft
2015-03-22;411,36;Geprueft
2015-03-23;411,34;Geprueft
2015-03-24;411,34;Geprueft
2015-03-25;411,34;Geprueft
2015-03-26;411,33;Geprueft
2015-03-27;411,31;Geprueft
2015-03-28;411,31;Geprueft
2015-03-29;411,31;Geprueft
2015-03-30;411,42;Geprueft
2015-03-31;411,62;Geprueft
2015-04-01;411,75;Geprueft
2015-04-02;411,84;Geprueft
2015-04-03;411,95;Geprueft
2015-04-04;412,00;Geprueft
2015-04-05;411,93;Geprueft
2015-04-06;411,77;Geprueft
2015-04-07;411,62;Geprueft
2015-04-08;411,53;Geprueft
2015-04-09;411,55;Geprueft
2015-04-10;411,53;Geprueft
2015-04-11;411,52;Geprueft
2015-04-12;411,51;Geprueft
2015-04-13;411,50;Geprueft
2015-04-14;411,49;Geprueft
2015-04-15;411,50;Geprueft
2015-04-16;411,50;Geprueft
2015-04-17;411,49;Geprueft
2015-04-18;411,48;Geprueft
2015-04-19;411,48;Geprueft
2015-04-20;411,48;Geprueft
2015-04-21;411,47;Geprueft
2015-04-22;411,48;Geprueft
2015-04-23;411,47;Geprueft
2015-04-24;411,47;Geprueft
2015-04-25;411,48;Geprueft
2015-04-26;411,48;Geprueft
2015-04-27;411,47;Geprueft
2015-04-28;411,48;Geprueft
2015-04-29;411,48;Geprueft
2015-04-30;411,48;Geprueft
2015-05-01;411,49;Geprueft
2015-05-02;411,49;Geprueft
2015-05-03;411,50;Geprueft
2015-05-04;411,50;Geprueft
2015-05-05;411,50;Geprueft
2015-05-06;411,51;Geprueft
2015-05-07;411,50;Geprueft
2015-05-08;411,51;Geprueft
2015-05-09;411,50;Geprueft
2015-05-10;411,49;Geprueft
2015-05-11;411,49;Geprueft
2015-05-12;411,48;Geprueft
2015-05-13;411,48;Geprueft
2015-05-14;411,47;Geprueft
2015-05-15;411,47;Geprueft
2015-05-16;411,46;Geprueft
2015-05-17;411,46;Geprueft
2015-05-18;411,47;Geprueft
2015-05-19;411,46;Geprueft
2015-05-20;411,46;Geprueft
2015-05-21;411,45;Geprueft
2015-05-22;411,45;Geprueft
2015-05-23;411,45;Geprueft
2015-05-24;411,44;Geprueft
2015-05-25;411,44;Geprueft
2015-05-26;411,45;Geprueft
2015-05-27;411,45;Geprueft
2015-05-28;411,45;Geprueft
2015-05-29;411,45;Geprueft
2015-05-30;411,45;Geprueft
2015-05-31;411,45;Geprueft
2015-06-01;411,44;Geprueft
2015-06-02;411,44;Geprueft
2015-06-03;411,43;Geprueft
2015-06-04;411,43;Geprueft
2015-06-05;411,43;Geprueft
2015-06-06;411,43;Geprueft
2015-06-07;411,45;Geprueft
2015-06-08;411,50;Geprueft
2015-06-09;411,57;Geprueft
2015-06-10;411,49;Geprueft
2015-06-11;411,49;Geprueft
2015-06-12;411,49;Geprueft
2015-06-13;411,47;Geprueft
2015-06-14;411,47;Geprueft
2015-06-15;411,46;Geprueft
2015-06-16;411,46;Geprueft
2015-06-17;411,45;Geprueft
2015-06-18;411,47;Geprueft
2015-06-19;411,45;Geprueft
2015-06-20;411,45;Geprueft
2015-06-21;411,45;Geprueft
2015-06-22;411,46;Geprueft
2015-06-23;411,46;Geprueft
2015-06-24;411,45;Geprueft
2015-06-25;411,45;Geprueft
2015-06-26;411,44;Geprueft
2015-06-27;411,45;Geprueft
2015-06-28;411,43;Geprueft
2015-06-29;411,44;Geprueft
2015-06-30;411,44;Geprueft
2015-07-01;411,45;Geprueft
2015-07-02;411,44;Geprueft
2015-07-03;411,43;Geprueft
2015-07-04;411,43;Geprueft
2015-07-05;411,44;Geprueft
2015-07-06;411,42;Geprueft
2015-07-07;411,43;Geprueft
2015-07-08;411,43;Geprueft
2015-07-09;411,43;Geprueft
2015-07-10;411,43;Geprueft
2015-07-11;411,43;Geprueft
2015-07-12;411,42;Geprueft
2015-07-13;411,42;Geprueft
2015-07-14;411,42;Geprueft
2015-07-15;411,42;Geprueft
2015-07-16;411,42;Geprueft
2015-07-17;411,42;Geprueft
2015-07-18;411,41;Geprueft
2015-07-19;411,41;Geprueft
2015-07-20;411,41;Geprueft
2015-07-21;411,41;Geprueft
2015-07-22;411,41;Geprueft
2015-07-23;411,43;Geprueft
2015-07-24;411,43;Geprueft
2015-07-25;411,42;Geprueft
2015-07-26;411,41;Geprueft
2015-07-27;411,42;Geprueft
2015-07-28;411,41;Geprueft
2015-07-29;411,41;Geprueft
2015-07-30;411,41;Geprueft
2015-07-31;411,41;Geprueft
2015-08-01;411,41;Geprueft
2015-08-02;411,41;Geprueft
2015-08-03;411,40;Geprueft
2015-08-04;411,40;Geprueft
2015-08-05;411,41;Geprueft
2015-08-06;411,40;Geprueft
2015-08-07;411,40;Geprueft
2015-08-08;411,39;Geprueft
2015-08-09;411,39;Geprueft
2015-08-10;411,40;Geprueft
2015-08-11;411,39;Geprueft
2015-08-12;411,40;Geprueft
2015-08-13;411,40;Geprueft
2015-08-14;411,39;Geprueft
2015-08-15;411,41;Geprueft
2015-08-16;411,42;Geprueft
2015-08-17;411,43;Geprueft
2015-08-18;411,43;Geprueft
2015-08-19;411,42;Geprueft
2015-08-20;411,41;Geprueft
2015-08-21;411,41;Geprueft
2015-08-22;411,41;Geprueft
2015-08-23;411,41;Geprueft
2015-08-24;411,41;Geprueft
2015-08-25;411,41;Geprueft
2015-08-26;411,41;Geprueft
2015-08-27;411,40;Geprueft
2015-08-28;411,39;Geprueft
2015-08-29;411,39;Geprueft
2015-08-30;411,39;Geprueft
2015-08-31;411,40;Geprueft
2015-09-01;411,40;Geprueft
2015-09-02;411,40;Geprueft
2015-09-03;411,39;Geprueft
2015-09-04;411,39;Geprueft
2015-09-05;411,40;Geprueft
2015-09-06;411,39;Geprueft
2015-09-07;411,39;Geprueft
2015-09-08;411,40;Geprueft
2015-09-09;411,40;Geprueft
2015-09-10;411,39;Geprueft
2015-09-11;411,39;Geprueft
2015-09-12;411,39;Geprueft
2015-09-13;411,39;Geprueft
2015-09-14;411,40;Geprueft
2015-09-15;411,40;Geprueft
2015-09-16;411,40;Geprueft
2015-09-17;411,39;Geprueft
2015-09-18;411,39;Geprueft
2015-09-19;411,39;Geprueft
2015-09-20;411,39;Geprueft
2015-09-21;411,40;Geprueft
2015-09-22;411,41;Geprueft
2015-09-23;411,40;Geprueft
2015-09-24;411,40;Geprueft
2015-09-25;411,41;Geprueft
2015-09-26;411,41;Geprueft
2015-09-27;411,40;Geprueft
2015-09-28;411,40;Geprueft
2015-09-29;411,40;Geprueft
2015-09-30;411,39;Geprueft
2015-10-01;411,39;Geprueft
2015-10-02;411,39;Geprueft
2015-10-03;411,39;Geprueft
2015-10-04;411,41;Geprueft
2015-10-05;411,41;Geprueft
2015-10-06;411,42;Geprueft
2015-10-07;411,43;Geprueft
2015-10-08;411,42;Geprueft
2015-10-09;411,43;Geprueft
2015-10-10;411,42;Geprueft
2015-10-11;411,42;Geprueft
2015-10-12;411,42;Geprueft
2015-10-13;411,42;Geprueft
2015-10-14;411,43;Geprueft
2015-10-15;411,43;Geprueft
2015-10-16;411,42;Geprueft
2015-10-17;411,43;Geprueft
2015-10-18;411,43;Geprueft
2015-10-19;411,42;Geprueft
2015-10-20;411,40;Geprueft
2015-10-21;411,40;Geprueft
2015-10-22;411,40;Geprueft
2015-10-23;411,41;Geprueft
2015-10-24;411,42;Geprueft
2015-10-25;411,40;Geprueft
2015-10-26;411,40;Geprueft
2015-10-27;411,40;Geprueft
2015-10-28;411,40;Geprueft
2015-10-29;411,39;Geprueft
2015-10-30;411,39;Geprueft
2015-10-31;411,39;Geprueft
2015-11-01;411,39;Geprueft
2015-11-02;411,40;Geprueft
2015-11-03;411,40;Geprueft
2015-11-04;411,39;Geprueft
2015-11-05;411,39;Geprueft
2015-11-06;411,39;Geprueft
2015-11-07;411,39;Geprueft
2015-11-08;411,39;Geprueft
2015-11-09;411,39;Geprueft
2015-11-10;411,38;Geprueft
2015-11-11;411,38;Geprueft
2015-11-12;411,38;Geprueft
2015-11-13;411,38;Geprueft
2015-11-14;411,38;Geprueft
2015-11-15;411,39;Geprueft
2015-11-16;411,38;Geprueft
2015-11-17;411,38;Geprueft
2015-11-18;411,38;Geprueft
2015-11-19;411,38;Geprueft
2015-11-20;411,48;Geprueft
2015-11-21;411,65;Geprueft
2015-11-22;411,77;Geprueft
2015-11-23;411,77;Geprueft
2015-11-24;411,65;Geprueft
2015-11-25;411,51;Geprueft
2015-11-26;411,50;Geprueft
2015-11-27;411,49;Geprueft
2015-11-28;411,49;Geprueft
2015-11-29;411,48;Geprueft
2015-11-30;411,49;Geprueft
2015-12-01;411,53;Geprueft
2015-12-02;411,70;Geprueft
2015-12-03;411,76;Geprueft
2015-12-04;411,67;Geprueft
2015-12-05;411,52;Geprueft
2015-12-06;411,38;Geprueft
2015-12-07;411,47;Geprueft
2015-12-08;411,47;Geprueft
2015-12-09;411,48;Geprueft
2015-12-10;411,48;Geprueft
2015-12-11;411,48;Geprueft
2015-12-12;411,47;Geprueft
2015-12-13;411,47;Geprueft
2015-12-14;411,47;Geprueft
2015-12-15;411,46;Geprueft
2015-12-16;411,45;Geprueft
2015-12-17;411,46;Geprueft
2015-12-18;411,46;Geprueft
2015-12-19;411,46;Geprueft
2015-12-20;411,46;Geprueft
2015-12-21;411,46;Geprueft
2015-12-22;411,46;Geprueft
2015-12-23;411,45;Geprueft
2015-12-24;411,45;Geprueft
2015-12-25;411,44;Geprueft
2015-12-26;411,45;Geprueft
2015-12-27;411,45;Geprueft
2015-12-28;411,45;Geprueft
2015-12-29;411,45;Geprueft
2015-12-30;411,46;Geprueft
2015-12-31;411,44;Geprueft
2016-01-01;411,45;Geprueft
2016-01-02;411,46;Geprueft
2016-01-03;411,47;Geprueft
2016-01-04;411,50;Geprueft
2016-01-05;411,60;Geprueft
2016-01-06;411,68;Geprueft
2016-01-07;411,60;Geprueft
2016-01-08;411,56;Geprueft
2016-01-09;411,57;Geprueft
2016-01-10;411,53;Geprueft
2016-01-11;411,67;Geprueft
2016-01-12;411,79;Geprueft
2016-01-13;411,75;Geprueft
2016-01-14;411,70;Geprueft
2016-01-15;411,64;Geprueft
2016-01-16;411,65;Geprueft
2016-01-17;411,66;Geprueft
2016-01-18;411,63;Geprueft
2016-01-19;411,59;Geprueft
2016-01-20;411,57;Geprueft
2016-01-21;411,56;Geprueft
2016-01-22;411,53;Geprueft
2016-01-23;411,51;Geprueft
2016-01-24;411,58;Geprueft
2016-01-25;411,79;Geprueft
2016-01-26;411,78;Geprueft
2016-01-27;411,68;Geprueft
2016-01-28;411,64;Geprueft
2016-01-29;411,60;Geprueft
2016-01-30;411,57;Geprueft
2016-01-31;411,61;Geprueft
2016-02-01;411,85;Geprueft
2016-02-02;411,89;Geprueft
2016-02-03;411,79;Geprueft
2016-02-04;411,72;Geprueft
2016-02-05;411,80;Geprueft
2016-02-06;411,77;Geprueft
2016-02-07;411,68;Geprueft
2016-02-08;411,61;Geprueft
2016-02-09;411,79;Geprueft
2016-02-10;411,95;Geprueft
2016-02-11;411,91;Geprueft
2016-02-12;411,86;Geprueft
2016-02-13;411,76;Geprueft
2016-02-14;411,79;Geprueft
2016-02-15;411,80;Geprueft
2016-02-16;411,71;Geprueft
2016-02-17;411,66;Geprueft
2016-02-18;411,60;Geprueft
2016-02-19;411,59;Geprueft
2016-02-20;411,62;Geprueft
2016-02-21;411,79;Geprueft
2016-02-22;411,87;Geprueft
2016-02-23;411,81;Geprueft
2016-02-24;411,81;Geprueft
2016-02-25;411,74;Geprueft
2016-02-26;411,71;Geprueft
2016-02-27;411,72;Geprueft
2016-02-28;411,71;Geprueft
2016-02-29;411,73;Geprueft
2016-03-01;411,61;Geprueft
2016-03-02;411,72;Geprueft
2016-03-03;411,98;Geprueft
2016-03-04;412,03;Geprueft
2016-03-05;412,09;Geprueft
2016-03-06;412,15;Geprueft
2016-03-07;412,17;Geprueft
2016-03-08;412,19;Geprueft
2016-03-09;412,17;Geprueft
2016-03-10;412,13;Geprueft
2016-03-11;412,09;Geprueft
2016-03-12;412,07;Geprueft
2016-03-13;412,01;Geprueft
2016-03-14;411,91;Geprueft
2016-03-15;411,83;Geprueft
2016-03-16;411,78;Geprueft
2016-03-17;411,78;Geprueft
2016-03-18;411,74;Geprueft
2016-03-19;411,66;Geprueft
2016-03-20;411,61;Geprueft
2016-03-21;411,57;Geprueft
2016-03-22;411,55;Geprueft
2016-03-23;411,57;Geprueft
2016-03-24;411,55;Geprueft
2016-03-25;411,55;Geprueft
2016-03-26;411,58;Geprueft
2016-03-27;411,68;Geprueft
2016-03-28;411,75;Geprueft
2016-03-29;411,72;Geprueft
2016-03-30;411,69;Geprueft
2016-03-31;411,72;Geprueft
2016-04-01;411,83;Geprueft
2016-04-02;411,94;Geprueft
2016-04-03;411,93;Geprueft
2016-04-04;411,84;Geprueft
2016-04-05;411,71;Geprueft
2016-04-06;411,62;Geprueft
2016-04-07;411,58;Geprueft
2016-04-08;411,56;Geprueft
2016-04-09;411,51;Geprueft
2016-04-10;411,53;Geprueft
2016-04-11;411,53;Geprueft
2016-04-12;411,52;Geprueft
2016-04-13;411,54;Geprueft
2016-04-14;411,53;Geprueft
2016-04-15;411,53;Geprueft
2016-04-16;411,55;Geprueft
2016-04-17;411,93;Geprueft
2016-04-18;412,16;Geprueft
2016-04-19;412,20;Geprueft
2016-04-20;412,19;Geprueft
2016-04-21;412,11;Geprueft
2016-04-22;411,98;Geprueft
2016-04-23;411,85;Geprueft
2016-04-24;411,74;Geprueft
2016-04-25;411,66;Geprueft
2016-04-26;411,64;Geprueft
2016-04-27;411,67;Geprueft
2016-04-28;411,75;Geprueft
2016-04-29;411,76;Geprueft
2016-04-30;411,66;Geprueft
2016-05-01;411,57;Geprueft
2016-05-02;411,49;Geprueft
2016-05-03;411,53;Geprueft
2016-05-04;411,53;Geprueft
2016-05-05;411,53;Geprueft
2016-05-06;411,52;Geprueft
2016-05-07;411,52;Geprueft
2016-05-08;411,51;Geprueft
2016-05-09;411,50;Geprueft
2016-05-10;411,50;Geprueft
2016-05-11;411,50;Geprueft
2016-05-12;411,50;Geprueft
2016-05-13;411,49;Geprueft
2016-05-14;411,49;Geprueft
2016-05-15;411,49;Geprueft
2016-05-16;411,49;Geprueft
2016-05-17;411,49;Geprueft
2016-05-18;411,49;Geprueft
2016-05-19;411,49;Geprueft
2016-05-20;411,47;Geprueft
2016-05-21;411,47;Geprueft
2016-05-22;411,47;Geprueft
2016-05-23;411,47;Geprueft
2016-05-24;411,47;Geprueft
2016-05-25;411,47;Geprueft
2016-05-26;411,47;Geprueft
2016-05-27;411,47;Geprueft
2016-05-28;411,48;Geprueft
2016-05-29;411,48;Geprueft
2016-05-30;411,58;Geprueft
2016-05-31;411,63;Geprueft
2016-06-01;411,54;Geprueft
2016-06-02;411,60;Geprueft
2016-06-03;411,72;Geprueft
2016-06-04;411,74;Geprueft
2016-06-05;411,78;Geprueft
2016-06-06;411,74;Geprueft
2016-06-07;411,65;Geprueft
2016-06-08;411,54;Geprueft
2016-06-09;411,46;Geprueft
2016-06-10;411,52;Geprueft
2016-06-11;411,51;Geprueft
2016-06-12;411,51;Geprueft
2016-06-13;411,52;Geprueft
2016-06-14;411,51;Geprueft
2016-06-15;411,51;Geprueft
2016-06-16;411,51;Geprueft
2016-06-17;411,69;Geprueft
2016-06-18;411,85;Geprueft
2016-06-19;411,87;Geprueft
2016-06-20;411,80;Geprueft
2016-06-21;411,67;Geprueft
2016-06-22;411,53;Geprueft
2016-06-23;411,52;Geprueft
2016-06-24;411,53;Geprueft
2016-06-25;411,52;Geprueft
2016-06-26;411,51;Geprueft
2016-06-27;411,49;Geprueft
2016-06-28;411,49;Geprueft
2016-06-29;411,49;Geprueft
2016-06-30;411,48;Geprueft
2016-07-01;411,48;Geprueft
2016-07-02;411,47;Geprueft
2016-07-03;411,47;Geprueft
2016-07-04;411,47;Geprueft
2016-07-05;411,47;Geprueft
2016-07-06;411,46;Geprueft
2016-07-07;411,46;Geprueft
2016-07-08;411,46;Geprueft
2016-07-09;411,44;Geprueft
2016-07-10;411,45;Geprueft
2016-07-11;411,46;Geprueft
2016-07-12;411,47;Geprueft
2016-07-13;411,47;Geprueft
2016-07-14;411,45;Geprueft
2016-07-15;411,45;Geprueft
2016-07-16;411,45;Geprueft
2016-07-17;411,45;Geprueft
2016-07-18;411,44;Geprueft
2016-07-19;411,44;Geprueft
2016-07-20;411,44;Geprueft
2016-07-21;411,46;Geprueft
2016-07-22;411,45;Geprueft
2016-07-23;411,45;Geprueft
2016-07-24;411,44;Geprueft
2016-07-25;411,44;Geprueft
2016-07-26;411,45;Geprueft
2016-07-27;411,44;Geprueft
2016-07-28;411,43;Geprueft
2016-07-29;411,43;Geprueft
2016-07-30;411,43;Geprueft
2016-07-31;411,44;Geprueft
2016-08-01;411,44;Geprueft
2016-08-02;411,44;Geprueft
2016-08-03;411,44;Geprueft
2016-08-04;411,43;Geprueft
2016-08-05;411,45;Geprueft
2016-08-06;411,45;Geprueft
2016-08-07;411,45;Geprueft
2016-08-08;411,45;Geprueft
2016-08-09;411,44;Geprueft
2016-08-10;411,45;Geprueft
2016-08-11;411,44;Geprueft
2016-08-12;411,43;Geprueft
2016-08-13;411,43;Geprueft
2016-08-14;411,42;Geprueft
2016-08-15;411,43;Geprueft
2016-08-16;411,43;Geprueft
2016-08-17;411,43;Geprueft
2016-08-18;411,43;Geprueft
2016-08-19;411,43;Geprueft
2016-08-20;411,42;Geprueft
2016-08-21;411,42;Geprueft
2016-08-22;411,42;Geprueft
2016-08-23;411,42;Geprueft
2016-08-24;411,42;Geprueft
2016-08-25;411,42;Geprueft
2016-08-26;411,41;Geprueft
2016-08-27;411,41;Geprueft
2016-08-28;411,41;Geprueft
2016-08-29;411,41;Geprueft
2016-08-30;411,41;Geprueft
2016-08-31;411,41;Geprueft
2016-09-01;411,40;Geprueft
2016-09-02;411,40;Geprueft
2016-09-03;411,40;Geprueft
2016-09-04;411,40;Geprueft
2016-09-05;411,40;Geprueft
2016-09-06;411,41;Geprueft
2016-09-07;411,41;Geprueft
2016-09-08;411,41;Geprueft
2016-09-09;411,40;Geprueft
2016-09-10;411,40;Geprueft
2016-09-11;411,40;Geprueft
2016-09-12;411,39;Geprueft
2016-09-13;411,40;Geprueft
2016-09-14;411,40;Geprueft
2016-09-15;411,40;Geprueft
2016-09-16;411,40;Geprueft
2016-09-17;411,41;Geprueft
2016-09-18;411,42;Geprueft
2016-09-19;411,43;Geprueft
2016-09-20;411,43;Geprueft
2016-09-21;411,42;Geprueft
2016-09-22;411,42;Geprueft
2016-09-23;411,42;Geprueft
2016-09-24;411,42;Geprueft
2016-09-25;411,41;Geprueft
2016-09-26;411,41;Geprueft
2016-09-27;411,40;Geprueft
2016-09-28;411,40;Geprueft
2016-09-29;411,41;Geprueft
2016-09-30;411,41;Geprueft
2016-10-01;411,41;Geprueft
2016-10-02;411,41;Geprueft
2016-10-03;411,41;Geprueft
2016-10-04;411,41;Geprueft
2016-10-05;411,41;Geprueft
2016-10-06;411,41;Geprueft
2016-10-07;411,41;Geprueft
2016-10-08;411,42;Geprueft
2016-10-09;411,42;Geprueft
2016-10-10;411,42;Geprueft
2016-10-11;411,42;Geprueft
2016-10-12;411,42;Geprueft
2016-10-13;411,42;Geprueft
2016-10-14;411,43;Geprueft
2016-10-15;411,42;Geprueft
2016-10-16;411,40;Geprueft
2016-10-17;411,41;Geprueft
2016-10-18;411,40;Geprueft
2016-10-19;411,41;Geprueft
2016-10-20;411,42;Geprueft
2016-10-21;411,44;Geprueft
2016-10-22;411,46;Geprueft
2016-10-23;411,45;Geprueft
2016-10-24;411,44;Geprueft
2016-10-25;411,44;Geprueft
2016-10-26;411,45;Geprueft
2016-10-27;411,45;Geprueft
2016-10-28;411,44;Geprueft
2016-10-29;411,44;Geprueft
2016-10-30;411,44;Geprueft
2016-10-31;411,43;Geprueft
2016-11-01;411,43;Geprueft
2016-11-02;411,43;Geprueft
2016-11-03;411,42;Geprueft
2016-11-04;411,42;Geprueft
2016-11-05;411,44;Geprueft
2016-11-06;411,44;Geprueft
2016-11-07;411,43;Geprueft
2016-11-08;411,43;Geprueft
2016-11-09;411,43;Geprueft
2016-11-10;411,43;Geprueft
2016-11-11;411,45;Geprueft
2016-11-12;411,48;Geprueft
2016-11-13;411,53;Geprueft
2016-11-14;411,56;Geprueft
2016-11-15;411,48;Geprueft
2016-11-16;411,39;Geprueft
2016-11-17;411,46;Geprueft
2016-11-18;411,49;Geprueft
2016-11-19;411,58;Geprueft
2016-11-20;411,73;Geprueft
2016-11-21;411,78;Geprueft
2016-11-22;411,76;Geprueft
2016-11-23;411,66;Geprueft
2016-11-24;411,53;Geprueft
2016-11-25;;Geprueft
2016-11-26;;Geprueft
2016-11-27;;Geprueft
2016-11-28;;Geprueft
2016-11-29;;Geprueft
2016-11-30;;Geprueft
2016-12-01;;Geprueft
2016-12-02;;Geprueft
2016-12-03;;Geprueft
2016-12-04;;Geprueft
2016-12-05;;Geprueft
2016-12-06;;Geprueft
2016-12-07;;Geprueft
2016-12-08;411,44;Geprueft
2016-12-09;411,44;Geprueft
2016-12-10;411,44;Geprueft
2016-12-11;411,44;Geprueft
2016-12-12;411,44;Geprueft
2016-12-13;411,44;Geprueft
2016-12-14;411,44;Geprueft
2016-12-15;411,44;Geprueft
2016-12-16;411,43;Geprueft
2016-12-17;411,42;Geprueft
2016-12-18;411,43;Geprueft
2016-12-19;411,43;Geprueft
2016-12-20;411,43;Geprueft
2016-12-21;411,42;Geprueft
2016-12-22;411,42;Geprueft
2016-12-23;411,42;Geprueft
2016-12-24;411,43;Geprueft
2016-12-25;411,43;Geprueft
2016-12-26;411,43;Geprueft
2016-12-27;411,42;Geprueft
2016-12-28;411,43;Geprueft
2016-12-29;411,42;Geprueft
2016-12-30;411,42;Geprueft
2016-12-31;411,43;Geprueft
2017-01-01;411,43;Geprueft
2017-01-02;411,42;Geprueft
2017-01-03;411,42;Geprueft
2017-01-04;411,43;Geprueft
2017-01-05;411,42;Geprueft
2017-01-06;411,42;Geprueft
2017-01-07;411,42;Geprueft
2017-01-08;411,41;Geprueft
2017-01-09;411,41;Geprueft
2017-01-10;411,42;Geprueft
2017-01-11;411,43;Geprueft
2017-01-12;411,44;Geprueft
2017-01-13;411,45;Geprueft
2017-01-14;411,45;Geprueft
2017-01-15;411,45;Geprueft
2017-01-16;411,43;Geprueft
2017-01-17;411,42;Geprueft
2017-01-18;411,41;Geprueft
2017-01-19;411,41;Geprueft
2017-01-20;411,40;Geprueft
2017-01-21;411,40;Geprueft
2017-01-22;411,39;Geprueft
2017-01-23;411,39;Geprueft
2017-01-24;411,38;Geprueft
2017-01-25;411,37;Geprueft
2017-01-26;411,37;Geprueft
2017-01-27;411,37;Geprueft
2017-01-28;411,37;Geprueft
2017-01-29;411,37;Geprueft
2017-01-30;411,37;Geprueft
2017-01-31;411,41;Geprueft
2017-02-01;411,44;Geprueft
2017-02-02;411,45;Geprueft
2017-02-03;411,45;Geprueft
2017-02-04;411,46;Geprueft
2017-02-05;411,46;Geprueft
2017-02-06;411,46;Geprueft
2017-02-07;411,46;Geprueft
2017-02-08;411,46;Geprueft
2017-02-09;411,45;Geprueft
2017-02-10;411,45;Geprueft
2017-02-11;411,45;Geprueft
2017-02-12;411,44;Geprueft
2017-02-13;411,44;Geprueft
2017-02-14;411,43;Geprueft
2017-02-15;411,42;Geprueft
2017-02-16;411,43;Geprueft
2017-02-17;411,43;Geprueft
2017-02-18;411,46;Geprueft
2017-02-19;411,49;Geprueft
2017-02-20;411,51;Geprueft
2017-02-21;411,53;Geprueft
2017-02-22;411,68;Geprueft
2017-02-23;411,71;Geprueft
2017-02-24;411,65;Geprueft
2017-02-25;411,56;Geprueft
2017-02-26;411,49;Geprueft
2017-02-27;411,45;Geprueft
2017-02-28;411,50;Geprueft
2017-03-01;411,50;Geprueft
2017-03-02;411,58;Geprueft
2017-03-03;411,65;Geprueft
2017-03-04;411,67;Geprueft
2017-03-05;411,61;Geprueft
2017-03-06;411,52;Geprueft
2017-03-07;411,43;Geprueft
2017-03-08;411,48;Geprueft
2017-03-09;411,55;Geprueft
2017-03-10;411,71;Geprueft
2017-03-11;411,72;Geprueft
2017-03-12;411,67;Geprueft
2017-03-13;411,63;Geprueft
2017-03-14;411,58;Geprueft
2017-03-15;411,52;Geprueft
2017-03-16;411,48;Geprueft
2017-03-17;411,51;Geprueft
2017-03-18;411,50;Geprueft
2017-03-19;411,50;Geprueft
2017-03-20;411,51;Geprueft
2017-03-21;411,54;Geprueft
2017-03-22;411,52;Geprueft
2017-03-23;411,48;Geprueft
2017-03-24;411,48;Geprueft
2017-03-25;411,48;Geprueft
2017-03-26;411,47;Geprueft
2017-03-27;411,47;Geprueft
2017-03-28;411,47;Geprueft
2017-03-29;411,47;Geprueft
2017-03-30;411,47;Geprueft
2017-03-31;411,46;Geprueft
2017-04-01;411,46;Geprueft
2017-04-02;411,45;Geprueft
2017-04-03;411,45;Geprueft
2017-04-04;411,45;Geprueft
2017-04-05;411,44;Geprueft
2017-04-06;411,44;Geprueft
2017-04-07;411,43;Geprueft
2017-04-08;411,43;Geprueft
2017-04-09;411,42;Geprueft
2017-04-10;411,42;Geprueft
2017-04-11;411,42;Geprueft
2017-04-12;411,43;Geprueft
2017-04-13;411,42;Geprueft
2017-04-14;411,42;Geprueft
2017-04-15;411,42;Geprueft
2017-04-16;411,42;Geprueft
2017-04-17;411,43;Geprueft
2017-04-18;411,43;Geprueft
2017-04-19;411,43;Geprueft
2017-04-20;411,43;Geprueft
2017-04-21;411,42;Geprueft
2017-04-22;411,42;Geprueft
2017-04-23;411,41;Geprueft
2017-04-24;411,41;Geprueft
2017-04-25;411,41;Geprueft
2017-04-26;411,43;Geprueft
2017-04-27;411,44;Geprueft
2017-04-28;411,45;Geprueft
2017-04-29;411,44;Geprueft
2017-04-30;411,44;Geprueft
2017-05-01;411,45;Geprueft
2017-05-02;411,87;Geprueft
2017-05-03;412,17;Geprueft
2017-05-04;412,06;Geprueft
2017-05-05;411,96;Geprueft
2017-05-06;411,87;Geprueft
2017-05-07;411,78;Geprueft
2017-05-08;411,68;Geprueft
2017-05-09;411,58;Geprueft
2017-05-10;411,58;Geprueft
2017-05-11;411,54;Geprueft
2017-05-12;411,47;Geprueft
2017-05-13;411,41;Geprueft
2017-05-14;411,36;Geprueft
2017-05-15;411,30;Geprueft
2017-05-16;411,28;Geprueft
2017-05-17;411,27;Geprueft
2017-05-18;411,24;Geprueft
2017-05-19;411,24;Geprueft
2017-05-20;411,31;Geprueft
2017-05-21;411,33;Geprueft
2017-05-22;411,34;Geprueft
2017-05-23;411,34;Geprueft
2017-05-24;411,35;Geprueft
2017-05-25;411,34;Geprueft
2017-05-26;411,35;Geprueft
2017-05-27;411,36;Geprueft
2017-05-28;411,36;Geprueft
2017-05-29;411,35;Geprueft
2017-05-30;411,34;Geprueft
2017-05-31;411,35;Geprueft
2017-06-01;411,37;Geprueft
2017-06-02;411,39;Geprueft
2017-06-03;411,41;Geprueft
2017-06-04;411,43;Geprueft
2017-06-05;411,44;Geprueft
2017-06-06;411,45;Geprueft
2017-06-07;411,45;Geprueft
2017-06-08;411,44;Geprueft
2017-06-09;411,44;Geprueft
2017-06-10;411,43;Geprueft
2017-06-11;411,43;Geprueft
2017-06-12;411,42;Geprueft
2017-06-13;411,42;Geprueft
2017-06-14;411,41;Geprueft
2017-06-15;411,41;Geprueft
2017-06-16;411,40;Geprueft
2017-06-17;411,40;Geprueft
2017-06-18;411,40;Geprueft
2017-06-19;411,40;Geprueft
2017-06-20;411,40;Geprueft
2017-06-21;411,40;Geprueft
2017-06-22;411,40;Geprueft
2017-06-23;411,39;Geprueft
2017-06-24;411,38;Geprueft
2017-06-25;411,38;Geprueft
2017-06-26;411,39;Geprueft
2017-06-27;411,39;Geprueft
2017-06-28;411,40;Geprueft
2017-06-29;411,59;Geprueft
2017-06-30;411,60;Geprueft
2017-07-01;411,50;Geprueft
2017-07-02;411,45;Geprueft
2017-07-03;411,47;Geprueft
2017-07-04;411,46;Geprueft
2017-07-05;411,45;Geprueft
2017-07-06;411,44;Geprueft
2017-07-07;411,43;Geprueft
2017-07-08;411,43;Geprueft
2017-07-09;411,42;Geprueft
2017-07-10;411,43;Geprueft
2017-07-11;411,44;Geprueft
2017-07-12;411,44;Geprueft
2017-07-13;411,43;Geprueft
2017-07-14;411,44;Geprueft
2017-07-15;411,44;Geprueft
2017-07-16;411,44;Geprueft
2017-07-17;411,43;Geprueft
2017-07-18;411,44;Geprueft
2017-07-19;411,44;Geprueft
2017-07-20;411,43;Geprueft
2017-07-21;411,44;Geprueft
2017-07-22;411,43;Geprueft
2017-07-23;411,43;Geprueft
2017-07-24;411,43;Geprueft
2017-07-25;411,43;Geprueft
2017-07-26;411,54;Geprueft
2017-07-27;411,61;Geprueft
2017-07-28;411,54;Geprueft
2017-07-29;411,52;Geprueft
2017-07-30;411,53;Geprueft
2017-07-31;411,55;Geprueft
2017-08-01;411,48;Geprueft
2017-08-02;411,44;Geprueft
2017-08-03;411,49;Geprueft
2017-08-04;411,48;Geprueft
2017-08-05;411,48;Geprueft
2017-08-06;411,47;Geprueft
2017-08-07;411,46;Geprueft
2017-08-08;411,46;Geprueft
2017-08-09;411,45;Geprueft
2017-08-10;411,45;Geprueft
2017-08-11;;Geprueft
2017-08-12;;Geprueft
2017-08-13;;Geprueft
2017-08-14;;Geprueft
2017-08-15;;Geprueft
2017-08-16;;Geprueft
2017-08-17;;Geprueft
2017-08-18;;Geprueft
2017-08-19;;Geprueft
2017-08-20;;Geprueft
2017-08-21;;Geprueft
2017-08-22;;Geprueft
2017-08-23;;Geprueft
2017-08-24;;Geprueft
2017-08-25;;Geprueft
2017-08-26;;Geprueft
2017-08-27;;Geprueft
2017-08-28;;Geprueft
2017-08-29;;Geprueft
2017-08-30;;Geprueft
2017-08-31;;Geprueft
2017-09-01;;Geprueft
2017-09-02;;Geprueft
2017-09-03;;Geprueft
2017-09-04;;Geprueft
2017-09-05;;Geprueft
2017-09-06;;Geprueft
2017-09-07;;Geprueft
2017-09-08;;Geprueft
2017-09-09;;Geprueft
2017-09-10;;Geprueft
2017-09-11;;Geprueft
2017-09-12;;Geprueft
2017-09-13;;Geprueft
2017-09-14;;Geprueft
2017-09-15;411,45;Geprueft
2017-09-16;411,45;Geprueft
2017-09-17;411,45;Geprueft
2017-09-18;411,44;Geprueft
2017-09-19;411,45;Geprueft
2017-09-20;411,45;Geprueft
2017-09-21;411,44;Geprueft
2017-09-22;411,44;Geprueft
2017-09-23;411,45;Geprueft
2017-09-24;411,44;Geprueft
2017-09-25;411,44;Geprueft
2017-09-26;411,44;Geprueft
2017-09-27;411,44;Geprueft
2017-09-28;411,43;Geprueft
2017-09-29;411,43;Geprueft
2017-09-30;411,44;Geprueft
2017-10-01;411,47;Geprueft
2017-10-02;411,47;Geprueft
2017-10-03;411,51;Geprueft
2017-10-04;411,58;Geprueft
2017-10-05;411,76;Geprueft
2017-10-06;411,66;Geprueft
2017-10-07;411,47;Geprueft
2017-10-08;411,43;Geprueft
2017-10-09;411,54;Geprueft
2017-10-10;411,54;Geprueft
2017-10-11;411,61;Geprueft
2017-10-12;411,65;Geprueft
2017-10-13;411,61;Geprueft
2017-10-14;411,56;Geprueft
2017-10-15;411,50;Geprueft
2017-10-16;411,45;Geprueft
2017-10-17;411,50;Geprueft
2017-10-18;411,50;Geprueft
2017-10-19;411,49;Geprueft
2017-10-20;411,49;Geprueft
2017-10-21;411,49;Geprueft
2017-10-22;411,52;Geprueft
2017-10-23;411,51;Geprueft
2017-10-24;411,50;Geprueft
2017-10-25;411,49;Geprueft
2017-10-26;411,48;Geprueft
2017-10-27;411,49;Geprueft
2017-10-28;411,48;Geprueft
2017-10-29;411,50;Geprueft
2017-10-30;411,49;Geprueft
2017-10-31;411,50;Geprueft
2017-11-01;411,50;Geprueft
2017-11-02;411,50;Geprueft
2017-11-03;411,49;Geprueft
2017-11-04;411,49;Geprueft
2017-11-05;411,49;Geprueft
2017-11-06;411,49;Geprueft
2017-11-07;411,49;Geprueft
2017-11-08;411,48;Geprueft
2017-11-09;411,48;Geprueft
2017-11-10;411,48;Geprueft
2017-11-11;411,49;Geprueft
2017-11-12;411,54;Geprueft
2017-11-13;411,64;Geprueft
2017-11-14;411,55;Geprueft
2017-11-15;411,52;Geprueft
2017-11-16;411,54;Geprueft
2017-11-17;411,54;Geprueft
2017-11-18;411,56;Geprueft
2017-11-19;411,54;Geprueft
2017-11-20;411,50;Geprueft
2017-11-21;411,46;Geprueft
2017-11-22;411,53;Geprueft
2017-11-23;411,60;Geprueft
2017-11-24;411,64;Geprueft
2017-11-25;411,77;Geprueft
2017-11-26;411,92;Geprueft
2017-11-27;411,76;Geprueft
2017-11-28;411,67;Geprueft
2017-11-29;411,66;Geprueft
2017-11-30;411,61;Geprueft
2017-12-01;411,56;Geprueft
2017-12-02;411,55;Geprueft
2017-12-03;411,58;Geprueft
2017-12-04;411,59;Geprueft
2017-12-05;411,52;Geprueft
2017-12-06;411,55;Geprueft
2017-12-07;411,58;Geprueft
2017-12-08;411,58;Geprueft
2017-12-09;411,55;Geprueft
2017-12-10;411,51;Geprueft
2017-12-11;411,65;Geprueft
2017-12-12;411,85;Geprueft
2017-12-13;411,77;Geprueft
2017-12-14;411,79;Geprueft
2017-12-15;411,84;Geprueft
2017-12-16;411,79;Geprueft
2017-12-17;411,69;Geprueft
2017-12-18;411,64;Geprueft
2017-12-19;411,61;Geprueft
2017-12-20;411,59;Geprueft
2017-12-21;411,64;Geprueft
2017-12-22;411,85;Geprueft
2017-12-23;412,01;Geprueft
2017-12-24;412,09;Geprueft
2017-12-25;412,13;Geprueft
2017-12-26;412,13;Geprueft
2017-12-27;412,09;Geprueft
2017-12-28;412,06;Geprueft
2017-12-29;412,08;Geprueft
2017-12-30;412,11;Geprueft
2017-12-31;412,47;Geprueft
2018-01-01;412,70;Geprueft
2018-01-02;412,77;Geprueft
2018-01-03;412,71;Geprueft
2018-01-04;412,66;Geprueft
2018-01-05;412,81;Geprueft
2018-01-06;412,88;Geprueft
2018-01-07;412,78;Geprueft
2018-01-08;412,61;Geprueft
2018-01-09;412,54;Geprueft
2018-01-10;412,46;Geprueft
2018-01-11;412,43;Geprueft
2018-01-12;412,39;Geprueft
2018-01-13;412,35;Geprueft
2018-01-14;412,30;Geprueft
2018-01-15;412,25;Geprueft
2018-01-16;412,32;Geprueft
2018-01-17;412,42;Geprueft
2018-01-18;412,45;Geprueft
2018-01-19;412,54;Geprueft
2018-01-20;412,55;Geprueft
2018-01-21;412,60;Geprueft
2018-01-22;412,65;Geprueft
2018-01-23;412,67;Geprueft
2018-01-24;412,68;Geprueft
2018-01-25;412,67;Geprueft
2018-01-26;412,60;Geprueft
2018-01-27;412,54;Geprueft
2018-01-28;412,52;Geprueft
2018-01-29;412,50;Geprueft
2018-01-30;412,46;Geprueft
2018-01-31;412,42;Geprueft
2018-02-01;412,40;Geprueft
2018-02-02;412,39;Geprueft
2018-02-03;412,39;Geprueft
2018-02-04;412,37;Geprueft
2018-02-05;412,32;Geprueft
2018-02-06;412,28;Geprueft
2018-02-07;412,22;Geprueft
2018-02-08;412,16;Geprueft
2018-02-09;412,10;Geprueft
2018-02-10;412,03;Geprueft
2018-02-11;411,97;Geprueft
2018-02-12;411,90;Geprueft
2018-02-13;411,87;Geprueft
2018-02-14;411,85;Geprueft
2018-02-15;411,81;Geprueft
2018-02-16;411,81;Geprueft
2018-02-17;411,88;Geprueft
2018-02-18;411,97;Geprueft
2018-02-19;412,02;Geprueft
2018-02-20;412,00;Geprueft
2018-02-21;411,93;Geprueft
2018-02-22;411,86;Geprueft
2018-02-23;411,79;Geprueft
2018-02-24;411,73;Geprueft
2018-02-25;411,66;Geprueft
2018-02-26;411,59;Geprueft
2018-02-27;411,53;Geprueft
2018-02-28;411,49;Geprueft
2018-03-01;411,46;Geprueft
2018-03-02;411,42;Geprueft
2018-03-03;411,38;Geprueft
2018-03-04;411,38;Geprueft
2018-03-05;411,41;Geprueft
2018-03-06;411,42;Geprueft
2018-03-07;411,41;Geprueft
2018-03-08;411,43;Geprueft
2018-03-09;411,46;Geprueft
2018-03-10;411,51;Geprueft
2018-03-11;411,56;Geprueft
2018-03-12;411,63;Geprueft
2018-03-13;411,56;Geprueft
2018-03-14;411,70;Geprueft
2018-03-15;411,73;Geprueft
2018-03-16;411,73;Geprueft
2018-03-17;411,69;Geprueft
2018-03-18;411,55;Geprueft
2018-03-19;411,54;Geprueft
2018-03-20;411,54;Geprueft
2018-03-21;411,54;Geprueft
2018-03-22;411,55;Geprueft
2018-03-23;411,59;Geprueft
2018-03-24;411,68;Geprueft
2018-03-25;411,84;Geprueft
2018-03-26;411,86;Geprueft
2018-03-27;411,88;Geprueft
2018-03-28;411,90;Geprueft
2018-03-29;412,04;Geprueft
2018-03-30;412,08;Geprueft
2018-03-31;412,09;Geprueft
2018-04-01;412,06;Geprueft
2018-04-02;412,03;Geprueft
2018-04-03;411,99;Geprueft
2018-04-04;411,94;Geprueft
2018-04-05;411,85;Geprueft
2018-04-06;411,75;Geprueft
2018-04-07;411,67;Geprueft
2018-04-08;411,59;Geprueft
2018-04-09;411,55;Geprueft
2018-04-10;411,55;Geprueft
2018-04-11;411,54;Geprueft
2018-04-12;411,54;Geprueft
2018-04-13;411,52;Geprueft
2018-04-14;411,51;Geprueft
2018-04-15;411,52;Geprueft
2018-04-16;411,51;Geprueft
2018-04-17;411,49;Geprueft
2018-04-18;411,49;Geprueft
2018-04-19;411,49;Geprueft
2018-04-20;411,50;Geprueft
2018-04-21;411,49;Geprueft
2018-04-22;411,49;Geprueft
2018-04-23;411,48;Geprueft
2018-04-24;411,48;Geprueft
2018-04-25;411,48;Geprueft
2018-04-26;411,47;Geprueft
2018-04-27;411,47;Geprueft
2018-04-28;411,48;Geprueft
2018-04-29;411,48;Geprueft
2018-04-30;411,47;Geprueft
2018-05-01;411,47;Geprueft
2018-05-02;411,46;Geprueft
2018-05-03;411,46;Geprueft
2018-05-04;411,45;Geprueft
2018-05-05;411,45;Geprueft
2018-05-06;411,44;Geprueft
2018-05-07;411,44;Geprueft
2018-05-08;411,44;Geprueft
2018-05-09;411,43;Geprueft
2018-05-10;411,43;Geprueft
2018-05-11;411,45;Geprueft
2018-05-12;411,44;Geprueft
2018-05-13;411,45;Geprueft
2018-05-14;411,52;Geprueft
2018-05-15;411,60;Geprueft
2018-05-16;411,63;Geprueft
2018-05-17;411,85;Geprueft
2018-05-18;411,93;Geprueft
2018-05-19;411,99;Geprueft
2018-05-20;411,96;Geprueft
2018-05-21;411,82;Geprueft
2018-05-22;411,61;Geprueft
2018-05-23;411,46;Geprueft
2018-05-24;411,53;Geprueft
2018-05-25;411,52;Geprueft
2018-05-26;411,50;Geprueft
2018-05-27;411,49;Geprueft
2018-05-28;411,48;Geprueft
2018-05-29;411,48;Geprueft
2018-05-30;411,47;Geprueft
2018-05-31;411,47;Geprueft
2018-06-01;411,50;Geprueft
2018-06-02;411,49;Geprueft
2018-06-03;411,48;Geprueft
2018-06-04;411,47;Geprueft
2018-06-05;411,46;Geprueft
2018-06-06;411,45;Geprueft
2018-06-07;411,46;Geprueft
2018-06-08;411,45;Geprueft
2018-06-09;411,45;Geprueft
2018-06-10;411,45;Geprueft
2018-06-11;411,47;Geprueft
2018-06-12;411,69;Geprueft
2018-06-13;411,81;Geprueft
2018-06-14;411,79;Geprueft
2018-06-15;411,72;Geprueft
2018-06-16;411,61;Geprueft
2018-06-17;411,44;Geprueft
2018-06-18;411,38;Geprueft
2018-06-19;411,45;Geprueft
2018-06-20;411,44;Geprueft
2018-06-21;411,42;Geprueft
2018-06-22;411,41;Geprueft
2018-06-23;411,41;Geprueft
2018-06-24;411,41;Geprueft
2018-06-25;411,40;Geprueft
2018-06-26;411,39;Geprueft
2018-06-27;411,40;Geprueft
2018-06-28;411,38;Geprueft
2018-06-29;411,41;Geprueft
2018-06-30;411,40;Geprueft
2018-07-01;411,39;Geprueft
2018-07-02;411,30;Geprueft
2018-07-03;411,24;Geprueft
2018-07-04;411,36;Geprueft
2018-07-05;411,39;Geprueft
2018-07-06;411,50;Geprueft
2018-07-07;411,47;Geprueft
2018-07-08;411,44;Geprueft
2018-07-09;411,42;Geprueft
2018-07-10;411,42;Geprueft
2018-07-11;411,40;Geprueft
2018-07-12;411,40;Geprueft
2018-07-13;411,39;Geprueft
2018-07-14;411,39;Geprueft
2018-07-15;411,40;Geprueft
2018-07-16;411,40;Geprueft
2018-07-17;411,40;Geprueft
2018-07-18;411,40;Geprueft
2018-07-19;411,39;Geprueft
2018-07-20;411,38;Geprueft
2018-07-21;411,41;Geprueft
2018-07-22;411,43;Geprueft
2018-07-23;411,46;Geprueft
2018-07-24;411,42;Geprueft
2018-07-25;411,41;Geprueft
2018-07-26;411,41;Geprueft
2018-07-27;411,40;Geprueft
2018-07-28;411,41;Geprueft
2018-07-29;411,40;Geprueft
2018-07-30;411,40;Geprueft
2018-07-31;411,39;Geprueft
2018-08-01;411,38;Geprueft
2018-08-02;411,39;Geprueft
2018-08-03;411,39;Geprueft
2018-08-04;411,40;Geprueft
2018-08-05;411,39;Geprueft
2018-08-06;411,40;Geprueft
2018-08-07;411,39;Geprueft
2018-08-08;411,39;Geprueft
2018-08-09;411,38;Geprueft
2018-08-10;411,38;Geprueft
2018-08-11;411,38;Geprueft
2018-08-12;411,39;Geprueft
2018-08-13;411,39;Geprueft
2018-08-14;411,38;Geprueft
2018-08-15;411,38;Geprueft
2018-08-16;411,39;Geprueft
2018-08-17;411,38;Geprueft
2018-08-18;411,38;Geprueft
2018-08-19;411,38;Geprueft
2018-08-20;411,38;Geprueft
2018-08-21;411,37;Geprueft
2018-08-22;411,37;Geprueft
2018-08-23;411,38;Geprueft
2018-08-24;411,38;Geprueft
2018-08-25;411,38;Geprueft
2018-08-26;411,38;Geprueft
2018-08-27;411,35;Geprueft
2018-08-28;411,28;Geprueft
2018-08-29;411,26;Geprueft
2018-08-30;411,24;Geprueft
2018-08-31;411,24;Geprueft
2018-09-01;411,24;Geprueft
2018-09-02;411,25;Geprueft
2018-09-03;411,24;Geprueft
2018-09-04;411,24;Geprueft
2018-09-05;411,25;Geprueft
2018-09-06;411,24;Geprueft
2018-09-07;411,23;Geprueft
2018-09-08;411,23;Geprueft
2018-09-09;411,24;Geprueft
2018-09-10;411,23;Geprueft
2018-09-11;411,21;Geprueft
2018-09-12;411,21;Geprueft
2018-09-13;411,21;Geprueft
2018-09-14;411,22;Geprueft
2018-09-15;411,21;Geprueft
2018-09-16;411,21;Geprueft
2018-09-17;411,20;Geprueft
2018-09-18;411,19;Geprueft
2018-09-19;411,19;Geprueft
2018-09-20;411,21;Geprueft
2018-09-21;411,20;Geprueft
2018-09-22;411,19;Geprueft
2018-09-23;411,21;Geprueft
2018-09-24;411,20;Geprueft
2018-09-25;411,24;Geprueft
2018-09-26;411,27;Geprueft
2018-09-27;411,26;Geprueft
2018-09-28;411,25;Geprueft
2018-09-29;411,25;Geprueft
2018-09-30;411,26;Geprueft
2018-10-01;411,26;Geprueft
2018-10-02;411,27;Geprueft
2018-10-03;411,26;Geprueft
2018-10-04;411,27;Geprueft
2018-10-05;411,28;Geprueft
2018-10-06;411,28;Geprueft
2018-10-07;411,29;Geprueft
2018-10-08;411,27;Geprueft
2018-10-09;411,26;Geprueft
2018-10-10;411,26;Geprueft
2018-10-11;411,22;Geprueft
2018-10-12;411,20;Geprueft
2018-10-13;411,20;Geprueft
2018-10-14;411,20;Geprueft
2018-10-15;411,20;Geprueft
2018-10-16;411,21;Geprueft
2018-10-17;411,17;Geprueft
2018-10-18;411,05;Geprueft
2018-10-19;411,00;Geprueft
2018-10-20;410,97;Geprueft
2018-10-21;410,95;Geprueft
2018-10-22;410,93;Geprueft
2018-10-23;410,92;Geprueft
2018-10-24;410,90;Geprueft
2018-10-25;410,93;Geprueft
2018-10-26;410,97;Geprueft
2018-10-27;410,98;Geprueft
2018-10-28;411,06;Geprueft
2018-10-29;411,05;Geprueft
2018-10-30;410,92;Geprueft
2018-10-31;410,67;Geprueft
2018-11-01;410,01;Geprueft
2018-11-02;409,91;Geprueft
2018-11-03;409,91;Geprueft
2018-11-04;409,91;Geprueft
2018-11-05;409,90;Geprueft
2018-11-06;409,88;Geprueft
2018-11-07;409,86;Geprueft
2018-11-08;409,83;Geprueft
2018-11-09;409,81;Geprueft
2018-11-10;409,83;Geprueft
2018-11-11;409,83;Geprueft
2018-11-12;409,83;Geprueft
2018-11-13;409,80;Geprueft
2018-11-14;409,83;Geprueft
2018-11-15;409,86;Geprueft
2018-11-16;409,71;Geprueft
2018-11-17;409,65;Geprueft
2018-11-18;409,63;Geprueft
2018-11-19;409,94;Geprueft
2018-11-20;409,96;Geprueft
2018-11-21;409,82;Geprueft
2018-11-22;409,79;Geprueft
2018-11-23;409,90;Geprueft
2018-11-24;409,96;Geprueft
2018-11-25;409,98;Geprueft
2018-11-26;409,88;Geprueft
2018-11-27;409,86;Geprueft
2018-11-28;409,97;Geprueft
2018-11-29;410,08;Geprueft
2018-11-30;410,19;Geprueft
2018-12-01;410,16;Geprueft
2018-12-02;410,15;Geprueft
2018-12-03;410,26;Geprueft
2018-12-04;410,88;Geprueft
2018-12-05;411,09;Geprueft
2018-12-06;410,90;Geprueft
2018-12-07;410,79;Geprueft
2018-12-08;410,68;Geprueft
2018-12-09;410,67;Geprueft
2018-12-10;410,78;Geprueft
2018-12-11;410,84;Geprueft
2018-12-12;410,80;Geprueft
2018-12-13;410,88;Geprueft
2018-12-14;410,90;Geprueft
2018-12-15;410,87;Geprueft
2018-12-16;410,91;Geprueft
2018-12-17;410,84;Geprueft
2018-12-18;410,81;Geprueft
2018-12-19;410,84;Geprueft
2018-12-20;410,96;Geprueft
2018-12-21;411,08;Geprueft
2018-12-22;411,23;Geprueft
2018-12-23;411,55;Geprueft
2018-12-24;411,77;Geprueft
2018-12-25;411,82;Geprueft
2018-12-26;411,73;Geprueft
2018-12-27;411,64;Geprueft
2018-12-28;411,54;Geprueft
2018-12-29;411,44;Geprueft
2018-12-30;411,37;Geprueft
2018-12-31;411,33;Geprueft
2019-01-01;411,32;Geprueft
2019-01-02;411,28;Geprueft
2019-01-03;411,26;Geprueft
2019-01-04;411,25;Geprueft
2019-01-05;411,24;Geprueft
2019-01-06;411,41;Geprueft
2019-01-07;411,67;Geprueft
2019-01-08;411,62;Geprueft
2019-01-09;411,60;Geprueft
2019-01-10;411,54;Geprueft
2019-01-11;411,47;Geprueft
2019-01-12;411,42;Geprueft
2019-01-13;411,56;Geprueft
2019-01-14;411,80;Geprueft
2019-01-15;411,75;Geprueft
2019-01-16;411,66;Geprueft
2019-01-17;411,50;Geprueft
2019-01-18;411,49;Geprueft
2019-01-19;411,48;Geprueft
2019-01-20;411,42;Geprueft
2019-01-21;411,36;Geprueft
2019-01-22;411,27;Geprueft
2019-01-23;411,21;Geprueft
2019-01-24;411,11;Geprueft
2019-01-25;411,05;Geprueft
2019-01-26;411,03;Geprueft
2019-01-27;411,08;Geprueft
2019-01-28;411,08;Geprueft
2019-01-29;411,11;Geprueft
2019-01-30;411,05;Geprueft
2019-01-31;410,81;Geprueft
2019-02-01;411,09;Geprueft
2019-02-02;411,15;Geprueft
2019-02-03;411,19;Geprueft
2019-02-04;410,95;Geprueft
2019-02-05;410,60;Geprueft
2019-02-06;410,55;Geprueft
2019-02-07;410,64;Geprueft
2019-02-08;410,77;Geprueft
2019-02-09;410,78;Geprueft
2019-02-10;410,83;Geprueft
2019-02-11;410,87;Geprueft
2019-02-12;410,88;Geprueft
2019-02-13;410,85;Geprueft
2019-02-14;410,82;Geprueft
2019-02-15;410,78;Geprueft
2019-02-16;410,79;Geprueft
2019-02-17;410,80;Geprueft
2019-02-18;410,81;Geprueft
2019-02-19;410,78;Geprueft
2019-02-20;410,79;Geprueft
2019-02-21;410,86;Geprueft
2019-02-22;410,85;Geprueft
2019-02-23;410,83;Geprueft
2019-02-24;410,79;Geprueft
2019-02-25;410,76;Geprueft
2019-02-26;410,78;Geprueft
2019-02-27;410,87;Geprueft
2019-02-28;410,75;Geprueft
2019-03-01;410,73;Geprueft
2019-03-02;410,72;Geprueft
2019-03-03;410,73;Geprueft
2019-03-04;410,79;Geprueft
2019-03-05;410,96;Geprueft
2019-03-06;411,03;Geprueft
2019-03-07;411,05;Geprueft
2019-03-08;411,01;Geprueft
2019-03-09;411,04;Geprueft
2019-03-10;411,06;Geprueft
2019-03-11;411,06;Geprueft
2019-03-12;411,05;Geprueft
2019-03-13;411,01;Geprueft
2019-03-14;411,04;Geprueft
2019-03-15;411,13;Geprueft
2019-03-16;411,29;Geprueft
2019-03-17;411,34;Geprueft
2019-03-18;411,32;Geprueft
2019-03-19;411,27;Geprueft
2019-03-20;411,23;Geprueft
2019-03-21;411,17;Geprueft
2019-03-22;411,13;Geprueft
2019-03-23;411,11;Geprueft
2019-03-24;411,07;Geprueft
2019-03-25;411,05;Geprueft
2019-03-26;411,07;Geprueft
2019-03-27;411,05;Geprueft
2019-03-28;411,10;Geprueft
2019-03-29;411,17;Geprueft
2019-03-30;411,20;Geprueft
2019-03-31;411,20;Geprueft
2019-04-01;411,20;Geprueft
2019-04-02;411,24;Geprueft
2019-04-03;411,26;Geprueft
2019-04-04;411,27;Geprueft
2019-04-05;411,26;Geprueft
2019-04-06;411,26;Geprueft
2019-04-07;411,26;Geprueft
2019-04-08;411,25;Geprueft
2019-04-09;411,26;Geprueft
2019-04-10;411,27;Geprueft
2019-04-11;411,27;Geprueft
2019-04-12;411,27;Geprueft
2019-04-13;411,27;Geprueft
2019-04-14;411,26;Geprueft
2019-04-15;411,26;Geprueft
2019-04-16;411,26;Geprueft
2019-04-17;411,25;Geprueft
2019-04-18;411,25;Geprueft
2019-04-19;411,24;Geprueft
2019-04-20;411,25;Geprueft
2019-04-21;411,27;Geprueft
2019-04-22;411,28;Geprueft
2019-04-23;411,27;Geprueft
2019-04-24;411,25;Geprueft
2019-04-25;411,25;Geprueft
2019-04-26;411,23;Geprueft
2019-04-27;411,30;Geprueft
2019-04-28;411,34;Geprueft
2019-04-29;411,36;Geprueft
2019-04-30;411,38;Geprueft
2019-05-01;411,39;Geprueft
2019-05-02;411,40;Geprueft
2019-05-03;411,38;Geprueft
2019-05-04;411,38;Geprueft
2019-05-05;411,36;Geprueft
2019-05-06;411,36;Geprueft
2019-05-07;411,35;Geprueft
2019-05-08;411,36;Geprueft
2019-05-09;411,36;Geprueft
2019-05-10;411,34;Geprueft
2019-05-11;411,35;Geprueft
2019-05-12;411,32;Geprueft
2019-05-13;411,33;Geprueft
2019-05-14;411,35;Geprueft
2019-05-15;411,35;Geprueft
2019-05-16;411,35;Geprueft
2019-05-17;411,35;Geprueft
2019-05-18;411,35;Geprueft
2019-05-19;411,35;Geprueft
2019-05-20;411,35;Geprueft
2019-05-21;411,61;Geprueft
2019-05-22;411,84;Geprueft
2019-05-23;411,63;Geprueft
2019-05-24;411,26;Geprueft
2019-05-25;411,27;Geprueft
2019-05-26;411,29;Geprueft
2019-05-27;411,28;Geprueft
2019-05-28;411,23;Geprueft
2019-05-29;411,12;Geprueft
2019-05-30;411,02;Geprueft
2019-05-31;411,01;Geprueft
2019-06-01;411,04;Geprueft
2019-06-02;411,04;Geprueft
2019-06-03;411,03;Geprueft
2019-06-04;411,03;Geprueft
2019-06-05;411,06;Geprueft
2019-06-06;411,05;Geprueft
2019-06-07;411,07;Geprueft
2019-06-08;411,05;Geprueft
2019-06-09;411,07;Geprueft
2019-06-10;411,08;Geprueft
2019-06-11;411,05;Geprueft
2019-06-12;410,88;Geprueft
2019-06-13;410,73;Geprueft
2019-06-14;411,00;Geprueft
2019-06-15;411,05;Geprueft
2019-06-16;411,08;Geprueft
2019-06-17;411,16;Geprueft
2019-06-18;411,34;Geprueft
2019-06-19;411,37;Geprueft
2019-06-20;411,42;Geprueft
2019-06-21;411,45;Geprueft
2019-06-22;411,45;Geprueft
2019-06-23;411,45;Geprueft
2019-06-24;411,44;Geprueft
2019-06-25;411,44;Geprueft
2019-06-26;411,42;Geprueft
2019-06-27;411,42;Geprueft
2019-06-28;411,41;Geprueft
2019-06-29;411,40;Geprueft
2019-06-30;411,40;Geprueft
2019-07-01;411,33;Geprueft
2019-07-02;411,23;Geprueft
2019-07-03;411,25;Geprueft
2019-07-04;411,30;Geprueft
2019-07-05;411,33;Geprueft
2019-07-06;411,36;Geprueft
2019-07-07;411,36;Geprueft
2019-07-08;411,36;Geprueft
2019-07-09;411,34;Geprueft
2019-07-10;411,32;Geprueft
2019-07-11;411,32;Geprueft
2019-07-12;411,33;Geprueft
2019-07-13;411,34;Geprueft
2019-07-14;411,37;Geprueft
2019-07-15;411,36;Geprueft
2019-07-16;411,37;Geprueft
2019-07-17;411,38;Geprueft
2019-07-18;411,38;Geprueft
2019-07-19;411,38;Geprueft
2019-07-20;411,38;Geprueft
2019-07-21;411,37;Geprueft
2019-07-22;411,37;Geprueft
2019-07-23;411,37;Geprueft
2019-07-24;411,38;Geprueft
2019-07-25;411,24;Geprueft
2019-07-26;411,06;Geprueft
2019-07-27;411,05;Geprueft
2019-07-28;411,10;Geprueft
2019-07-29;411,12;Geprueft
2019-07-30;411,09;Geprueft
2019-07-31;411,09;Geprueft
2019-08-01;411,10;Geprueft
2019-08-02;411,20;Geprueft
2019-08-03;411,36;Geprueft
2019-08-04;411,39;Geprueft
2019-08-05;411,39;Geprueft
2019-08-06;411,40;Geprueft
2019-08-07;411,49;Geprueft
2019-08-08;411,62;Geprueft
2019-08-09;411,58;Geprueft
2019-08-10;411,57;Geprueft
2019-08-11;411,53;Geprueft
2019-08-12;411,51;Geprueft
2019-08-13;411,50;Geprueft
2019-08-14;411,50;Geprueft
2019-08-15;411,48;Geprueft
2019-08-16;411,47;Geprueft
2019-08-17;411,47;Geprueft
2019-08-18;411,46;Geprueft
2019-08-19;411,46;Geprueft
2019-08-20;411,46;Geprueft
2019-08-21;411,46;Geprueft
2019-08-22;411,46;Geprueft
2019-08-23;411,46;Geprueft
2019-08-24;411,46;Geprueft
2019-08-25;411,45;Geprueft
2019-08-26;411,40;Geprueft
2019-08-27;411,12;Geprueft
2019-08-28;411,07;Geprueft
2019-08-29;411,05;Geprueft
2019-08-30;411,05;Geprueft
2019-08-31;411,05;Geprueft
2019-09-01;411,04;Geprueft
2019-09-02;411,03;Geprueft
2019-09-03;411,03;Geprueft
2019-09-04;411,03;Geprueft
2019-09-05;411,02;Geprueft
2019-09-06;411,04;Geprueft
2019-09-07;411,05;Geprueft
2019-09-08;411,05;Geprueft
2019-09-09;411,05;Geprueft
2019-09-10;411,04;Geprueft
2019-09-11;411,04;Geprueft
2019-09-12;411,10;Geprueft
2019-09-13;411,27;Geprueft
2019-09-14;411,31;Geprueft
2019-09-15;411,33;Geprueft
2019-09-16;411,34;Geprueft
2019-09-17;411,34;Geprueft
2019-09-18;411,33;Geprueft
2019-09-19;411,33;Geprueft
2019-09-20;411,33;Geprueft
2019-09-21;411,34;Geprueft
2019-09-22;411,34;Geprueft
2019-09-23;411,33;Geprueft
2019-09-24;411,37;Geprueft
2019-09-25;411,37;Geprueft
2019-09-26;411,38;Geprueft
2019-09-27;411,38;Geprueft
2019-09-28;411,39;Geprueft
2019-09-29;411,42;Geprueft
2019-09-30;411,38;Geprueft
2019-10-01;411,40;Geprueft
2019-10-02;411,38;Geprueft
2019-10-03;411,38;Geprueft
2019-10-04;411,40;Geprueft
2019-10-05;411,40;Geprueft
2019-10-06;411,43;Geprueft
2019-10-07;411,44;Geprueft
2019-10-08;411,46;Geprueft
2019-10-09;411,51;Geprueft
2019-10-10;411,47;Geprueft
2019-10-11;411,46;Geprueft
2019-10-12;411,47;Geprueft
2019-10-13;411,45;Geprueft
2019-10-14;411,39;Geprueft
2019-10-15;411,36;Geprueft
2019-10-16;411,39;Geprueft
2019-10-17;411,40;Geprueft
2019-10-18;411,38;Geprueft
2019-10-19;411,38;Geprueft
2019-10-20;411,40;Geprueft
2019-10-21;411,38;Geprueft
2019-10-22;411,39;Geprueft
2019-10-23;411,38;Geprueft
2019-10-24;411,34;Geprueft
2019-10-25;411,32;Geprueft
2019-10-26;411,33;Geprueft
2019-10-27;411,34;Geprueft
2019-10-28;411,34;Geprueft
2019-10-29;411,33;Geprueft
2019-10-30;411,32;Geprueft
2019-10-31;411,32;Geprueft
2019-11-01;411,34;Geprueft
2019-11-02;411,36;Geprueft
2019-11-03;411,37;Geprueft
2019-11-04;411,39;Geprueft
2019-11-05;411,40;Geprueft
2019-11-06;411,40;Geprueft
2019-11-07;411,40;Geprueft
2019-11-08;411,42;Geprueft
2019-11-09;411,41;Geprueft
2019-11-10;411,41;Geprueft
2019-11-11;411,42;Geprueft
2019-11-12;411,42;Geprueft
2019-11-13;411,42;Geprueft
2019-11-14;411,42;Geprueft
2019-11-15;411,42;Geprueft
2019-11-16;411,40;Geprueft
2019-11-17;411,43;Geprueft
2019-11-18;411,39;Geprueft
2019-11-19;411,40;Geprueft
2019-11-20;411,41;Geprueft
2019-11-21;411,42;Geprueft
2019-11-22;411,42;Geprueft
2019-11-23;411,43;Geprueft
2019-11-24;411,40;Geprueft
2019-11-25;411,40;Geprueft
2019-11-26;411,41;Geprueft
2019-11-27;411,42;Geprueft
2019-11-28;411,41;Geprueft
2019-11-29;411,40;Geprueft
2019-11-30;411,40;Geprueft
2019-12-01;411,42;Geprueft
2019-12-02;411,42;Geprueft
2019-12-03;411,42;Geprueft
2019-12-04;411,42;Geprueft
2019-12-05;411,41;Geprueft
2019-12-06;411,42;Geprueft
2019-12-07;411,41;Geprueft
2019-12-08;411,44;Geprueft
2019-12-09;411,42;Geprueft
2019-12-10;411,41;Geprueft
2019-12-11;411,46;Geprueft
2019-12-12;411,47;Geprueft
2019-12-13;411,48;Geprueft
2019-12-14;411,49;Geprueft
2019-12-15;411,60;Geprueft
2019-12-16;411,68;Rohdaten
2019-12-17;411,58;Rohdaten
2019-12-18;411,48;Rohdaten
2019-12-19;411,48;Rohdaten
2019-12-20;411,52;Rohdaten
2019-12-21;411,50;Rohdaten
2019-12-22;411,49;Rohdaten
2019-12-23;411,46;Rohdaten
2019-12-24;411,48;Rohdaten
2019-12-25;411,52;Rohdaten
2019-12-26;411,61;Rohdaten
2019-12-27;411,65;Rohdaten
2019-12-28;411,63;Rohdaten
2019-12-29;411,60;Rohdaten
2019-12-30;411,55;Rohdaten
2019-12-31;411,47;Rohdaten
2020-01-01;411,45;Rohdaten
2020-01-02;411,49;Rohdaten
2020-01-03;411,49;Rohdaten
2020-01-04;411,47;Rohdaten
2020-01-05;411,47;Rohdaten
2020-01-06;411,50;Rohdaten
2020-01-07;411,49;Rohdaten
2020-01-08;411,49;Rohdaten
2020-01-09;411,50;Rohdaten
2020-01-10;411,49;Rohdaten
2020-01-11;411,47;Rohdaten
2020-01-12;411,49;Rohdaten
2020-01-13;411,49;Rohdaten
2020-01-14;411,49;Rohdaten
2020-01-15;411,47;Rohdaten
2020-01-16;411,46;Rohdaten
2020-01-17;411,47;Rohdaten
2020-01-18;411,46;Rohdaten
2020-01-19;411,45;Rohdaten
2020-01-20;411,45;Rohdaten
2020-01-21;411,47;Rohdaten
2020-01-22;411,46;Rohdaten
2020-01-23;411,46;Rohdaten
2020-01-24;411,46;Rohdaten
2020-01-25;411,45;Rohdaten
2020-01-26;411,45;Rohdaten
2020-01-27;411,46;Rohdaten
2020-01-28;411,47;Rohdaten
2020-01-29;411,49;Rohdaten
2020-01-30;411,53;Rohdaten
2020-01-31;411,56;Rohdaten
2020-02-01;411,60;Rohdaten
2020-02-02;411,74;Rohdaten
2020-02-03;411,91;Rohdaten
2020-02-04;412,06;Rohdaten
2020-02-05;412,06;Rohdaten
2020-02-06;411,99;Rohdaten
2020-02-07;411,92;Rohdaten
2020-02-08;411,93;Rohdaten
2020-02-09;411,95;Rohdaten
2020-02-10;411,93;Rohdaten
2020-02-11;411,95;Rohdaten
2020-02-12;411,93;Rohdaten
2020-02-13;411,94;Rohdaten
2020-02-14;411,97;Rohdaten
2020-02-15;412,01;Rohdaten
2020-02-16;411,98;Rohdaten
2020-02-17;411,93;Rohdaten
2020-02-18;411,98;Rohdaten
2020-02-19;411,99;Rohdaten
2020-02-20;412,01;Rohdaten
2020-02-21;411,96;Rohdaten
2020-02-22;411,92;Rohdaten
2020-02-23;411,87;Rohdaten
2020-02-24;411,88;Rohdaten
2020-02-25;411,90;Rohdaten
2020-02-26;411,92;Rohdaten
2020-02-27;411,92;Rohdaten
2020-02-28;411,91;Rohdaten
2020-02-29;412,06;Rohdaten
2020-03-01;412,17;Rohdaten
2020-03-02;412,15;Rohdaten
2020-03-03;412,14;Rohdaten
2020-03-04;412,17;Rohdaten
2020-03-05;412,25;Rohdaten
2020-03-06;412,30;Rohdaten
2020-03-07;412,31;Rohdaten
2020-03-08;412,36;Rohdaten
2020-03-09;412,38;Geprueft
2020-03-10;412,42;Geprueft
2020-03-11;412,50;Geprueft
2020-03-12;412,51;Geprueft
2020-03-13;412,50;Geprueft
2020-03-14;412,48;Geprueft
2020-03-15;412,45;Geprueft
2020-03-16;412,37;Rohdaten
2020-03-17;412,31;Rohdaten
2020-03-18;412,27;Rohdaten
2020-03-19;412,22;Rohdaten
2020-03-20;412,17;Rohdaten
2020-03-21;412,11;Rohdaten
2020-03-22;412,07;Rohdaten
2020-03-23;412,02;Rohdaten
2020-03-24;412,04;Rohdaten
2020-03-25;412,00;Rohdaten
2020-03-26;411,94;Rohdaten
2020-03-27;411,82;Rohdaten
2020-03-28;411,71;Rohdaten
2020-03-29;411,64;Rohdaten
2020-03-30;411,59;Rohdaten
2020-03-31;411,60;Rohdaten
2020-04-01;411,60;Rohdaten
2020-04-02;411,60;Rohdaten
2020-04-03;411,56;Rohdaten
2020-04-04;411,55;Rohdaten
2020-04-05;411,55;Rohdaten
2020-04-06;411,54;Rohdaten
2020-04-07;411,53;Rohdaten
2020-04-08;411,53;Rohdaten
2020-04-09;411,52;Rohdaten
2020-04-10;411,51;Rohdaten
2020-04-11;411,51;Rohdaten
2020-04-12;411,52;Rohdaten
2020-04-13;411,51;Rohdaten
2020-04-14;411,49;Rohdaten
2020-04-15;411,49;Rohdaten
2020-04-16;411,48;Rohdaten
2020-04-17;411,50;Rohdaten
2020-04-18;411,48;Rohdaten
2020-04-19;411,48;Rohdaten
2020-04-20;411,47;Rohdaten
2020-04-21;411,47;Rohdaten
2020-04-22;411,47;Rohdaten
2020-04-23;411,46;Rohdaten
2020-04-24;411,47;Rohdaten
2020-04-25;411,46;Rohdaten
2020-04-26;411,46;Rohdaten
2020-04-27;411,45;Rohdaten
2020-04-28;411,45;Rohdaten
2020-04-29;411,45;Rohdaten
2020-04-30;411,46;Rohdaten
2020-05-01;411,46;Rohdaten
2020-05-02;411,44;Rohdaten
2020-05-03;411,44;Rohdaten
2020-05-04;411,45;Rohdaten
2020-05-05;411,44;Rohdaten
2020-05-06;411,43;Rohdaten
2020-05-07;411,43;Rohdaten
2020-05-08;411,44;Rohdaten
2020-05-09;411,44;Rohdaten
2020-05-10;411,44;Rohdaten
2020-05-11;411,44;Rohdaten
2020-05-12;411,46;Rohdaten
2020-05-13;411,47;Rohdaten
2020-05-14;411,47;Rohdaten
2020-05-15;411,45;Rohdaten
2020-05-16;411,45;Rohdaten
2020-05-17;411,44;Rohdaten
2020-05-18;411,44;Rohdaten
2020-05-19;411,44;Rohdaten
2020-05-20;411,42;Rohdaten
2020-05-21;411,42;Rohdaten
2020-05-22;411,42;Rohdaten
2020-05-23;411,42;Rohdaten
2020-05-24;411,41;Rohdaten
2020-05-25;411,42;Rohdaten
2020-05-26;411,41;Rohdaten
2020-05-27;411,41;Rohdaten
2020-05-28;411,41;Rohdaten
2020-05-29;411,42;Rohdaten
2020-05-30;411,42;Rohdaten
2020-05-31;411,41;Rohdaten
2020-06-01;411,41;Rohdaten
2020-06-02;411,41;Rohdaten
2020-06-03;411,42;Rohdaten
2020-06-04;411,42;Rohdaten
2020-06-05;411,43;Rohdaten
2020-06-06;411,42;Rohdaten
2020-06-07;411,44;Rohdaten
2020-06-08;411,45;Rohdaten
2020-06-09;411,44;Rohdaten
2020-06-10;411,44;Rohdaten
2020-06-11;411,45;Rohdaten
2020-06-12;411,45;Rohdaten
2020-06-13;411,44;Rohdaten
2020-06-14;411,55;Rohdaten
2020-06-15;411,58;Rohdaten
2020-06-16;411,66;Rohdaten
2020-06-17;411,66;Rohdaten
2020-06-18;411,78;Rohdaten
2020-06-19;411,74;Rohdaten
2020-06-20;411,64;Rohdaten
2020-06-21;411,58;Rohdaten
2020-06-22;411,54;Rohdaten
2020-06-23;411,52;Rohdaten
2020-06-24;411,50;Rohdaten
2020-06-25;411,50;Rohdaten
2020-06-26;411,49;Rohdaten
2020-06-27;411,48;Rohdaten
2020-06-28;411,48;Rohdaten
2020-06-29;411,48;Rohdaten
2020-06-30;411,47;Rohdaten
2020-07-01;411,47;Rohdaten
2020-07-02;411,48;Rohdaten
2020-07-03;411,47;Rohdaten
2020-07-04;411,47;Rohdaten
2020-07-05;411,47;Rohdaten
2020-07-06;411,45;Rohdaten
2020-07-07;411,44;Rohdaten
2020-07-08;411,45;Rohdaten
2020-07-09;411,45;Rohdaten
2020-07-10;411,43;Rohdaten
2020-07-11;411,42;Rohdaten
2020-07-12;411,43;Rohdaten
2020-07-13;411,43;Rohdaten
2020-07-14;411,43;Rohdaten
2020-07-15;411,42;Rohdaten
2020-07-16;411,43;Rohdaten
2020-07-17;411,44;Rohdaten
2020-07-18;411,43;Rohdaten
2020-07-19;411,43;Rohdaten
2020-07-20;411,43;Rohdaten
2020-07-21;411,43;Rohdaten
2020-07-22;411,42;Rohdaten
2020-07-23;411,42;Rohdaten
2020-07-24;411,41;Rohdaten
2020-07-25;411,41;Rohdaten
2020-07-26;411,41;Rohdaten
2020-07-27;411,40;Rohdaten
2020-07-28;411,38;Rohdaten
2020-07-29;411,38;Rohdaten
2020-07-30;411,37;Rohdaten
2020-07-31;411,37;Rohdaten
2020-08-01;411,37;Rohdaten
2020-08-02;411,37;Rohdaten
2020-08-03;411,42;Rohdaten
2020-08-04;411,44;Rohdaten
2020-08-05;411,45;Rohdaten
2020-08-06;411,45;Rohdaten
2020-08-07;411,44;Rohdaten
2020-08-08;411,42;Rohdaten
2020-08-09;411,41;Rohdaten
2020-08-10;411,40;Rohdaten
2020-08-11;411,39;Rohdaten
2020-08-12;411,38;Rohdaten
2020-08-13;411,38;Rohdaten
2020-08-14;411,41;Rohdaten
2020-08-15;411,42;Rohdaten
2020-08-16;411,43;Rohdaten
2020-08-17;411,42;Rohdaten
2020-08-18;411,42;Rohdaten
2020-08-19;411,41;Rohdaten
2020-08-20;411,40;Rohdaten
2020-08-21;411,39;Rohdaten
2020-08-22;411,39;Rohdaten
2020-08-23;411,42;Rohdaten
2020-08-24;411,43;Rohdaten
2020-08-25;411,43;Rohdaten
2020-08-26;411,40;Rohdaten
2020-08-27;411,40;Rohdaten
2020-08-28;411,41;Rohdaten
2020-08-29;411,41;Rohdaten
2020-08-30;411,43;Rohdaten
2020-08-31;411,47;Rohdaten
2020-09-01;411,48;Rohdaten
2020-09-02;411,48;Rohdaten
2020-09-03;411,45;Rohdaten
2020-09-04;411,43;Rohdaten
2020-09-05;411,42;Rohdaten
2020-09-06;411,42;Rohdaten
2020-09-07;411,40;Rohdaten
2020-09-08;411,40;Rohdaten
2020-09-09;411,42;Rohdaten
2020-09-10;411,41;Rohdaten
2020-09-11;411,41;Rohdaten
2020-09-12;411,40;Rohdaten
2020-09-13;411,38;Rohdaten
2020-09-14;411,39;Rohdaten
2020-09-15;411,40;Rohdaten
2020-09-16;411,39;Rohdaten
2020-09-17;411,38;Rohdaten
2020-09-18;411,39;Rohdaten
2020-09-19;411,39;Rohdaten
2020-09-20;411,39;Rohdaten
2020-09-21;411,38;Rohdaten
2020-09-22;411,39;Rohdaten
2020-09-23;411,38;Rohdaten
2020-09-24;411,40;Rohdaten
2020-09-25;411,43;Rohdaten
2020-09-26;411,43;Rohdaten
2020-09-27;411,43;Rohdaten
2020-09-28;411,43;Rohdaten
2020-09-29;411,44;Rohdaten
2020-09-30;411,45;Rohdaten
2020-10-01;411,45;Rohdaten
2020-10-02;411,46;Rohdaten
2020-10-03;411,42;Rohdaten
2020-10-04;411,40;Rohdaten
2020-10-05;411,41;Rohdaten
2020-10-06;411,41;Rohdaten
2020-10-07;411,40;Rohdaten
2020-10-08;411,42;Rohdaten
2020-10-09;411,43;Rohdaten
2020-10-10;411,42;Rohdaten
2020-10-11;411,42;Rohdaten
2020-10-12;411,42;Rohdaten
2020-10-13;411,42;Rohdaten
2020-10-14;411,41;Rohdaten
2020-10-15;411,43;Rohdaten
2020-10-16;411,44;Rohdaten
2020-10-17;411,45;Rohdaten
2020-10-18;411,43;Rohdaten
2020-10-19;411,42;Rohdaten
2020-10-20;411,43;Rohdaten
2020-10-21;411,43;Rohdaten
2020-10-22;411,42;Rohdaten
2020-10-23;411,42;Rohdaten
2020-10-24;411,43;Rohdaten
2020-10-25;411,46;Rohdaten
2020-10-26;411,45;Rohdaten
2020-10-27;411,44;Rohdaten
2020-10-28;411,44;Rohdaten
2020-10-29;411,42;Rohdaten
2020-10-30;411,44;Rohdaten
2020-10-31;411,46;Rohdaten
2020-11-01;411,46;Rohdaten
2020-11-02;411,47;Rohdaten
2020-11-03;411,43;Rohdaten
2020-11-04;411,44;Rohdaten
2020-11-05;411,43;Rohdaten
2020-11-06;411,44;Rohdaten
2020-11-07;411,43;Rohdaten
2020-11-08;411,43;Rohdaten
2020-11-09;411,42;Rohdaten
2020-11-10;411,41;Rohdaten
2020-11-11;411,42;Rohdaten
2020-11-12;411,42;Rohdaten
2020-11-13;411,43;Rohdaten
2020-11-14;411,43;Rohdaten
2020-11-15;411,43;Rohdaten
2020-11-16;411,41;Rohdaten
2020-11-17;411,41;Rohdaten
2020-11-18;411,42;Rohdaten
2020-11-19;411,42;Rohdaten
2020-11-20;411,41;Rohdaten
2020-11-21;411,43;Rohdaten
2020-11-22;411,42;Rohdaten
2020-11-23;411,42;Rohdaten
2020-11-24;411,43;Rohdaten
2020-11-25;411,42;Rohdaten
2020-11-26;411,41;Rohdaten
2020-11-27;411,41;Rohdaten
2020-11-28;411,41;Rohdaten
2020-11-29;411,40;Rohdaten
2020-11-30;411,40;Rohdaten
2020-12-01;411,41;Rohdaten
2020-12-02;411,41;Rohdaten
2020-12-03;411,43;Rohdaten
2020-12-04;411,44;Rohdaten
2020-12-05;411,40;Rohdaten
2020-12-06;411,41;Rohdaten
2020-12-07;411,42;Rohdaten
2020-12-08;411,43;Rohdaten
2020-12-09;411,43;Rohdaten
2020-12-10;411,44;Rohdaten
2020-12-11;411,46;Rohdaten
2020-12-12;411,44;Rohdaten
2020-12-13;411,43;Rohdaten
2020-12-14;411,43;Rohdaten
2020-12-15;411,43;Rohdaten
2020-12-16;411,42;Rohdaten
2020-12-17;411,42;Rohdaten
2020-12-18;411,40;Rohdaten
2020-12-19;411,42;Rohdaten
2020-12-20;411,41;Rohdaten
2020-12-21;411,42;Rohdaten
2020-12-22;411,42;Rohdaten
2020-12-23;411,45;Rohdaten
2020-12-24;411,48;Rohdaten
2020-12-25;411,52;Rohdaten
2020-12-26;411,59;Rohdaten
2020-12-27;411,63;Rohdaten
2020-12-28;411,59;Rohdaten
2020-12-29;411,50;Rohdaten
2020-12-30;411,47;Rohdaten
2020-12-31;411,47;Rohdaten
2021-01-01;411,46;Rohdaten
2021-01-02;411,45;Rohdaten
2021-01-03;411,45;Rohdaten
2021-01-04;411,45;Rohdaten
2021-01-05;411,45;Rohdaten
2021-01-06;411,45;Rohdaten
2021-01-07;411,45;Rohdaten
2021-01-08;411,45;Rohdaten
2021-01-09;411,44;Rohdaten
2021-01-10;411,44;Rohdaten
2021-01-11;411,45;Rohdaten
2021-01-12;411,45;Rohdaten
2021-01-13;411,44;Rohdaten
2021-01-14;411,43;Rohdaten
2021-01-15;411,43;Rohdaten
2021-01-16;411,43;Rohdaten
2021-01-17;411,42;Rohdaten
2021-01-18;411,42;Rohdaten
2021-01-19;411,48;Rohdaten
2021-01-20;411,50;Rohdaten
2021-01-21;411,51;Rohdaten
2021-01-22;411,55;Rohdaten
2021-01-23;411,59;Rohdaten
2021-01-24;411,69;Rohdaten
2021-01-25;411,72;Rohdaten
2021-01-26;411,70;Rohdaten
2021-01-27;411,67;Rohdaten
2021-01-28;411,67;Rohdaten
2021-01-29;412,01;Rohdaten
2021-01-30;412,10;Rohdaten
2021-01-31;412,11;Rohdaten
2021-02-01;412,09;Rohdaten
2021-02-02;412,06;Rohdaten
2021-02-03;412,11;Rohdaten
2021-02-04;412,18;Rohdaten
2021-02-05;412,12;Rohdaten
2021-02-06;412,11;Rohdaten
2021-02-07;412,07;Rohdaten
2021-02-08;412,05;Rohdaten
2021-02-09;412,03;Rohdaten
2021-02-10;411,97;Rohdaten
2021-02-11;411,86;Rohdaten
2021-02-12;411,81;Rohdaten
2021-02-13;411,84;Rohdaten
2021-02-14;411,87;Rohdaten
2021-02-15;411,87;Rohdaten
2021-02-16;411,87;Rohdaten
2021-02-17;411,98;Rohdaten
2021-02-18;412,12;Rohdaten
2021-02-19;412,12;Rohdaten
2021-02-20;412,11;Rohdaten
2021-02-21;412,09;Rohdaten
2021-02-22;412,01;Rohdaten
2021-02-23;411,88;Rohdaten
2021-02-24;411,82;Rohdaten
2021-02-25;411,81;Rohdaten
2021-02-26;411,78;Rohdaten
2021-02-27;411,74;Rohdaten
2021-02-28;411,70;Rohdaten
2021-03-01;411,67;Rohdaten
2021-03-02;411,69;Rohdaten
2021-03-03;411,73;Rohdaten
2021-03-04;411,74;Rohdaten
2021-03-05;411,71;Rohdaten
2021-03-06;411,70;Rohdaten
2021-03-07;411,70;Rohdaten
2021-03-08;411,67;Rohdaten
2021-03-09;411,62;Rohdaten
2021-03-10;411,56;Rohdaten
2021-03-11;411,61;Rohdaten
2021-03-12;411,59;Rohdaten
2021-03-13;411,61;Rohdaten
2021-03-14;411,67;Rohdaten
2021-03-15;411,76;Rohdaten
2021-03-16;411,81;Rohdaten
2021-03-17;411,85;Rohdaten
2021-03-18;411,85;Rohdaten
2021-03-19;411,82;Rohdaten
2021-03-20;411,79;Rohdaten
2021-03-21;411,76;Rohdaten
2021-03-22;411,72;Rohdaten
2021-03-23;411,70;Rohdaten
2021-03-24;411,67;Rohdaten
2021-03-25;411,64;Rohdaten
2021-03-26;411,59;Rohdaten
2021-03-27;411,55;Rohdaten
2021-03-28;411,55;Rohdaten
2021-03-29;411,55;Rohdaten
2021-03-30;411,56;Rohdaten
2021-03-31;411,56;Rohdaten
2021-04-01;411,55;Rohdaten
2021-04-02;411,54;Rohdaten
2021-04-03;411,52;Rohdaten
2021-04-04;411,52;Rohdaten
2021-04-05;411,54;Rohdaten
2021-04-06;411,52;Rohdaten
2021-04-07;411,50;Rohdaten
2021-04-08;411,51;Rohdaten
2021-04-09;411,53;Rohdaten
2021-04-10;411,52;Rohdaten
2021-04-11;411,52;Rohdaten
2021-04-12;411,48;Rohdaten
2021-04-13;411,49;Rohdaten
2021-04-14;411,50;Rohdaten
2021-04-15;411,50;Rohdaten
2021-04-16;411,49;Rohdaten
2021-04-17;411,49;Rohdaten
2021-04-18;411,49;Rohdaten
2021-04-19;411,49;Rohdaten
2021-04-20;411,50;Rohdaten
2021-04-21;411,51;Rohdaten
2021-04-22;411,51;Rohdaten
2021-04-23;411,50;Rohdaten
2021-04-24;411,50;Rohdaten
2021-04-25;411,49;Rohdaten
2021-04-26;411,49;Rohdaten
2021-04-27;411,48;Rohdaten
2021-04-28;411,47;Rohdaten
2021-04-29;411,46;Rohdaten
2021-04-30;411,46;Rohdaten
2021-05-01;411,48;Rohdaten
2021-05-02;411,51;Rohdaten
2021-05-03;411,54;Rohdaten
2021-05-04;411,56;Rohdaten
2021-05-05;411,53;Rohdaten
2021-05-06;411,52;Rohdaten
2021-05-07;411,51;Rohdaten
2021-05-08;411,54;Rohdaten
2021-05-09;411,55;Rohdaten
2021-05-10;411,52;Rohdaten
2021-05-11;411,51;Rohdaten
2021-05-12;411,51;Rohdaten
2021-05-13;411,58;Rohdaten
2021-05-14;411,69;Rohdaten
2021-05-15;411,79;Rohdaten
2021-05-16;411,80;Rohdaten
2021-05-17;411,75;Rohdaten
2021-05-18;411,68;Rohdaten
2021-05-19;411,60;Rohdaten
2021-05-20;411,55;Rohdaten
2021-05-21;411,55;Rohdaten
2021-05-22;411,54;Rohdaten
2021-05-23;411,52;Rohdaten
2021-05-24;411,52;Rohdaten
2021-05-25;411,50;Rohdaten
2021-05-26;411,52;Rohdaten
2021-05-27;411,52;Rohdaten
2021-05-28;411,52;Rohdaten
2021-05-29;411,52;Rohdaten
2021-05-30;411,51;Rohdaten
2021-05-31;411,50;Rohdaten
2021-06-01;411,49;Rohdaten
2021-06-02;411,47;Rohdaten
2021-06-03;411,46;Rohdaten
2021-06-04;411,46;Rohdaten
2021-06-05;411,47;Rohdaten
2021-06-06;411,50;Rohdaten
2021-06-07;411,55;Rohdaten
2021-06-08;411,65;Rohdaten
2021-06-09;412,06;Rohdaten
2021-06-10;411,98;Rohdaten
2021-06-11;411,80;Rohdaten
2021-06-12;411,81;Rohdaten
2021-06-13;411,82;Rohdaten
2021-06-14;411,79;Rohdaten
2021-06-15;411,69;Rohdaten
2021-06-16;411,57;Rohdaten
2021-06-17;411,58;Rohdaten
2021-06-18;411,55;Rohdaten
2021-06-19;411,53;Rohdaten
2021-06-20;411,53;Rohdaten
2021-06-21;411,51;Rohdaten
2021-06-22;411,54;Rohdaten
2021-06-23;411,55;Rohdaten
2021-06-24;411,63;Rohdaten
2021-06-25;411,60;Rohdaten
2021-06-26;411,58;Rohdaten
2021-06-27;411,55;Rohdaten
2021-06-28;411,55;Rohdaten
2021-06-29;411,58;Rohdaten
2021-06-30;411,62;Rohdaten
2021-07-01;411,64;Rohdaten
2021-07-02;411,72;Rohdaten
2021-07-03;411,74;Rohdaten
2021-07-04;411,75;Rohdaten
2021-07-05;411,78;Rohdaten
2021-07-06;411,73;Rohdaten
2021-07-07;411,69;Rohdaten
2021-07-08;411,68;Rohdaten
2021-07-09;411,89;Rohdaten
2021-07-10;412,19;Rohdaten
2021-07-11;412,17;Rohdaten
2021-07-12;412,21;Rohdaten
2021-07-13;412,18;Rohdaten
2021-07-14;412,14;Rohdaten
2021-07-15;412,08;Rohdaten
2021-07-16;412,05;Rohdaten
2021-07-17;412,01;Rohdaten
2021-07-18;412,01;Rohdaten
2021-07-19;411,98;Rohdaten
2021-07-20;411,96;Rohdaten
2021-07-21;411,96;Rohdaten
2021-07-22;411,90;Rohdaten
2021-07-23;411,79;Rohdaten
2021-07-24;411,65;Rohdaten
2021-07-25;411,54;Rohdaten
2021-07-26;411,50;Rohdaten
2021-07-27;411,50;Rohdaten
2021-07-28;411,49;Rohdaten
2021-07-29;411,48;Rohdaten
2021-07-30;411,48;Rohdaten
2021-07-31;411,46;Rohdaten
2021-08-01;411,47;Rohdaten
2021-08-02;411,48;Rohdaten
2021-08-03;411,49;Rohdaten
2021-08-04;411,49;Rohdaten
2021-08-05;411,49;Rohdaten
2021-08-06;411,48;Rohdaten
2021-08-07;411,48;Rohdaten
2021-08-08;411,47;Rohdaten
2021-08-09;411,47;Rohdaten
2021-08-10;411,47;Rohdaten
2021-08-11;411,46;Rohdaten
2021-08-12;411,39;Rohdaten
2021-08-13;411,27;Rohdaten
2021-08-14;411,22;Rohdaten
2021-08-15;411,19;Rohdaten
2021-08-16;411,22;Rohdaten
2021-08-17;411,42;Rohdaten
2021-08-18;411,44;Rohdaten
2021-08-19;411,43;Rohdaten
2021-08-20;411,44;Rohdaten
2021-08-21;411,47;Rohdaten
2021-08-22;411,49;Rohdaten
2021-08-23;411,49;Rohdaten
2021-08-24;411,48;Rohdaten
2021-08-25;411,48;Rohdaten
2021-08-26;411,49;Rohdaten
2021-08-27;411,47;Rohdaten
2021-08-28;411,49;Rohdaten
2021-08-29;411,51;Rohdaten
2021-08-30;411,59;Rohdaten
2021-08-31;411,70;Rohdaten
2021-09-01;411,78;Rohdaten
2021-09-02;411,83;Rohdaten
2021-09-03;411,83;Rohdaten
2021-09-04;411,76;Rohdaten
2021-09-05;411,63;Rohdaten
2021-09-06;411,52;Rohdaten
2021-09-07;411,52;Rohdaten
2021-09-08;411,52;Rohdaten
2021-09-09;411,50;Rohdaten
2021-09-10;411,49;Rohdaten
2021-09-11;411,48;Rohdaten
2021-09-12;411,48;Rohdaten
2021-09-13;411,48;Rohdaten
2021-09-14;411,47;Rohdaten
2021-09-15;411,47;Rohdaten
2021-09-16;411,47;Rohdaten
2021-09-17;411,47;Rohdaten
2021-09-18;411,47;Rohdaten
2021-09-19;411,48;Rohdaten
2021-09-20;411,46;Rohdaten
2021-09-21;411,45;Rohdaten
2021-09-22;411,45;Rohdaten
2021-09-23;411,47;Rohdaten
2021-09-24;411,46;Rohdaten
2021-09-25;411,45;Rohdaten
2021-09-26;411,45;Rohdaten
2021-09-27;411,46;Rohdaten
2021-09-28;411,46;Rohdaten
2021-09-29;411,45;Rohdaten
2021-09-30;411,45;Rohdaten
2021-10-01;411,46;Rohdaten
2021-10-02;411,45;Rohdaten
2021-10-03;411,45;Rohdaten
2021-10-04;411,44;Rohdaten
2021-10-05;411,45;Rohdaten
2021-10-06;411,43;Rohdaten
2021-10-07;411,43;Rohdaten
2021-10-08;411,44;Rohdaten
2021-10-09;411,44;Rohdaten
2021-10-10;411,45;Rohdaten
2021-10-11;411,45;Rohdaten
2021-10-12;411,46;Rohdaten
2021-10-13;411,44;Rohdaten
2021-10-14;411,46;Rohdaten
2021-10-15;411,46;Rohdaten
2021-10-16;411,45;Rohdaten
2021-10-17;411,46;Rohdaten
2021-10-18;411,45;Rohdaten
2021-10-19;411,45;Rohdaten
2021-10-20;411,47;Rohdaten
2021-10-21;411,46;Rohdaten
2021-10-22;411,45;Rohdaten
2021-10-23;411,46;Rohdaten
2021-10-24;411,48;Rohdaten
2021-10-25;411,46;Rohdaten
2021-10-26;411,45;Rohdaten
2021-10-27;411,44;Rohdaten
2021-10-28;411,44;Rohdaten
2021-10-29;411,45;Rohdaten
2021-10-30;411,46;Rohdaten
2021-10-31;411,46;Rohdaten
2021-11-01;411,46;Rohdaten
2021-11-02;411,46;Rohdaten
2021-11-03;411,46;Rohdaten
2021-11-04;411,45;Rohdaten
2021-11-05;411,45;Rohdaten
2021-11-06;411,48;Rohdaten
2021-11-07;411,51;Rohdaten
2021-11-08;411,46;Rohdaten
2021-11-09;411,43;Rohdaten
2021-11-10;411,45;Rohdaten
2021-11-11;411,45;Rohdaten
2021-11-12;411,45;Rohdaten
2021-11-13;411,45;Rohdaten
2021-11-14;411,44;Rohdaten
2021-11-15;411,44;Rohdaten
2021-11-16;411,44;Rohdaten
2021-11-17;411,43;Rohdaten
2021-11-18;411,42;Rohdaten
2021-11-19;411,43;Rohdaten
2021-11-20;411,44;Rohdaten
2021-11-21;411,45;Rohdaten
2021-11-22;411,42;Rohdaten
2021-11-23;411,42;Rohdaten
2021-11-24;411,44;Rohdaten
2021-11-25;411,45;Rohdaten
2021-11-26;411,45;Rohdaten
2021-11-27;411,44;Rohdaten
2021-11-28;411,43;Rohdaten
2021-11-29;411,41;Rohdaten
2021-11-30;411,43;Rohdaten
2021-12-01;411,46;Rohdaten
2021-12-02;411,44;Rohdaten
2021-12-03;411,44;Rohdaten
2021-12-04;411,49;Rohdaten
2021-12-05;411,51;Rohdaten
2021-12-06;411,57;Rohdaten
2021-12-07;411,69;Rohdaten
2021-12-08;411,77;Rohdaten
2021-12-09;411,78;Rohdaten
2021-12-10;411,80;Rohdaten
2021-12-11;411,77;Rohdaten
2021-12-12;411,84;Rohdaten
2021-12-13;411,90;Rohdaten
2021-12-14;411,94;Rohdaten
2021-12-15;411,96;Rohdaten
2021-12-16;411,98;Rohdaten
2021-12-17;411,99;Rohdaten
2021-12-18;411,96;Rohdaten
2021-12-19;411,88;Rohdaten
2021-12-20;411,76;Rohdaten
2021-12-21;411,64;Rohdaten
2021-12-22;411,54;Rohdaten
2021-12-23;411,53;Rohdaten
2021-12-24;411,54;Rohdaten
2021-12-25;411,59;Rohdaten
2021-12-26;411,76;Rohdaten
2021-12-27;411,91;Rohdaten
2021-12-28;412,04;Rohdaten
2021-12-29;412,18;Rohdaten
2021-12-30;412,26;Rohdaten
2021-12-31;412,28;Rohdaten
2022-01-01;412,27;Rohdaten
2022-01-02;412,27;Rohdaten
2022-01-03;412,25;Rohdaten
2022-01-04;412,24;Rohdaten
2022-01-05;412,32;Rohdaten
2022-01-06;412,31;Rohdaten
2022-01-07;412,29;Rohdaten
2022-01-08;412,30;Rohdaten
2022-01-09;412,29;Rohdaten
2022-01-10;412,27;Rohdaten
2022-01-11;412,26;Rohdaten
2022-01-12;412,27;Rohdaten
2022-01-13;412,28;Rohdaten
2022-01-14;412,29;Rohdaten
2022-01-15;412,28;Rohdaten
2022-01-16;412,22;Rohdaten
2022-01-17;412,18;Rohdaten
2022-01-18;412,18;Rohdaten
2022-01-19;412,18;Rohdaten
2022-01-20;412,14;Rohdaten
2022-01-21;412,10;Rohdaten
2022-01-22;412,07;Rohdaten
2022-01-23;412,06;Rohdaten
2022-01-24;412,06;Rohdaten
2022-01-25;412,06;Rohdaten
2022-01-26;412,04;Rohdaten
2022-01-27;411,99;Rohdaten
2022-01-28;411,92;Rohdaten
2022-01-29;411,90;Rohdaten
2022-01-30;411,87;Rohdaten
2022-01-31;411,89;Rohdaten
2022-02-01;411,96;Rohdaten
2022-02-02;411,92;Rohdaten
2022-02-03;411,90;Rohdaten
2022-02-04;411,78;Rohdaten
2022-02-05;411,73;Rohdaten
2022-02-06;411,95;Rohdaten
2022-02-07;412,19;Rohdaten
2022-02-08;412,26;Rohdaten
2022-02-09;412,25;Rohdaten
2022-02-10;412,23;Rohdaten
2022-02-11;412,18;Rohdaten
2022-02-12;412,17;Rohdaten
2022-02-13;412,15;Rohdaten
2022-02-14;412,11;Rohdaten
2022-02-15;412,04;Rohdaten
2022-02-16;412,02;Rohdaten
2022-02-17;411,98;Rohdaten
2022-02-18;412,00;Rohdaten
2022-02-19;412,03;Rohdaten
2022-02-20;412,09;Rohdaten
2022-02-21;412,10;Rohdaten
2022-02-22;412,06;Rohdaten
2022-02-23;412,05;Rohdaten
2022-02-24;412,07;Rohdaten
2022-02-25;412,04;Rohdaten
2022-02-26;412,01;Rohdaten
2022-02-27;411,98;Rohdaten
2022-02-28;411,93;Rohdaten
2022-03-01;411,88;Rohdaten
2022-03-02;411,82;Rohdaten
2022-03-03;411,76;Rohdaten
2022-03-04;411,70;Rohdaten
2022-03-05;411,65;Rohdaten
2022-03-06;411,60;Rohdaten
2022-03-07;411,56;Rohdaten
2022-03-08;411,56;Rohdaten
2022-03-09;411,55;Rohdaten
2022-03-10;411,54;Rohdaten
2022-03-11;411,55;Rohdaten
2022-03-12;411,54;Rohdaten
2022-03-13;411,53;Rohdaten
2022-03-14;411,51;Rohdaten
2022-03-15;411,52;Rohdaten
2022-03-16;411,51;Rohdaten
2022-03-17;411,51;Rohdaten
2022-03-18;411,51;Rohdaten
2022-03-19;411,52;Rohdaten
2022-03-20;411,50;Rohdaten
2022-03-21;411,49;Rohdaten
2022-03-22;411,49;Rohdaten
2022-03-23;411,50;Rohdaten
2022-03-24;411,50;Rohdaten
2022-03-25;411,49;Rohdaten
2022-03-26;411,48;Rohdaten
2022-03-27;411,48;Rohdaten
2022-03-28;411,49;Rohdaten
2022-03-29;411,49;Rohdaten
2022-03-30;411,48;Rohdaten
2022-03-31;411,49;Rohdaten
2022-04-01;411,48;Rohdaten
2022-04-02;411,50;Rohdaten
2022-04-03;411,56;Rohdaten
2022-04-04;411,64;Rohdaten
2022-04-05;411,68;Rohdaten
2022-04-06;411,77;Rohdaten
2022-04-07;411,87;Rohdaten
2022-04-08;411,96;Rohdaten
2022-04-09;412,20;Rohdaten
2022-04-10;412,24;Rohdaten
2022-04-11;412,24;Rohdaten
2022-04-12;412,21;Rohdaten
2022-04-13;412,19;Rohdaten
2022-04-14;412,16;Rohdaten
2022-04-15;412,09;Rohdaten
2022-04-16;412,01;Rohdaten
2022-04-17;411,93;Rohdaten
2022-04-18;411,83;Rohdaten
2022-04-19;411,71;Rohdaten
2022-04-20;411,59;Rohdaten
2022-04-21;411,59;Rohdaten
2022-04-22;411,58;Rohdaten
2022-04-23;411,56;Rohdaten
2022-04-24;411,56;Rohdaten
2022-04-25;411,62;Rohdaten
2022-04-26;411,69;Rohdaten
2022-04-27;411,70;Rohdaten
2022-04-28;411,66;Rohdaten
2022-04-29;411,58;Rohdaten
2022-04-30;411,50;Rohdaten
2022-05-01;411,55;Rohdaten
2022-05-02;411,55;Rohdaten
2022-05-03;411,57;Rohdaten
2022-05-04;411,55;Rohdaten
2022-05-05;411,54;Rohdaten
2022-05-06;411,55;Rohdaten
2022-05-07;411,52;Rohdaten
2022-05-08;411,53;Rohdaten
2022-05-09;411,51;Rohdaten
2022-05-10;411,51;Rohdaten
2022-05-11;411,51;Rohdaten
2022-05-12;411,49;Rohdaten
2022-05-13;411,48;Rohdaten
2022-05-14;411,48;Rohdaten
2022-05-15;411,47;Rohdaten
2022-05-16;411,46;Rohdaten
2022-05-17;411,47;Rohdaten
2022-05-18;411,47;Rohdaten
2022-05-19;411,46;Rohdaten
2022-05-20;411,47;Rohdaten
2022-05-21;411,47;Rohdaten
2022-05-22;411,48;Rohdaten
2022-05-23;411,48;Rohdaten
2022-05-24;411,46;Rohdaten
2022-05-25;411,45;Rohdaten
2022-05-26;411,45;Rohdaten
2022-05-27;411,46;Rohdaten
2022-05-28;411,45;Rohdaten
2022-05-29;411,45;Rohdaten
2022-05-30;411,45;Rohdaten
2022-05-31;411,45;Rohdaten
2022-06-01;411,44;Rohdaten
2022-06-02;411,43;Rohdaten
2022-06-03;411,44;Rohdaten
2022-06-04;411,43;Rohdaten
2022-06-05;411,45;Rohdaten
2022-06-06;411,45;Rohdaten
2022-06-07;411,45;Rohdaten
2022-06-08;411,45;Rohdaten
2022-06-09;411,43;Rohdaten
2022-06-10;411,42;Rohdaten
2022-06-11;411,43;Rohdaten
2022-06-12;411,43;Rohdaten
2022-06-13;411,43;Rohdaten
2022-06-14;411,43;Rohdaten
2022-06-15;411,43;Rohdaten
2022-06-16;411,41;Rohdaten
2022-06-17;411,41;Rohdaten
2022-06-18;411,42;Rohdaten
2022-06-19;411,43;Rohdaten
2022-06-20;411,41;Rohdaten
2022-06-21;411,41;Rohdaten
2022-06-22;411,40;Rohdaten
2022-06-23;411,40;Rohdaten
2022-06-24;411,42;Rohdaten
2022-06-25;411,44;Rohdaten
2022-06-26;411,44;Rohdaten
2022-06-27;411,42;Rohdaten
2022-06-28;411,42;Rohdaten
2022-06-29;411,43;Rohdaten
2022-06-30;411,43;Rohdaten
2022-07-01;411,41;Rohdaten
2022-07-02;411,42;Rohdaten
2022-07-03;411,42;Rohdaten
2022-07-04;411,42;Rohdaten
2022-07-05;411,41;Rohdaten
2022-07-06;411,40;Rohdaten
2022-07-07;411,39;Rohdaten
2022-07-08;411,39;Rohdaten
2022-07-09;411,39;Rohdaten
2022-07-10;411,39;Rohdaten
2022-07-11;411,39;Rohdaten
2022-07-12;411,39;Rohdaten
2022-07-13;411,39;Rohdaten
2022-07-14;411,39;Rohdaten
2022-07-15;411,37;Rohdaten
2022-07-16;411,37;Rohdaten
2022-07-17;411,37;Rohdaten
2022-07-18;411,37;Rohdaten
2022-07-19;411,39;Rohdaten
2022-07-20;411,39;Rohdaten
2022-07-21;411,38;Rohdaten
2022-07-22;411,39;Rohdaten
2022-07-23;411,38;Rohdaten
2022-07-24;411,38;Rohdaten
2022-07-25;411,38;Rohdaten
2022-07-26;411,37;Rohdaten
2022-07-27;411,37;Rohdaten
2022-07-28;411,37;Rohdaten
2022-07-29;411,37;Rohdaten
2022-07-30;411,37;Rohdaten
2022-07-31;411,37;Rohdaten
2022-08-01;411,36;Rohdaten
2022-08-02;411,37;Rohdaten
2022-08-03;411,37;Rohdaten
2022-08-04;411,37;Rohdaten
2022-08-05;411,36;Rohdaten
2022-08-06;411,35;Rohdaten
2022-08-07;411,35;Rohdaten
2022-08-08;411,33;Rohdaten
2022-08-09;411,33;Rohdaten
2022-08-10;411,34;Rohdaten
2022-08-11;411,32;Rohdaten
2022-08-12;411,32;Rohdaten
2022-08-13;411,31;Rohdaten
2022-08-14;411,31;Rohdaten
2022-08-15;411,30;Rohdaten
2022-08-16;411,30;Rohdaten
2022-08-17;411,30;Rohdaten
2022-08-18;411,31;Rohdaten
2022-08-19;411,33;Rohdaten
2022-08-20;411,41;Rohdaten
2022-08-21;411,42;Rohdaten
2022-08-22;411,41;Rohdaten
2022-08-23;411,40;Rohdaten
2022-08-24;411,39;Rohdaten
2022-08-25;411,40;Rohdaten
2022-08-26;411,40;Rohdaten
2022-08-27;411,44;Rohdaten
2022-08-28;411,45;Rohdaten
2022-08-29;411,43;Rohdaten
2022-08-30;411,44;Rohdaten
2022-08-31;411,43;Rohdaten
2022-09-01;411,44;Rohdaten
2022-09-02;411,43;Rohdaten
2022-09-03;411,42;Rohdaten
2022-09-04;411,41;Rohdaten
2022-09-05;411,41;Rohdaten
2022-09-06;411,41;Rohdaten
2022-09-07;411,41;Rohdaten
2022-09-08;411,42;Rohdaten
2022-09-09;411,42;Rohdaten
2022-09-10;411,42;Rohdaten
2022-09-11;411,43;Rohdaten
2022-09-12;411,44;Rohdaten
2022-09-13;411,44;Rohdaten
2022-09-14;411,53;Rohdaten
2022-09-15;411,59;Rohdaten
2022-09-16;411,68;Rohdaten
2022-09-17;411,64;Rohdaten
2022-09-18;411,61;Rohdaten
2022-09-19;411,62;Rohdaten
2022-09-20;411,62;Rohdaten
2022-09-21;411,57;Rohdaten
2022-09-22;411,54;Rohdaten
2022-09-23;411,52;Rohdaten
2022-09-24;411,46;Rohdaten
2022-09-25;411,48;Rohdaten
2022-09-26;411,49;Rohdaten
2022-09-27;411,49;Rohdaten
2022-09-28;411,48;Rohdaten
2022-09-29;411,47;Rohdaten
2022-09-30;411,47;Rohdaten
2022-10-01;411,47;Rohdaten
2022-10-02;411,51;Rohdaten
2022-10-03;411,65;Rohdaten
2022-10-04;411,65;Rohdaten
2022-10-05;411,61;Rohdaten
2022-10-06;411,56;Rohdaten
2022-10-07;411,51;Rohdaten
2022-10-08;411,45;Rohdaten
2022-10-09;411,49;Rohdaten
2022-10-10;411,48;Rohdaten
2022-10-11;411,45;Rohdaten
2022-10-12;411,45;Rohdaten
2022-10-13;411,46;Rohdaten
2022-10-14;411,46;Rohdaten
2022-10-15;411,48;Rohdaten
2022-10-16;411,49;Rohdaten
2022-10-17;411,48;Rohdaten
2022-10-18;411,45;Rohdaten
2022-10-19;411,45;Rohdaten
2022-10-20;411,46;Rohdaten
2022-10-21;411,44;Rohdaten
2022-10-22;411,46;Rohdaten
2022-10-23;411,48;Rohdaten
2022-10-24;411,49;Rohdaten
2022-10-25;411,48;Rohdaten
2022-10-26;411,45;Rohdaten
2022-10-27;411,46;Rohdaten
2022-10-28;411,49;Rohdaten
2022-10-29;411,49;Rohdaten
2022-10-30;411,49;Rohdaten
2022-10-31;411,48;Rohdaten
2022-11-01;411,47;Rohdaten
2022-11-02;411,47;Rohdaten
2022-11-03;411,49;Rohdaten
2022-11-04;411,43;Rohdaten
2022-11-05;411,44;Rohdaten
2022-11-06;411,47;Rohdaten
2022-11-07;411,38;Rohdaten
2022-11-08;411,35;Rohdaten
2022-11-09;411,37;Rohdaten
2022-11-10;411,37;Rohdaten
2022-11-11;411,40;Rohdaten
2022-11-12;411,43;Rohdaten
2022-11-13;411,45;Rohdaten
2022-11-14;411,45;Rohdaten
2022-11-15;411,45;Rohdaten
2022-11-16;411,44;Rohdaten
2022-11-17;411,45;Rohdaten
2022-11-18;411,46;Rohdaten
2022-11-19;411,51;Rohdaten
2022-11-20;411,59;Rohdaten
2022-11-21;411,62;Rohdaten
2022-11-22;411,59;Rohdaten
2022-11-23;411,55;Rohdaten
2022-11-24;411,52;Rohdaten
2022-11-25;411,54;Rohdaten
2022-11-26;411,54;Rohdaten
2022-11-27;411,57;Rohdaten
2022-11-28;411,59;Rohdaten
2022-11-29;411,59;Rohdaten
2022-11-30;411,57;Rohdaten
2022-12-01;411,55;Rohdaten
2022-12-02;411,54;Rohdaten
2022-12-03;411,54;Rohdaten
2022-12-04;411,54;Rohdaten
2022-12-05;411,53;Rohdaten
2022-12-06;411,53;Rohdaten
2022-12-07;411,53;Rohdaten
2022-12-08;411,53;Rohdaten
2022-12-09;411,53;Rohdaten
2022-12-10;411,52;Rohdaten
2022-12-11;411,52;Rohdaten
2022-12-12;411,51;Rohdaten
2022-12-13;411,51;Rohdaten
2022-12-14;411,52;Rohdaten
2022-12-15;411,51;Rohdaten
2022-12-16;411,50;Rohdaten
2022-12-17;411,50;Rohdaten
2022-12-18;411,50;Rohdaten
2022-12-19;411,50;Rohdaten
2022-12-20;411,50;Rohdaten
2022-12-21;411,52;Rohdaten
2022-12-22;411,53;Rohdaten
2022-12-23;411,58;Rohdaten
2022-12-24;411,73;Rohdaten
2022-12-25;411,84;Rohdaten
2022-12-26;411,91;Rohdaten
2022-12-27;411,98;Rohdaten
2022-12-28;412,03;Rohdaten
2022-12-29;412,05;Rohdaten
2022-12-30;412,06;Rohdaten
2022-12-31;412,06;Rohdaten
2023-01-01;412,06;Rohdaten
2023-01-02;412,06;Rohdaten
2023-01-03;412,04;Rohdaten
2023-01-04;412,01;Rohdaten
2023-01-05;411,96;Rohdaten
2023-01-06;411,92;Rohdaten
2023-01-07;411,88;Rohdaten
2023-01-08;411,84;Rohdaten
2023-01-09;411,83;Rohdaten
2023-01-10;411,83;Rohdaten
2023-01-11;411,85;Rohdaten
2023-01-12;411,85;Rohdaten
2023-01-13;411,83;Rohdaten
2023-01-14;411,83;Rohdaten
2023-01-15;411,82;Rohdaten
2023-01-16;411,86;Rohdaten
2023-01-17;411,89;Rohdaten
2023-01-18;411,87;Rohdaten
2023-01-19;411,82;Rohdaten
2023-01-20;411,75;Rohdaten
2023-01-21;411,71;Rohdaten
2023-01-22;411,69;Rohdaten
2023-01-23;411,67;Rohdaten
2023-01-24;411,64;Rohdaten
2023-01-25;411,63;Rohdaten
2023-01-26;411,62;Rohdaten
2023-01-27;411,61;Rohdaten
2023-01-28;411,60;Rohdaten
2023-01-29;411,59;Rohdaten
2023-01-30;411,58;Rohdaten
2023-01-31;411,55;Rohdaten
2023-02-01;411,54;Rohdaten
2023-02-02;411,53;Rohdaten
2023-02-03;411,57;Rohdaten
2023-02-04;411,61;Rohdaten
2023-02-05;411,61;Rohdaten
2023-02-06;411,57;Rohdaten
2023-02-07;411,52;Rohdaten
2023-02-08;411,49;Rohdaten
2023-02-09;411,47;Rohdaten
2023-02-10;411,50;Rohdaten
2023-02-11;411,51;Rohdaten
2023-02-12;411,50;Rohdaten
2023-02-13;411,49;Rohdaten
2023-02-14;411,47;Rohdaten
2023-02-15;411,46;Rohdaten
2023-02-16;411,45;Rohdaten
2023-02-17;411,48;Rohdaten
2023-02-18;411,50;Rohdaten
2023-02-19;411,50;Rohdaten
2023-02-20;411,51;Rohdaten
2023-02-21;411,52;Rohdaten
2023-02-22;411,52;Rohdaten
2023-02-23;411,52;Rohdaten
2023-02-24;411,53;Rohdaten
2023-02-25;411,52;Rohdaten
2023-02-26;411,51;Rohdaten
2023-02-27;411,51;Rohdaten
2023-02-28;411,51;Rohdaten
2023-03-01;411,51;Rohdaten
2023-03-02;411,52;Rohdaten
2023-03-03;411,51;Rohdaten
2023-03-04;411,51;Rohdaten
2023-03-05;411,52;Rohdaten
2023-03-06;411,51;Rohdaten
2023-03-07;411,48;Rohdaten
2023-03-08;411,47;Rohdaten
2023-03-09;411,47;Rohdaten
2023-03-10;411,51;Rohdaten
2023-03-11;411,57;Rohdaten
2023-03-12;411,61;Rohdaten
2023-03-13;411,62;Rohdaten
2023-03-14;411,62;Rohdaten
2023-03-15;411,59;Rohdaten
2023-03-16;411,56;Rohdaten
2023-03-17;411,52;Rohdaten
2023-03-18;411,48;Rohdaten
2023-03-19;411,49;Rohdaten
2023-03-20;411,48;Rohdaten
2023-03-21;411,44;Rohdaten
2023-03-22;411,40;Rohdaten
2023-03-23;411,33;Rohdaten
2023-03-24;411,37;Rohdaten
2023-03-25;411,39;Rohdaten
2023-03-26;411,41;Rohdaten
2023-03-27;411,39;Rohdaten
2023-03-28;411,34;Rohdaten
2023-03-29;411,31;Rohdaten
2023-03-30;411,28;Rohdaten
2023-03-31;411,31;Rohdaten
2023-04-01;411,36;Rohdaten
2023-04-02;411,36;Rohdaten
2023-04-03;411,35;Rohdaten
2023-04-04;411,31;Rohdaten
2023-04-05;411,32;Rohdaten
2023-04-06;411,32;Rohdaten
2023-04-07;411,38;Rohdaten
2023-04-08;411,35;Rohdaten
2023-04-09;411,32;Rohdaten
2023-04-10;411,28;Rohdaten
2023-04-11;411,27;Rohdaten
2023-04-12;411,35;Rohdaten
2023-04-13;411,41;Rohdaten
2023-04-14;411,45;Rohdaten
2023-04-15;411,46;Rohdaten
2023-04-16;411,53;Rohdaten
2023-04-17;411,67;Rohdaten
2023-04-18;411,53;Rohdaten
2023-04-19;411,49;Rohdaten
2023-04-20;411,53;Rohdaten
2023-04-21;411,52;Rohdaten
2023-04-22;411,54;Rohdaten
2023-04-23;411,56;Rohdaten
2023-04-24;411,64;Rohdaten
2023-04-25;411,61;Rohdaten
2023-04-26;411,55;Rohdaten
2023-04-27;411,49;Rohdaten
2023-04-28;411,53;Rohdaten
2023-04-29;411,75;Rohdaten
2023-04-30;411,88;Rohdaten
2023-05-01;411,89;Rohdaten
2023-05-02;411,83;Rohdaten
2023-05-03;411,80;Rohdaten
2023-05-04;411,69;Rohdaten
2023-05-05;411,56;Rohdaten
2023-05-06;411,48;Rohdaten
2023-05-07;411,51;Rohdaten
2023-05-08;411,52;Rohdaten
2023-05-09;411,51;Rohdaten
2023-05-10;411,51;Rohdaten
2023-05-11;411,53;Rohdaten
2023-05-12;411,65;Rohdaten
2023-05-13;411,64;Rohdaten
2023-05-14;411,61;Rohdaten
2023-05-15;411,57;Rohdaten
2023-05-16;411,56;Rohdaten
2023-05-17;411,60;Rohdaten
2023-05-18;411,50;Rohdaten
2023-05-19;411,45;Rohdaten
2023-05-20;411,51;Rohdaten
2023-05-21;411,50;Rohdaten
2023-05-22;411,50;Rohdaten
2023-05-23;411,50;Rohdaten
2023-05-24;411,50;Rohdaten
2023-05-25;411,48;Rohdaten
2023-05-26;411,48;Rohdaten
2023-05-27;411,49;Rohdaten
2023-05-28;411,48;Rohdaten
2023-05-29;411,48;Rohdaten
2023-05-30;411,47;Rohdaten
2023-05-31;411,38;Rohdaten
2023-06-01;411,24;Rohdaten
2023-06-02;411,35;Rohdaten
2023-06-03;411,37;Rohdaten
2023-06-04;411,38;Rohdaten
2023-06-05;411,36;Rohdaten
2023-06-06;411,34;Rohdaten
2023-06-07;411,28;Rohdaten
2023-06-08;411,19;Rohdaten
2023-06-09;411,18;Rohdaten
2023-06-10;411,17;Rohdaten
2023-06-11;411,16;Rohdaten
2023-06-12;411,17;Rohdaten
2023-06-13;411,17;Rohdaten
2023-06-14;411,17;Rohdaten
2023-06-15;411,17;Rohdaten
2023-06-16;411,27;Rohdaten
2023-06-17;411,44;Rohdaten
2023-06-18;411,44;Rohdaten
2023-06-19;411,41;Rohdaten
2023-06-20;411,37;Rohdaten
2023-06-21;411,36;Rohdaten
2023-06-22;411,43;Rohdaten
2023-06-23;411,37;Rohdaten
2023-06-24;411,32;Rohdaten
2023-06-25;411,30;Rohdaten
2023-06-26;411,29;Rohdaten
2023-06-27;411,28;Rohdaten
2023-06-28;411,27;Rohdaten
2023-06-29;411,34;Rohdaten
2023-06-30;411,38;Rohdaten
2023-07-01;411,37;Rohdaten
2023-07-02;411,34;Rohdaten
2023-07-03;411,32;Rohdaten
2023-07-04;411,30;Rohdaten
2023-07-05;411,33;Rohdaten
2023-07-06;411,42;Rohdaten
2023-07-07;411,37;Rohdaten
2023-07-08;411,32;Rohdaten
2023-07-09;411,30;Rohdaten
2023-07-10;411,29;Rohdaten
2023-07-11;411,29;Rohdaten
2023-07-12;411,30;Rohdaten
2023-07-13;411,30;Rohdaten
2023-07-14;411,29;Rohdaten
2023-07-15;411,28;Rohdaten
2023-07-16;411,29;Rohdaten
2023-07-17;411,30;Rohdaten
2023-07-18;411,31;Rohdaten
2023-07-19;411,31;Rohdaten
2023-07-20;411,32;Rohdaten
2023-07-21;411,34;Rohdaten
2023-07-22;411,32;Rohdaten
2023-07-23;411,32;Rohdaten
2023-07-24;411,31;Rohdaten
2023-07-25;411,31;Rohdaten
2023-07-26;411,35;Rohdaten
2023-07-27;411,38;Rohdaten
2023-07-28;411,40;Rohdaten
2023-07-29;411,43;Rohdaten
2023-07-30;411,45;Rohdaten
2023-07-31;411,45;Rohdaten
2023-08-01;411,47;Rohdaten
2023-08-02;411,49;Rohdaten
2023-08-03;411,50;Rohdaten
2023-08-04;411,50;Rohdaten
2023-08-05;411,52;Rohdaten
2023-08-06;411,53;Rohdaten
2023-08-07;411,55;Rohdaten
2023-08-08;411,54;Rohdaten
2023-08-09;411,53;Rohdaten
2023-08-10;411,53;Rohdaten
2023-08-11;411,53;Rohdaten
2023-08-12;411,55;Rohdaten
2023-08-13;411,60;Rohdaten
2023-08-14;411,57;Rohdaten
2023-08-15;411,54;Rohdaten
2023-08-16;411,54;Rohdaten
2023-08-17;411,53;Rohdaten
2023-08-18;411,53;Rohdaten
2023-08-19;411,52;Rohdaten
2023-08-20;411,52;Rohdaten
2023-08-21;411,52;Rohdaten
2023-08-22;411,52;Rohdaten
2023-08-23;411,52;Rohdaten
2023-08-24;411,52;Rohdaten
2023-08-25;411,54;Rohdaten
2023-08-26;411,55;Rohdaten
2023-08-27;411,64;Rohdaten
2023-08-28;411,72;Rohdaten
2023-08-29;411,70;Rohdaten
2023-08-30;411,77;Rohdaten
2023-08-31;411,69;Rohdaten
2023-09-01;411,65;Rohdaten
2023-09-02;411,64;Rohdaten
2023-09-03;411,61;Rohdaten
2023-09-04;411,60;Rohdaten
2023-09-05;411,58;Rohdaten
2023-09-06;411,57;Rohdaten
2023-09-07;411,57;Rohdaten
2023-09-08;411,56;Rohdaten
2023-09-09;411,55;Rohdaten
2023-09-10;411,54;Rohdaten
2023-09-11;411,54;Rohdaten
2023-09-12;411,54;Rohdaten
2023-09-13;411,52;Rohdaten
2023-09-14;411,52;Rohdaten
2023-09-15;411,52;Rohdaten
2023-09-16;411,51;Rohdaten
2023-09-17;411,50;Rohdaten
2023-09-18;411,50;Rohdaten
2023-09-19;411,49;Rohdaten
2023-09-20;411,50;Rohdaten
2023-09-21;411,50;Rohdaten
2023-09-22;411,48;Rohdaten
2023-09-23;411,48;Rohdaten
2023-09-24;411,46;Rohdaten
2023-09-25;411,47;Rohdaten
2023-09-26;411,46;Rohdaten
2023-09-27;411,46;Rohdaten
2023-09-28;411,45;Rohdaten
2023-09-29;411,45;Rohdaten
2023-09-30;411,45;Rohdaten
2023-10-01;411,46;Rohdaten
2023-10-02;411,46;Rohdaten
2023-10-03;411,45;Rohdaten
2023-10-04;411,45;Rohdaten
2023-10-05;411,45;Rohdaten
2023-10-06;411,45;Rohdaten
2023-10-07;411,45;Rohdaten
2023-10-08;411,45;Rohdaten
2023-10-09;411,45;Rohdaten
2023-10-10;411,46;Rohdaten
2023-10-11;411,46;Rohdaten
2023-10-12;411,44;Rohdaten
2023-10-13;411,44;Rohdaten
2023-10-14;411,42;Rohdaten
2023-10-15;411,42;Rohdaten
2023-10-16;411,42;Rohdaten
2023-10-17;411,44;Rohdaten
2023-10-18;411,47;Rohdaten
2023-10-19;411,46;Rohdaten
2023-10-20;411,47;Rohdaten
2023-10-21;411,46;Rohdaten
2023-10-22;411,46;Rohdaten
2023-10-23;411,50;Rohdaten
2023-10-24;411,60;Rohdaten
2023-10-25;411,60;Rohdaten
2023-10-26;411,57;Rohdaten
2023-10-27;411,57;Rohdaten
2023-10-28;411,58;Rohdaten
2023-10-29;411,58;Rohdaten
2023-10-30;411,57;Rohdaten
2023-10-31;411,54;Rohdaten
2023-11-01;411,55;Rohdaten
2023-11-02;411,57;Rohdaten
2023-11-03;411,58;Rohdaten
2023-11-04;411,59;Rohdaten
2023-11-05;411,58;Rohdaten
2023-11-06;411,56;Rohdaten
2023-11-07;411,56;Rohdaten
2023-11-08;411,58;Rohdaten
2023-11-09;411,58;Rohdaten
2023-11-10;411,56;Rohdaten
2023-11-11;411,54;Rohdaten
2023-11-12;411,54;Rohdaten
2023-11-13;411,58;Rohdaten
2023-11-14;411,70;Rohdaten
2023-11-15;411,78;Rohdaten
2023-11-16;411,88;Rohdaten
2023-11-17;411,98;Rohdaten
2023-11-18;412,01;Rohdaten
2023-11-19;412,07;Rohdaten
2023-11-20;412,08;Rohdaten
2023-11-21;412,09;Rohdaten
2023-11-22;412,07;Rohdaten
2023-11-23;412,02;Rohdaten
2023-11-24;411,99;Rohdaten
2023-11-25;411,96;Rohdaten
2023-11-26;411,92;Rohdaten
2023-11-27;411,87;Rohdaten
2023-11-28;411,94;Rohdaten
2023-11-29;412,05;Rohdaten
2023-11-30;411,99;Rohdaten
2023-12-01;411,92;Rohdaten
2023-12-02;411,87;Rohdaten
2023-12-03;411,83;Rohdaten
2023-12-04;411,82;Rohdaten
2023-12-05;411,80;Rohdaten
2023-12-06;411,91;Rohdaten
2023-12-07;412,07;Rohdaten
2023-12-08;412,04;Rohdaten
2023-12-09;412,11;Rohdaten
2023-12-10;412,25;Rohdaten
2023-12-11;412,22;Rohdaten
2023-12-12;412,13;Rohdaten
2023-12-13;412,15;Rohdaten
2023-12-14;412,16;Rohdaten
2023-12-15;412,08;Rohdaten
2023-12-16;411,99;Rohdaten
2023-12-17;411,89;Rohdaten
2023-12-18;411,78;Rohdaten
2023-12-19;411,71;Rohdaten
2023-12-20;411,72;Rohdaten
2023-12-21;411,74;Rohdaten
2023-12-22;412,02;Rohdaten
2023-12-23;412,30;Rohdaten
2023-12-24;412,32;Rohdaten
2023-12-25;412,26;Rohdaten
2023-12-26;412,22;Rohdaten
2023-12-27;412,21;Rohdaten
2023-12-28;412,19;Rohdaten
2023-12-29;412,17;Rohdaten
2023-12-30;412,14;Rohdaten
2023-12-31;412,13;Rohdaten
