﻿Quelle:;"Bayerisches Landesamt für Umwelt, www.gkd.bayern.de"
Datenbankabfrage:;"08.10.2024 21:50"
Zeitbezug:;MEZ
Messstellen-Name:;"GUN_HW_KB 4"
Messstellen-Nr.:;3650
Ostwert:;627845;Nordwert:;5441808;"ETRS89 / UTM Zone 32N"

Datum;"Grundwasserstand [m ü. NN]";Prüfstatus
2024-01-01;412,16;Rohdaten
2024-01-02;412,17;Rohdaten
2024-01-03;412,17;Rohdaten
2024-01-04;412,19;Rohdaten
2024-01-05;412,31;Rohdaten
2024-01-06;412,35;Rohdaten
2024-01-07;412,36;Rohdaten
2024-01-08;412,36;Rohdaten
2024-01-09;412,42;Rohdaten
2024-01-10;412,44;Rohdaten
2024-01-11;412,43;Rohdaten
2024-01-12;412,41;Rohdaten
2024-01-13;412,37;Rohdaten
2024-01-14;412,33;Rohdaten
2024-01-15;412,29;Rohdaten
2024-01-16;412,25;Rohdaten
2024-01-17;412,22;Rohdaten
2024-01-18;412,23;Rohdaten
2024-01-19;412,26;Rohdaten
2024-01-20;412,28;Rohdaten
2024-01-21;412,30;Rohdaten
2024-01-22;412,30;Rohdaten
2024-01-23;412,36;Rohdaten
2024-01-24;412,42;Rohdaten
2024-01-25;412,45;Rohdaten
2024-03-14;411,78;Rohdaten
2024-03-15;411,76;Rohdaten
2024-03-16;411,76;Rohdaten
2024-03-17;411,77;Rohdaten
2024-03-18;411,78;Rohdaten
2024-03-19;411,78;Rohdaten
2024-03-20;411,77;Rohdaten
2024-03-21;411,75;Rohdaten
2024-03-22;411,76;Rohdaten
2024-03-23;411,75;Rohdaten
2024-03-24;411,75;Rohdaten
2024-03-25;411,75;Rohdaten
2024-03-26;411,76;Rohdaten
2024-03-27;411,76;Rohdaten
2024-03-28;411,82;Rohdaten
2024-03-29;411,86;Rohdaten
2024-03-30;411,90;Rohdaten
2024-03-31;411,90;Rohdaten
2024-04-01;411,86;Rohdaten
2024-04-02;411,80;Rohdaten
2024-04-03;411,78;Rohdaten
2024-04-04;411,77;Rohdaten
2024-04-05;411,78;Rohdaten
2024-04-06;411,79;Rohdaten
2024-04-07;411,81;Rohdaten
2024-04-08;411,80;Rohdaten
2024-04-09;411,76;Rohdaten
2024-04-10;411,73;Rohdaten
2024-04-11;411,72;Rohdaten
2024-04-12;411,71;Rohdaten
2024-04-13;411,72;Rohdaten
2024-04-14;411,71;Rohdaten
2024-04-15;411,72;Rohdaten
2024-04-16;411,71;Rohdaten
2024-04-17;411,71;Rohdaten
2024-04-18;411,71;Rohdaten
2024-04-19;411,73;Rohdaten
2024-04-20;411,73;Rohdaten
2024-04-21;411,74;Rohdaten
2024-04-22;411,76;Rohdaten
2024-04-23;411,77;Rohdaten
2024-04-24;411,78;Rohdaten
2024-04-25;411,74;Rohdaten
2024-04-26;411,71;Rohdaten
2024-04-27;411,72;Rohdaten
2024-04-28;411,72;Rohdaten
2024-04-29;411,70;Rohdaten
2024-04-30;411,71;Rohdaten
2024-05-01;411,71;Rohdaten
2024-05-02;411,70;Rohdaten
2024-05-03;411,70;Rohdaten
2024-05-04;411,76;Rohdaten
2024-05-05;411,81;Rohdaten
2024-05-06;411,84;Rohdaten
2024-05-07;411,81;Rohdaten
2024-05-08;411,76;Rohdaten
2024-05-09;411,74;Rohdaten
2024-05-10;411,71;Rohdaten
2024-05-11;411,70;Rohdaten
2024-05-12;411,69;Rohdaten
2024-05-13;411,69;Rohdaten
2024-05-14;411,69;Rohdaten
2024-05-15;411,67;Rohdaten
2024-05-16;411,67;Rohdaten
2024-05-17;411,68;Rohdaten
2024-05-18;411,73;Rohdaten
2024-05-19;411,74;Rohdaten
2024-05-20;411,74;Rohdaten
2024-05-21;411,74;Rohdaten
2024-05-22;411,72;Rohdaten
2024-05-23;411,71;Rohdaten
2024-05-24;411,83;Rohdaten
2024-05-25;411,90;Rohdaten
2024-05-26;411,98;Rohdaten
2024-05-27;412,01;Rohdaten
2024-05-28;412,00;Rohdaten
2024-05-29;411,97;Rohdaten
2024-05-30;411,92;Rohdaten
2024-05-31;411,90;Rohdaten
2024-06-01;412,34;Rohdaten
2024-06-02;412,61;Rohdaten
2024-06-03;412,63;Rohdaten
2024-06-04;412,51;Rohdaten
2024-06-05;412,39;Rohdaten
2024-06-06;412,35;Rohdaten
2024-06-07;412,32;Rohdaten
2024-06-08;412,31;Rohdaten
2024-06-09;412,32;Rohdaten
2024-06-10;412,29;Rohdaten
2024-06-11;412,27;Rohdaten
2024-06-12;412,24;Rohdaten
2024-06-13;412,18;Rohdaten
2024-06-14;412,10;Rohdaten
2024-06-15;412,01;Rohdaten
2024-06-16;411,93;Rohdaten
2024-06-17;411,84;Rohdaten
2024-06-18;411,79;Rohdaten
2024-06-19;411,74;Rohdaten
2024-06-20;411,72;Rohdaten
2024-06-21;411,72;Rohdaten
2024-06-22;411,72;Rohdaten
2024-06-23;411,73;Rohdaten
2024-06-24;411,72;Rohdaten
2024-06-25;411,71;Rohdaten
2024-06-26;411,70;Rohdaten
2024-06-27;411,71;Rohdaten
2024-06-28;411,72;Rohdaten
2024-06-29;411,73;Rohdaten
2024-06-30;411,71;Rohdaten
2024-07-01;411,69;Rohdaten
2024-07-02;411,69;Rohdaten
2024-07-03;411,69;Rohdaten
2024-07-04;411,70;Rohdaten
2024-07-05;411,69;Rohdaten
2024-07-06;411,70;Rohdaten
2024-07-07;411,69;Rohdaten
2024-07-08;411,69;Rohdaten
2024-07-09;411,68;Rohdaten
2024-07-10;411,67;Rohdaten
2024-07-11;411,80;Rohdaten
2024-07-12;411,79;Rohdaten
2024-07-13;411,87;Rohdaten
2024-07-14;411,89;Rohdaten
2024-07-15;411,84;Rohdaten
2024-07-16;411,80;Rohdaten
2024-07-17;411,77;Rohdaten
2024-07-18;411,73;Rohdaten
2024-07-19;411,71;Rohdaten
2024-07-20;411,69;Rohdaten
2024-07-21;411,68;Rohdaten
2024-07-22;411,67;Rohdaten
2024-07-23;411,67;Rohdaten
2024-07-24;411,67;Rohdaten
2024-07-25;411,66;Rohdaten
2024-07-26;411,65;Rohdaten
2024-07-27;411,64;Rohdaten
2024-07-28;411,63;Rohdaten
2024-07-29;411,64;Rohdaten
2024-07-30;411,64;Rohdaten
2024-07-31;411,64;Rohdaten
2024-08-01;411,64;Rohdaten
2024-08-02;411,64;Rohdaten
2024-08-03;411,64;Rohdaten
2024-08-04;411,64;Rohdaten
2024-08-05;411,67;Rohdaten
2024-08-06;411,70;Rohdaten
2024-08-07;411,71;Rohdaten
2024-08-08;411,74;Rohdaten
2024-08-09;411,71;Rohdaten
2024-08-10;411,67;Rohdaten
2024-08-11;411,66;Rohdaten
2024-08-12;411,64;Rohdaten
2024-08-13;411,63;Rohdaten
2024-08-14;411,63;Rohdaten
2024-08-15;411,62;Rohdaten
2024-08-16;411,63;Rohdaten
2024-08-17;411,64;Rohdaten
2024-08-18;411,67;Rohdaten
2024-08-19;411,84;Rohdaten
2024-08-20;411,87;Rohdaten
2024-08-21;411,82;Rohdaten
2024-08-22;411,78;Rohdaten
2024-08-23;411,72;Rohdaten
2024-08-24;411,69;Rohdaten
2024-08-25;411,66;Rohdaten
2024-08-26;411,66;Rohdaten
2024-08-27;411,65;Rohdaten
2024-08-28;411,64;Rohdaten
2024-08-29;411,63;Rohdaten
2024-08-30;411,62;Rohdaten
2024-08-31;411,62;Rohdaten
2024-09-01;411,62;Rohdaten
2024-09-02;411,61;Rohdaten
2024-09-03;411,63;Rohdaten
2024-09-04;411,64;Rohdaten
2024-09-05;411,66;Rohdaten
2024-09-06;411,63;Rohdaten
2024-09-07;411,62;Rohdaten
2024-09-08;411,63;Rohdaten
2024-09-09;411,71;Rohdaten
2024-09-10;411,72;Rohdaten
2024-09-11;411,74;Rohdaten
2024-09-12;411,76;Rohdaten
2024-09-13;411,74;Rohdaten
2024-09-14;411,73;Rohdaten
2024-09-15;411,71;Rohdaten
2024-09-16;411,76;Rohdaten
2024-09-17;411,86;Rohdaten
2024-09-18;411,85;Rohdaten
