﻿Quelle:;"Bayerisches Landesamt für Umwelt, www.gkd.bayern.de"
Datenbankabfrage:;"08.10.2024 21:50"
Zeitbezug:;MEZ
Messstellen-Name:;"Windsbach HW GWM B2"
Messstellen-Nr.:;3652
Ostwert:;632801;Nordwert:;5456426;"ETRS89 / UTM Zone 32N"

Datum;"Grundwasserstand [m ü. NN]";Prüfstatus
2024-03-19;375,63;Rohdaten
2024-03-20;375,62;Rohdaten
2024-03-21;375,62;Rohdaten
2024-03-22;375,61;Rohdaten
2024-03-23;375,61;Rohdaten
2024-03-24;375,62;Rohdaten
2024-03-25;375,66;Rohdaten
2024-03-26;375,65;Rohdaten
2024-03-27;375,63;Rohdaten
2024-03-28;375,86;Rohdaten
2024-03-29;375,85;Rohdaten
2024-03-30;375,77;Rohdaten
2024-03-31;375,71;Rohdaten
2024-04-01;375,68;Rohdaten
2024-04-02;375,67;Rohdaten
2024-04-03;375,65;Rohdaten
2024-04-04;375,67;Rohdaten
2024-04-05;375,72;Rohdaten
2024-04-06;375,69;Rohdaten
2024-04-07;375,66;Rohdaten
2024-04-08;375,64;Rohdaten
2024-04-09;375,63;Rohdaten
2024-04-10;375,62;Rohdaten
2024-04-11;375,61;Rohdaten
2024-04-12;375,60;Rohdaten
2024-04-13;375,59;Rohdaten
2024-04-14;375,60;Rohdaten
2024-04-15;375,61;Rohdaten
2024-04-16;375,62;Rohdaten
2024-04-17;375,65;Rohdaten
2024-04-18;375,64;Rohdaten
2024-04-19;375,64;Rohdaten
2024-04-20;375,71;Rohdaten
2024-04-21;375,69;Rohdaten
2024-04-22;375,70;Rohdaten
2024-04-23;375,67;Rohdaten
2024-04-24;375,65;Rohdaten
2024-04-25;375,64;Rohdaten
2024-04-26;375,63;Rohdaten
2024-04-27;375,62;Rohdaten
2024-04-28;375,60;Rohdaten
2024-04-29;375,59;Rohdaten
2024-04-30;375,59;Rohdaten
2024-05-01;375,59;Rohdaten
2024-05-02;375,58;Rohdaten
2024-05-03;375,62;Rohdaten
2024-05-04;375,63;Rohdaten
2024-05-05;375,60;Rohdaten
2024-05-06;375,62;Rohdaten
2024-05-07;375,62;Rohdaten
2024-05-08;375,60;Rohdaten
2024-05-09;375,59;Rohdaten
2024-05-10;375,58;Rohdaten
2024-05-11;375,57;Rohdaten
2024-05-12;375,57;Rohdaten
2024-05-13;375,56;Rohdaten
2024-05-14;375,55;Rohdaten
2024-05-15;375,55;Rohdaten
2024-05-16;375,55;Rohdaten
2024-05-17;375,62;Rohdaten
2024-05-18;375,68;Rohdaten
2024-05-19;375,66;Rohdaten
2024-05-20;375,61;Rohdaten
2024-05-21;375,59;Rohdaten
2024-05-22;375,60;Rohdaten
2024-05-23;375,59;Rohdaten
2024-05-24;375,66;Rohdaten
2024-05-25;375,65;Rohdaten
2024-05-26;375,63;Rohdaten
2024-05-27;375,60;Rohdaten
2024-05-28;375,59;Rohdaten
2024-05-29;375,58;Rohdaten
2024-05-30;375,60;Rohdaten
2024-05-31;375,69;Rohdaten
2024-06-01;376,16;Rohdaten
2024-06-02;376,68;Rohdaten
2024-06-03;376,83;Rohdaten
2024-06-04;376,87;Rohdaten
