﻿Quelle:;"Bayerisches Landesamt für Umwelt, www.gkd.bayern.de"
Datenbankabfrage:;"08.10.2024 21:50"
Zeitbezug:;MEZ
Messstellen-Name:;"Windsbach HW GWM B2"
Messstellen-Nr.:;3652
Ostwert:;632801;Nordwert:;5456426;"ETRS89 / UTM Zone 32N"

Datum;"Grundwasserstand [m ü. NN]";Prüfstatus
2014-07-08;375,42;Rohdaten
2014-07-09;375,52;Rohdaten
2014-07-10;375,53;Rohdaten
2014-07-11;375,47;Rohdaten
2014-07-12;375,43;Rohdaten
2014-07-13;375,44;Rohdaten
2014-07-14;375,48;Rohdaten
2014-07-15;375,43;Rohdaten
2014-07-16;375,42;Rohdaten
2014-07-17;375,40;Rohdaten
2014-07-18;375,40;Rohdaten
2014-07-19;375,38;Rohdaten
2014-07-20;375,38;Rohdaten
2014-07-21;375,39;Rohdaten
2014-07-22;375,49;Rohdaten
2014-07-23;375,51;Rohdaten
2014-07-24;375,44;Rohdaten
2014-07-25;375,41;Rohdaten
2014-07-26;375,39;Rohdaten
2014-07-27;375,40;Rohdaten
2014-07-28;375,54;Rohdaten
2014-07-29;375,51;Rohdaten
2014-07-30;375,61;Rohdaten
2014-07-31;375,55;Rohdaten
2014-08-01;375,47;Rohdaten
2014-08-02;375,45;Rohdaten
2014-08-03;375,63;Rohdaten
2014-08-04;375,50;Rohdaten
2014-08-07;375,43;Rohdaten
2014-08-08;375,41;Rohdaten
2014-08-09;375,41;Rohdaten
2014-08-10;375,40;Rohdaten
2014-08-11;375,42;Rohdaten
2014-08-12;375,43;Rohdaten
2014-08-13;375,42;Rohdaten
2014-08-14;375,42;Rohdaten
2014-08-15;375,44;Rohdaten
2014-08-16;375,45;Rohdaten
2014-08-17;375,43;Rohdaten
2014-08-18;375,42;Rohdaten
2014-08-19;375,40;Rohdaten
2014-08-20;375,40;Rohdaten
2014-08-21;375,40;Rohdaten
2014-08-22;375,39;Rohdaten
2014-08-23;375,40;Rohdaten
2014-08-24;375,39;Rohdaten
2014-08-25;375,39;Rohdaten
2014-08-26;375,45;Rohdaten
2014-08-27;375,61;Rohdaten
2014-08-28;375,57;Rohdaten
2014-08-29;375,49;Rohdaten
2014-08-30;375,46;Rohdaten
2014-08-31;375,49;Rohdaten
2014-09-01;375,70;Rohdaten
2014-09-02;375,56;Rohdaten
2014-09-03;375,51;Rohdaten
2014-09-04;375,48;Rohdaten
2014-09-05;375,47;Rohdaten
2014-09-06;375,46;Rohdaten
2014-09-07;375,46;Rohdaten
2014-09-08;375,62;Rohdaten
2014-09-09;375,51;Rohdaten
2014-09-10;375,47;Rohdaten
2014-09-11;375,46;Rohdaten
2014-09-12;375,55;Rohdaten
2014-09-13;375,85;Rohdaten
2014-09-14;375,80;Rohdaten
2014-09-15;375,63;Rohdaten
2014-09-16;375,55;Rohdaten
2014-09-17;375,52;Rohdaten
2014-09-18;375,50;Rohdaten
2014-09-19;375,49;Rohdaten
2014-09-20;375,48;Rohdaten
2014-09-21;375,50;Rohdaten
2014-09-22;375,64;Rohdaten
2014-09-23;375,59;Rohdaten
2014-09-24;375,54;Rohdaten
2014-09-25;375,52;Rohdaten
2014-09-26;375,50;Rohdaten
2014-09-27;375,48;Rohdaten
2014-09-28;375,48;Rohdaten
2014-09-29;375,47;Rohdaten
2014-09-30;375,48;Rohdaten
2014-10-01;375,47;Rohdaten
2014-10-02;375,46;Rohdaten
2015-03-18;375,56;Rohdaten
2015-03-19;375,55;Rohdaten
2015-03-20;375,55;Rohdaten
2015-03-21;375,55;Rohdaten
2015-03-22;375,54;Rohdaten
2015-03-23;375,54;Rohdaten
2015-03-24;375,54;Rohdaten
2015-03-25;375,54;Rohdaten
2015-03-26;375,53;Rohdaten
2015-03-27;375,53;Rohdaten
2015-03-28;375,53;Rohdaten
2015-03-29;375,54;Rohdaten
2015-03-30;375,63;Rohdaten
2015-03-31;375,64;Rohdaten
2015-04-01;375,68;Rohdaten
2015-04-02;375,70;Rohdaten
2015-04-03;375,77;Rohdaten
2015-04-04;375,67;Rohdaten
2015-04-05;375,62;Rohdaten
2015-04-06;375,60;Rohdaten
2015-04-07;375,58;Rohdaten
2015-04-08;375,57;Rohdaten
2015-04-09;375,56;Rohdaten
2015-04-10;375,55;Rohdaten
2015-04-11;375,55;Rohdaten
2015-04-12;375,54;Rohdaten
2015-04-13;375,53;Rohdaten
2015-04-14;375,53;Rohdaten
2015-04-15;375,52;Rohdaten
2015-04-16;375,52;Rohdaten
2015-04-17;375,52;Rohdaten
2015-04-18;375,51;Rohdaten
2015-04-19;375,51;Rohdaten
2015-04-20;375,50;Rohdaten
2015-04-21;375,50;Rohdaten
2015-04-22;375,50;Rohdaten
2015-04-23;375,50;Rohdaten
2015-04-24;375,50;Rohdaten
2015-04-25;375,50;Rohdaten
2015-04-26;375,50;Rohdaten
2015-04-27;375,50;Rohdaten
2015-04-28;375,60;Rohdaten
2015-04-29;375,57;Rohdaten
2015-04-30;375,53;Rohdaten
2015-05-01;375,53;Rohdaten
2015-05-02;375,57;Rohdaten
2015-05-03;375,56;Rohdaten
2015-05-04;375,59;Rohdaten
2015-05-05;375,58;Rohdaten
2015-05-06;375,56;Rohdaten
2015-05-07;375,54;Rohdaten
2015-05-08;375,52;Rohdaten
2015-05-09;375,51;Rohdaten
2015-05-10;375,50;Rohdaten
2015-05-11;375,50;Rohdaten
2015-05-12;375,50;Rohdaten
2015-05-13;375,50;Rohdaten
2015-05-14;375,49;Rohdaten
2015-05-15;375,48;Rohdaten
2015-05-16;375,48;Rohdaten
2015-05-17;375,48;Rohdaten
2015-05-18;375,48;Rohdaten
2015-05-19;375,48;Rohdaten
2015-05-20;375,48;Rohdaten
2015-05-21;375,48;Rohdaten
2015-05-22;375,47;Rohdaten
2015-05-23;375,48;Rohdaten
2015-05-24;375,47;Rohdaten
2015-05-25;375,48;Rohdaten
2015-05-26;375,52;Rohdaten
2015-05-27;375,49;Rohdaten
2015-05-28;375,48;Rohdaten
2015-05-29;375,48;Rohdaten
2015-05-30;375,48;Rohdaten
2015-05-31;375,48;Rohdaten
2015-06-01;375,48;Rohdaten
2015-06-02;375,48;Rohdaten
2015-06-03;375,47;Rohdaten
2015-06-04;375,46;Rohdaten
2015-06-05;375,46;Rohdaten
2015-06-06;375,45;Rohdaten
2015-06-07;375,55;Rohdaten
2015-06-08;375,58;Rohdaten
2015-06-09;375,71;Rohdaten
2015-06-10;375,56;Rohdaten
2015-06-11;375,53;Rohdaten
2015-06-12;375,51;Rohdaten
2015-06-13;375,50;Rohdaten
2015-06-14;375,49;Rohdaten
2015-06-15;375,48;Rohdaten
2015-06-16;375,48;Rohdaten
2015-06-17;375,47;Rohdaten
2015-06-18;375,49;Rohdaten
2015-06-19;375,54;Rohdaten
2015-06-20;375,51;Rohdaten
2015-06-21;375,49;Rohdaten
2015-06-22;375,50;Rohdaten
2015-06-23;375,56;Rohdaten
2015-06-24;375,53;Rohdaten
2015-06-25;375,50;Rohdaten
2015-06-26;375,49;Rohdaten
2015-06-27;375,49;Rohdaten
2015-06-28;375,50;Rohdaten
2015-06-29;375,48;Rohdaten
2015-06-30;375,47;Rohdaten
2015-07-01;375,46;Rohdaten
2015-07-02;375,46;Rohdaten
2015-07-03;375,45;Rohdaten
2015-07-04;375,45;Rohdaten
2015-07-05;375,45;Rohdaten
2015-07-06;375,43;Rohdaten
2015-07-07;375,45;Rohdaten
2015-07-08;375,48;Rohdaten
2015-07-09;375,47;Rohdaten
2015-07-10;375,46;Rohdaten
2015-07-11;375,45;Rohdaten
2015-07-12;375,45;Rohdaten
2015-07-13;375,44;Rohdaten
2015-07-14;375,45;Rohdaten
2015-07-15;375,46;Rohdaten
2015-07-16;375,44;Rohdaten
2015-07-17;375,44;Rohdaten
2015-07-18;375,44;Rohdaten
2015-07-19;375,44;Rohdaten
2015-07-20;375,44;Rohdaten
2015-07-21;375,43;Rohdaten
2015-07-22;375,43;Rohdaten
2015-07-23;375,59;Rohdaten
2015-07-24;375,57;Rohdaten
2015-07-25;375,48;Rohdaten
2015-07-26;375,45;Rohdaten
2015-07-27;375,45;Rohdaten
2015-07-28;375,45;Rohdaten
2015-07-29;375,45;Rohdaten
2015-07-30;375,44;Rohdaten
2015-07-31;375,44;Rohdaten
2015-08-01;375,44;Rohdaten
2015-08-02;375,43;Rohdaten
2015-08-03;375,42;Rohdaten
2015-08-04;375,44;Rohdaten
2015-08-05;375,43;Rohdaten
2015-08-06;375,42;Rohdaten
2015-08-07;375,42;Rohdaten
2015-08-08;375,42;Rohdaten
2015-08-09;375,42;Rohdaten
2015-08-10;375,42;Rohdaten
2015-08-11;375,43;Rohdaten
2015-08-12;375,43;Rohdaten
2015-08-13;375,42;Rohdaten
2015-08-14;375,43;Rohdaten
2015-08-15;375,43;Rohdaten
2015-08-16;375,47;Rohdaten
2015-08-17;375,51;Rohdaten
2015-08-18;375,49;Rohdaten
2015-08-19;375,47;Rohdaten
2015-08-20;375,46;Rohdaten
2015-08-21;375,45;Rohdaten
2015-08-22;375,45;Rohdaten
2015-08-23;375,45;Rohdaten
2015-08-24;375,45;Rohdaten
2015-08-25;375,46;Rohdaten
2015-08-26;375,45;Rohdaten
2015-08-27;375,44;Rohdaten
2015-08-28;375,43;Rohdaten
2015-08-29;375,42;Rohdaten
2015-08-30;375,42;Rohdaten
2015-08-31;375,42;Rohdaten
2015-09-01;375,42;Rohdaten
2015-09-02;375,43;Rohdaten
2015-09-03;375,44;Rohdaten
2015-09-04;375,43;Rohdaten
2015-09-05;375,43;Rohdaten
2015-09-06;375,42;Rohdaten
2015-09-07;375,44;Rohdaten
2015-09-08;375,44;Rohdaten
2015-09-09;375,44;Rohdaten
2015-09-10;375,44;Rohdaten
2015-09-11;375,43;Rohdaten
2015-09-12;375,42;Rohdaten
2015-09-13;375,42;Rohdaten
2015-09-14;375,43;Rohdaten
2015-09-15;375,44;Rohdaten
2015-09-16;375,44;Rohdaten
2015-09-17;375,43;Rohdaten
2015-09-18;375,43;Rohdaten
2015-09-19;375,44;Rohdaten
2015-09-20;375,43;Rohdaten
2015-09-21;375,44;Rohdaten
2015-09-22;375,44;Rohdaten
2015-09-23;375,46;Rohdaten
2015-09-24;375,46;Rohdaten
2015-09-25;375,43;Rohdaten
2015-09-26;375,43;Rohdaten
2015-09-27;375,43;Rohdaten
2015-09-28;375,43;Rohdaten
2015-09-29;375,45;Rohdaten
2015-09-30;375,46;Rohdaten
2015-10-01;375,44;Rohdaten
2015-10-02;375,43;Rohdaten
2015-10-03;375,43;Rohdaten
2015-10-04;375,45;Rohdaten
2015-10-05;375,50;Rohdaten
2015-10-06;375,47;Rohdaten
2015-10-07;375,56;Rohdaten
2015-10-08;375,49;Rohdaten
2015-10-09;375,45;Rohdaten
2015-10-10;375,45;Rohdaten
2015-10-11;375,43;Rohdaten
2015-10-12;375,44;Rohdaten
2015-10-13;375,43;Rohdaten
2015-10-14;375,45;Rohdaten
2015-10-15;375,48;Rohdaten
2015-10-16;375,50;Rohdaten
2015-10-17;375,47;Rohdaten
2015-10-18;375,46;Rohdaten
2015-10-19;375,46;Rohdaten
2015-10-20;375,45;Rohdaten
2015-10-21;375,44;Rohdaten
2015-10-22;375,45;Rohdaten
2015-10-23;375,44;Rohdaten
2015-10-24;375,45;Rohdaten
2015-10-25;375,44;Rohdaten
2015-10-26;375,44;Rohdaten
2015-10-27;375,45;Rohdaten
2015-10-28;375,45;Rohdaten
2015-10-29;375,45;Rohdaten
2015-10-30;375,45;Rohdaten
2015-10-31;375,45;Rohdaten
2015-11-01;375,44;Rohdaten
2015-11-02;375,44;Rohdaten
2015-11-03;375,44;Rohdaten
2015-11-04;375,44;Rohdaten
2015-11-05;375,45;Rohdaten
2015-11-06;375,44;Rohdaten
2015-11-07;375,45;Rohdaten
2015-11-08;375,44;Rohdaten
2015-11-09;375,44;Rohdaten
2015-11-10;375,44;Rohdaten
2015-11-11;375,44;Rohdaten
2015-11-12;375,44;Rohdaten
2015-11-13;375,44;Rohdaten
2015-11-14;375,44;Rohdaten
2015-11-15;375,46;Rohdaten
2015-11-16;375,44;Rohdaten
2015-11-17;375,44;Rohdaten
2015-11-18;375,44;Rohdaten
2015-11-19;375,45;Rohdaten
2015-11-20;375,67;Rohdaten
2015-11-21;375,98;Rohdaten
2015-11-22;375,73;Rohdaten
2015-11-23;375,60;Rohdaten
2015-11-24;375,55;Rohdaten
2015-11-25;375,53;Rohdaten
2015-11-26;375,53;Rohdaten
2015-11-27;375,53;Rohdaten
2015-11-28;375,51;Rohdaten
2015-11-29;375,53;Rohdaten
2015-11-30;375,57;Rohdaten
2015-12-01;375,72;Rohdaten
2015-12-02;375,68;Rohdaten
2015-12-03;375,60;Rohdaten
2015-12-04;375,56;Rohdaten
2015-12-05;375,54;Rohdaten
2015-12-06;375,53;Rohdaten
2015-12-07;375,52;Rohdaten
2015-12-08;375,51;Rohdaten
2015-12-09;375,51;Rohdaten
2015-12-10;375,53;Rohdaten
2015-12-11;375,51;Rohdaten
2015-12-12;375,51;Rohdaten
2015-12-13;375,51;Rohdaten
2015-12-14;375,50;Rohdaten
2015-12-15;375,49;Rohdaten
2015-12-16;375,49;Rohdaten
2015-12-17;375,51;Rohdaten
2015-12-18;375,51;Rohdaten
2015-12-19;375,51;Rohdaten
2015-12-20;375,50;Rohdaten
2015-12-21;375,50;Rohdaten
2015-12-22;375,51;Rohdaten
2015-12-23;375,50;Rohdaten
2015-12-24;375,49;Rohdaten
2015-12-25;375,49;Rohdaten
2015-12-26;375,48;Rohdaten
2015-12-27;375,48;Rohdaten
2015-12-28;375,48;Rohdaten
2015-12-29;375,48;Rohdaten
2015-12-30;375,48;Rohdaten
2015-12-31;375,48;Rohdaten
2016-01-01;375,52;Rohdaten
2016-01-02;375,50;Rohdaten
2016-01-03;375,54;Rohdaten
2016-01-04;375,56;Rohdaten
2016-01-05;375,62;Rohdaten
2016-01-06;375,74;Rohdaten
2016-01-07;375,79;Rohdaten
2016-01-08;375,73;Rohdaten
2016-01-09;375,67;Rohdaten
2016-01-10;375,63;Rohdaten
2016-01-11;375,64;Rohdaten
2016-01-12;375,70;Rohdaten
2016-01-13;375,77;Rohdaten
2016-01-14;375,82;Rohdaten
2016-01-15;375,72;Rohdaten
2016-01-16;375,66;Rohdaten
2016-01-17;375,63;Rohdaten
2016-01-18;375,61;Rohdaten
2016-01-19;375,60;Rohdaten
2016-01-20;375,59;Rohdaten
2016-01-21;375,57;Rohdaten
2016-01-22;375,58;Rohdaten
2016-01-23;375,57;Rohdaten
2016-01-24;375,62;Rohdaten
2016-01-25;375,73;Rohdaten
2016-01-26;375,83;Rohdaten
2016-01-27;375,73;Rohdaten
2016-01-28;375,66;Rohdaten
2016-01-29;375,64;Rohdaten
2016-01-30;375,63;Rohdaten
2016-01-31;375,68;Rohdaten
2016-02-01;375,91;Rohdaten
2016-02-02;376,15;Rohdaten
2016-02-03;375,92;Rohdaten
2016-02-04;375,84;Rohdaten
2016-02-05;375,93;Rohdaten
2016-02-06;375,90;Rohdaten
2016-02-07;375,79;Rohdaten
2016-02-08;375,74;Rohdaten
2016-02-09;376,03;Rohdaten
2016-02-10;376,44;Rohdaten
2016-02-11;376,51;Rohdaten
2016-02-12;376,26;Rohdaten
2016-02-13;376,00;Rohdaten
2016-02-14;375,98;Rohdaten
2016-02-15;376,13;Rohdaten
2016-02-16;375,96;Rohdaten
2016-02-17;375,83;Rohdaten
2016-02-18;375,78;Rohdaten
2016-02-19;375,74;Rohdaten
2016-02-20;375,74;Rohdaten
2016-02-21;375,89;Rohdaten
2016-02-22;375,93;Rohdaten
2016-02-23;375,85;Rohdaten
2016-02-24;376,04;Rohdaten
2016-02-25;376,01;Rohdaten
2016-02-26;375,86;Rohdaten
2016-02-27;375,79;Rohdaten
2016-02-28;375,75;Rohdaten
2016-02-29;375,72;Rohdaten
2016-03-01;375,71;Rohdaten
2016-03-02;375,77;Rohdaten
2016-03-03;375,89;Rohdaten
2016-03-04;375,85;Rohdaten
2016-03-05;375,79;Rohdaten
2016-03-06;375,78;Rohdaten
2016-03-07;375,77;Rohdaten
2016-03-08;375,73;Rohdaten
2016-03-09;375,71;Rohdaten
2016-03-10;375,69;Rohdaten
2016-03-11;375,68;Rohdaten
2016-03-12;375,66;Rohdaten
2016-03-13;375,65;Rohdaten
2016-03-14;375,64;Rohdaten
2016-03-15;375,65;Rohdaten
2016-03-16;375,68;Rohdaten
2016-03-17;375,65;Rohdaten
2016-03-18;375,65;Rohdaten
2016-03-19;375,63;Rohdaten
2016-03-20;375,63;Rohdaten
2016-03-21;375,62;Rohdaten
2016-03-22;375,62;Rohdaten
2016-03-23;375,61;Rohdaten
2016-03-24;375,61;Rohdaten
2016-03-25;375,61;Rohdaten
2016-03-26;375,71;Rohdaten
2016-03-27;375,70;Rohdaten
2016-03-28;375,66;Rohdaten
2016-03-29;375,66;Rohdaten
2016-03-30;375,65;Rohdaten
2016-03-31;375,75;Rohdaten
2016-04-01;375,79;Rohdaten
2016-04-02;375,71;Rohdaten
2016-04-03;375,67;Rohdaten
2016-04-04;375,65;Rohdaten
2016-04-05;375,63;Rohdaten
2016-04-06;375,65;Rohdaten
2016-04-07;375,64;Rohdaten
2016-04-08;375,62;Rohdaten
2016-04-09;375,61;Rohdaten
2016-04-10;375,60;Rohdaten
2016-04-11;375,59;Rohdaten
2016-04-12;375,59;Rohdaten
2016-04-13;375,61;Rohdaten
2016-04-14;375,62;Rohdaten
2016-04-15;375,61;Rohdaten
2016-04-16;375,63;Rohdaten
2016-04-17;375,80;Rohdaten
2016-04-18;375,84;Rohdaten
2016-04-19;375,71;Rohdaten
2016-04-20;375,66;Rohdaten
2016-04-21;375,64;Rohdaten
2016-04-22;375,62;Rohdaten
2016-04-23;375,62;Rohdaten
2016-04-24;375,64;Rohdaten
2016-04-25;375,63;Rohdaten
2016-04-26;375,65;Rohdaten
2016-04-27;375,67;Rohdaten
2016-04-28;375,64;Rohdaten
2016-04-29;375,62;Rohdaten
2016-04-30;375,61;Rohdaten
2016-05-01;375,60;Rohdaten
2016-05-02;375,58;Rohdaten
2016-05-03;375,57;Rohdaten
2016-05-04;375,58;Rohdaten
2016-05-05;375,57;Rohdaten
2016-05-06;375,56;Rohdaten
2016-05-07;375,56;Rohdaten
2016-05-08;375,55;Rohdaten
2016-05-09;375,54;Rohdaten
2016-05-10;375,54;Rohdaten
2016-05-11;375,54;Rohdaten
2016-05-12;375,54;Rohdaten
2016-05-13;375,55;Rohdaten
2016-05-14;375,57;Rohdaten
2016-05-15;375,55;Rohdaten
2016-05-16;375,55;Rohdaten
2016-05-17;375,58;Rohdaten
2016-05-18;375,56;Rohdaten
2016-05-19;375,54;Rohdaten
2016-05-20;375,54;Rohdaten
2016-05-21;375,53;Rohdaten
2016-05-22;375,53;Rohdaten
2016-05-23;375,52;Rohdaten
2016-05-24;375,55;Rohdaten
2016-05-25;375,60;Rohdaten
2016-05-26;375,55;Rohdaten
2016-05-27;375,54;Rohdaten
2016-05-28;375,55;Rohdaten
2016-05-29;375,60;Rohdaten
2016-05-30;376,39;Rohdaten
2016-05-31;377,06;Rohdaten
2016-06-01;376,72;Rohdaten
2016-06-02;376,12;Rohdaten
2016-06-03;375,98;Rohdaten
2016-06-04;375,91;Rohdaten
2016-06-05;375,94;Rohdaten
2016-06-06;376,17;Rohdaten
2016-06-07;375,94;Rohdaten
2016-06-08;375,77;Rohdaten
2016-06-09;375,73;Rohdaten
2016-06-10;375,70;Rohdaten
2016-06-11;375,67;Rohdaten
2016-06-12;375,69;Rohdaten
2016-06-13;375,70;Rohdaten
2016-06-14;375,68;Rohdaten
2016-06-15;375,69;Rohdaten
2016-06-16;375,69;Rohdaten
2016-06-17;375,85;Rohdaten
2016-06-18;375,90;Rohdaten
2016-06-19;375,76;Rohdaten
2016-06-20;375,70;Rohdaten
2016-06-21;375,67;Rohdaten
2016-06-22;375,65;Rohdaten
2016-06-23;375,64;Rohdaten
2016-06-24;375,62;Rohdaten
2016-06-25;375,61;Rohdaten
2016-06-26;375,62;Rohdaten
2016-06-27;375,61;Rohdaten
2016-06-28;375,59;Rohdaten
2016-06-29;375,59;Rohdaten
2016-06-30;375,58;Rohdaten
2016-07-01;375,58;Rohdaten
2016-07-02;375,58;Rohdaten
2016-07-03;375,59;Rohdaten
2016-07-04;375,58;Rohdaten
2016-07-05;375,57;Rohdaten
2016-07-06;375,56;Rohdaten
2016-07-07;375,55;Rohdaten
2016-07-08;375,55;Rohdaten
2016-07-09;375,54;Rohdaten
2016-07-10;375,55;Rohdaten
2016-07-11;375,55;Rohdaten
2016-07-12;375,59;Rohdaten
2016-07-13;375,57;Rohdaten
2016-07-14;375,57;Rohdaten
2016-07-15;375,57;Rohdaten
2016-07-16;375,55;Rohdaten
2016-07-17;375,55;Rohdaten
2016-07-18;375,54;Rohdaten
2016-07-19;375,52;Rohdaten
2016-07-20;375,52;Rohdaten
2016-07-21;375,54;Rohdaten
2016-07-22;375,56;Rohdaten
2016-07-23;375,55;Rohdaten
2016-07-24;375,54;Rohdaten
2016-07-25;375,55;Rohdaten
2016-07-26;375,54;Rohdaten
2016-07-27;375,54;Rohdaten
2016-07-28;375,52;Rohdaten
2016-07-29;375,53;Rohdaten
2016-07-30;375,52;Rohdaten
2016-07-31;375,51;Rohdaten
2016-08-01;375,50;Rohdaten
2016-08-02;375,51;Rohdaten
2016-08-03;375,54;Rohdaten
2016-08-04;375,52;Rohdaten
2016-08-05;375,61;Rohdaten
2016-08-06;375,58;Rohdaten
2016-08-07;375,54;Rohdaten
2016-08-08;375,53;Rohdaten
2016-08-09;375,52;Rohdaten
2016-08-10;375,52;Rohdaten
2016-08-11;375,51;Rohdaten
2016-08-12;375,51;Rohdaten
2016-08-13;375,52;Rohdaten
2016-08-14;375,51;Rohdaten
2016-08-15;375,50;Rohdaten
2016-08-16;375,50;Rohdaten
2016-08-17;375,49;Rohdaten
2016-08-18;375,49;Rohdaten
2016-08-19;375,49;Rohdaten
2016-08-20;375,49;Rohdaten
2016-08-21;375,52;Rohdaten
2016-08-22;375,51;Rohdaten
2016-08-23;375,49;Rohdaten
2016-08-24;375,48;Rohdaten
2016-08-25;375,49;Rohdaten
2016-08-26;375,48;Rohdaten
2016-08-27;375,47;Rohdaten
2016-08-28;375,47;Rohdaten
2016-08-29;375,47;Rohdaten
2016-08-30;375,46;Rohdaten
2016-08-31;375,46;Rohdaten
2016-09-01;375,46;Rohdaten
2016-09-02;375,47;Rohdaten
2016-09-03;375,46;Rohdaten
2016-09-04;375,46;Rohdaten
2016-09-05;375,47;Rohdaten
2016-09-06;375,46;Rohdaten
2016-09-07;375,47;Rohdaten
2016-09-08;375,46;Rohdaten
2016-09-09;375,46;Rohdaten
2016-09-10;375,46;Rohdaten
2016-09-11;375,45;Rohdaten
2016-09-12;375,45;Rohdaten
2016-09-13;375,45;Rohdaten
2016-09-14;375,45;Rohdaten
2016-09-15;375,44;Rohdaten
2016-09-16;375,45;Rohdaten
2016-09-17;375,46;Rohdaten
2016-09-18;375,55;Rohdaten
2016-09-19;375,59;Rohdaten
2016-09-20;375,53;Rohdaten
2016-09-21;375,50;Rohdaten
2016-09-22;375,49;Rohdaten
2016-09-23;375,48;Rohdaten
2016-09-24;375,48;Rohdaten
2016-09-25;375,47;Rohdaten
2016-09-26;375,47;Rohdaten
2016-09-27;375,47;Rohdaten
2016-09-28;375,47;Rohdaten
2016-09-29;375,49;Rohdaten
2016-09-30;375,48;Rohdaten
2016-10-01;375,47;Rohdaten
2016-10-02;375,46;Rohdaten
2016-10-03;375,46;Rohdaten
2016-10-04;375,49;Rohdaten
2016-10-05;375,48;Rohdaten
2016-10-06;375,47;Rohdaten
2016-10-07;375,47;Rohdaten
2016-10-08;375,47;Rohdaten
2016-10-09;375,47;Rohdaten
2016-10-10;375,47;Rohdaten
2016-10-11;375,47;Rohdaten
2016-10-12;375,46;Rohdaten
2016-10-13;375,47;Rohdaten
2016-10-14;375,47;Rohdaten
2016-10-15;375,46;Rohdaten
2016-10-16;375,46;Rohdaten
2016-10-17;375,46;Rohdaten
2016-10-18;375,48;Rohdaten
2016-10-19;375,54;Rohdaten
2016-10-20;375,54;Rohdaten
2016-10-21;375,74;Rohdaten
2016-10-22;375,63;Rohdaten
2016-10-23;375,56;Rohdaten
2016-10-24;375,54;Rohdaten
2016-10-25;375,62;Rohdaten
2016-10-26;375,62;Rohdaten
2016-10-27;375,56;Rohdaten
2016-10-28;375,53;Rohdaten
2016-10-29;375,52;Rohdaten
2016-10-30;375,51;Rohdaten
2016-10-31;375,50;Rohdaten
2016-11-01;375,51;Rohdaten
2016-11-02;375,51;Rohdaten
2016-11-03;375,51;Rohdaten
2016-11-04;375,51;Rohdaten
2016-11-05;375,52;Rohdaten
2016-11-06;375,52;Rohdaten
2016-11-07;375,51;Rohdaten
2016-11-08;375,51;Rohdaten
2016-11-09;375,50;Rohdaten
2016-11-10;375,54;Rohdaten
2016-11-11;375,65;Rohdaten
2016-11-12;375,77;Rohdaten
2016-11-13;375,65;Rohdaten
2016-11-14;375,59;Rohdaten
2016-11-22;375,60;Rohdaten
2016-11-23;375,58;Rohdaten
2016-11-24;375,56;Rohdaten
2016-11-25;375,55;Rohdaten
2016-11-26;375,54;Rohdaten
2016-11-27;375,55;Rohdaten
2016-11-28;375,53;Rohdaten
2016-11-29;375,52;Rohdaten
2016-11-30;375,52;Rohdaten
2016-12-01;375,52;Rohdaten
2016-12-02;375,52;Rohdaten
2016-12-03;375,52;Rohdaten
2016-12-04;375,51;Rohdaten
2016-12-05;375,50;Rohdaten
2016-12-06;375,50;Rohdaten
2016-12-07;375,50;Rohdaten
2016-12-08;375,50;Rohdaten
2016-12-09;375,50;Rohdaten
2016-12-10;375,50;Rohdaten
2016-12-11;375,50;Rohdaten
2016-12-12;375,50;Rohdaten
2016-12-13;375,50;Rohdaten
2016-12-14;375,51;Rohdaten
2016-12-15;375,51;Rohdaten
2016-12-16;375,50;Rohdaten
2016-12-17;375,49;Rohdaten
2016-12-18;375,49;Rohdaten
2016-12-19;375,49;Rohdaten
2016-12-20;375,49;Rohdaten
2016-12-21;375,48;Rohdaten
2016-12-22;375,48;Rohdaten
2016-12-23;375,48;Rohdaten
2016-12-24;375,49;Rohdaten
2016-12-25;375,49;Rohdaten
2016-12-26;375,49;Rohdaten
2016-12-27;375,48;Rohdaten
2016-12-28;375,48;Rohdaten
2016-12-29;375,48;Rohdaten
2016-12-30;375,47;Rohdaten
2016-12-31;375,47;Rohdaten
2017-01-01;375,48;Rohdaten
2017-01-02;375,47;Rohdaten
2017-01-03;375,47;Rohdaten
2017-01-04;375,48;Rohdaten
2017-01-05;375,47;Rohdaten
2017-01-06;375,46;Rohdaten
2017-01-07;375,48;Rohdaten
2017-01-08;375,47;Rohdaten
2017-01-09;375,48;Rohdaten
2017-01-10;375,48;Rohdaten
2017-01-11;375,48;Rohdaten
2017-01-12;375,49;Rohdaten
2017-01-13;375,53;Rohdaten
2017-01-14;375,53;Rohdaten
2017-01-15;375,51;Rohdaten
2017-01-16;375,50;Rohdaten
2017-01-17;375,49;Rohdaten
2017-01-18;375,49;Rohdaten
2017-01-19;375,50;Rohdaten
2017-01-20;375,49;Rohdaten
2017-01-21;375,48;Rohdaten
2017-01-22;375,50;Rohdaten
2017-01-23;375,48;Rohdaten
2017-01-24;375,47;Rohdaten
2017-01-25;375,47;Rohdaten
2017-01-26;375,47;Rohdaten
2017-01-27;375,47;Rohdaten
2017-01-28;375,46;Rohdaten
2017-01-29;375,46;Rohdaten
2017-01-30;375,47;Rohdaten
2017-01-31;375,50;Rohdaten
2017-02-01;375,58;Rohdaten
2017-02-02;375,55;Rohdaten
2017-02-03;375,55;Rohdaten
2017-02-04;375,55;Rohdaten
2017-02-05;375,55;Rohdaten
2017-02-06;375,55;Rohdaten
2017-02-07;375,54;Rohdaten
2017-02-08;375,53;Rohdaten
2017-02-09;375,52;Rohdaten
2017-02-10;375,51;Rohdaten
2017-02-11;375,50;Rohdaten
2017-02-12;375,49;Rohdaten
2017-02-13;375,49;Rohdaten
2017-02-14;375,48;Rohdaten
2017-02-15;375,48;Rohdaten
2017-02-16;375,48;Rohdaten
2017-02-17;375,51;Rohdaten
2017-02-18;375,56;Rohdaten
2017-02-19;375,55;Rohdaten
2017-02-20;375,54;Rohdaten
2017-02-21;375,58;Rohdaten
2017-02-22;375,78;Rohdaten
2017-02-23;375,70;Rohdaten
2017-02-24;375,61;Rohdaten
2017-02-25;375,57;Rohdaten
2017-02-26;375,55;Rohdaten
2017-02-27;375,55;Rohdaten
2017-02-28;375,55;Rohdaten
2017-03-01;375,56;Rohdaten
2017-03-02;375,58;Rohdaten
2017-03-03;375,59;Rohdaten
2017-03-04;375,57;Rohdaten
2017-03-05;375,55;Rohdaten
2017-03-06;375,54;Rohdaten
2017-03-07;375,55;Rohdaten
2017-03-08;375,55;Rohdaten
2017-03-09;375,65;Rohdaten
2017-03-10;376,01;Rohdaten
2017-03-11;375,88;Rohdaten
2017-03-12;375,69;Rohdaten
2017-03-13;375,63;Rohdaten
2017-03-14;375,60;Rohdaten
2017-03-15;375,58;Rohdaten
2017-03-16;375,57;Rohdaten
2017-03-17;375,56;Rohdaten
2017-03-18;375,57;Rohdaten
2017-03-19;375,70;Rohdaten
2017-03-20;375,79;Rohdaten
2017-03-21;375,66;Rohdaten
2017-03-22;375,66;Rohdaten
2017-03-23;375,66;Rohdaten
2017-03-24;375,62;Rohdaten
2017-03-25;375,60;Rohdaten
2017-03-26;375,58;Rohdaten
2017-03-27;375,57;Rohdaten
2017-03-28;375,56;Rohdaten
2017-03-29;375,55;Rohdaten
2017-03-30;375,54;Rohdaten
2017-03-31;375,54;Rohdaten
2017-04-01;375,53;Rohdaten
2017-04-02;375,54;Rohdaten
2017-04-03;375,60;Rohdaten
2017-04-04;375,57;Rohdaten
2017-04-05;375,56;Rohdaten
2017-04-06;375,54;Rohdaten
2017-04-07;375,53;Rohdaten
2017-04-08;375,52;Rohdaten
2017-04-09;375,52;Rohdaten
2017-04-10;375,51;Rohdaten
2017-04-11;375,50;Rohdaten
2017-04-12;375,51;Rohdaten
2017-04-13;375,50;Rohdaten
2017-04-14;375,50;Rohdaten
2017-04-15;375,49;Rohdaten
2017-04-16;375,49;Rohdaten
2017-04-17;375,53;Rohdaten
2017-04-18;375,60;Rohdaten
2017-04-19;375,58;Rohdaten
2017-04-20;375,56;Rohdaten
2017-04-21;375,54;Rohdaten
2017-04-22;375,53;Rohdaten
2017-04-23;375,52;Rohdaten
2017-04-24;375,52;Rohdaten
2017-04-25;375,51;Rohdaten
2017-04-26;375,55;Rohdaten
2017-04-27;375,56;Rohdaten
2017-04-28;375,55;Rohdaten
2017-04-29;375,54;Rohdaten
2017-04-30;375,52;Rohdaten
2017-05-01;375,51;Rohdaten
2017-05-02;375,86;Rohdaten
2017-05-03;376,60;Rohdaten
2017-05-04;376,66;Rohdaten
2017-05-05;376,33;Rohdaten
2017-05-06;376,25;Rohdaten
2017-05-07;375,91;Rohdaten
2017-05-08;375,77;Rohdaten
2017-05-09;375,72;Rohdaten
2017-05-10;375,69;Rohdaten
2017-05-11;375,66;Rohdaten
2017-05-12;375,63;Rohdaten
2017-05-13;375,61;Rohdaten
2017-05-14;375,60;Rohdaten
2017-05-15;375,59;Rohdaten
2017-05-16;375,58;Rohdaten
2017-05-17;375,57;Rohdaten
2017-05-18;375,56;Rohdaten
2017-05-19;375,55;Rohdaten
2017-05-20;375,54;Rohdaten
2017-05-21;375,53;Rohdaten
2017-05-22;375,54;Rohdaten
2017-05-23;375,53;Rohdaten
2017-05-24;375,52;Rohdaten
2017-05-25;375,52;Rohdaten
2017-05-26;375,51;Rohdaten
2017-05-27;375,51;Rohdaten
2017-05-28;375,50;Rohdaten
2017-05-29;375,50;Rohdaten
2017-05-30;375,50;Rohdaten
2017-05-31;375,49;Rohdaten
2017-06-01;375,49;Rohdaten
2017-06-02;375,48;Rohdaten
2017-06-03;375,49;Rohdaten
2017-06-04;375,66;Rohdaten
2017-06-05;375,64;Rohdaten
2017-06-06;375,59;Rohdaten
2017-06-07;375,60;Rohdaten
2017-06-08;375,55;Rohdaten
2017-06-09;375,53;Rohdaten
2017-06-10;375,52;Rohdaten
2017-06-11;375,51;Rohdaten
2017-06-12;375,49;Rohdaten
2017-06-13;375,49;Rohdaten
2017-06-14;375,48;Rohdaten
2017-06-15;375,47;Rohdaten
2017-06-16;375,47;Rohdaten
2017-06-17;375,47;Rohdaten
2017-06-18;375,47;Rohdaten
2017-06-19;375,46;Rohdaten
2017-06-20;375,46;Rohdaten
2017-06-21;375,46;Rohdaten
2017-06-22;375,45;Rohdaten
2017-06-23;375,44;Rohdaten
2017-06-24;375,44;Rohdaten
2017-06-25;375,44;Rohdaten
2017-06-26;375,44;Rohdaten
2017-06-27;375,47;Rohdaten
2017-06-28;375,54;Rohdaten
2017-06-29;375,84;Rohdaten
2017-06-30;375,90;Rohdaten
2017-07-01;375,68;Rohdaten
2017-07-02;375,60;Rohdaten
2017-07-03;375,57;Rohdaten
2017-07-04;375,54;Rohdaten
2017-07-05;375,53;Rohdaten
2017-07-06;375,51;Rohdaten
2017-07-07;375,51;Rohdaten
2017-07-08;375,51;Rohdaten
2017-07-09;375,50;Rohdaten
2017-07-10;375,49;Rohdaten
2017-07-11;375,51;Rohdaten
2017-07-12;375,52;Rohdaten
2017-07-13;375,52;Rohdaten
2017-07-14;375,50;Rohdaten
2017-07-15;375,50;Rohdaten
2017-07-16;375,49;Rohdaten
2017-07-17;375,48;Rohdaten
2017-07-18;375,48;Rohdaten
2017-07-19;375,48;Rohdaten
2017-07-20;375,49;Rohdaten
2017-07-21;375,51;Rohdaten
2017-07-22;375,49;Rohdaten
2017-07-23;375,49;Rohdaten
2017-07-24;375,52;Rohdaten
2017-07-25;375,52;Rohdaten
2017-07-26;375,83;Rohdaten
2017-07-27;376,22;Rohdaten
2017-07-28;376,30;Rohdaten
2017-07-29;375,87;Rohdaten
2017-07-30;375,68;Rohdaten
2017-07-31;375,63;Rohdaten
2017-08-01;375,60;Rohdaten
2017-08-02;375,67;Rohdaten
2017-08-03;375,62;Rohdaten
2017-08-04;375,59;Rohdaten
2017-08-05;375,57;Rohdaten
2017-08-06;375,55;Rohdaten
2017-08-07;375,54;Rohdaten
2017-08-08;375,54;Rohdaten
2017-08-09;375,53;Rohdaten
2017-08-10;375,54;Rohdaten
2017-08-11;375,59;Rohdaten
2017-08-12;375,59;Rohdaten
2017-08-13;375,56;Rohdaten
2017-08-14;375,54;Rohdaten
2017-08-15;375,53;Rohdaten
2017-08-16;375,53;Rohdaten
2017-08-17;375,53;Rohdaten
2017-08-18;375,52;Rohdaten
2017-08-19;375,74;Rohdaten
2017-08-20;375,61;Rohdaten
2017-08-21;375,55;Rohdaten
2017-08-22;375,53;Rohdaten
2017-08-23;375,52;Rohdaten
2017-08-24;375,51;Rohdaten
2017-08-25;375,51;Rohdaten
2017-08-26;375,50;Rohdaten
2017-08-27;375,49;Rohdaten
2017-08-28;375,49;Rohdaten
2017-08-29;375,49;Rohdaten
2017-08-30;375,49;Rohdaten
2017-08-31;375,51;Rohdaten
2017-09-01;375,58;Rohdaten
2017-09-02;375,57;Rohdaten
2017-09-03;375,53;Rohdaten
2017-09-04;375,52;Rohdaten
2017-09-05;375,51;Rohdaten
2017-09-06;375,51;Rohdaten
2017-09-07;375,50;Rohdaten
2017-09-08;375,50;Rohdaten
2017-09-09;375,51;Rohdaten
2017-09-10;375,54;Rohdaten
2017-09-11;375,52;Rohdaten
2017-09-12;375,50;Rohdaten
2017-09-13;375,50;Rohdaten
2017-09-14;375,54;Rohdaten
2017-09-15;375,56;Rohdaten
2017-09-16;375,56;Rohdaten
2017-09-17;375,54;Rohdaten
2017-09-18;375,54;Rohdaten
2017-09-19;375,53;Rohdaten
2017-09-20;375,51;Rohdaten
2017-09-21;375,51;Rohdaten
2017-09-22;375,50;Rohdaten
2017-09-23;375,50;Rohdaten
2017-09-24;375,49;Rohdaten
2017-09-25;375,49;Rohdaten
2017-09-26;375,49;Rohdaten
2017-09-27;375,49;Rohdaten
2017-09-28;375,48;Rohdaten
2017-09-29;375,49;Rohdaten
2017-09-30;375,50;Rohdaten
2017-10-01;375,64;Rohdaten
2017-10-02;375,62;Rohdaten
2017-10-03;375,71;Rohdaten
2017-10-04;375,82;Rohdaten
2017-10-05;375,63;Rohdaten
2017-10-06;375,60;Rohdaten
2017-10-07;375,59;Rohdaten
2017-10-08;375,58;Rohdaten
2017-10-09;375,63;Rohdaten
2017-10-10;375,62;Rohdaten
2017-10-11;375,59;Rohdaten
2017-10-12;375,57;Rohdaten
2017-10-13;375,56;Rohdaten
2017-10-14;375,55;Rohdaten
2017-10-15;375,55;Rohdaten
2017-10-16;375,54;Rohdaten
2017-10-17;375,54;Rohdaten
2017-10-18;375,54;Rohdaten
2017-10-19;375,53;Rohdaten
2017-10-20;375,52;Rohdaten
2017-10-21;375,53;Rohdaten
2017-10-22;375,54;Rohdaten
2017-10-23;375,53;Rohdaten
2017-10-24;375,52;Rohdaten
2017-10-25;375,52;Rohdaten
2017-10-26;375,52;Rohdaten
2017-10-27;375,52;Rohdaten
2017-10-28;375,54;Rohdaten
2017-10-29;375,57;Rohdaten
2017-10-30;375,63;Rohdaten
2017-10-31;375,57;Rohdaten
2017-11-01;375,55;Rohdaten
2017-11-02;375,54;Rohdaten
2017-11-03;375,54;Rohdaten
2017-11-04;375,53;Rohdaten
2017-11-05;375,54;Rohdaten
2017-11-06;375,57;Rohdaten
2017-11-07;375,55;Rohdaten
2017-11-08;375,53;Rohdaten
2017-11-09;375,54;Rohdaten
2017-11-10;375,54;Rohdaten
2017-11-11;375,57;Rohdaten
2017-11-12;375,67;Rohdaten
2017-11-13;376,10;Rohdaten
2017-11-14;376,08;Rohdaten
2017-11-15;375,75;Rohdaten
2017-11-16;375,67;Rohdaten
2017-11-17;375,63;Rohdaten
2017-11-18;375,62;Rohdaten
2017-11-19;375,61;Rohdaten
2017-11-20;375,61;Rohdaten
2017-11-21;375,64;Rohdaten
2017-11-22;375,71;Rohdaten
2017-11-23;375,66;Rohdaten
2017-11-24;375,63;Rohdaten
2017-11-25;375,70;Rohdaten
2017-11-26;375,98;Rohdaten
2017-11-27;375,84;Rohdaten
2017-11-28;375,74;Rohdaten
2017-11-29;375,77;Rohdaten
2017-11-30;375,72;Rohdaten
2017-12-01;375,69;Rohdaten
2017-12-02;375,66;Rohdaten
2017-12-03;375,64;Rohdaten
2017-12-04;375,63;Rohdaten
2017-12-05;375,65;Rohdaten
2017-12-06;375,71;Rohdaten
2017-12-07;375,71;Rohdaten
2017-12-08;375,68;Rohdaten
2017-12-09;375,67;Rohdaten
2017-12-10;375,67;Rohdaten
2017-12-11;375,70;Rohdaten
2017-12-12;376,03;Rohdaten
2017-12-13;376,18;Rohdaten
2017-12-14;375,94;Rohdaten
2017-12-15;375,96;Rohdaten
2017-12-16;375,94;Rohdaten
2017-12-17;375,84;Rohdaten
2017-12-18;375,77;Rohdaten
2017-12-19;375,73;Rohdaten
2017-12-20;375,71;Rohdaten
2017-12-21;375,74;Rohdaten
2017-12-22;375,86;Rohdaten
2017-12-23;375,86;Rohdaten
2017-12-24;375,78;Rohdaten
2017-12-25;375,74;Rohdaten
2017-12-26;375,71;Rohdaten
2017-12-27;375,71;Rohdaten
2017-12-28;375,75;Rohdaten
2017-12-29;375,78;Rohdaten
2017-12-30;375,74;Rohdaten
2017-12-31;376,23;Rohdaten
2018-01-01;376,85;Rohdaten
2018-01-02;376,46;Rohdaten
2018-01-03;376,17;Rohdaten
2018-01-04;376,47;Rohdaten
2018-01-05;377,02;Rohdaten
2018-01-06;377,04;Rohdaten
2018-01-07;376,77;Rohdaten
2018-01-08;376,31;Rohdaten
2018-01-09;376,07;Rohdaten
2018-01-10;375,96;Rohdaten
2018-01-11;375,89;Rohdaten
2018-01-12;375,84;Rohdaten
2018-01-13;375,81;Rohdaten
2018-01-14;375,78;Rohdaten
2018-01-15;375,77;Rohdaten
2018-01-16;375,88;Rohdaten
2018-01-17;376,20;Rohdaten
2018-01-18;376,28;Rohdaten
2018-01-19;376,52;Rohdaten
2018-01-20;376,57;Rohdaten
2018-01-21;376,36;Rohdaten
2018-01-22;376,29;Rohdaten
2018-01-23;376,33;Rohdaten
2018-01-24;376,67;Rohdaten
2018-01-25;376,46;Rohdaten
2018-01-26;376,16;Rohdaten
2018-01-27;376,00;Rohdaten
2018-01-28;375,92;Rohdaten
2018-01-29;375,87;Rohdaten
2018-01-30;375,85;Rohdaten
2018-01-31;375,84;Rohdaten
2018-02-01;375,90;Rohdaten
2018-02-02;375,94;Rohdaten
2018-02-03;375,86;Rohdaten
2018-02-04;375,81;Rohdaten
2018-02-05;375,79;Rohdaten
2018-02-06;375,77;Rohdaten
2018-02-07;375,75;Rohdaten
2018-02-08;375,73;Rohdaten
2018-02-09;375,73;Rohdaten
2018-02-10;375,72;Rohdaten
2018-02-11;375,72;Rohdaten
2018-02-12;375,72;Rohdaten
2018-02-13;375,72;Rohdaten
2018-02-14;375,69;Rohdaten
2018-02-15;375,68;Rohdaten
2018-02-16;375,71;Rohdaten
2018-02-17;375,75;Rohdaten
2018-02-18;375,73;Rohdaten
2018-02-19;375,72;Rohdaten
2018-02-20;375,70;Rohdaten
2018-02-21;375,69;Rohdaten
2018-02-22;375,68;Rohdaten
2018-02-23;375,67;Rohdaten
2018-02-24;375,66;Rohdaten
2018-02-25;375,64;Rohdaten
2018-02-26;375,64;Rohdaten
2018-02-27;375,65;Rohdaten
2018-02-28;375,64;Rohdaten
2018-03-01;375,67;Rohdaten
2018-03-02;375,63;Rohdaten
2018-03-03;375,62;Rohdaten
2018-03-04;375,62;Rohdaten
2018-03-05;375,62;Rohdaten
2018-03-06;375,63;Rohdaten
2018-03-07;375,62;Rohdaten
2018-03-08;375,62;Rohdaten
2018-03-09;375,63;Rohdaten
2018-03-10;375,65;Rohdaten
2018-03-11;375,68;Rohdaten
2018-03-12;375,70;Rohdaten
2018-03-13;375,71;Rohdaten
2018-03-14;375,69;Rohdaten
2018-03-15;375,70;Rohdaten
2018-03-16;375,67;Rohdaten
2018-03-17;375,66;Rohdaten
2018-03-18;375,65;Rohdaten
2018-03-19;375,65;Rohdaten
2018-03-20;375,64;Rohdaten
2018-03-21;375,64;Rohdaten
2018-03-22;375,66;Rohdaten
2018-03-23;375,67;Rohdaten
2018-03-24;375,75;Rohdaten
2018-03-25;375,80;Rohdaten
2018-03-26;375,74;Rohdaten
2018-03-27;375,71;Rohdaten
2018-03-28;375,75;Rohdaten
2018-03-29;375,93;Rohdaten
2018-03-30;375,86;Rohdaten
2018-03-31;375,77;Rohdaten
2018-04-01;375,73;Rohdaten
2018-04-02;375,75;Rohdaten
2018-04-03;375,72;Rohdaten
2018-04-04;375,69;Rohdaten
2018-04-05;375,67;Rohdaten
2018-04-06;375,67;Rohdaten
2018-04-07;375,65;Rohdaten
2018-04-08;375,64;Rohdaten
2018-04-09;375,63;Rohdaten
2018-04-10;375,62;Rohdaten
2018-04-11;375,67;Rohdaten
2018-04-12;375,67;Rohdaten
2018-04-13;375,66;Rohdaten
2018-04-14;375,68;Rohdaten
2018-04-15;375,66;Rohdaten
2018-04-16;375,64;Rohdaten
2018-04-17;375,62;Rohdaten
2018-04-18;375,61;Rohdaten
2018-04-19;375,60;Rohdaten
2018-04-20;375,60;Rohdaten
2018-04-21;375,59;Rohdaten
2018-04-22;375,58;Rohdaten
2018-04-23;375,58;Rohdaten
2018-04-24;375,57;Rohdaten
2018-04-25;375,57;Rohdaten
2018-04-26;375,57;Rohdaten
2018-04-27;375,57;Rohdaten
2018-04-28;375,56;Rohdaten
2018-04-29;375,56;Rohdaten
2018-04-30;375,55;Rohdaten
2018-05-01;375,55;Rohdaten
2018-05-02;375,55;Rohdaten
2018-05-03;375,54;Rohdaten
2018-05-04;375,54;Rohdaten
2018-05-05;375,53;Rohdaten
2018-05-06;375,52;Rohdaten
2018-05-07;375,53;Rohdaten
2018-05-08;375,52;Rohdaten
2018-05-09;375,53;Rohdaten
2018-05-10;375,56;Rohdaten
2018-05-11;375,79;Rohdaten
2018-05-12;375,61;Rohdaten
2018-05-13;375,57;Rohdaten
2018-05-14;375,83;Rohdaten
2018-05-15;375,86;Rohdaten
2018-05-16;375,73;Rohdaten
2018-05-17;375,91;Rohdaten
2018-05-18;375,99;Rohdaten
2018-05-19;375,72;Rohdaten
2018-05-20;375,65;Rohdaten
2018-05-21;375,62;Rohdaten
2018-05-22;375,59;Rohdaten
2018-05-23;375,58;Rohdaten
2018-05-24;375,59;Rohdaten
2018-05-25;375,59;Rohdaten
2018-05-26;375,57;Rohdaten
2018-05-27;375,57;Rohdaten
2018-05-28;375,56;Rohdaten
2018-05-29;375,55;Rohdaten
2018-05-30;375,55;Rohdaten
2018-05-31;375,55;Rohdaten
2018-06-01;375,59;Rohdaten
2018-06-02;375,55;Rohdaten
2018-06-03;375,54;Rohdaten
2018-06-04;375,53;Rohdaten
2018-06-05;375,53;Rohdaten
2018-06-06;375,53;Rohdaten
2018-06-07;375,55;Rohdaten
2018-06-08;375,55;Rohdaten
2018-06-09;375,56;Rohdaten
2018-06-10;375,61;Rohdaten
2018-06-11;375,60;Rohdaten
2018-06-12;376,09;Rohdaten
2018-06-13;375,87;Rohdaten
2018-06-14;375,67;Rohdaten
2018-06-15;375,62;Rohdaten
2018-06-16;375,60;Rohdaten
2018-06-17;375,58;Rohdaten
2018-06-18;375,57;Rohdaten
2018-06-19;375,56;Rohdaten
2018-06-20;375,55;Rohdaten
2018-06-21;375,55;Rohdaten
2018-06-22;375,54;Rohdaten
2018-06-23;375,54;Rohdaten
2018-06-24;375,53;Rohdaten
2018-06-25;375,53;Rohdaten
2018-06-26;375,53;Rohdaten
2018-06-27;375,52;Rohdaten
2018-06-28;375,52;Rohdaten
2018-06-29;375,54;Rohdaten
2018-06-30;375,53;Rohdaten
2018-07-01;375,51;Rohdaten
2018-07-02;375,51;Rohdaten
2018-07-03;375,50;Rohdaten
2018-07-04;375,50;Rohdaten
2018-07-05;375,50;Rohdaten
2018-07-06;375,52;Rohdaten
2018-07-07;375,53;Rohdaten
2018-07-08;375,50;Rohdaten
2018-07-09;375,50;Rohdaten
2018-07-10;375,50;Rohdaten
2018-07-11;375,50;Rohdaten
2018-07-12;375,50;Rohdaten
2018-07-13;375,49;Rohdaten
2018-07-14;375,49;Rohdaten
2018-07-15;375,51;Rohdaten
2018-07-16;375,53;Rohdaten
2018-07-17;375,54;Rohdaten
2018-07-18;375,51;Rohdaten
2018-07-19;375,50;Rohdaten
2018-07-20;375,49;Rohdaten
2018-07-21;375,50;Rohdaten
2018-07-22;375,72;Rohdaten
2018-07-23;375,60;Rohdaten
2018-07-24;375,54;Rohdaten
2018-07-25;375,52;Rohdaten
2018-07-26;375,50;Rohdaten
2018-07-27;375,49;Rohdaten
2018-07-28;375,49;Rohdaten
2018-07-29;375,48;Rohdaten
2018-07-30;375,47;Rohdaten
2018-07-31;375,46;Rohdaten
2018-08-01;375,46;Rohdaten
2018-08-02;375,45;Rohdaten
2018-08-03;375,45;Rohdaten
2018-08-04;375,46;Rohdaten
2018-08-05;375,45;Rohdaten
2018-08-06;375,45;Rohdaten
2018-08-07;375,44;Rohdaten
2018-08-08;375,45;Rohdaten
2018-08-09;375,45;Rohdaten
2018-08-10;375,44;Rohdaten
2018-08-11;375,44;Rohdaten
2018-08-12;375,45;Rohdaten
2018-08-13;375,44;Rohdaten
2018-08-14;375,45;Rohdaten
2018-08-15;375,45;Rohdaten
2018-08-16;375,44;Rohdaten
2018-08-17;375,43;Rohdaten
2018-08-18;375,43;Rohdaten
2018-08-19;375,43;Rohdaten
2018-08-20;375,43;Rohdaten
2018-08-21;375,43;Rohdaten
2018-08-22;375,43;Rohdaten
2018-08-23;375,43;Rohdaten
2018-08-24;375,44;Rohdaten
2018-08-25;375,43;Rohdaten
2018-08-26;375,43;Rohdaten
2018-08-27;375,43;Rohdaten
2018-08-28;375,43;Rohdaten
2018-08-29;375,43;Rohdaten
2018-08-30;375,44;Rohdaten
2018-08-31;375,45;Rohdaten
2018-09-01;375,44;Rohdaten
2018-09-02;375,45;Rohdaten
2018-09-03;375,46;Rohdaten
2018-09-04;375,46;Rohdaten
2018-09-05;375,46;Rohdaten
2018-09-06;375,45;Rohdaten
2018-09-07;375,44;Rohdaten
2018-09-08;375,43;Rohdaten
2018-09-09;375,44;Rohdaten
2018-09-10;375,43;Rohdaten
2018-09-11;375,43;Rohdaten
2018-09-12;375,43;Rohdaten
2018-09-13;375,42;Rohdaten
2018-09-14;375,43;Rohdaten
2018-09-15;375,43;Rohdaten
2018-09-16;375,43;Rohdaten
2018-09-17;375,42;Rohdaten
2018-09-18;375,42;Rohdaten
2018-09-19;375,43;Rohdaten
2018-09-20;375,43;Rohdaten
2018-09-21;375,43;Rohdaten
2018-09-22;375,43;Rohdaten
2018-09-23;375,45;Rohdaten
2018-09-24;375,55;Rohdaten
2018-09-25;375,50;Rohdaten
2018-09-26;375,47;Rohdaten
2018-09-27;375,46;Rohdaten
2018-09-28;375,45;Rohdaten
2018-09-29;375,44;Rohdaten
2018-09-30;375,44;Rohdaten
2018-10-01;375,45;Rohdaten
2018-10-02;375,47;Rohdaten
2018-10-03;375,45;Rohdaten
2018-10-04;375,45;Rohdaten
2018-10-05;375,45;Rohdaten
2018-10-06;375,44;Rohdaten
2018-10-07;375,44;Rohdaten
2018-10-08;375,43;Rohdaten
2018-10-09;375,44;Rohdaten
2018-10-10;375,44;Rohdaten
2018-10-11;375,44;Rohdaten
2018-10-12;375,43;Rohdaten
2018-10-13;375,44;Rohdaten
2018-10-14;375,44;Rohdaten
2018-10-15;375,43;Rohdaten
2018-10-16;375,43;Rohdaten
2018-10-17;375,43;Rohdaten
2018-10-18;375,44;Rohdaten
2018-10-19;375,44;Rohdaten
2018-10-20;375,44;Rohdaten
2018-10-21;375,44;Rohdaten
2018-10-22;375,44;Rohdaten
2018-10-23;375,44;Rohdaten
2018-10-24;375,45;Rohdaten
2018-10-25;375,46;Rohdaten
2018-10-26;375,46;Rohdaten
2018-10-27;375,45;Rohdaten
2018-10-28;375,50;Rohdaten
2018-10-29;375,57;Rohdaten
2018-10-30;375,51;Rohdaten
2018-10-31;375,48;Rohdaten
2018-11-01;375,47;Rohdaten
2018-11-02;375,46;Rohdaten
2018-11-03;375,46;Rohdaten
2018-11-04;375,46;Rohdaten
2018-11-05;375,46;Rohdaten
2018-11-06;375,45;Rohdaten
2018-11-07;375,45;Rohdaten
2018-11-08;375,45;Rohdaten
2018-11-09;375,45;Rohdaten
2018-11-10;375,46;Rohdaten
2018-11-11;375,45;Rohdaten
2018-11-12;375,45;Rohdaten
2018-11-13;375,45;Rohdaten
2018-11-14;375,45;Rohdaten
2018-11-15;375,46;Rohdaten
2018-11-16;375,46;Rohdaten
2018-11-17;375,46;Rohdaten
2018-11-18;375,46;Rohdaten
2018-11-19;375,46;Rohdaten
2018-11-20;375,46;Rohdaten
2018-11-21;375,45;Rohdaten
2018-11-22;375,45;Rohdaten
2018-11-23;375,45;Rohdaten
2018-11-24;375,46;Rohdaten
2018-11-25;375,47;Rohdaten
2018-11-26;375,46;Rohdaten
2018-11-27;375,48;Rohdaten
2018-11-28;375,47;Rohdaten
2018-11-29;375,47;Rohdaten
2018-11-30;375,46;Rohdaten
2018-12-01;375,48;Rohdaten
2018-12-02;375,48;Rohdaten
2018-12-03;375,70;Rohdaten
2018-12-04;376,29;Rohdaten
2018-12-05;376,16;Rohdaten
2018-12-06;375,74;Rohdaten
2018-12-07;375,66;Rohdaten
2018-12-08;375,62;Rohdaten
2018-12-09;375,63;Rohdaten
2018-12-10;375,65;Rohdaten
2018-12-11;375,62;Rohdaten
2018-12-12;375,60;Rohdaten
2018-12-13;375,57;Rohdaten
2018-12-14;375,55;Rohdaten
2018-12-15;375,54;Rohdaten
2018-12-16;375,54;Rohdaten
2018-12-17;375,53;Rohdaten
2018-12-18;375,54;Rohdaten
2018-12-19;375,54;Rohdaten
2018-12-20;375,57;Rohdaten
2018-12-21;375,59;Rohdaten
2018-12-22;375,62;Rohdaten
2018-12-23;375,67;Rohdaten
2018-12-24;375,89;Rohdaten
2018-12-25;376,19;Rohdaten
2018-12-26;375,85;Rohdaten
2018-12-27;375,70;Rohdaten
2018-12-28;375,65;Rohdaten
2018-12-29;375,63;Rohdaten
2018-12-30;375,63;Rohdaten
2018-12-31;375,62;Rohdaten
2019-01-01;375,62;Rohdaten
2019-01-02;375,64;Rohdaten
2019-01-03;375,63;Rohdaten
2019-01-04;375,61;Rohdaten
2019-01-05;375,62;Rohdaten
2019-01-06;375,84;Rohdaten
2019-01-07;376,19;Rohdaten
2019-01-08;376,12;Rohdaten
2019-01-09;376,02;Rohdaten
2019-01-10;375,94;Rohdaten
2019-01-11;375,81;Rohdaten
2019-01-12;375,77;Rohdaten
2019-01-13;375,98;Rohdaten
2019-01-14;376,68;Rohdaten
2019-01-15;376,85;Rohdaten
2019-01-16;376,39;Rohdaten
2019-01-17;376,03;Rohdaten
2019-01-18;375,92;Rohdaten
2019-01-19;375,84;Rohdaten
2019-01-20;375,77;Rohdaten
2019-01-21;375,73;Rohdaten
2019-01-22;375,72;Rohdaten
2019-01-23;375,70;Rohdaten
2019-01-24;375,68;Rohdaten
2019-01-25;375,67;Rohdaten
2019-01-26;375,67;Rohdaten
2019-01-27;375,72;Rohdaten
2019-01-28;375,73;Rohdaten
2019-01-29;375,72;Rohdaten
2019-01-30;375,72;Rohdaten
2019-01-31;375,69;Rohdaten
2019-02-01;375,69;Rohdaten
2019-02-02;375,72;Rohdaten
2019-02-03;375,74;Rohdaten
2019-02-04;375,72;Rohdaten
2019-02-05;375,70;Rohdaten
2019-02-06;375,68;Rohdaten
2019-02-07;375,67;Rohdaten
2019-02-08;375,68;Rohdaten
2019-02-09;375,69;Rohdaten
2019-02-10;375,74;Rohdaten
2019-02-11;375,87;Rohdaten
2019-02-12;375,93;Rohdaten
2019-02-13;375,80;Rohdaten
2019-02-14;375,74;Rohdaten
2019-02-15;375,72;Rohdaten
2019-02-16;375,70;Rohdaten
2019-02-17;375,68;Rohdaten
2019-02-18;375,67;Rohdaten
2019-02-19;375,66;Rohdaten
2019-02-20;375,65;Rohdaten
2019-02-21;375,65;Rohdaten
2019-02-22;375,64;Rohdaten
2019-02-23;375,63;Rohdaten
2019-02-24;375,63;Rohdaten
2019-02-25;375,62;Rohdaten
2019-02-26;375,62;Rohdaten
2019-02-27;375,62;Rohdaten
2019-02-28;375,61;Rohdaten
2019-03-01;375,61;Rohdaten
2019-03-02;375,63;Rohdaten
2019-03-03;375,62;Rohdaten
2019-03-04;375,62;Rohdaten
2019-03-05;375,61;Rohdaten
2019-03-06;375,61;Rohdaten
2019-03-07;375,61;Rohdaten
2019-03-08;375,60;Rohdaten
2019-03-09;375,61;Rohdaten
2019-03-10;375,63;Rohdaten
2019-03-11;375,71;Rohdaten
2019-03-12;375,70;Rohdaten
2019-03-13;375,66;Rohdaten
2019-03-14;375,66;Rohdaten
2019-03-15;375,73;Rohdaten
2019-03-16;375,88;Rohdaten
2019-03-17;375,92;Rohdaten
2019-03-18;375,79;Rohdaten
2019-03-19;375,73;Rohdaten
2019-03-20;375,69;Rohdaten
2019-03-21;375,67;Rohdaten
2019-03-22;375,66;Rohdaten
2019-03-23;375,65;Rohdaten
2019-03-24;375,64;Rohdaten
2019-03-25;375,63;Rohdaten
2019-03-26;375,63;Rohdaten
2019-03-27;375,62;Rohdaten
2019-03-28;375,61;Rohdaten
2019-03-29;375,61;Rohdaten
2019-03-30;375,61;Rohdaten
2019-03-31;375,60;Rohdaten
2019-04-01;375,59;Rohdaten
2019-04-02;375,59;Rohdaten
2019-04-03;375,59;Rohdaten
2019-04-04;375,58;Rohdaten
2019-04-05;375,57;Rohdaten
2019-04-06;375,57;Rohdaten
2019-04-07;375,57;Rohdaten
2019-04-08;375,56;Rohdaten
2019-04-09;375,57;Rohdaten
2019-04-10;375,57;Rohdaten
2019-04-11;375,56;Rohdaten
2019-04-12;375,55;Rohdaten
2019-04-13;375,55;Rohdaten
2019-04-14;375,55;Rohdaten
2019-04-15;375,54;Rohdaten
2019-04-16;375,54;Rohdaten
2019-04-17;375,53;Rohdaten
2019-04-18;375,53;Rohdaten
2019-04-19;375,52;Rohdaten
2019-04-20;375,52;Rohdaten
2019-04-21;375,51;Rohdaten
2019-04-22;375,52;Rohdaten
2019-04-23;375,52;Rohdaten
2019-04-24;375,52;Rohdaten
2019-04-25;375,51;Rohdaten
2019-04-26;375,51;Rohdaten
2019-04-27;375,53;Rohdaten
2019-04-28;375,54;Rohdaten
2019-04-29;375,53;Rohdaten
2019-04-30;375,57;Rohdaten
2019-05-01;375,56;Rohdaten
2019-05-02;375,53;Rohdaten
2019-05-03;375,53;Rohdaten
2019-05-04;375,53;Rohdaten
2019-05-05;375,55;Rohdaten
2019-05-06;375,53;Rohdaten
2019-05-07;375,52;Rohdaten
2019-05-08;375,53;Rohdaten
2019-05-09;375,55;Rohdaten
2019-05-10;375,55;Rohdaten
2019-05-11;375,54;Rohdaten
2019-05-12;375,55;Rohdaten
2019-05-13;375,54;Rohdaten
2019-05-14;375,53;Rohdaten
2019-05-15;375,52;Rohdaten
2019-05-16;375,52;Rohdaten
2019-05-17;375,52;Rohdaten
2019-05-18;375,52;Rohdaten
2019-05-19;375,51;Rohdaten
2019-05-20;375,54;Rohdaten
2019-05-21;375,89;Rohdaten
2019-05-22;376,29;Rohdaten
2019-05-23;376,33;Rohdaten
2019-05-24;375,85;Rohdaten
2019-05-25;375,71;Rohdaten
2019-05-26;375,68;Rohdaten
2019-05-27;375,63;Rohdaten
2019-05-28;375,61;Rohdaten
2019-05-29;375,60;Rohdaten
2019-05-30;375,58;Rohdaten
2019-05-31;375,56;Rohdaten
2019-06-01;375,55;Rohdaten
2019-06-02;375,55;Rohdaten
2019-06-03;375,54;Rohdaten
2019-06-04;375,58;Rohdaten
2019-06-05;375,55;Rohdaten
2019-06-06;375,52;Rohdaten
2019-06-07;375,53;Rohdaten
2019-06-08;375,52;Rohdaten
2019-06-09;375,52;Rohdaten
2019-06-10;375,52;Rohdaten
2019-06-11;375,55;Rohdaten
2019-06-12;375,54;Rohdaten
2019-06-13;375,53;Rohdaten
2019-06-14;375,52;Rohdaten
2019-06-15;375,50;Rohdaten
2019-06-16;375,56;Rohdaten
2019-06-17;375,63;Rohdaten
2019-06-18;375,57;Rohdaten
2019-06-19;375,53;Rohdaten
2019-06-20;375,57;Rohdaten
2019-06-21;375,63;Rohdaten
2019-06-22;375,57;Rohdaten
2019-06-23;375,60;Rohdaten
2019-06-24;375,55;Rohdaten
2019-06-25;375,53;Rohdaten
2019-06-26;375,51;Rohdaten
2019-06-27;375,50;Rohdaten
2019-06-28;375,49;Rohdaten
2019-06-29;375,48;Rohdaten
2019-06-30;375,48;Rohdaten
2019-07-01;375,48;Rohdaten
2019-07-02;375,47;Rohdaten
2019-07-03;375,47;Rohdaten
2019-07-04;375,47;Rohdaten
2019-07-05;375,47;Rohdaten
2019-07-06;375,47;Rohdaten
2019-07-07;375,46;Rohdaten
2019-07-08;375,47;Rohdaten
2019-07-09;375,47;Rohdaten
2019-07-10;375,46;Rohdaten
2019-07-11;375,47;Rohdaten
2019-07-12;375,48;Rohdaten
2019-07-13;375,48;Rohdaten
2019-07-14;375,53;Rohdaten
2019-07-15;375,51;Rohdaten
2019-07-16;375,48;Rohdaten
2019-07-17;375,47;Rohdaten
2019-07-18;375,46;Rohdaten
2019-07-19;375,46;Rohdaten
2019-07-20;375,47;Rohdaten
2019-07-21;375,47;Rohdaten
2019-07-22;375,48;Rohdaten
2019-07-23;375,47;Rohdaten
2019-07-24;375,45;Rohdaten
2019-07-25;375,44;Rohdaten
2019-07-26;375,45;Rohdaten
2019-07-27;375,45;Rohdaten
2019-07-28;375,49;Rohdaten
2019-07-29;375,61;Rohdaten
2019-07-30;375,53;Rohdaten
2019-07-31;375,51;Rohdaten
2019-08-01;375,53;Rohdaten
2019-08-02;375,50;Rohdaten
2019-08-03;375,48;Rohdaten
2019-08-04;375,47;Rohdaten
2019-08-05;375,47;Rohdaten
2019-08-06;375,47;Rohdaten
2019-08-07;375,63;Rohdaten
2019-08-08;375,79;Rohdaten
2019-08-09;375,61;Rohdaten
2019-08-10;375,56;Rohdaten
2019-08-11;375,57;Rohdaten
2019-08-12;375,58;Rohdaten
2019-08-13;375,55;Rohdaten
2019-08-14;375,52;Rohdaten
2019-08-15;375,51;Rohdaten
2019-08-16;375,51;Rohdaten
2019-08-17;375,50;Rohdaten
2019-08-18;375,50;Rohdaten
2019-08-19;375,54;Rohdaten
2019-08-20;375,52;Rohdaten
2019-08-21;375,53;Rohdaten
2019-08-22;375,52;Rohdaten
2019-08-23;375,50;Rohdaten
2019-08-24;375,49;Rohdaten
2019-08-25;375,49;Rohdaten
2019-08-26;375,49;Rohdaten
2019-08-27;375,49;Rohdaten
2019-08-28;375,49;Rohdaten
2019-08-29;375,48;Rohdaten
2019-08-30;375,47;Rohdaten
2019-08-31;375,47;Rohdaten
2019-09-01;375,47;Rohdaten
2019-09-02;375,46;Rohdaten
2019-09-03;375,46;Rohdaten
2019-09-04;375,46;Rohdaten
2019-09-05;375,46;Rohdaten
2019-09-06;375,46;Rohdaten
2019-09-07;375,46;Rohdaten
2019-09-08;375,46;Rohdaten
2019-09-09;375,48;Rohdaten
2019-09-10;375,48;Rohdaten
2019-09-11;375,47;Rohdaten
2019-09-12;375,46;Rohdaten
2019-09-13;375,46;Rohdaten
2019-09-14;375,45;Rohdaten
2019-09-15;375,46;Rohdaten
2019-09-16;375,45;Rohdaten
2019-09-17;375,45;Rohdaten
2019-09-18;375,45;Rohdaten
2019-09-19;375,44;Rohdaten
2019-09-20;375,45;Rohdaten
2019-09-21;375,45;Rohdaten
2019-09-22;375,45;Rohdaten
2019-09-23;375,46;Rohdaten
2019-09-24;375,49;Rohdaten
2019-09-25;375,48;Rohdaten
2019-09-26;375,47;Rohdaten
2019-09-27;375,48;Rohdaten
2019-09-28;375,49;Rohdaten
2019-09-29;375,50;Rohdaten
2019-09-30;375,47;Rohdaten
2019-10-01;375,48;Rohdaten
2019-10-02;375,48;Rohdaten
2019-10-03;375,51;Rohdaten
2019-10-04;375,50;Rohdaten
2019-10-05;375,54;Rohdaten
2019-10-06;375,56;Rohdaten
2019-10-07;375,59;Rohdaten
2019-10-08;375,58;Rohdaten
2019-10-09;375,60;Rohdaten
2019-10-10;375,62;Rohdaten
2019-10-11;375,60;Rohdaten
2019-10-12;375,56;Rohdaten
2019-10-13;375,53;Rohdaten
2019-10-14;375,52;Rohdaten
2019-10-15;375,51;Rohdaten
2019-10-16;375,52;Rohdaten
2019-10-17;375,51;Rohdaten
2019-10-18;375,51;Rohdaten
2019-10-19;375,54;Rohdaten
2019-10-20;375,56;Rohdaten
2019-10-21;375,53;Rohdaten
2019-10-22;375,52;Rohdaten
2019-10-23;375,51;Rohdaten
2019-10-24;375,51;Rohdaten
2019-10-25;375,50;Rohdaten
2019-10-26;375,50;Rohdaten
2019-10-27;375,50;Rohdaten
2019-10-28;375,51;Rohdaten
2019-10-29;375,51;Rohdaten
2019-10-30;375,50;Rohdaten
2019-10-31;375,50;Rohdaten
2019-11-01;375,51;Rohdaten
2019-11-02;375,52;Rohdaten
2019-11-03;375,55;Rohdaten
2019-11-04;375,59;Rohdaten
2019-11-05;375,59;Rohdaten
2019-11-06;375,55;Rohdaten
2019-11-07;375,53;Rohdaten
2019-11-08;375,53;Rohdaten
2019-11-09;375,54;Rohdaten
2019-11-10;375,53;Rohdaten
2019-11-11;375,52;Rohdaten
2019-11-12;375,52;Rohdaten
2019-11-13;375,51;Rohdaten
2019-11-14;375,51;Rohdaten
2019-11-15;375,50;Rohdaten
2019-11-16;375,49;Rohdaten
2019-11-17;375,51;Rohdaten
2019-11-18;375,49;Rohdaten
2019-11-19;375,49;Rohdaten
2019-11-20;375,49;Rohdaten
2019-11-21;375,50;Rohdaten
2019-11-22;375,49;Rohdaten
2019-11-23;375,50;Rohdaten
2019-11-24;375,49;Rohdaten
2019-11-25;375,48;Rohdaten
2019-11-26;375,48;Rohdaten
2019-11-27;375,49;Rohdaten
2019-11-28;375,49;Rohdaten
2019-11-29;375,51;Rohdaten
2019-11-30;375,57;Rohdaten
2019-12-01;375,53;Rohdaten
2019-12-02;375,50;Rohdaten
2019-12-03;375,50;Rohdaten
2019-12-04;375,50;Rohdaten
2019-12-05;375,49;Rohdaten
2019-12-06;375,50;Rohdaten
2019-12-07;375,50;Rohdaten
2019-12-08;375,55;Rohdaten
2019-12-09;375,54;Rohdaten
2019-12-10;375,54;Rohdaten
2019-12-11;375,52;Rohdaten
2019-12-12;375,55;Rohdaten
2019-12-13;375,57;Rohdaten
2019-12-14;375,66;Rohdaten
2019-12-15;375,78;Rohdaten
2019-12-16;375,71;Rohdaten
2019-12-17;375,64;Rohdaten
2019-12-18;375,60;Rohdaten
2019-12-19;375,58;Rohdaten
2019-12-20;375,57;Rohdaten
2019-12-21;375,57;Rohdaten
2019-12-22;375,55;Rohdaten
2019-12-23;375,54;Rohdaten
2019-12-24;375,56;Rohdaten
2019-12-25;375,59;Rohdaten
2019-12-26;375,61;Rohdaten
2019-12-27;375,58;Rohdaten
2019-12-28;375,56;Rohdaten
2019-12-29;375,55;Rohdaten
2019-12-30;375,54;Rohdaten
2019-12-31;375,53;Rohdaten
2020-01-01;375,53;Rohdaten
2020-01-02;375,53;Rohdaten
2020-01-03;375,53;Rohdaten
2020-01-04;375,53;Rohdaten
2020-01-05;375,54;Rohdaten
2020-01-06;375,54;Rohdaten
2020-01-07;375,53;Rohdaten
2020-01-08;375,54;Rohdaten
2020-01-09;375,54;Rohdaten
2020-01-10;375,54;Rohdaten
2020-01-11;375,53;Rohdaten
2020-01-12;375,53;Rohdaten
2020-01-13;375,53;Rohdaten
2020-01-14;375,53;Rohdaten
2020-01-15;375,52;Rohdaten
2020-01-16;375,52;Rohdaten
2020-01-17;375,52;Rohdaten
2020-01-18;375,51;Rohdaten
2020-01-19;375,51;Rohdaten
2020-01-20;375,51;Rohdaten
2020-01-21;375,51;Rohdaten
2020-01-22;375,50;Rohdaten
2020-01-23;375,50;Rohdaten
2020-01-24;375,50;Rohdaten
2020-01-25;375,50;Rohdaten
2020-01-26;375,50;Rohdaten
2020-01-27;375,50;Rohdaten
2020-01-28;375,52;Rohdaten
2020-01-29;375,56;Rohdaten
2020-01-30;375,57;Rohdaten
2020-01-31;375,56;Rohdaten
2020-02-01;375,56;Rohdaten
2020-02-02;375,73;Rohdaten
2020-02-03;375,89;Rohdaten
2020-02-04;376,08;Rohdaten
2020-02-05;376,58;Rohdaten
2020-02-06;376,29;Rohdaten
2020-02-07;375,86;Rohdaten
2020-02-08;375,75;Rohdaten
2020-02-09;375,71;Rohdaten
2020-02-10;375,72;Rohdaten
2020-02-11;375,99;Rohdaten
2020-02-12;376,07;Rohdaten
2020-02-13;375,95;Rohdaten
2020-02-14;375,93;Rohdaten
2020-02-15;375,94;Rohdaten
2020-02-16;375,81;Rohdaten
2020-02-17;375,78;Rohdaten
2020-02-18;376,05;Rohdaten
2020-02-19;375,98;Rohdaten
2020-02-20;375,90;Rohdaten
2020-02-21;375,82;Rohdaten
2020-02-22;375,77;Rohdaten
2020-02-23;375,75;Rohdaten
2020-02-24;375,79;Rohdaten
2020-02-25;375,79;Rohdaten
2020-02-26;375,81;Rohdaten
2020-02-27;375,82;Rohdaten
2020-02-28;375,83;Rohdaten
2020-02-29;375,96;Rohdaten
2020-03-01;376,47;Rohdaten
2020-03-02;376,83;Rohdaten
2020-03-03;376,41;Rohdaten
2020-03-04;376,09;Rohdaten
2020-03-05;375,94;Rohdaten
2020-03-06;376,08;Rohdaten
2020-03-07;376,21;Rohdaten
2020-03-08;376,10;Rohdaten
2020-03-09;375,94;Rohdaten
2020-03-10;375,93;Rohdaten
2020-03-11;376,29;Rohdaten
2020-03-12;376,44;Rohdaten
2020-03-13;376,09;Rohdaten
2020-03-14;375,92;Rohdaten
2020-03-15;375,84;Rohdaten
2020-03-16;375,79;Rohdaten
2020-03-17;375,76;Rohdaten
2020-03-18;375,73;Rohdaten
2020-03-19;375,72;Rohdaten
2020-03-20;375,71;Rohdaten
2020-03-21;375,70;Rohdaten
2020-03-22;375,73;Rohdaten
2020-03-23;375,69;Rohdaten
2020-03-24;375,68;Rohdaten
2020-03-25;375,67;Rohdaten
2020-03-26;375,67;Rohdaten
2020-03-27;375,66;Rohdaten
2020-03-28;375,65;Rohdaten
2020-03-29;375,64;Rohdaten
2020-03-30;375,63;Rohdaten
2020-03-31;375,63;Rohdaten
2020-04-01;375,63;Rohdaten
2020-04-02;375,63;Rohdaten
2020-04-03;375,61;Rohdaten
2020-04-04;375,60;Rohdaten
2020-04-05;375,60;Rohdaten
2020-04-06;375,59;Rohdaten
2020-04-07;375,59;Rohdaten
2020-04-08;375,59;Rohdaten
2020-04-09;375,58;Rohdaten
2020-04-10;375,57;Rohdaten
2020-04-11;375,57;Rohdaten
2020-04-12;375,57;Rohdaten
2020-04-13;375,57;Rohdaten
2020-04-14;375,56;Rohdaten
2020-04-15;375,56;Rohdaten
2020-04-16;375,56;Rohdaten
2020-04-17;375,56;Rohdaten
2020-04-18;375,55;Rohdaten
2020-04-19;375,55;Rohdaten
2020-04-20;375,55;Rohdaten
2020-04-21;375,54;Rohdaten
2020-04-22;375,54;Rohdaten
2020-04-23;375,54;Rohdaten
2020-04-24;375,54;Rohdaten
2020-04-25;375,53;Rohdaten
2020-04-26;375,53;Rohdaten
2020-04-27;375,53;Rohdaten
2020-04-28;375,53;Rohdaten
2020-04-29;375,53;Rohdaten
2020-04-30;375,53;Rohdaten
2020-05-01;375,54;Rohdaten
2020-05-02;375,53;Rohdaten
2020-05-03;375,52;Rohdaten
2020-05-04;375,52;Rohdaten
2020-05-05;375,54;Rohdaten
2020-05-06;375,53;Rohdaten
2020-05-07;375,51;Rohdaten
2020-05-08;375,51;Rohdaten
2020-05-09;375,50;Rohdaten
2020-05-10;375,51;Rohdaten
2020-05-11;375,52;Rohdaten
2020-05-12;375,63;Rohdaten
2020-05-13;375,57;Rohdaten
2020-05-14;375,54;Rohdaten
2020-05-15;375,53;Rohdaten
2020-05-16;375,52;Rohdaten
2020-05-17;375,51;Rohdaten
2020-05-18;375,51;Rohdaten
2020-05-19;375,50;Rohdaten
2020-05-20;375,49;Rohdaten
2020-05-21;375,49;Rohdaten
2020-05-22;375,49;Rohdaten
2020-05-23;375,49;Rohdaten
2020-05-24;375,49;Rohdaten
2020-05-25;375,49;Rohdaten
2020-05-26;375,48;Rohdaten
2020-05-27;375,48;Rohdaten
2020-05-28;375,48;Rohdaten
2020-05-29;375,48;Rohdaten
2020-05-30;375,48;Rohdaten
2020-05-31;375,47;Rohdaten
2020-06-01;375,46;Rohdaten
2020-06-02;375,46;Rohdaten
2020-06-03;375,47;Rohdaten
2020-06-04;375,47;Rohdaten
2020-06-05;375,52;Rohdaten
2020-06-06;375,52;Rohdaten
2020-06-07;375,54;Rohdaten
2020-06-08;375,54;Rohdaten
2020-06-09;375,52;Rohdaten
2020-06-10;375,52;Rohdaten
2020-06-11;375,53;Rohdaten
2020-06-12;375,53;Rohdaten
2020-06-13;375,50;Rohdaten
2020-06-14;375,65;Rohdaten
2020-06-15;375,65;Rohdaten
2020-06-16;375,68;Rohdaten
2020-06-17;375,64;Rohdaten
2020-06-18;375,65;Rohdaten
2020-06-19;375,60;Rohdaten
2020-06-20;375,57;Rohdaten
2020-06-21;375,55;Rohdaten
2020-06-22;375,54;Rohdaten
2020-06-23;375,53;Rohdaten
2020-06-24;375,52;Rohdaten
2020-06-25;375,51;Rohdaten
2020-06-26;375,50;Rohdaten
2020-06-27;375,50;Rohdaten
2020-06-28;375,49;Rohdaten
2020-06-29;375,52;Rohdaten
2020-06-30;375,51;Rohdaten
2020-07-01;375,50;Rohdaten
2020-07-02;375,52;Rohdaten
2020-07-03;375,53;Rohdaten
2020-07-04;375,50;Rohdaten
2020-07-05;375,49;Rohdaten
2020-07-06;375,48;Rohdaten
2020-07-07;375,48;Rohdaten
2020-07-08;375,47;Rohdaten
2020-07-09;375,47;Rohdaten
2020-07-10;375,47;Rohdaten
2020-07-11;375,46;Rohdaten
2020-07-12;375,47;Rohdaten
2020-07-13;375,46;Rohdaten
2020-07-14;375,46;Rohdaten
2020-07-15;375,47;Rohdaten
2020-07-16;375,50;Rohdaten
2020-07-17;375,55;Rohdaten
2020-07-18;375,51;Rohdaten
2020-07-19;375,49;Rohdaten
2020-07-20;375,47;Rohdaten
2020-07-21;375,46;Rohdaten
2020-07-22;375,46;Rohdaten
2020-07-23;375,45;Rohdaten
2020-07-24;375,45;Rohdaten
2020-07-25;375,45;Rohdaten
2020-07-26;375,45;Rohdaten
2020-07-27;375,45;Rohdaten
2020-07-28;375,44;Rohdaten
2020-07-29;375,43;Rohdaten
2020-07-30;375,43;Rohdaten
2020-07-31;375,43;Rohdaten
2020-08-01;375,43;Rohdaten
2020-08-02;375,43;Rohdaten
2020-08-03;375,47;Rohdaten
2020-08-04;375,59;Rohdaten
2020-08-05;375,55;Rohdaten
2020-08-06;375,49;Rohdaten
2020-08-07;375,47;Rohdaten
2020-08-08;375,45;Rohdaten
2020-08-09;375,44;Rohdaten
2020-08-10;375,44;Rohdaten
2020-08-11;375,43;Rohdaten
2020-08-12;375,44;Rohdaten
2020-08-13;375,46;Rohdaten
2020-08-14;375,55;Rohdaten
2020-08-15;375,57;Rohdaten
2020-08-16;375,52;Rohdaten
2020-08-17;375,49;Rohdaten
2020-08-18;375,54;Rohdaten
2020-08-19;375,51;Rohdaten
2020-08-20;375,49;Rohdaten
2020-08-21;375,48;Rohdaten
2020-08-22;375,50;Rohdaten
2020-08-23;375,61;Rohdaten
2020-08-24;375,53;Rohdaten
2020-08-25;375,51;Rohdaten
2020-08-26;375,49;Rohdaten
2020-08-27;375,48;Rohdaten
2020-08-28;375,49;Rohdaten
2020-08-29;375,57;Rohdaten
2020-08-30;375,56;Rohdaten
2020-08-31;375,86;Rohdaten
2020-09-01;375,72;Rohdaten
2020-09-02;375,62;Rohdaten
2020-09-03;375,57;Rohdaten
2020-09-04;375,55;Rohdaten
2020-09-05;375,53;Rohdaten
2020-09-06;375,52;Rohdaten
2020-09-07;375,51;Rohdaten
2020-09-08;375,50;Rohdaten
2020-09-09;375,50;Rohdaten
2020-09-10;375,50;Rohdaten
2020-09-11;375,50;Rohdaten
2020-09-12;375,49;Rohdaten
2020-09-13;375,48;Rohdaten
2020-09-14;375,48;Rohdaten
2020-09-15;375,48;Rohdaten
2020-09-16;375,48;Rohdaten
2020-09-17;375,48;Rohdaten
2020-09-18;375,48;Rohdaten
2020-09-19;375,47;Rohdaten
2020-09-20;375,46;Rohdaten
2020-09-21;375,47;Rohdaten
2020-09-22;375,47;Rohdaten
2020-09-23;375,50;Rohdaten
2020-09-24;375,53;Rohdaten
2020-09-25;375,54;Rohdaten
2020-09-26;375,53;Rohdaten
2020-09-27;375,58;Rohdaten
2020-09-28;375,56;Rohdaten
2020-09-29;375,52;Rohdaten
2020-09-30;375,51;Rohdaten
2020-10-01;375,51;Rohdaten
2020-10-02;375,52;Rohdaten
2020-10-03;375,50;Rohdaten
2020-10-04;375,50;Rohdaten
2020-10-05;375,49;Rohdaten
2020-10-06;375,50;Rohdaten
2020-10-07;375,52;Rohdaten
2020-10-08;375,51;Rohdaten
2020-10-09;375,50;Rohdaten
2020-10-10;375,49;Rohdaten
2020-10-11;375,50;Rohdaten
2020-10-12;375,50;Rohdaten
2020-10-13;375,53;Rohdaten
2020-10-14;375,52;Rohdaten
2020-10-15;375,56;Rohdaten
2020-10-16;375,56;Rohdaten
2020-10-17;375,53;Rohdaten
2020-10-18;375,52;Rohdaten
2020-10-19;375,51;Rohdaten
2020-10-20;375,51;Rohdaten
2020-10-21;375,52;Rohdaten
2020-10-22;375,51;Rohdaten
2020-10-23;375,51;Rohdaten
2020-10-24;375,54;Rohdaten
2020-10-25;375,53;Rohdaten
2020-10-26;375,52;Rohdaten
2020-10-27;375,53;Rohdaten
2020-10-28;375,53;Rohdaten
2020-10-29;375,53;Rohdaten
2020-10-30;375,58;Rohdaten
2020-10-31;375,58;Rohdaten
2020-11-01;375,55;Rohdaten
2020-11-02;375,56;Rohdaten
2020-11-03;375,54;Rohdaten
2020-11-04;375,53;Rohdaten
2020-11-05;375,52;Rohdaten
2020-11-06;375,52;Rohdaten
2020-11-07;375,51;Rohdaten
2020-11-08;375,51;Rohdaten
2020-11-09;375,50;Rohdaten
2020-11-10;375,50;Rohdaten
2020-11-11;375,50;Rohdaten
2020-11-12;375,50;Rohdaten
2020-11-13;375,50;Rohdaten
2020-11-14;375,50;Rohdaten
2020-11-15;375,50;Rohdaten
2020-11-16;375,49;Rohdaten
2020-11-17;375,50;Rohdaten
2020-11-18;375,49;Rohdaten
2020-11-19;375,48;Rohdaten
2020-11-20;375,48;Rohdaten
2020-11-21;375,49;Rohdaten
2020-11-22;375,49;Rohdaten
2020-11-23;375,49;Rohdaten
2020-11-24;375,49;Rohdaten
2020-11-25;375,48;Rohdaten
2020-11-26;375,48;Rohdaten
2020-11-27;375,48;Rohdaten
2020-11-28;375,48;Rohdaten
2020-11-29;375,48;Rohdaten
2020-11-30;375,48;Rohdaten
2020-12-01;375,49;Rohdaten
2020-12-02;375,49;Rohdaten
2020-12-03;375,49;Rohdaten
2020-12-04;375,49;Rohdaten
2020-12-05;375,48;Rohdaten
2020-12-06;375,50;Rohdaten
2020-12-07;375,52;Rohdaten
2020-12-08;375,53;Rohdaten
2020-12-09;375,52;Rohdaten
2020-12-10;375,54;Rohdaten
2020-12-11;375,55;Rohdaten
2020-12-12;375,54;Rohdaten
2020-12-13;375,53;Rohdaten
2020-12-14;375,54;Rohdaten
2020-12-15;375,53;Rohdaten
2020-12-16;375,51;Rohdaten
2020-12-17;375,50;Rohdaten
2020-12-18;375,50;Rohdaten
2020-12-19;375,50;Rohdaten
2020-12-20;375,49;Rohdaten
2020-12-21;375,49;Rohdaten
2020-12-22;375,52;Rohdaten
2020-12-23;375,57;Rohdaten
2020-12-24;375,63;Rohdaten
2020-12-25;375,66;Rohdaten
2020-12-26;375,67;Rohdaten
2020-12-27;375,62;Rohdaten
2020-12-28;375,59;Rohdaten
2020-12-29;375,56;Rohdaten
2020-12-30;375,57;Rohdaten
2020-12-31;375,56;Rohdaten
2021-01-01;375,54;Rohdaten
2021-01-02;375,54;Rohdaten
2021-01-03;375,53;Rohdaten
2021-01-04;375,53;Rohdaten
2021-01-05;375,53;Rohdaten
2021-01-06;375,53;Rohdaten
2021-01-07;375,54;Rohdaten
2021-01-08;375,54;Rohdaten
2021-01-09;375,53;Rohdaten
2021-01-10;375,53;Rohdaten
2021-01-11;375,52;Rohdaten
2021-01-12;375,53;Rohdaten
2021-01-13;375,55;Rohdaten
2021-01-14;375,54;Rohdaten
2021-01-15;375,52;Rohdaten
2021-01-16;375,52;Rohdaten
2021-01-17;375,51;Rohdaten
2021-01-18;375,51;Rohdaten
2021-01-19;375,53;Rohdaten
2021-01-20;375,56;Rohdaten
2021-01-21;375,57;Rohdaten
2021-01-22;375,62;Rohdaten
2021-01-23;375,75;Rohdaten
2021-01-24;375,74;Rohdaten
2021-01-25;375,66;Rohdaten
2021-01-26;375,63;Rohdaten
2021-01-27;375,61;Rohdaten
2021-01-28;375,65;Rohdaten
2021-01-29;376,28;Rohdaten
2021-01-30;376,78;Rohdaten
2021-01-31;376,65;Rohdaten
2021-02-01;376,27;Rohdaten
2021-02-02;376,04;Rohdaten
2021-02-03;376,13;Rohdaten
2021-02-04;376,39;Rohdaten
2021-02-05;376,26;Rohdaten
2021-02-06;376,01;Rohdaten
2021-02-07;375,93;Rohdaten
2021-02-08;375,90;Rohdaten
2021-02-09;375,90;Rohdaten
2021-02-10;375,85;Rohdaten
2021-02-11;375,79;Rohdaten
2021-02-12;375,75;Rohdaten
2021-02-13;375,75;Rohdaten
2021-02-14;375,73;Rohdaten
2021-02-15;375,73;Rohdaten
2021-02-16;375,71;Rohdaten
2021-02-17;375,85;Rohdaten
2021-02-18;376,20;Rohdaten
2021-02-19;376,09;Rohdaten
2021-02-20;375,90;Rohdaten
2021-02-21;375,81;Rohdaten
2021-02-22;375,76;Rohdaten
2021-02-23;375,72;Rohdaten
2021-02-24;375,70;Rohdaten
2021-02-25;375,69;Rohdaten
2021-02-26;375,68;Rohdaten
2021-02-27;375,67;Rohdaten
2021-02-28;375,66;Rohdaten
2021-03-01;375,65;Rohdaten
2021-03-02;375,64;Rohdaten
2021-03-03;375,64;Rohdaten
2021-03-04;375,64;Rohdaten
2021-03-05;375,66;Rohdaten
2021-03-06;375,67;Rohdaten
2021-03-07;375,65;Rohdaten
2021-03-08;375,63;Rohdaten
2021-03-09;375,63;Rohdaten
2021-03-10;375,63;Rohdaten
2021-03-11;375,63;Rohdaten
2021-03-12;375,68;Rohdaten
2021-03-13;375,68;Rohdaten
2021-03-14;375,67;Rohdaten
2021-03-15;375,67;Rohdaten
2021-03-16;375,67;Rohdaten
2021-03-17;375,66;Rohdaten
2021-03-18;375,65;Rohdaten
2021-03-19;375,64;Rohdaten
2021-03-20;375,65;Rohdaten
2021-03-21;375,64;Rohdaten
2021-03-22;375,63;Rohdaten
2021-03-23;375,62;Rohdaten
2021-03-24;375,62;Rohdaten
2021-03-25;375,61;Rohdaten
2021-03-26;375,61;Rohdaten
2021-03-27;375,60;Rohdaten
2021-03-28;375,60;Rohdaten
2021-03-29;375,58;Rohdaten
2021-03-30;375,58;Rohdaten
2021-03-31;375,58;Rohdaten
2021-04-01;375,58;Rohdaten
2021-04-02;375,57;Rohdaten
2021-04-03;375,56;Rohdaten
2021-04-04;375,57;Rohdaten
2021-04-05;375,57;Rohdaten
2021-04-06;375,58;Rohdaten
2021-04-07;375,58;Rohdaten
2021-04-08;375,58;Rohdaten
2021-04-09;375,58;Rohdaten
2021-04-10;375,57;Rohdaten
2021-04-11;375,56;Rohdaten
2021-04-12;375,56;Rohdaten
2021-04-13;375,57;Rohdaten
2021-04-14;375,56;Rohdaten
2021-04-15;375,55;Rohdaten
2021-04-16;375,55;Rohdaten
2021-04-17;375,55;Rohdaten
2021-04-18;375,55;Rohdaten
2021-04-19;375,55;Rohdaten
2021-04-20;375,59;Rohdaten
2021-04-21;375,57;Rohdaten
2021-04-22;375,57;Rohdaten
2021-04-23;375,55;Rohdaten
2021-04-24;375,54;Rohdaten
2021-04-25;375,53;Rohdaten
2021-04-26;375,53;Rohdaten
2021-04-27;375,53;Rohdaten
2021-04-28;375,52;Rohdaten
2021-04-29;375,52;Rohdaten
2021-04-30;375,52;Rohdaten
2021-05-01;375,54;Rohdaten
2021-05-02;375,63;Rohdaten
2021-05-03;375,65;Rohdaten
2021-05-04;375,60;Rohdaten
2021-05-05;375,59;Rohdaten
2021-05-06;375,60;Rohdaten
2021-05-07;375,61;Rohdaten
2021-05-08;375,59;Rohdaten
2021-05-09;375,57;Rohdaten
2021-05-10;375,56;Rohdaten
2021-05-11;375,54;Rohdaten
2021-05-12;375,59;Rohdaten
2021-05-13;375,75;Rohdaten
2021-05-14;375,76;Rohdaten
2021-05-15;375,65;Rohdaten
2021-05-16;375,64;Rohdaten
2021-05-17;375,61;Rohdaten
2021-05-18;375,59;Rohdaten
2021-05-19;375,63;Rohdaten
2021-05-20;375,61;Rohdaten
2021-05-21;375,59;Rohdaten
2021-05-22;375,57;Rohdaten
2021-05-23;375,55;Rohdaten
2021-05-24;375,55;Rohdaten
2021-05-25;375,54;Rohdaten
2021-05-26;375,54;Rohdaten
2021-05-27;375,57;Rohdaten
2021-05-28;375,55;Rohdaten
2021-05-29;375,54;Rohdaten
2021-05-30;375,53;Rohdaten
2021-05-31;375,52;Rohdaten
2021-06-01;375,52;Rohdaten
2021-06-02;375,51;Rohdaten
2021-06-03;375,50;Rohdaten
2021-06-04;375,50;Rohdaten
2021-06-05;375,51;Rohdaten
2021-06-06;375,57;Rohdaten
2021-06-07;375,77;Rohdaten
2021-06-08;375,79;Rohdaten
2021-06-09;376,05;Rohdaten
2021-06-10;375,96;Rohdaten
2021-06-11;375,75;Rohdaten
2021-06-12;375,66;Rohdaten
2021-06-13;375,60;Rohdaten
2021-06-14;375,58;Rohdaten
2021-06-15;375,57;Rohdaten
2021-06-16;375,55;Rohdaten
2021-06-17;375,54;Rohdaten
2021-06-18;375,53;Rohdaten
2021-06-19;375,52;Rohdaten
2021-06-20;375,53;Rohdaten
2021-06-21;375,56;Rohdaten
2021-06-22;375,61;Rohdaten
2021-06-23;375,56;Rohdaten
2021-06-24;375,57;Rohdaten
2021-06-25;375,57;Rohdaten
2021-06-26;375,56;Rohdaten
2021-06-27;375,55;Rohdaten
2021-06-28;375,53;Rohdaten
2021-06-29;375,58;Rohdaten
2021-06-30;375,71;Rohdaten
2021-07-01;375,74;Rohdaten
2021-07-02;375,82;Rohdaten
2021-07-03;375,70;Rohdaten
2021-07-04;375,63;Rohdaten
2021-07-05;375,83;Rohdaten
2021-07-06;375,73;Rohdaten
2021-07-07;375,65;Rohdaten
2021-07-08;375,65;Rohdaten
2021-07-09;376,05;Rohdaten
2021-07-10;377,08;Rohdaten
2021-07-11;377,03;Rohdaten
2021-07-12;376,83;Rohdaten
2021-07-13;376,38;Rohdaten
2021-07-14;376,03;Rohdaten
2021-07-15;375,88;Rohdaten
2021-07-16;375,82;Rohdaten
2021-07-17;375,77;Rohdaten
2021-07-18;375,79;Rohdaten
2021-07-19;375,78;Rohdaten
2021-07-20;375,70;Rohdaten
2021-07-21;375,67;Rohdaten
2021-07-22;375,65;Rohdaten
2021-07-23;375,64;Rohdaten
2021-07-24;375,62;Rohdaten
2021-07-25;375,61;Rohdaten
2021-07-26;375,61;Rohdaten
2021-07-27;375,60;Rohdaten
2021-07-28;375,60;Rohdaten
2021-07-29;375,60;Rohdaten
2021-07-30;375,59;Rohdaten
2021-07-31;375,58;Rohdaten
2021-08-01;375,60;Rohdaten
2021-08-02;375,62;Rohdaten
2021-08-03;375,60;Rohdaten
2021-08-04;375,59;Rohdaten
2021-08-05;375,59;Rohdaten
2021-08-06;375,59;Rohdaten
2021-08-07;375,59;Rohdaten
2021-08-08;375,62;Rohdaten
2021-08-09;375,61;Rohdaten
2021-08-10;375,58;Rohdaten
2021-08-11;375,57;Rohdaten
2021-08-12;375,56;Rohdaten
2021-08-13;375,55;Rohdaten
2021-08-14;375,55;Rohdaten
2021-08-15;375,55;Rohdaten
2021-08-16;375,67;Rohdaten
2021-08-17;375,60;Rohdaten
2021-08-18;375,59;Rohdaten
2021-08-19;375,57;Rohdaten
2021-08-20;375,55;Rohdaten
2021-08-21;375,55;Rohdaten
2021-08-22;375,63;Rohdaten
2021-08-23;375,69;Rohdaten
2021-08-24;375,62;Rohdaten
2021-09-15;375,54;Rohdaten
2021-09-16;375,54;Rohdaten
2021-09-17;375,54;Rohdaten
2021-09-18;375,53;Rohdaten
2021-09-19;375,53;Rohdaten
2021-09-20;375,52;Rohdaten
2021-09-21;375,52;Rohdaten
2021-09-22;375,52;Rohdaten
2021-09-23;375,52;Rohdaten
2021-09-24;375,52;Rohdaten
2021-09-25;375,51;Rohdaten
2021-09-26;375,51;Rohdaten
2021-09-27;375,53;Rohdaten
2021-09-28;375,52;Rohdaten
2021-09-29;375,52;Rohdaten
2021-09-30;375,52;Rohdaten
2021-10-01;375,52;Rohdaten
2021-10-02;375,52;Rohdaten
2021-10-03;375,51;Rohdaten
2021-10-04;375,50;Rohdaten
2021-10-05;375,52;Rohdaten
2021-10-06;375,53;Rohdaten
2021-10-07;375,55;Rohdaten
2021-10-08;375,52;Rohdaten
2021-10-09;375,51;Rohdaten
2021-10-10;375,51;Rohdaten
2021-10-11;375,51;Rohdaten
2021-10-12;375,51;Rohdaten
2021-10-13;375,53;Rohdaten
2021-10-14;375,53;Rohdaten
2021-10-15;375,52;Rohdaten
2021-10-16;375,51;Rohdaten
2021-10-17;375,51;Rohdaten
2021-10-18;375,50;Rohdaten
2021-10-19;375,50;Rohdaten
2021-10-20;375,53;Rohdaten
2021-10-21;375,58;Rohdaten
2021-10-22;375,61;Rohdaten
2021-10-23;375,55;Rohdaten
2021-10-24;375,53;Rohdaten
2021-10-25;375,52;Rohdaten
2021-10-26;375,51;Rohdaten
2021-10-27;375,51;Rohdaten
2021-10-28;375,51;Rohdaten
2021-10-29;375,51;Rohdaten
2021-10-30;375,52;Rohdaten
2021-10-31;375,52;Rohdaten
2021-11-01;375,52;Rohdaten
2021-11-02;375,54;Rohdaten
2021-11-03;375,54;Rohdaten
2021-11-04;375,57;Rohdaten
2021-11-05;375,64;Rohdaten
2021-11-06;375,59;Rohdaten
2021-11-07;375,56;Rohdaten
2021-11-08;375,54;Rohdaten
2021-11-09;375,53;Rohdaten
2021-11-10;375,52;Rohdaten
2021-11-11;375,52;Rohdaten
2021-11-12;375,52;Rohdaten
2021-11-13;375,52;Rohdaten
2021-11-14;375,51;Rohdaten
2021-11-15;375,51;Rohdaten
2021-11-16;375,51;Rohdaten
2021-11-17;375,50;Rohdaten
2021-11-18;375,50;Rohdaten
2021-11-19;375,51;Rohdaten
2021-11-20;375,52;Rohdaten
2021-11-21;375,52;Rohdaten
2021-11-22;375,50;Rohdaten
2021-11-23;375,51;Rohdaten
2021-11-24;375,51;Rohdaten
2021-11-25;375,50;Rohdaten
2021-11-26;375,51;Rohdaten
2021-11-27;375,51;Rohdaten
2021-11-28;375,51;Rohdaten
2021-11-29;375,50;Rohdaten
2021-11-30;375,51;Rohdaten
2021-12-01;375,56;Rohdaten
2021-12-02;375,55;Rohdaten
2021-12-03;375,57;Rohdaten
2021-12-04;375,58;Rohdaten
2021-12-05;375,68;Rohdaten
2021-12-06;375,65;Rohdaten
2021-12-07;375,61;Rohdaten
2021-12-08;375,61;Rohdaten
2021-12-09;375,62;Rohdaten
2021-12-10;375,65;Rohdaten
2021-12-11;375,63;Rohdaten
2021-12-12;375,63;Rohdaten
2021-12-13;375,68;Rohdaten
2021-12-14;375,75;Rohdaten
2021-12-15;375,67;Rohdaten
2021-12-16;375,63;Rohdaten
2021-12-17;375,61;Rohdaten
2021-12-18;375,60;Rohdaten
2021-12-19;375,59;Rohdaten
2021-12-20;375,58;Rohdaten
2021-12-21;375,58;Rohdaten
2021-12-22;375,57;Rohdaten
2021-12-23;375,56;Rohdaten
2021-12-24;375,56;Rohdaten
2021-12-25;375,63;Rohdaten
2021-12-26;375,78;Rohdaten
2021-12-27;375,71;Rohdaten
2021-12-28;375,75;Rohdaten
2021-12-29;376,18;Rohdaten
2021-12-30;376,53;Rohdaten
2021-12-31;376,38;Rohdaten
2022-01-01;376,01;Rohdaten
2022-01-02;375,83;Rohdaten
2022-01-03;375,80;Rohdaten
2022-01-04;376,02;Rohdaten
2022-01-05;376,61;Rohdaten
2022-01-06;376,86;Rohdaten
2022-01-07;376,35;Rohdaten
2022-01-08;375,99;Rohdaten
2022-01-09;375,91;Rohdaten
2022-01-10;376,01;Rohdaten
2022-01-11;375,93;Rohdaten
2022-01-12;375,85;Rohdaten
2022-01-13;375,79;Rohdaten
2022-01-14;375,76;Rohdaten
2022-01-15;375,74;Rohdaten
2022-01-16;375,72;Rohdaten
2022-01-17;375,71;Rohdaten
2022-01-18;375,71;Rohdaten
2022-01-19;375,71;Rohdaten
2022-01-20;375,70;Rohdaten
2022-01-21;375,70;Rohdaten
2022-01-22;375,69;Rohdaten
2022-01-23;375,73;Rohdaten
2022-01-24;375,72;Rohdaten
2022-01-25;375,70;Rohdaten
2022-01-26;375,68;Rohdaten
2022-01-27;375,68;Rohdaten
2022-01-28;375,67;Rohdaten
2022-01-29;375,68;Rohdaten
2022-01-30;375,67;Rohdaten
2022-01-31;375,68;Rohdaten
2022-02-01;375,83;Rohdaten
2022-02-02;375,94;Rohdaten
2022-02-03;376,00;Rohdaten
2022-02-04;375,86;Rohdaten
2022-02-05;375,79;Rohdaten
2022-02-06;375,76;Rohdaten
2022-02-07;376,02;Rohdaten
2022-02-08;376,20;Rohdaten
2022-02-09;375,94;Rohdaten
2022-02-10;375,83;Rohdaten
2022-02-11;375,77;Rohdaten
2022-02-12;375,74;Rohdaten
2022-02-13;375,73;Rohdaten
2022-02-14;375,71;Rohdaten
2022-02-15;375,71;Rohdaten
2022-02-16;375,69;Rohdaten
2022-02-17;375,72;Rohdaten
2022-02-18;375,84;Rohdaten
2022-02-19;375,80;Rohdaten
2022-02-20;375,73;Rohdaten
2022-02-21;375,72;Rohdaten
2022-02-22;375,73;Rohdaten
2022-02-23;375,76;Rohdaten
2022-02-24;375,76;Rohdaten
2022-02-25;375,73;Rohdaten
2022-02-26;375,71;Rohdaten
2022-02-27;375,69;Rohdaten
2022-02-28;375,68;Rohdaten
2022-03-01;375,66;Rohdaten
2022-03-02;375,66;Rohdaten
2022-03-03;375,66;Rohdaten
2022-03-04;375,65;Rohdaten
2022-03-05;375,65;Rohdaten
2022-03-06;375,64;Rohdaten
2022-03-07;375,63;Rohdaten
2022-03-08;375,62;Rohdaten
2022-03-09;375,61;Rohdaten
2022-03-10;375,61;Rohdaten
2022-03-11;375,61;Rohdaten
2022-03-12;375,61;Rohdaten
2022-03-13;375,60;Rohdaten
2022-03-14;375,59;Rohdaten
2022-03-15;375,60;Rohdaten
2022-03-16;375,63;Rohdaten
2022-03-17;375,61;Rohdaten
2022-03-18;375,60;Rohdaten
2022-03-19;375,60;Rohdaten
2022-03-20;375,60;Rohdaten
2022-03-21;375,59;Rohdaten
2022-03-22;375,58;Rohdaten
2022-03-23;375,58;Rohdaten
2022-03-24;375,58;Rohdaten
2022-03-25;375,58;Rohdaten
2022-03-26;375,57;Rohdaten
2022-03-27;375,57;Rohdaten
2022-03-28;375,57;Rohdaten
2022-03-29;375,57;Rohdaten
2022-03-30;375,57;Rohdaten
2022-03-31;375,58;Rohdaten
2022-04-01;375,60;Rohdaten
2022-04-02;375,68;Rohdaten
2022-04-03;375,67;Rohdaten
2022-04-04;375,67;Rohdaten
2022-04-05;375,69;Rohdaten
2022-04-06;375,78;Rohdaten
2022-04-07;375,76;Rohdaten
2022-04-08;375,79;Rohdaten
2022-04-09;376,34;Rohdaten
2022-04-10;376,74;Rohdaten
2022-04-11;376,41;Rohdaten
2022-04-12;376,00;Rohdaten
2022-04-13;375,86;Rohdaten
2022-04-14;375,78;Rohdaten
2022-04-15;375,74;Rohdaten
2022-04-16;375,71;Rohdaten
2022-04-17;375,69;Rohdaten
2022-04-18;375,67;Rohdaten
2022-04-19;375,67;Rohdaten
2022-04-20;375,65;Rohdaten
2022-04-21;375,64;Rohdaten
2022-04-22;375,63;Rohdaten
2022-04-23;375,62;Rohdaten
2022-04-24;375,67;Rohdaten
2022-04-25;375,73;Rohdaten
2022-04-26;375,67;Rohdaten
2022-04-27;375,67;Rohdaten
2022-04-28;375,64;Rohdaten
2022-04-29;375,62;Rohdaten
2022-04-30;375,62;Rohdaten
2022-05-01;375,62;Rohdaten
2022-05-02;375,61;Rohdaten
2022-05-03;375,62;Rohdaten
2022-05-04;375,63;Rohdaten
2022-05-05;375,67;Rohdaten
2022-05-06;375,67;Rohdaten
2022-05-07;375,66;Rohdaten
2022-05-08;375,63;Rohdaten
2022-05-09;375,62;Rohdaten
2022-05-10;375,61;Rohdaten
2022-05-11;375,61;Rohdaten
2022-05-12;375,59;Rohdaten
2022-05-13;375,58;Rohdaten
2022-05-14;375,58;Rohdaten
2022-05-15;375,57;Rohdaten
2022-05-16;375,57;Rohdaten
2022-05-17;375,57;Rohdaten
2022-05-18;375,56;Rohdaten
2022-05-19;375,56;Rohdaten
2022-05-20;375,62;Rohdaten
2022-05-21;375,65;Rohdaten
2022-05-22;375,60;Rohdaten
2022-05-23;375,59;Rohdaten
2022-05-24;375,61;Rohdaten
2022-05-25;375,60;Rohdaten
2022-05-26;375,57;Rohdaten
2022-05-27;375,57;Rohdaten
2022-05-28;375,57;Rohdaten
2022-05-29;375,57;Rohdaten
2022-05-30;375,56;Rohdaten
2022-05-31;375,55;Rohdaten
2022-06-01;375,55;Rohdaten
2022-06-02;375,54;Rohdaten
2022-06-03;375,54;Rohdaten
2022-06-04;375,57;Rohdaten
2022-06-05;375,57;Rohdaten
2022-06-06;375,57;Rohdaten
2022-06-07;375,55;Rohdaten
2022-06-08;375,54;Rohdaten
2022-06-09;375,55;Rohdaten
2022-06-10;375,54;Rohdaten
2022-06-11;375,53;Rohdaten
2022-06-12;375,52;Rohdaten
2022-06-13;375,52;Rohdaten
2022-06-14;375,52;Rohdaten
2022-06-15;375,51;Rohdaten
2022-06-16;375,50;Rohdaten
2022-06-17;375,49;Rohdaten
2022-06-18;375,50;Rohdaten
2022-06-19;375,49;Rohdaten
2022-06-20;375,49;Rohdaten
2022-06-21;375,49;Rohdaten
2022-06-22;375,49;Rohdaten
2022-06-23;375,50;Rohdaten
2022-06-24;375,50;Rohdaten
2022-06-25;375,59;Rohdaten
2022-06-26;375,52;Rohdaten
2022-06-27;375,50;Rohdaten
2022-06-28;375,50;Rohdaten
2022-06-29;375,48;Rohdaten
2022-06-30;375,48;Rohdaten
2022-07-01;375,50;Rohdaten
2022-07-02;375,53;Rohdaten
2022-07-03;375,50;Rohdaten
2022-07-04;375,48;Rohdaten
2022-07-05;375,47;Rohdaten
2022-07-06;375,46;Rohdaten
2022-07-07;375,47;Rohdaten
2022-07-08;375,49;Rohdaten
2022-07-09;375,48;Rohdaten
2022-07-10;375,47;Rohdaten
2022-07-11;375,47;Rohdaten
2022-07-12;375,46;Rohdaten
2022-07-13;375,46;Rohdaten
2022-07-14;375,45;Rohdaten
2022-07-15;375,45;Rohdaten
2022-07-16;375,45;Rohdaten
2022-07-17;375,45;Rohdaten
2022-07-18;375,44;Rohdaten
2022-07-19;375,45;Rohdaten
2022-07-20;375,44;Rohdaten
2022-07-21;375,44;Rohdaten
2022-07-22;375,45;Rohdaten
2022-07-23;375,45;Rohdaten
2022-07-24;375,46;Rohdaten
2022-07-25;375,45;Rohdaten
2022-07-26;375,44;Rohdaten
2022-07-27;375,43;Rohdaten
2022-07-28;375,43;Rohdaten
2022-07-29;375,45;Rohdaten
2022-07-30;375,47;Rohdaten
2022-07-31;375,47;Rohdaten
2022-08-01;375,44;Rohdaten
2022-08-02;375,43;Rohdaten
2022-08-03;375,44;Rohdaten
2022-08-04;375,42;Rohdaten
2022-08-05;375,43;Rohdaten
2022-08-06;375,43;Rohdaten
2022-08-07;375,44;Rohdaten
2022-08-08;375,42;Rohdaten
2022-08-09;375,42;Rohdaten
2022-08-10;375,42;Rohdaten
2022-08-11;375,42;Rohdaten
2022-08-12;375,41;Rohdaten
2022-08-13;375,42;Rohdaten
2022-08-14;375,42;Rohdaten
2022-08-15;375,41;Rohdaten
2022-08-16;375,42;Rohdaten
2022-08-17;375,41;Rohdaten
2022-08-18;375,42;Rohdaten
2022-08-19;375,47;Rohdaten
2022-08-20;375,65;Rohdaten
2022-08-21;375,62;Rohdaten
2022-08-22;375,51;Rohdaten
2022-08-23;375,48;Rohdaten
2022-08-24;375,47;Rohdaten
2022-08-25;375,46;Rohdaten
2022-08-26;375,49;Rohdaten
2022-08-27;375,68;Rohdaten
2022-08-28;375,57;Rohdaten
2022-08-29;375,51;Rohdaten
2022-08-30;375,49;Rohdaten
2022-08-31;375,48;Rohdaten
2022-09-01;375,47;Rohdaten
2022-09-02;375,48;Rohdaten
2022-09-03;375,47;Rohdaten
2022-09-04;375,49;Rohdaten
2022-09-05;375,51;Rohdaten
2022-09-06;375,49;Rohdaten
2022-09-07;375,47;Rohdaten
2022-09-08;375,48;Rohdaten
2022-09-09;375,48;Rohdaten
2022-09-10;375,52;Rohdaten
2022-09-11;375,58;Rohdaten
2022-09-12;375,55;Rohdaten
2022-09-13;375,52;Rohdaten
2022-09-14;375,54;Rohdaten
2022-09-15;375,69;Rohdaten
2022-09-16;375,65;Rohdaten
2022-09-17;375,62;Rohdaten
2022-09-18;375,60;Rohdaten
2022-09-19;375,64;Rohdaten
2022-09-20;375,64;Rohdaten
2022-09-21;375,58;Rohdaten
2022-09-22;375,55;Rohdaten
2022-09-23;375,54;Rohdaten
2022-09-24;375,53;Rohdaten
2022-09-25;375,55;Rohdaten
2022-09-26;375,55;Rohdaten
2022-09-27;375,55;Rohdaten
2022-09-28;375,62;Rohdaten
2022-09-29;375,64;Rohdaten
2022-09-30;375,58;Rohdaten
2022-10-01;375,57;Rohdaten
2022-10-02;375,60;Rohdaten
2022-10-03;375,76;Rohdaten
2022-10-04;375,65;Rohdaten
2022-10-05;375,59;Rohdaten
2022-10-06;375,56;Rohdaten
2022-10-07;375,56;Rohdaten
2022-10-08;375,55;Rohdaten
2022-10-09;375,54;Rohdaten
2022-10-10;375,54;Rohdaten
2022-10-11;375,56;Rohdaten
2022-10-12;375,56;Rohdaten
2022-10-13;375,54;Rohdaten
2022-10-14;375,54;Rohdaten
2022-10-15;375,57;Rohdaten
2022-10-16;375,61;Rohdaten
2022-10-17;375,57;Rohdaten
2022-10-18;375,56;Rohdaten
2022-10-19;375,57;Rohdaten
2022-10-20;375,56;Rohdaten
2022-10-21;375,56;Rohdaten
2022-10-22;375,57;Rohdaten
2022-10-23;375,57;Rohdaten
2022-10-24;375,56;Rohdaten
2022-10-25;375,61;Rohdaten
2022-10-26;375,58;Rohdaten
2022-10-27;375,55;Rohdaten
2022-10-28;375,55;Rohdaten
2022-10-29;375,55;Rohdaten
2022-10-30;375,54;Rohdaten
2022-10-31;375,53;Rohdaten
2022-11-01;375,53;Rohdaten
2022-11-02;375,53;Rohdaten
2022-11-03;375,53;Rohdaten
2022-11-04;375,53;Rohdaten
2022-11-05;375,53;Rohdaten
2022-11-06;375,54;Rohdaten
2022-11-07;375,53;Rohdaten
2022-11-08;375,53;Rohdaten
2022-11-09;375,53;Rohdaten
2022-11-10;375,55;Rohdaten
2022-11-11;375,55;Rohdaten
2022-11-12;375,53;Rohdaten
2022-11-13;375,53;Rohdaten
2022-11-14;375,52;Rohdaten
2022-11-15;375,53;Rohdaten
2022-11-16;375,54;Rohdaten
2022-11-17;375,56;Rohdaten
2022-11-18;375,65;Rohdaten
2022-11-19;375,73;Rohdaten
2022-11-20;375,78;Rohdaten
2022-11-21;375,91;Rohdaten
2022-11-22;375,82;Rohdaten
2022-11-23;375,69;Rohdaten
2022-11-24;375,66;Rohdaten
2022-11-25;375,67;Rohdaten
2022-11-26;375,65;Rohdaten
2022-11-27;375,63;Rohdaten
2022-11-28;375,62;Rohdaten
2022-11-29;375,61;Rohdaten
2022-11-30;375,61;Rohdaten
2022-12-01;375,60;Rohdaten
2022-12-02;375,60;Rohdaten
2022-12-03;375,61;Rohdaten
2022-12-04;375,61;Rohdaten
2022-12-05;375,59;Rohdaten
2022-12-06;375,59;Rohdaten
2022-12-07;375,59;Rohdaten
2022-12-08;375,58;Rohdaten
2022-12-09;375,58;Rohdaten
2022-12-10;375,57;Rohdaten
2022-12-11;375,57;Rohdaten
2022-12-12;375,56;Rohdaten
2022-12-13;375,56;Rohdaten
2022-12-14;375,56;Rohdaten
2022-12-15;375,55;Rohdaten
2022-12-16;375,55;Rohdaten
2022-12-17;375,54;Rohdaten
2022-12-18;375,54;Rohdaten
2022-12-19;375,54;Rohdaten
2022-12-20;375,55;Rohdaten
2022-12-21;375,57;Rohdaten
2022-12-22;375,64;Rohdaten
2022-12-23;375,77;Rohdaten
2022-12-24;375,84;Rohdaten
2022-12-25;375,76;Rohdaten
2022-12-26;375,68;Rohdaten
2022-12-27;375,73;Rohdaten
2022-12-28;375,71;Rohdaten
2022-12-29;375,67;Rohdaten
2022-12-30;375,69;Rohdaten
2022-12-31;375,71;Rohdaten
2023-01-01;375,68;Rohdaten
2023-01-02;375,65;Rohdaten
2023-01-03;375,63;Rohdaten
2023-01-04;375,63;Rohdaten
2023-01-05;375,63;Rohdaten
2023-01-06;375,62;Rohdaten
2023-01-07;375,62;Rohdaten
2023-01-08;375,61;Rohdaten
2023-01-09;375,64;Rohdaten
2023-01-10;375,64;Rohdaten
2023-01-11;375,62;Rohdaten
2023-01-12;375,62;Rohdaten
2023-01-13;375,62;Rohdaten
2023-01-14;375,63;Rohdaten
2023-01-15;375,65;Rohdaten
2023-01-16;375,78;Rohdaten
2023-01-17;375,72;Rohdaten
2023-01-18;375,68;Rohdaten
2023-01-19;375,65;Rohdaten
2023-01-20;375,63;Rohdaten
2023-01-21;375,62;Rohdaten
2023-01-22;375,61;Rohdaten
2023-01-23;375,61;Rohdaten
2023-01-24;375,61;Rohdaten
2023-01-25;375,62;Rohdaten
2023-01-26;375,62;Rohdaten
2023-01-27;375,61;Rohdaten
2023-01-28;375,60;Rohdaten
2023-01-29;375,59;Rohdaten
2023-01-30;375,59;Rohdaten
2023-01-31;375,59;Rohdaten
2023-02-01;375,59;Rohdaten
2023-02-02;375,62;Rohdaten
2023-02-03;375,69;Rohdaten
2023-02-04;375,75;Rohdaten
2023-02-05;375,70;Rohdaten
2023-02-06;375,67;Rohdaten
2023-02-07;375,65;Rohdaten
2023-02-08;375,64;Rohdaten
2023-02-09;375,62;Rohdaten
2023-02-10;375,61;Rohdaten
2023-02-11;375,60;Rohdaten
2023-02-12;375,59;Rohdaten
2023-02-13;375,60;Rohdaten
2023-02-14;375,60;Rohdaten
2023-02-15;375,60;Rohdaten
2023-02-16;375,60;Rohdaten
2023-02-17;375,59;Rohdaten
2023-02-18;375,59;Rohdaten
2023-02-19;375,59;Rohdaten
2023-02-20;375,63;Rohdaten
2023-02-21;375,63;Rohdaten
2023-02-22;375,61;Rohdaten
2023-02-23;375,60;Rohdaten
2023-02-24;375,60;Rohdaten
2023-02-25;375,61;Rohdaten
2023-02-26;375,61;Rohdaten
2023-02-27;375,60;Rohdaten
2023-02-28;375,59;Rohdaten
2023-03-01;375,58;Rohdaten
2023-03-02;375,58;Rohdaten
2023-03-03;375,58;Rohdaten
2023-03-04;375,57;Rohdaten
2023-03-05;375,57;Rohdaten
2023-03-06;375,57;Rohdaten
2023-03-07;375,57;Rohdaten
2023-03-08;375,57;Rohdaten
2023-03-09;375,77;Rohdaten
2023-03-10;376,07;Rohdaten
2023-03-11;375,94;Rohdaten
2023-03-12;375,77;Rohdaten
2023-03-13;375,72;Rohdaten
2023-03-14;375,95;Rohdaten
2023-03-15;375,98;Rohdaten
2023-03-16;375,87;Rohdaten
2023-03-17;375,78;Rohdaten
2023-03-18;375,73;Rohdaten
2023-03-19;375,70;Rohdaten
2023-03-20;375,73;Rohdaten
2023-03-21;375,71;Rohdaten
2023-03-22;375,68;Rohdaten
2023-03-23;375,66;Rohdaten
2023-03-24;375,65;Rohdaten
2023-03-25;375,65;Rohdaten
2023-03-26;375,68;Rohdaten
2023-03-27;375,68;Rohdaten
2023-03-28;375,67;Rohdaten
2023-03-29;375,65;Rohdaten
2023-03-30;375,66;Rohdaten
2023-03-31;375,75;Rohdaten
2023-04-01;375,78;Rohdaten
2023-04-02;375,73;Rohdaten
2023-04-03;375,70;Rohdaten
2023-04-04;375,67;Rohdaten
2023-04-05;375,66;Rohdaten
2023-04-06;375,64;Rohdaten
2023-04-07;375,63;Rohdaten
2023-04-08;375,62;Rohdaten
2023-04-09;375,62;Rohdaten
2023-04-10;375,61;Rohdaten
2023-04-11;375,61;Rohdaten
2023-04-12;375,63;Rohdaten
2023-04-13;375,67;Rohdaten
2023-04-14;375,64;Rohdaten
2023-04-15;375,62;Rohdaten
2023-04-16;375,69;Rohdaten
2023-04-17;375,94;Rohdaten
2023-04-18;375,88;Rohdaten
2023-04-19;375,74;Rohdaten
2023-04-20;375,69;Rohdaten
2023-04-21;375,66;Rohdaten
2023-04-22;375,64;Rohdaten
2023-04-23;375,63;Rohdaten
2023-04-24;375,68;Rohdaten
2023-04-25;375,64;Rohdaten
2023-04-26;375,62;Rohdaten
2023-04-27;375,61;Rohdaten
2023-04-28;375,62;Rohdaten
2023-04-29;375,71;Rohdaten
2023-04-30;375,65;Rohdaten
2023-05-01;375,62;Rohdaten
2023-05-02;375,61;Rohdaten
2023-05-03;375,60;Rohdaten
2023-05-04;375,59;Rohdaten
2023-05-05;375,59;Rohdaten
2023-05-06;375,60;Rohdaten
2023-05-07;375,59;Rohdaten
2023-05-08;375,57;Rohdaten
2023-05-09;375,58;Rohdaten
2023-05-10;375,59;Rohdaten
2023-05-11;375,61;Rohdaten
2023-05-12;375,72;Rohdaten
2023-05-13;375,67;Rohdaten
2023-05-14;375,63;Rohdaten
2023-05-15;375,61;Rohdaten
2023-05-16;375,59;Rohdaten
2023-05-17;375,58;Rohdaten
2023-05-18;375,57;Rohdaten
2023-05-19;375,56;Rohdaten
2023-05-20;375,56;Rohdaten
2023-05-21;375,55;Rohdaten
2023-05-22;375,55;Rohdaten
2023-05-23;375,54;Rohdaten
2023-05-24;375,54;Rohdaten
2023-05-25;375,53;Rohdaten
2023-05-26;375,53;Rohdaten
2023-05-27;375,53;Rohdaten
2023-05-28;375,52;Rohdaten
2023-05-29;375,51;Rohdaten
2023-05-30;375,51;Rohdaten
2023-05-31;375,50;Rohdaten
2023-06-01;375,50;Rohdaten
2023-06-02;375,50;Rohdaten
2023-06-03;375,49;Rohdaten
2023-06-04;375,49;Rohdaten
2023-06-05;375,49;Rohdaten
2023-06-06;375,51;Rohdaten
2023-06-07;375,50;Rohdaten
2023-06-08;375,52;Rohdaten
2023-06-09;375,52;Rohdaten
2023-06-10;375,51;Rohdaten
2023-06-11;375,50;Rohdaten
2023-06-12;375,50;Rohdaten
2023-06-13;375,49;Rohdaten
2023-06-14;375,48;Rohdaten
2023-06-15;375,48;Rohdaten
2023-06-16;375,48;Rohdaten
2023-06-17;375,48;Rohdaten
2023-06-18;375,47;Rohdaten
2023-06-19;375,47;Rohdaten
2023-06-20;375,47;Rohdaten
2023-06-21;375,47;Rohdaten
2023-06-22;375,48;Rohdaten
2023-06-23;375,47;Rohdaten
2023-06-24;375,47;Rohdaten
2023-06-25;375,46;Rohdaten
2023-06-26;375,45;Rohdaten
2023-06-27;375,46;Rohdaten
2023-06-28;375,45;Rohdaten
2023-06-29;375,46;Rohdaten
2023-06-30;375,46;Rohdaten
2023-07-01;375,46;Rohdaten
2023-07-02;375,45;Rohdaten
2023-07-03;375,45;Rohdaten
2023-07-04;375,44;Rohdaten
2023-07-05;375,46;Rohdaten
2023-07-06;375,48;Rohdaten
2023-07-07;375,46;Rohdaten
2023-07-08;375,45;Rohdaten
2023-07-09;375,43;Rohdaten
2023-07-10;375,43;Rohdaten
2023-07-11;375,44;Rohdaten
2023-07-12;375,47;Rohdaten
2023-07-13;375,48;Rohdaten
2023-07-14;375,45;Rohdaten
2023-07-15;375,44;Rohdaten
2023-07-16;375,48;Rohdaten
2023-07-17;375,49;Rohdaten
2023-07-18;375,47;Rohdaten
2023-07-19;375,45;Rohdaten
2023-07-20;375,46;Rohdaten
2023-07-21;375,45;Rohdaten
2023-07-22;375,44;Rohdaten
2023-07-23;375,44;Rohdaten
2023-07-24;375,45;Rohdaten
2023-07-25;375,48;Rohdaten
2023-07-26;375,52;Rohdaten
2023-07-27;375,52;Rohdaten
2023-07-28;375,51;Rohdaten
2023-07-29;375,51;Rohdaten
2023-07-30;375,55;Rohdaten
2023-07-31;375,55;Rohdaten
2023-08-01;375,54;Rohdaten
2023-08-02;375,63;Rohdaten
2023-08-03;375,62;Rohdaten
2023-08-04;375,56;Rohdaten
2023-08-05;375,54;Rohdaten
2023-08-06;375,53;Rohdaten
2023-08-07;375,59;Rohdaten
2023-08-08;375,60;Rohdaten
2023-08-09;375,59;Rohdaten
2023-08-10;375,69;Rohdaten
2023-08-11;375,60;Rohdaten
2023-08-12;375,55;Rohdaten
2023-08-13;375,54;Rohdaten
2023-08-14;375,55;Rohdaten
2023-08-15;375,54;Rohdaten
2023-08-16;375,52;Rohdaten
2023-08-17;375,51;Rohdaten
2023-08-18;375,57;Rohdaten
2023-08-19;375,61;Rohdaten
2023-08-20;375,56;Rohdaten
2023-08-21;375,52;Rohdaten
2023-08-22;375,50;Rohdaten
2023-08-23;375,49;Rohdaten
2023-08-24;375,49;Rohdaten
2023-08-25;375,50;Rohdaten
2023-08-26;375,55;Rohdaten
2023-08-27;375,64;Rohdaten
2023-08-28;375,62;Rohdaten
2023-08-29;375,60;Rohdaten
2023-08-30;375,63;Rohdaten
2023-08-31;375,60;Rohdaten
2023-09-01;375,61;Rohdaten
2023-09-02;375,62;Rohdaten
2023-09-03;375,59;Rohdaten
2023-09-04;375,56;Rohdaten
2023-09-05;375,54;Rohdaten
2023-09-06;375,53;Rohdaten
2023-09-07;375,53;Rohdaten
2023-09-08;375,51;Rohdaten
2023-09-09;375,50;Rohdaten
2023-09-10;375,51;Rohdaten
2023-09-11;375,50;Rohdaten
2023-09-12;375,49;Rohdaten
2023-09-13;375,49;Rohdaten
2023-09-14;375,49;Rohdaten
2023-09-15;375,49;Rohdaten
2023-09-16;375,48;Rohdaten
2023-09-17;375,48;Rohdaten
2023-09-18;375,48;Rohdaten
2023-09-19;375,49;Rohdaten
2023-09-20;375,49;Rohdaten
2023-09-21;375,48;Rohdaten
2023-09-22;375,49;Rohdaten
2023-09-23;375,50;Rohdaten
2023-09-24;375,48;Rohdaten
2023-09-25;375,48;Rohdaten
2023-09-26;375,48;Rohdaten
2023-09-27;375,48;Rohdaten
2023-09-28;375,48;Rohdaten
2023-09-29;375,47;Rohdaten
2023-09-30;375,47;Rohdaten
2023-10-01;375,48;Rohdaten
2023-10-02;375,49;Rohdaten
2023-10-03;375,48;Rohdaten
2023-10-04;375,49;Rohdaten
2023-10-05;375,48;Rohdaten
2023-10-06;375,47;Rohdaten
2023-10-07;375,47;Rohdaten
2023-10-08;375,47;Rohdaten
2023-10-09;375,46;Rohdaten
2023-10-10;375,46;Rohdaten
2023-10-11;375,46;Rohdaten
2023-10-12;375,46;Rohdaten
2023-10-13;375,48;Rohdaten
2023-10-14;375,48;Rohdaten
2023-10-15;375,50;Rohdaten
2023-10-16;375,50;Rohdaten
2023-10-17;375,49;Rohdaten
2023-10-18;375,50;Rohdaten
2023-10-19;375,50;Rohdaten
2023-10-20;375,52;Rohdaten
2023-10-21;375,54;Rohdaten
2023-10-22;375,52;Rohdaten
2023-10-23;375,50;Rohdaten
2023-10-24;375,50;Rohdaten
2023-10-25;375,55;Rohdaten
2023-10-26;375,55;Rohdaten
2023-10-27;375,55;Rohdaten
2023-10-28;375,55;Rohdaten
2023-10-29;375,54;Rohdaten
2023-10-30;375,52;Rohdaten
2023-10-31;375,54;Rohdaten
2023-11-01;375,56;Rohdaten
2023-11-02;375,56;Rohdaten
2023-11-03;375,61;Rohdaten
2023-11-04;375,57;Rohdaten
2023-11-05;375,54;Rohdaten
2023-11-06;375,54;Rohdaten
2023-11-07;375,56;Rohdaten
