﻿Quelle:;"Bayerisches Landesamt für Umwelt, www.gkd.bayern.de"
Datenbankabfrage:;"08.10.2024 21:50"
Zeitbezug:;MEZ
Messstellen-Name:;"Windsbach HW GWM B4"
Messstellen-Nr.:;3653
Ostwert:;632625;Nordwert:;5456511;"ETRS89 / UTM Zone 32N"

Datum;"Grundwasserstand [m ü. NN]";Prüfstatus
2024-03-19;376,01;Rohdaten
2024-03-20;376,00;Rohdaten
2024-03-21;376,00;Rohdaten
2024-03-22;375,99;Rohdaten
2024-03-23;375,99;Rohdaten
2024-03-24;375,99;Rohdaten
2024-03-25;376,01;Rohdaten
2024-03-26;376,00;Rohdaten
2024-03-27;375,99;Rohdaten
2024-03-28;376,11;Rohdaten
2024-03-29;376,12;Rohdaten
2024-03-30;376,09;Rohdaten
2024-03-31;376,07;Rohdaten
2024-04-01;376,05;Rohdaten
2024-04-02;376,04;Rohdaten
2024-04-03;376,03;Rohdaten
2024-04-04;376,03;Rohdaten
2024-04-05;376,05;Rohdaten
2024-04-06;376,04;Rohdaten
2024-04-07;376,02;Rohdaten
2024-04-08;376,01;Rohdaten
2024-04-09;376,00;Rohdaten
2024-04-10;375,99;Rohdaten
2024-04-11;375,98;Rohdaten
2024-04-12;375,97;Rohdaten
2024-04-13;375,97;Rohdaten
2024-04-14;375,96;Rohdaten
2024-04-15;375,97;Rohdaten
2024-04-16;375,97;Rohdaten
2024-04-17;375,99;Rohdaten
2024-04-18;375,98;Rohdaten
2024-04-19;375,98;Rohdaten
2024-04-20;376,01;Rohdaten
2024-04-21;376,02;Rohdaten
2024-04-22;376,03;Rohdaten
2024-04-23;376,01;Rohdaten
2024-04-24;376,00;Rohdaten
2024-04-25;376,00;Rohdaten
2024-04-26;375,99;Rohdaten
2024-04-27;375,98;Rohdaten
2024-04-28;375,96;Rohdaten
2024-04-29;375,95;Rohdaten
2024-04-30;375,95;Rohdaten
2024-05-01;375,95;Rohdaten
2024-05-02;375,94;Rohdaten
2024-05-03;375,96;Rohdaten
2024-05-04;375,96;Rohdaten
2024-05-05;375,94;Rohdaten
2024-05-06;375,95;Rohdaten
2024-05-07;375,96;Rohdaten
2024-05-08;375,94;Rohdaten
2024-05-09;375,93;Rohdaten
2024-05-10;375,92;Rohdaten
2024-05-11;375,92;Rohdaten
2024-05-12;375,91;Rohdaten
2024-05-13;375,91;Rohdaten
2024-05-14;375,90;Rohdaten
2024-05-15;375,89;Rohdaten
2024-05-16;375,89;Rohdaten
2024-05-17;375,93;Rohdaten
2024-05-18;375,97;Rohdaten
2024-05-19;375,97;Rohdaten
2024-05-20;375,95;Rohdaten
2024-05-21;375,94;Rohdaten
2024-05-22;375,93;Rohdaten
2024-05-23;375,92;Rohdaten
2024-05-24;375,96;Rohdaten
2024-05-25;375,96;Rohdaten
2024-05-26;375,95;Rohdaten
2024-05-27;375,93;Rohdaten
2024-05-28;375,92;Rohdaten
2024-05-29;375,91;Rohdaten
2024-05-30;375,92;Rohdaten
2024-05-31;375,97;Rohdaten
2024-06-01;376,21;Rohdaten
2024-06-02;376,49;Rohdaten
2024-06-03;376,62;Rohdaten
2024-06-04;376,66;Rohdaten
