﻿Quelle:;"Bayerisches Landesamt für Umwelt, www.gkd.bayern.de"
Datenbankabfrage:;"08.10.2024 21:50"
Zeitbezug:;MEZ
Messstellen-Name:;"Windsbach HW GWM B4"
Messstellen-Nr.:;3653
Ostwert:;632625;Nordwert:;5456511;"ETRS89 / UTM Zone 32N"

Datum;"Grundwasserstand [m ü. NN]";Prüfstatus
2014-07-08;375,64;Rohdaten
2014-07-09;375,69;Rohdaten
2014-07-10;375,72;Rohdaten
2014-07-11;375,71;Rohdaten
2014-07-12;375,70;Rohdaten
2014-07-13;375,69;Rohdaten
2014-07-14;375,70;Rohdaten
2014-07-15;375,69;Rohdaten
2014-07-16;375,68;Rohdaten
2014-07-17;375,67;Rohdaten
2014-07-18;375,66;Rohdaten
2014-07-19;375,65;Rohdaten
2014-07-20;375,64;Rohdaten
2014-07-21;375,64;Rohdaten
2014-07-22;375,67;Rohdaten
2014-07-23;375,68;Rohdaten
2014-07-24;375,66;Rohdaten
2014-07-25;375,65;Rohdaten
2014-07-26;375,64;Rohdaten
2014-07-27;375,64;Rohdaten
2014-07-28;375,70;Rohdaten
2014-07-29;375,71;Rohdaten
2014-07-30;375,73;Rohdaten
2014-07-31;375,73;Rohdaten
2014-08-01;375,72;Rohdaten
2014-08-02;375,71;Rohdaten
2014-08-03;375,75;Rohdaten
2014-08-04;375,72;Rohdaten
2014-08-07;375,69;Rohdaten
2014-08-08;375,68;Rohdaten
2014-08-09;375,67;Rohdaten
2014-08-10;375,66;Rohdaten
2014-08-11;375,66;Rohdaten
2014-08-12;375,66;Rohdaten
2014-08-13;375,65;Rohdaten
2014-08-14;375,65;Rohdaten
2014-08-15;375,65;Rohdaten
2014-08-16;375,66;Rohdaten
2014-08-17;375,66;Rohdaten
2014-08-18;375,65;Rohdaten
2014-08-19;375,64;Rohdaten
2014-08-20;375,64;Rohdaten
2014-08-21;375,63;Rohdaten
2014-08-22;375,63;Rohdaten
2014-08-23;375,63;Rohdaten
2014-08-24;375,62;Rohdaten
2014-08-25;375,62;Rohdaten
2014-08-26;375,64;Rohdaten
2014-08-27;375,72;Rohdaten
2014-08-28;375,73;Rohdaten
2014-08-29;375,72;Rohdaten
2014-08-30;375,71;Rohdaten
2014-08-31;375,71;Rohdaten
2014-09-01;375,78;Rohdaten
2014-09-02;375,76;Rohdaten
2014-09-03;375,75;Rohdaten
2014-09-04;375,75;Rohdaten
2014-09-05;375,74;Rohdaten
2014-09-06;375,74;Rohdaten
2014-09-07;375,73;Rohdaten
2014-09-08;375,78;Rohdaten
2014-09-09;375,77;Rohdaten
2014-09-10;375,76;Rohdaten
2014-09-11;375,75;Rohdaten
2014-09-12;375,78;Rohdaten
2014-09-13;375,85;Rohdaten
2014-09-14;375,86;Rohdaten
2014-09-15;375,84;Rohdaten
2014-09-16;375,83;Rohdaten
2014-09-17;375,82;Rohdaten
2014-09-18;375,81;Rohdaten
2014-09-19;375,80;Rohdaten
2014-09-20;375,79;Rohdaten
2014-09-21;375,80;Rohdaten
2014-09-22;375,83;Rohdaten
2014-09-23;375,84;Rohdaten
2014-09-24;375,83;Rohdaten
2014-09-25;375,82;Rohdaten
2014-09-26;375,81;Rohdaten
2014-09-27;375,80;Rohdaten
2014-09-28;375,79;Rohdaten
2014-09-29;375,79;Rohdaten
2014-09-30;375,78;Rohdaten
2014-10-01;375,77;Rohdaten
2014-10-02;375,77;Rohdaten
2015-04-16;375,93;Rohdaten
2015-04-17;375,92;Rohdaten
2015-04-18;375,91;Rohdaten
2015-04-19;375,91;Rohdaten
2015-04-20;375,90;Rohdaten
2015-04-21;375,90;Rohdaten
2015-04-22;375,90;Rohdaten
2015-04-23;375,90;Rohdaten
2015-04-24;375,90;Rohdaten
2015-04-25;375,90;Rohdaten
2015-04-26;375,90;Rohdaten
2015-04-27;375,90;Rohdaten
2015-04-28;375,94;Rohdaten
2015-04-29;375,94;Rohdaten
2015-04-30;375,92;Rohdaten
2015-05-01;375,92;Rohdaten
2015-05-02;375,93;Rohdaten
2015-05-03;375,93;Rohdaten
2015-05-04;375,96;Rohdaten
2015-05-05;375,95;Rohdaten
2015-05-06;375,94;Rohdaten
2015-05-07;375,93;Rohdaten
2015-05-08;375,93;Rohdaten
2015-05-09;375,91;Rohdaten
2015-05-10;375,90;Rohdaten
2015-05-11;375,89;Rohdaten
2015-05-12;375,89;Rohdaten
2015-05-13;375,89;Rohdaten
2015-05-14;375,88;Rohdaten
2015-05-15;375,88;Rohdaten
2015-05-16;375,87;Rohdaten
2015-05-17;375,87;Rohdaten
2015-05-18;375,87;Rohdaten
2015-05-19;375,86;Rohdaten
2015-05-20;375,86;Rohdaten
2015-05-21;375,86;Rohdaten
2015-05-22;375,85;Rohdaten
2015-05-23;375,84;Rohdaten
2015-05-24;375,84;Rohdaten
2015-05-25;375,84;Rohdaten
2015-05-26;375,86;Rohdaten
2015-05-27;375,85;Rohdaten
2015-05-28;375,84;Rohdaten
2015-05-29;375,83;Rohdaten
2015-05-30;375,83;Rohdaten
2015-05-31;375,84;Rohdaten
2015-06-01;375,83;Rohdaten
2015-06-02;375,83;Rohdaten
2015-06-03;375,82;Rohdaten
2015-06-04;375,82;Rohdaten
2015-06-05;375,81;Rohdaten
2015-06-06;375,80;Rohdaten
2015-06-07;375,84;Rohdaten
2015-06-08;375,87;Rohdaten
2015-06-09;375,94;Rohdaten
2015-06-10;375,90;Rohdaten
2015-06-11;375,89;Rohdaten
2015-06-12;375,88;Rohdaten
2015-06-13;375,86;Rohdaten
2015-06-14;375,86;Rohdaten
2015-06-15;375,84;Rohdaten
2015-06-16;375,83;Rohdaten
2015-06-17;375,82;Rohdaten
2015-06-18;375,83;Rohdaten
2015-06-19;375,85;Rohdaten
2015-06-20;375,84;Rohdaten
2015-06-21;375,83;Rohdaten
2015-06-22;375,82;Rohdaten
2015-06-23;375,85;Rohdaten
2015-06-24;375,85;Rohdaten
2015-06-25;375,83;Rohdaten
2015-06-26;375,82;Rohdaten
2015-06-27;375,82;Rohdaten
2015-06-28;375,82;Rohdaten
2015-06-29;375,81;Rohdaten
2015-06-30;375,80;Rohdaten
2015-07-01;375,80;Rohdaten
2015-07-02;375,79;Rohdaten
2015-07-03;375,78;Rohdaten
2015-07-04;375,78;Rohdaten
2015-07-05;375,78;Rohdaten
2015-07-06;375,77;Rohdaten
2015-07-07;375,77;Rohdaten
2015-07-08;375,78;Rohdaten
2015-07-09;375,78;Rohdaten
2015-07-10;375,77;Rohdaten
2015-07-11;375,76;Rohdaten
2015-07-12;375,76;Rohdaten
2015-07-13;375,75;Rohdaten
2015-07-14;375,76;Rohdaten
2015-07-15;375,76;Rohdaten
2015-07-16;375,75;Rohdaten
2015-07-17;375,74;Rohdaten
2015-07-18;375,74;Rohdaten
2015-07-19;375,74;Rohdaten
2015-07-20;375,73;Rohdaten
2015-07-21;375,73;Rohdaten
2015-07-22;375,73;Rohdaten
2015-07-23;375,78;Rohdaten
2015-07-24;375,79;Rohdaten
2015-07-25;375,75;Rohdaten
2015-07-26;375,73;Rohdaten
2015-07-27;375,73;Rohdaten
2015-07-28;375,73;Rohdaten
2015-07-29;375,72;Rohdaten
2015-07-30;375,72;Rohdaten
2015-07-31;375,72;Rohdaten
2015-08-01;375,71;Rohdaten
2015-08-02;375,71;Rohdaten
2015-08-03;375,70;Rohdaten
2015-08-04;375,70;Rohdaten
2015-08-05;375,70;Rohdaten
2015-08-06;375,69;Rohdaten
2015-08-07;375,69;Rohdaten
2015-08-08;375,68;Rohdaten
2015-08-09;375,68;Rohdaten
2015-08-10;375,68;Rohdaten
2015-08-11;375,68;Rohdaten
2015-08-12;375,68;Rohdaten
2015-08-13;375,68;Rohdaten
2015-08-14;375,68;Rohdaten
2015-08-15;375,68;Rohdaten
2015-08-16;375,70;Rohdaten
2015-08-17;375,73;Rohdaten
2015-08-18;375,73;Rohdaten
2015-08-19;375,72;Rohdaten
2015-08-20;375,71;Rohdaten
2015-08-21;375,70;Rohdaten
2015-08-22;375,70;Rohdaten
2015-08-23;375,69;Rohdaten
2015-08-24;375,69;Rohdaten
2015-08-25;375,70;Rohdaten
2015-08-26;375,69;Rohdaten
2015-08-27;375,68;Rohdaten
2015-08-28;375,67;Rohdaten
2015-08-29;375,67;Rohdaten
2015-08-30;375,67;Rohdaten
2015-08-31;375,67;Rohdaten
2015-09-01;375,66;Rohdaten
2015-09-02;375,67;Rohdaten
2015-09-03;375,67;Rohdaten
2015-09-04;375,67;Rohdaten
2015-09-05;375,67;Rohdaten
2015-09-06;375,67;Rohdaten
2015-09-07;375,67;Rohdaten
2015-09-08;375,67;Rohdaten
2015-09-09;375,67;Rohdaten
2015-09-10;375,67;Rohdaten
2015-09-11;375,66;Rohdaten
2015-09-12;375,66;Rohdaten
2015-09-13;375,66;Rohdaten
2015-09-14;375,66;Rohdaten
2015-09-15;375,67;Rohdaten
2015-09-16;375,67;Rohdaten
2015-09-17;375,66;Rohdaten
2015-09-18;375,66;Rohdaten
2015-09-19;375,67;Rohdaten
2015-09-20;375,66;Rohdaten
2015-09-21;375,66;Rohdaten
2015-09-22;375,66;Rohdaten
2015-09-23;375,67;Rohdaten
2015-09-24;375,67;Rohdaten
2015-09-25;375,66;Rohdaten
2015-09-26;375,66;Rohdaten
2015-09-27;375,66;Rohdaten
2015-09-28;375,66;Rohdaten
2015-09-29;375,66;Rohdaten
2015-09-30;375,67;Rohdaten
2015-10-01;375,66;Rohdaten
2015-10-02;375,66;Rohdaten
2015-10-03;375,66;Rohdaten
2015-10-04;375,67;Rohdaten
2015-10-05;375,70;Rohdaten
2015-10-06;375,70;Rohdaten
2015-10-07;375,74;Rohdaten
2015-10-08;375,73;Rohdaten
2015-10-09;375,70;Rohdaten
2015-10-10;375,70;Rohdaten
2015-10-11;375,69;Rohdaten
2015-10-12;375,69;Rohdaten
2015-10-13;375,69;Rohdaten
2015-10-14;375,70;Rohdaten
2015-10-15;375,72;Rohdaten
2015-10-16;375,73;Rohdaten
2015-10-17;375,72;Rohdaten
2015-10-18;375,72;Rohdaten
2015-10-19;375,72;Rohdaten
2015-10-20;375,71;Rohdaten
2015-10-21;375,71;Rohdaten
2015-10-22;375,71;Rohdaten
2015-10-23;375,70;Rohdaten
2015-10-24;375,71;Rohdaten
2015-10-25;375,70;Rohdaten
2015-10-26;375,70;Rohdaten
2015-10-27;375,70;Rohdaten
2015-10-28;375,71;Rohdaten
2015-10-29;375,70;Rohdaten
2015-10-30;375,70;Rohdaten
2015-10-31;375,70;Rohdaten
2015-11-01;375,69;Rohdaten
2015-11-02;375,69;Rohdaten
2015-11-03;375,69;Rohdaten
2015-11-04;375,69;Rohdaten
2015-11-05;375,69;Rohdaten
2015-11-06;375,69;Rohdaten
2015-11-07;375,69;Rohdaten
2015-11-08;375,69;Rohdaten
2015-11-09;375,69;Rohdaten
2015-11-10;375,69;Rohdaten
2015-11-11;375,69;Rohdaten
2015-11-12;375,69;Rohdaten
2015-11-13;375,69;Rohdaten
2015-11-14;375,69;Rohdaten
2015-11-15;375,70;Rohdaten
2015-11-16;375,69;Rohdaten
2015-11-17;375,69;Rohdaten
2015-11-18;375,69;Rohdaten
2015-11-19;375,69;Rohdaten
2015-11-20;375,79;Rohdaten
2015-11-21;375,94;Rohdaten
2015-11-22;375,89;Rohdaten
2015-11-23;375,84;Rohdaten
2015-11-24;375,82;Rohdaten
2015-11-25;375,81;Rohdaten
2015-11-26;375,81;Rohdaten
2015-11-27;375,81;Rohdaten
2015-11-28;375,81;Rohdaten
2015-11-29;375,81;Rohdaten
2015-11-30;375,83;Rohdaten
2015-12-01;375,90;Rohdaten
2015-12-02;375,90;Rohdaten
2015-12-03;375,87;Rohdaten
2015-12-04;375,86;Rohdaten
2015-12-05;375,85;Rohdaten
2015-12-06;375,84;Rohdaten
2015-12-07;375,83;Rohdaten
2015-12-08;375,83;Rohdaten
2015-12-09;375,82;Rohdaten
2015-12-10;375,83;Rohdaten
2015-12-11;375,83;Rohdaten
2015-12-12;375,82;Rohdaten
2015-12-13;375,82;Rohdaten
2015-12-14;375,82;Rohdaten
2015-12-15;375,81;Rohdaten
2015-12-16;375,81;Rohdaten
2015-12-17;375,82;Rohdaten
2015-12-18;375,82;Rohdaten
2015-12-19;375,82;Rohdaten
2015-12-20;375,81;Rohdaten
2015-12-21;375,81;Rohdaten
2015-12-22;375,81;Rohdaten
2015-12-23;375,81;Rohdaten
2015-12-24;375,80;Rohdaten
2015-12-25;375,80;Rohdaten
2015-12-26;375,79;Rohdaten
2015-12-27;375,79;Rohdaten
2015-12-28;375,79;Rohdaten
2015-12-29;375,79;Rohdaten
2015-12-30;375,78;Rohdaten
2015-12-31;375,78;Rohdaten
2016-01-01;375,81;Rohdaten
2016-01-02;375,80;Rohdaten
2016-01-03;375,82;Rohdaten
2016-01-04;375,84;Rohdaten
2016-01-05;375,87;Rohdaten
2016-01-06;375,93;Rohdaten
2016-01-07;375,96;Rohdaten
2016-01-08;375,95;Rohdaten
2016-01-09;375,94;Rohdaten
2016-01-10;375,92;Rohdaten
2016-01-11;375,93;Rohdaten
2016-01-12;375,96;Rohdaten
2016-01-13;375,99;Rohdaten
2016-01-14;376,02;Rohdaten
2016-01-15;375,99;Rohdaten
2016-01-16;375,97;Rohdaten
2016-01-17;375,96;Rohdaten
2016-01-18;375,95;Rohdaten
2016-01-19;375,95;Rohdaten
2016-01-20;375,94;Rohdaten
2016-01-21;375,93;Rohdaten
2016-01-22;375,92;Rohdaten
2016-01-23;375,92;Rohdaten
2016-01-24;375,94;Rohdaten
2016-01-25;376,00;Rohdaten
2016-01-26;376,04;Rohdaten
2016-01-27;376,01;Rohdaten
2016-01-28;375,99;Rohdaten
2016-01-29;375,98;Rohdaten
2016-01-30;375,98;Rohdaten
2016-01-31;376,00;Rohdaten
2016-02-01;376,09;Rohdaten
2016-02-02;376,20;Rohdaten
2016-02-03;376,15;Rohdaten
2016-02-04;376,13;Rohdaten
2016-02-05;376,16;Rohdaten
2016-02-06;376,16;Rohdaten
2016-02-07;376,13;Rohdaten
2016-02-08;376,11;Rohdaten
2016-02-09;376,22;Rohdaten
2016-02-10;376,37;Rohdaten
2016-02-11;376,44;Rohdaten
2016-02-12;376,39;Rohdaten
2016-02-13;376,30;Rohdaten
2016-02-14;376,29;Rohdaten
2016-02-15;376,33;Rohdaten
2016-02-16;376,28;Rohdaten
2016-02-17;376,24;Rohdaten
2016-02-18;376,21;Rohdaten
2016-02-19;376,18;Rohdaten
2016-02-20;376,17;Rohdaten
2016-02-21;376,24;Rohdaten
2016-02-22;376,26;Rohdaten
2016-02-23;376,23;Rohdaten
2016-02-24;376,30;Rohdaten
2016-02-25;376,30;Rohdaten
2016-02-26;376,25;Rohdaten
2016-02-27;376,22;Rohdaten
2016-02-28;376,19;Rohdaten
2016-02-29;376,17;Rohdaten
2016-03-01;376,16;Rohdaten
2016-03-02;376,19;Rohdaten
2016-03-03;376,24;Rohdaten
2016-03-04;376,23;Rohdaten
2016-03-05;376,20;Rohdaten
2016-03-06;376,19;Rohdaten
2016-03-07;376,18;Rohdaten
2016-03-08;376,16;Rohdaten
2016-03-09;376,16;Rohdaten
2016-03-10;376,14;Rohdaten
2016-03-11;376,12;Rohdaten
2016-03-12;376,12;Rohdaten
2016-03-13;376,11;Rohdaten
2016-03-14;376,10;Rohdaten
2016-03-15;376,09;Rohdaten
2016-03-16;376,10;Rohdaten
2016-03-17;376,09;Rohdaten
2016-03-18;376,09;Rohdaten
2016-03-19;376,08;Rohdaten
2016-03-20;376,07;Rohdaten
2016-03-21;376,06;Rohdaten
2016-03-22;376,06;Rohdaten
2016-03-23;376,06;Rohdaten
2016-03-24;376,05;Rohdaten
2016-03-25;376,05;Rohdaten
2016-03-26;376,08;Rohdaten
2016-03-27;376,09;Rohdaten
2016-03-28;376,07;Rohdaten
2016-03-29;376,06;Rohdaten
2016-03-30;376,06;Rohdaten
2016-03-31;376,10;Rohdaten
2016-04-01;376,12;Rohdaten
2016-04-02;376,09;Rohdaten
2016-04-03;376,07;Rohdaten
2016-04-04;376,06;Rohdaten
2016-04-05;376,05;Rohdaten
2016-04-06;376,06;Rohdaten
2016-04-07;376,05;Rohdaten
2016-04-08;376,04;Rohdaten
2016-04-09;376,03;Rohdaten
2016-04-10;376,02;Rohdaten
2016-04-11;376,02;Rohdaten
2016-04-12;376,01;Rohdaten
2016-04-13;376,02;Rohdaten
2016-04-14;376,02;Rohdaten
2016-04-15;376,02;Rohdaten
2016-04-16;376,03;Rohdaten
2016-04-17;376,10;Rohdaten
2016-04-18;376,13;Rohdaten
2016-04-19;376,10;Rohdaten
2016-04-20;376,08;Rohdaten
2016-04-21;376,07;Rohdaten
2016-04-22;376,06;Rohdaten
2016-04-23;376,06;Rohdaten
2016-04-24;376,06;Rohdaten
2016-04-25;376,05;Rohdaten
2016-04-26;376,06;Rohdaten
2016-04-27;376,06;Rohdaten
2016-04-28;376,05;Rohdaten
2016-04-29;376,03;Rohdaten
2016-04-30;376,02;Rohdaten
2016-05-01;376,01;Rohdaten
2016-05-02;376,00;Rohdaten
2016-05-03;376,00;Rohdaten
2016-05-04;375,99;Rohdaten
2016-05-05;375,99;Rohdaten
2016-05-06;375,99;Rohdaten
2016-05-07;375,98;Rohdaten
2016-05-08;375,98;Rohdaten
2016-05-09;375,97;Rohdaten
2016-05-10;375,97;Rohdaten
2016-05-11;375,96;Rohdaten
2016-05-12;375,96;Rohdaten
2016-05-13;375,96;Rohdaten
2016-05-14;375,96;Rohdaten
2016-05-15;375,95;Rohdaten
2016-05-16;375,95;Rohdaten
2016-05-17;375,96;Rohdaten
2016-05-18;375,94;Rohdaten
2016-05-19;375,94;Rohdaten
2016-05-20;375,93;Rohdaten
2016-05-21;375,92;Rohdaten
2016-05-22;375,92;Rohdaten
2016-05-23;375,91;Rohdaten
2016-05-24;375,93;Rohdaten
2016-05-25;375,95;Rohdaten
2016-05-26;375,93;Rohdaten
2016-05-27;375,92;Rohdaten
2016-05-28;375,92;Rohdaten
2016-05-29;375,94;Rohdaten
2016-05-30;376,26;Rohdaten
2016-05-31;376,77;Rohdaten
2016-06-01;376,64;Rohdaten
2016-06-02;376,40;Rohdaten
2016-06-03;376,31;Rohdaten
2016-06-04;376,26;Rohdaten
2016-06-05;376,28;Rohdaten
2016-06-06;376,34;Rohdaten
2016-06-07;376,27;Rohdaten
2016-06-08;376,20;Rohdaten
2016-06-09;376,18;Rohdaten
2016-06-10;376,16;Rohdaten
2016-06-11;376,14;Rohdaten
2016-06-12;376,14;Rohdaten
2016-06-13;376,14;Rohdaten
2016-06-14;376,13;Rohdaten
2016-06-15;376,12;Rohdaten
2016-06-16;376,12;Rohdaten
2016-06-17;376,19;Rohdaten
2016-06-18;376,22;Rohdaten
2016-06-19;376,17;Rohdaten
2016-06-20;376,14;Rohdaten
2016-06-21;376,12;Rohdaten
2016-06-22;376,10;Rohdaten
2016-06-23;376,09;Rohdaten
2016-06-24;376,08;Rohdaten
2016-06-25;376,07;Rohdaten
2016-06-26;376,06;Rohdaten
2016-06-27;376,05;Rohdaten
2016-06-28;376,04;Rohdaten
2016-06-29;376,03;Rohdaten
2016-06-30;376,02;Rohdaten
2016-07-01;376,01;Rohdaten
2016-07-02;376,01;Rohdaten
2016-07-03;376,01;Rohdaten
2016-07-04;376,00;Rohdaten
2016-07-05;375,99;Rohdaten
2016-07-06;375,98;Rohdaten
2016-07-07;375,97;Rohdaten
2016-07-08;375,97;Rohdaten
2016-07-09;375,96;Rohdaten
2016-07-10;375,95;Rohdaten
2016-07-11;375,95;Rohdaten
2016-07-12;375,98;Rohdaten
2016-07-13;375,97;Rohdaten
2016-07-14;375,96;Rohdaten
2016-07-15;375,95;Rohdaten
2016-07-16;375,94;Rohdaten
2016-07-17;375,94;Rohdaten
2016-07-18;375,93;Rohdaten
2016-07-19;375,91;Rohdaten
2016-07-20;375,91;Rohdaten
2016-07-21;375,91;Rohdaten
2016-07-22;375,92;Rohdaten
2016-07-23;375,92;Rohdaten
2016-07-24;375,91;Rohdaten
2016-07-25;375,91;Rohdaten
2016-07-26;375,90;Rohdaten
2016-07-27;375,90;Rohdaten
2016-07-28;375,89;Rohdaten
2016-07-29;375,89;Rohdaten
2016-07-30;375,88;Rohdaten
2016-07-31;375,87;Rohdaten
2016-08-01;375,86;Rohdaten
2016-08-02;375,86;Rohdaten
2016-08-03;375,87;Rohdaten
2016-08-04;375,86;Rohdaten
2016-08-05;375,90;Rohdaten
2016-08-06;375,90;Rohdaten
2016-08-07;375,88;Rohdaten
2016-08-08;375,86;Rohdaten
2016-08-09;375,86;Rohdaten
2016-08-10;375,85;Rohdaten
2016-08-11;375,85;Rohdaten
2016-08-12;375,84;Rohdaten
2016-08-13;375,85;Rohdaten
2016-08-14;375,84;Rohdaten
2016-08-15;375,83;Rohdaten
2016-08-16;375,82;Rohdaten
2016-08-17;375,82;Rohdaten
2016-08-18;375,81;Rohdaten
2016-08-19;375,81;Rohdaten
2016-08-20;375,81;Rohdaten
2016-08-21;375,82;Rohdaten
2016-08-22;375,81;Rohdaten
2016-08-23;375,80;Rohdaten
2016-08-24;375,80;Rohdaten
2016-08-25;375,80;Rohdaten
2016-08-26;375,79;Rohdaten
2016-08-27;375,79;Rohdaten
2016-08-28;375,78;Rohdaten
2016-08-29;375,78;Rohdaten
2016-08-30;375,77;Rohdaten
2016-08-31;375,77;Rohdaten
2016-09-01;375,77;Rohdaten
2016-09-02;375,76;Rohdaten
2016-09-03;375,76;Rohdaten
2016-09-04;375,76;Rohdaten
2016-09-05;375,76;Rohdaten
2016-09-06;375,76;Rohdaten
2016-09-07;375,76;Rohdaten
2016-09-08;375,76;Rohdaten
2016-09-09;375,75;Rohdaten
2016-09-10;375,74;Rohdaten
2016-09-11;375,74;Rohdaten
2016-09-12;375,73;Rohdaten
2016-09-13;375,73;Rohdaten
2016-09-14;375,73;Rohdaten
2016-09-15;375,72;Rohdaten
2016-09-16;375,73;Rohdaten
2016-09-17;375,73;Rohdaten
2016-09-18;375,78;Rohdaten
2016-09-19;375,82;Rohdaten
2016-09-20;375,80;Rohdaten
2016-09-21;375,79;Rohdaten
2016-09-22;375,78;Rohdaten
2016-09-23;375,77;Rohdaten
2016-09-24;375,76;Rohdaten
2016-09-25;375,75;Rohdaten
2016-09-26;375,75;Rohdaten
2016-09-27;375,74;Rohdaten
2016-09-28;375,75;Rohdaten
2016-09-29;375,75;Rohdaten
2016-09-30;375,74;Rohdaten
2016-10-01;375,74;Rohdaten
2016-10-02;375,74;Rohdaten
2016-10-03;375,73;Rohdaten
2016-10-04;375,75;Rohdaten
2016-10-05;375,74;Rohdaten
2016-10-06;375,74;Rohdaten
2016-10-07;375,74;Rohdaten
2016-10-08;375,74;Rohdaten
2016-10-09;375,74;Rohdaten
2016-10-10;375,74;Rohdaten
2016-10-11;375,73;Rohdaten
2016-10-12;375,73;Rohdaten
2016-10-13;375,73;Rohdaten
2016-10-14;375,73;Rohdaten
2016-10-15;375,73;Rohdaten
2016-10-16;375,73;Rohdaten
2016-10-17;375,73;Rohdaten
2016-10-18;375,74;Rohdaten
2016-10-19;375,77;Rohdaten
2016-10-20;375,78;Rohdaten
2016-10-21;375,87;Rohdaten
2016-10-22;375,85;Rohdaten
2016-10-23;375,82;Rohdaten
2016-10-24;375,81;Rohdaten
2016-10-25;375,84;Rohdaten
2016-10-26;375,85;Rohdaten
2016-10-27;375,83;Rohdaten
2016-10-28;375,82;Rohdaten
2016-10-29;375,81;Rohdaten
2016-10-30;375,81;Rohdaten
2016-10-31;375,80;Rohdaten
2016-11-01;375,80;Rohdaten
2016-11-02;375,80;Rohdaten
2016-11-03;375,79;Rohdaten
2016-11-04;375,79;Rohdaten
2016-11-05;375,80;Rohdaten
2016-11-06;375,80;Rohdaten
2016-11-07;375,79;Rohdaten
2016-11-08;375,79;Rohdaten
2016-11-09;375,79;Rohdaten
2016-11-10;375,81;Rohdaten
2016-11-11;375,87;Rohdaten
2016-11-12;375,93;Rohdaten
2016-11-13;375,89;Rohdaten
2016-11-14;375,86;Rohdaten
2016-11-22;375,90;Rohdaten
2016-11-23;375,89;Rohdaten
2016-11-24;375,88;Rohdaten
2016-11-25;375,88;Rohdaten
2016-11-26;375,87;Rohdaten
2016-11-27;375,87;Rohdaten
2016-11-28;375,86;Rohdaten
2016-11-29;375,85;Rohdaten
2016-11-30;375,85;Rohdaten
2016-12-01;375,85;Rohdaten
2016-12-02;375,85;Rohdaten
2016-12-03;375,85;Rohdaten
2016-12-04;375,84;Rohdaten
2016-12-05;375,83;Rohdaten
2016-12-06;375,83;Rohdaten
2016-12-07;375,83;Rohdaten
2016-12-08;375,82;Rohdaten
2016-12-09;375,82;Rohdaten
2016-12-10;375,82;Rohdaten
2016-12-11;375,82;Rohdaten
2016-12-12;375,82;Rohdaten
2016-12-13;375,81;Rohdaten
2016-12-14;375,82;Rohdaten
2016-12-15;375,81;Rohdaten
2016-12-16;375,81;Rohdaten
2016-12-17;375,80;Rohdaten
2016-12-18;375,80;Rohdaten
2016-12-19;375,80;Rohdaten
2016-12-20;375,80;Rohdaten
2016-12-21;375,79;Rohdaten
2016-12-22;375,79;Rohdaten
2016-12-23;375,79;Rohdaten
2016-12-24;375,80;Rohdaten
2016-12-25;375,80;Rohdaten
2016-12-26;375,79;Rohdaten
2016-12-27;375,79;Rohdaten
2016-12-28;375,79;Rohdaten
2016-12-29;375,78;Rohdaten
2016-12-30;375,78;Rohdaten
2016-12-31;375,78;Rohdaten
2017-01-01;375,78;Rohdaten
2017-01-02;375,78;Rohdaten
2017-01-03;375,78;Rohdaten
2017-01-04;375,78;Rohdaten
2017-01-05;375,77;Rohdaten
2017-01-06;375,77;Rohdaten
2017-01-07;375,77;Rohdaten
2017-01-08;375,77;Rohdaten
2017-01-09;375,77;Rohdaten
2017-01-10;375,78;Rohdaten
2017-01-11;375,77;Rohdaten
2017-01-12;375,78;Rohdaten
2017-01-13;375,81;Rohdaten
2017-01-14;375,81;Rohdaten
2017-01-15;375,80;Rohdaten
2017-01-16;375,80;Rohdaten
2017-01-17;375,79;Rohdaten
2017-01-18;375,79;Rohdaten
2017-01-19;375,79;Rohdaten
2017-01-20;375,79;Rohdaten
2017-01-21;375,78;Rohdaten
2017-01-22;375,79;Rohdaten
2017-01-23;375,78;Rohdaten
2017-01-24;375,77;Rohdaten
2017-01-25;375,77;Rohdaten
2017-01-26;375,77;Rohdaten
2017-01-27;375,77;Rohdaten
2017-01-28;375,76;Rohdaten
2017-01-29;375,76;Rohdaten
2017-01-30;375,76;Rohdaten
2017-01-31;375,78;Rohdaten
2017-02-01;375,82;Rohdaten
2017-02-02;375,81;Rohdaten
2017-02-03;375,82;Rohdaten
2017-02-04;375,82;Rohdaten
2017-02-05;375,82;Rohdaten
2017-02-06;375,82;Rohdaten
2017-02-07;375,82;Rohdaten
2017-02-08;375,81;Rohdaten
2017-02-09;375,80;Rohdaten
2017-02-10;375,80;Rohdaten
2017-02-11;375,80;Rohdaten
2017-02-12;375,79;Rohdaten
2017-02-13;375,79;Rohdaten
2017-02-14;375,78;Rohdaten
2017-02-15;375,78;Rohdaten
2017-02-16;375,78;Rohdaten
2017-02-17;375,79;Rohdaten
2017-02-18;375,82;Rohdaten
2017-02-19;375,83;Rohdaten
2017-02-20;375,83;Rohdaten
2017-02-21;375,85;Rohdaten
2017-02-22;375,94;Rohdaten
2017-02-23;375,93;Rohdaten
2017-02-24;375,90;Rohdaten
2017-02-25;375,89;Rohdaten
2017-02-26;375,88;Rohdaten
2017-02-27;375,88;Rohdaten
2017-02-28;375,88;Rohdaten
2017-03-01;375,89;Rohdaten
2017-03-02;375,90;Rohdaten
2017-03-03;375,91;Rohdaten
2017-03-04;375,90;Rohdaten
2017-03-05;375,89;Rohdaten
2017-03-06;375,89;Rohdaten
2017-03-07;375,89;Rohdaten
2017-03-08;375,89;Rohdaten
2017-03-09;375,93;Rohdaten
2017-03-10;376,06;Rohdaten
2017-03-11;376,06;Rohdaten
2017-03-12;376,00;Rohdaten
2017-03-13;375,97;Rohdaten
2017-03-14;375,96;Rohdaten
2017-03-15;375,95;Rohdaten
2017-03-16;375,95;Rohdaten
2017-03-17;375,95;Rohdaten
2017-03-18;375,95;Rohdaten
2017-03-19;375,99;Rohdaten
2017-03-20;376,04;Rohdaten
2017-03-21;376,00;Rohdaten
2017-03-22;376,00;Rohdaten
2017-03-23;376,00;Rohdaten
2017-03-24;375,98;Rohdaten
2017-03-25;375,98;Rohdaten
2017-03-26;375,97;Rohdaten
2017-03-27;375,96;Rohdaten
2017-03-28;375,95;Rohdaten
2017-03-29;375,95;Rohdaten
2017-03-30;375,94;Rohdaten
2017-03-31;375,94;Rohdaten
2017-04-01;375,94;Rohdaten
2017-04-02;375,93;Rohdaten
2017-04-03;375,95;Rohdaten
2017-04-04;375,94;Rohdaten
2017-04-05;375,94;Rohdaten
2017-04-06;375,92;Rohdaten
2017-04-07;375,92;Rohdaten
2017-04-08;375,91;Rohdaten
2017-04-09;375,91;Rohdaten
2017-04-10;375,90;Rohdaten
2017-04-11;375,90;Rohdaten
2017-04-12;375,90;Rohdaten
2017-04-13;375,89;Rohdaten
2017-04-14;375,89;Rohdaten
2017-04-15;375,88;Rohdaten
2017-04-16;375,88;Rohdaten
2017-04-17;375,89;Rohdaten
2017-04-18;375,93;Rohdaten
2017-04-19;375,92;Rohdaten
2017-04-20;375,91;Rohdaten
2017-04-21;375,90;Rohdaten
2017-04-22;375,90;Rohdaten
2017-04-23;375,89;Rohdaten
2017-04-24;375,89;Rohdaten
2017-04-25;375,88;Rohdaten
2017-04-26;375,90;Rohdaten
2017-04-27;375,92;Rohdaten
2017-04-28;375,91;Rohdaten
2017-04-29;375,90;Rohdaten
2017-04-30;375,90;Rohdaten
2017-05-01;375,89;Rohdaten
2017-05-02;376,05;Rohdaten
2017-05-03;376,36;Rohdaten
2017-05-04;376,47;Rohdaten
2017-05-05;376,36;Rohdaten
2017-05-06;376,34;Rohdaten
2017-05-07;376,23;Rohdaten
2017-05-08;376,18;Rohdaten
2017-05-09;376,16;Rohdaten
2017-05-10;376,14;Rohdaten
2017-05-11;376,12;Rohdaten
2017-05-12;376,10;Rohdaten
2017-05-13;376,08;Rohdaten
2017-05-14;376,07;Rohdaten
2017-05-15;376,06;Rohdaten
2017-05-16;376,05;Rohdaten
2017-05-17;376,05;Rohdaten
2017-05-18;376,04;Rohdaten
2017-05-19;376,03;Rohdaten
2017-05-20;376,02;Rohdaten
2017-05-21;376,01;Rohdaten
2017-05-22;376,00;Rohdaten
2017-05-23;375,99;Rohdaten
2017-05-24;375,98;Rohdaten
2017-05-25;375,98;Rohdaten
2017-05-26;375,97;Rohdaten
2017-05-27;375,96;Rohdaten
2017-05-28;375,96;Rohdaten
2017-05-29;375,95;Rohdaten
2017-05-30;375,94;Rohdaten
2017-05-31;375,94;Rohdaten
2017-06-01;375,93;Rohdaten
2017-06-02;375,92;Rohdaten
2017-06-03;375,92;Rohdaten
2017-06-04;375,97;Rohdaten
2017-06-05;375,99;Rohdaten
2017-06-06;375,97;Rohdaten
2017-06-07;375,97;Rohdaten
2017-06-08;375,95;Rohdaten
2017-06-09;375,94;Rohdaten
2017-06-10;375,93;Rohdaten
2017-06-11;375,93;Rohdaten
2017-06-12;375,91;Rohdaten
2017-06-13;375,91;Rohdaten
2017-06-14;375,90;Rohdaten
2017-06-15;375,90;Rohdaten
2017-06-16;375,89;Rohdaten
2017-06-17;375,88;Rohdaten
2017-06-18;375,88;Rohdaten
2017-06-19;375,87;Rohdaten
2017-06-20;375,87;Rohdaten
2017-06-21;375,86;Rohdaten
2017-06-22;375,85;Rohdaten
2017-06-23;375,85;Rohdaten
2017-06-24;375,85;Rohdaten
2017-06-25;375,84;Rohdaten
2017-06-26;375,83;Rohdaten
2017-06-27;375,84;Rohdaten
2017-06-28;375,86;Rohdaten
2017-06-29;376,03;Rohdaten
2017-06-30;376,10;Rohdaten
2017-07-01;376,04;Rohdaten
2017-07-02;376,01;Rohdaten
2017-07-03;375,99;Rohdaten
2017-07-04;375,98;Rohdaten
2017-07-05;375,96;Rohdaten
2017-07-06;375,95;Rohdaten
2017-07-07;375,94;Rohdaten
2017-07-08;375,93;Rohdaten
2017-07-09;375,93;Rohdaten
2017-07-10;375,92;Rohdaten
2017-07-11;375,92;Rohdaten
2017-07-12;375,92;Rohdaten
2017-07-13;375,91;Rohdaten
2017-07-14;375,91;Rohdaten
2017-07-15;375,90;Rohdaten
2017-07-16;375,89;Rohdaten
2017-07-17;375,88;Rohdaten
2017-07-18;375,88;Rohdaten
2017-07-19;375,87;Rohdaten
2017-07-20;375,87;Rohdaten
2017-07-21;375,87;Rohdaten
2017-07-22;375,86;Rohdaten
2017-07-23;375,85;Rohdaten
2017-07-24;375,87;Rohdaten
2017-07-25;375,86;Rohdaten
2017-07-26;375,98;Rohdaten
2017-07-27;376,15;Rohdaten
2017-07-28;376,22;Rohdaten
2017-07-29;376,12;Rohdaten
2017-07-30;376,05;Rohdaten
2017-07-31;376,03;Rohdaten
2017-08-01;376,01;Rohdaten
2017-08-02;376,03;Rohdaten
2017-08-03;376,02;Rohdaten
2017-08-04;376,00;Rohdaten
2017-08-05;375,98;Rohdaten
2017-08-06;375,97;Rohdaten
2017-08-07;375,96;Rohdaten
2017-08-08;375,95;Rohdaten
2017-08-09;375,94;Rohdaten
2017-08-10;375,94;Rohdaten
2017-08-11;375,96;Rohdaten
2017-08-12;375,95;Rohdaten
2017-08-13;375,94;Rohdaten
2017-08-14;375,93;Rohdaten
2017-08-15;375,92;Rohdaten
2017-08-16;375,91;Rohdaten
2017-08-17;375,91;Rohdaten
2017-08-18;375,90;Rohdaten
2017-08-19;375,96;Rohdaten
2017-08-20;375,93;Rohdaten
2017-08-21;375,91;Rohdaten
2017-08-22;375,90;Rohdaten
2017-08-23;375,89;Rohdaten
2017-08-24;375,88;Rohdaten
2017-08-25;375,87;Rohdaten
2017-08-26;375,87;Rohdaten
2017-08-27;375,86;Rohdaten
2017-08-28;375,85;Rohdaten
2017-08-29;375,85;Rohdaten
2017-08-30;375,84;Rohdaten
2017-08-31;375,85;Rohdaten
2017-09-01;375,89;Rohdaten
2017-09-02;375,89;Rohdaten
2017-09-03;375,88;Rohdaten
2017-09-04;375,87;Rohdaten
2017-09-05;375,86;Rohdaten
2017-09-06;375,85;Rohdaten
2017-09-07;375,84;Rohdaten
2017-09-08;375,84;Rohdaten
2017-09-09;375,84;Rohdaten
2017-09-10;375,85;Rohdaten
2017-09-11;375,85;Rohdaten
2017-09-12;375,84;Rohdaten
2017-09-13;375,84;Rohdaten
2017-09-14;375,85;Rohdaten
2017-09-15;375,86;Rohdaten
2017-09-16;375,86;Rohdaten
2017-09-17;375,85;Rohdaten
2017-09-18;375,85;Rohdaten
2017-09-19;375,85;Rohdaten
2017-09-20;375,84;Rohdaten
2017-09-21;375,83;Rohdaten
2017-09-22;375,83;Rohdaten
2017-09-23;375,83;Rohdaten
2017-09-24;375,82;Rohdaten
2017-09-25;375,82;Rohdaten
2017-09-26;375,81;Rohdaten
2017-09-27;375,80;Rohdaten
2017-09-28;375,80;Rohdaten
2017-09-29;375,80;Rohdaten
2017-09-30;375,80;Rohdaten
2017-10-01;375,85;Rohdaten
2017-10-02;375,86;Rohdaten
2017-10-03;375,90;Rohdaten
2017-10-04;375,96;Rohdaten
2017-10-05;375,92;Rohdaten
2017-10-06;375,90;Rohdaten
2017-10-07;375,90;Rohdaten
2017-10-08;375,89;Rohdaten
2017-10-09;375,91;Rohdaten
2017-10-10;375,92;Rohdaten
2017-10-11;375,91;Rohdaten
2017-10-12;375,90;Rohdaten
2017-10-13;375,89;Rohdaten
2017-10-14;375,89;Rohdaten
2017-10-15;375,88;Rohdaten
2017-10-16;375,88;Rohdaten
2017-10-17;375,88;Rohdaten
2017-10-18;375,87;Rohdaten
2017-10-19;375,87;Rohdaten
2017-10-20;375,86;Rohdaten
2017-10-21;375,86;Rohdaten
2017-10-22;375,86;Rohdaten
2017-10-23;375,85;Rohdaten
2017-10-24;375,85;Rohdaten
2017-10-25;375,84;Rohdaten
2017-10-26;375,84;Rohdaten
2017-10-27;375,84;Rohdaten
2017-10-28;375,85;Rohdaten
2017-10-29;375,87;Rohdaten
2017-10-30;375,90;Rohdaten
2017-10-31;375,88;Rohdaten
2017-11-01;375,87;Rohdaten
2017-11-02;375,87;Rohdaten
2017-11-03;375,86;Rohdaten
2017-11-04;375,86;Rohdaten
2017-11-05;375,86;Rohdaten
2017-11-06;375,87;Rohdaten
2017-11-07;375,87;Rohdaten
2017-11-08;375,85;Rohdaten
2017-11-09;375,85;Rohdaten
2017-11-10;375,85;Rohdaten
2017-11-11;375,87;Rohdaten
2017-11-12;375,92;Rohdaten
2017-11-13;376,07;Rohdaten
2017-11-14;376,11;Rohdaten
2017-11-15;376,01;Rohdaten
2017-11-16;375,99;Rohdaten
2017-11-17;375,97;Rohdaten
2017-11-18;375,96;Rohdaten
2017-11-19;375,96;Rohdaten
2017-11-20;375,95;Rohdaten
2017-11-21;375,97;Rohdaten
2017-11-22;376,00;Rohdaten
2017-11-23;375,98;Rohdaten
2017-11-24;375,97;Rohdaten
2017-11-25;376,00;Rohdaten
2017-11-26;376,10;Rohdaten
2017-11-27;376,07;Rohdaten
2017-11-28;376,05;Rohdaten
2017-11-29;376,06;Rohdaten
2017-11-30;376,05;Rohdaten
2017-12-01;376,03;Rohdaten
2017-12-02;376,02;Rohdaten
2017-12-03;376,01;Rohdaten
2017-12-04;376,00;Rohdaten
2017-12-05;376,01;Rohdaten
2017-12-06;376,03;Rohdaten
2017-12-07;376,04;Rohdaten
2017-12-08;376,03;Rohdaten
2017-12-09;376,03;Rohdaten
2017-12-10;376,03;Rohdaten
2017-12-11;376,04;Rohdaten
2017-12-12;376,15;Rohdaten
2017-12-13;376,23;Rohdaten
2017-12-14;376,17;Rohdaten
2017-12-15;376,17;Rohdaten
2017-12-16;376,16;Rohdaten
2017-12-17;376,13;Rohdaten
2017-12-18;376,11;Rohdaten
2017-12-19;376,09;Rohdaten
2017-12-20;376,08;Rohdaten
2017-12-21;376,09;Rohdaten
2017-12-22;376,13;Rohdaten
2017-12-23;376,14;Rohdaten
2017-12-24;376,12;Rohdaten
2017-12-25;376,10;Rohdaten
2017-12-26;376,10;Rohdaten
2017-12-27;376,10;Rohdaten
2017-12-28;376,10;Rohdaten
2017-12-29;376,11;Rohdaten
2017-12-30;376,10;Rohdaten
2017-12-31;376,29;Rohdaten
2018-01-01;376,59;Rohdaten
2018-01-02;376,50;Rohdaten
2018-01-03;376,39;Rohdaten
2018-01-04;376,50;Rohdaten
2018-01-05;376,79;Rohdaten
2018-01-06;376,87;Rohdaten
2018-01-07;376,77;Rohdaten
2018-01-08;376,60;Rohdaten
2018-01-09;376,49;Rohdaten
2018-01-10;376,43;Rohdaten
2018-01-11;376,38;Rohdaten
2018-01-12;376,35;Rohdaten
2018-01-13;376,33;Rohdaten
2018-01-14;376,31;Rohdaten
2018-01-15;376,30;Rohdaten
2018-01-16;376,33;Rohdaten
2018-01-17;376,44;Rohdaten
2018-01-18;376,49;Rohdaten
2018-01-19;376,58;Rohdaten
2018-01-20;376,63;Rohdaten
2018-01-21;376,59;Rohdaten
2018-01-22;376,57;Rohdaten
2018-01-23;376,57;Rohdaten
2018-01-24;376,69;Rohdaten
2018-01-25;376,65;Rohdaten
2018-01-26;376,53;Rohdaten
2018-01-27;376,45;Rohdaten
2018-01-28;376,40;Rohdaten
2018-01-29;376,38;Rohdaten
2018-01-30;376,36;Rohdaten
2018-01-31;376,36;Rohdaten
2018-02-01;376,36;Rohdaten
2018-02-02;376,37;Rohdaten
2018-02-03;376,34;Rohdaten
2018-02-04;376,32;Rohdaten
2018-02-05;376,30;Rohdaten
2018-02-06;376,29;Rohdaten
2018-02-07;376,28;Rohdaten
2018-02-08;376,26;Rohdaten
2018-02-09;376,26;Rohdaten
2018-02-10;376,25;Rohdaten
2018-02-11;376,25;Rohdaten
2018-02-12;376,23;Rohdaten
2018-02-13;376,23;Rohdaten
2018-02-14;376,21;Rohdaten
2018-02-15;376,21;Rohdaten
2018-02-16;376,21;Rohdaten
2018-02-17;376,22;Rohdaten
2018-02-18;376,21;Rohdaten
2018-02-19;376,20;Rohdaten
2018-02-20;376,19;Rohdaten
2018-02-21;376,18;Rohdaten
2018-02-22;376,18;Rohdaten
2018-02-23;376,17;Rohdaten
2018-02-24;376,16;Rohdaten
2018-02-25;376,15;Rohdaten
2018-02-26;376,14;Rohdaten
2018-02-27;376,14;Rohdaten
2018-02-28;376,13;Rohdaten
2018-03-01;376,13;Rohdaten
2018-03-02;376,12;Rohdaten
2018-03-03;376,11;Rohdaten
2018-03-04;376,11;Rohdaten
2018-03-05;376,11;Rohdaten
2018-03-06;376,10;Rohdaten
2018-03-07;376,09;Rohdaten
2018-03-08;376,09;Rohdaten
2018-03-09;376,09;Rohdaten
2018-03-10;376,09;Rohdaten
2018-03-11;376,10;Rohdaten
2018-03-12;376,11;Rohdaten
2018-03-13;376,11;Rohdaten
2018-03-14;376,10;Rohdaten
2018-03-15;376,11;Rohdaten
2018-03-16;376,09;Rohdaten
2018-03-17;376,09;Rohdaten
2018-03-18;376,08;Rohdaten
2018-03-19;376,07;Rohdaten
2018-03-20;376,07;Rohdaten
2018-03-21;376,07;Rohdaten
2018-03-22;376,08;Rohdaten
2018-03-23;376,09;Rohdaten
2018-03-24;376,12;Rohdaten
2018-03-25;376,13;Rohdaten
2018-03-26;376,11;Rohdaten
2018-03-27;376,11;Rohdaten
2018-03-28;376,13;Rohdaten
2018-03-29;376,18;Rohdaten
2018-03-30;376,18;Rohdaten
2018-03-31;376,16;Rohdaten
2018-04-01;376,14;Rohdaten
2018-04-02;376,15;Rohdaten
2018-04-03;376,14;Rohdaten
2018-04-04;376,13;Rohdaten
2018-04-05;376,12;Rohdaten
2018-04-06;376,11;Rohdaten
2018-04-07;376,11;Rohdaten
2018-04-08;376,10;Rohdaten
2018-04-09;376,09;Rohdaten
2018-04-10;376,08;Rohdaten
2018-04-11;376,09;Rohdaten
2018-04-12;376,09;Rohdaten
2018-04-13;376,08;Rohdaten
2018-04-14;376,08;Rohdaten
2018-04-15;376,08;Rohdaten
2018-04-16;376,06;Rohdaten
2018-04-17;376,05;Rohdaten
2018-04-18;376,05;Rohdaten
2018-04-19;376,04;Rohdaten
2018-04-20;376,04;Rohdaten
2018-04-21;376,04;Rohdaten
2018-04-22;376,03;Rohdaten
2018-04-23;376,03;Rohdaten
2018-04-24;376,02;Rohdaten
2018-04-25;376,02;Rohdaten
2018-04-26;376,01;Rohdaten
2018-04-27;376,01;Rohdaten
2018-04-28;376,01;Rohdaten
2018-04-29;376,00;Rohdaten
2018-04-30;376,00;Rohdaten
2018-05-01;375,99;Rohdaten
2018-05-02;375,99;Rohdaten
2018-05-03;375,99;Rohdaten
2018-05-04;375,98;Rohdaten
2018-05-05;375,98;Rohdaten
2018-05-06;375,97;Rohdaten
2018-05-07;375,97;Rohdaten
2018-05-08;375,97;Rohdaten
2018-05-09;375,96;Rohdaten
2018-05-10;375,97;Rohdaten
2018-05-11;376,04;Rohdaten
2018-05-12;375,99;Rohdaten
2018-05-13;375,97;Rohdaten
2018-05-14;376,05;Rohdaten
2018-05-15;376,08;Rohdaten
2018-05-16;376,05;Rohdaten
2018-05-17;376,11;Rohdaten
2018-05-18;376,14;Rohdaten
2018-05-19;376,08;Rohdaten
2018-05-20;376,04;Rohdaten
2018-05-21;376,03;Rohdaten
2018-05-22;376,01;Rohdaten
2018-05-23;375,99;Rohdaten
2018-05-24;375,99;Rohdaten
2018-05-25;375,99;Rohdaten
2018-05-26;375,98;Rohdaten
2018-05-27;375,97;Rohdaten
2018-05-28;375,96;Rohdaten
2018-05-29;375,96;Rohdaten
2018-05-30;375,96;Rohdaten
2018-05-31;375,95;Rohdaten
2018-06-01;375,96;Rohdaten
2018-06-02;375,95;Rohdaten
2018-06-03;375,94;Rohdaten
2018-06-04;375,93;Rohdaten
2018-06-05;375,92;Rohdaten
2018-06-06;375,93;Rohdaten
2018-06-07;375,95;Rohdaten
2018-06-08;375,95;Rohdaten
2018-06-09;375,94;Rohdaten
2018-06-10;375,95;Rohdaten
2018-06-11;375,95;Rohdaten
2018-06-12;376,14;Rohdaten
2018-06-13;376,11;Rohdaten
2018-06-14;376,05;Rohdaten
2018-06-15;376,02;Rohdaten
2018-06-16;376,00;Rohdaten
2018-06-17;375,99;Rohdaten
2018-06-18;375,98;Rohdaten
2018-06-19;375,97;Rohdaten
2018-06-20;375,96;Rohdaten
2018-06-21;375,95;Rohdaten
2018-06-22;375,94;Rohdaten
2018-06-23;375,93;Rohdaten
2018-06-24;375,92;Rohdaten
2018-06-25;375,92;Rohdaten
2018-06-26;375,91;Rohdaten
2018-06-27;375,91;Rohdaten
2018-06-28;375,90;Rohdaten
2018-06-29;375,91;Rohdaten
2018-06-30;375,90;Rohdaten
2018-07-01;375,89;Rohdaten
2018-07-02;375,88;Rohdaten
2018-07-03;375,87;Rohdaten
2018-07-04;375,87;Rohdaten
2018-07-05;375,87;Rohdaten
2018-07-06;375,87;Rohdaten
2018-07-07;375,87;Rohdaten
2018-07-08;375,85;Rohdaten
2018-07-09;375,84;Rohdaten
2018-07-10;375,84;Rohdaten
2018-07-11;375,84;Rohdaten
2018-07-12;375,83;Rohdaten
2018-07-13;375,82;Rohdaten
2018-07-14;375,82;Rohdaten
2018-07-15;375,84;Rohdaten
2018-07-16;375,86;Rohdaten
2018-07-17;375,86;Rohdaten
2018-07-18;375,84;Rohdaten
2018-07-19;375,83;Rohdaten
2018-07-20;375,82;Rohdaten
2018-07-21;375,83;Rohdaten
2018-07-22;375,90;Rohdaten
2018-07-23;375,88;Rohdaten
2018-07-24;375,86;Rohdaten
2018-07-25;375,84;Rohdaten
2018-07-26;375,82;Rohdaten
2018-07-27;375,82;Rohdaten
2018-07-28;375,81;Rohdaten
2018-07-29;375,80;Rohdaten
2018-07-30;375,80;Rohdaten
2018-07-31;375,79;Rohdaten
2018-08-01;375,79;Rohdaten
2018-08-02;375,78;Rohdaten
2018-08-03;375,78;Rohdaten
2018-08-04;375,78;Rohdaten
2018-08-05;375,77;Rohdaten
2018-08-06;375,77;Rohdaten
2018-08-07;375,76;Rohdaten
2018-08-08;375,76;Rohdaten
2018-08-09;375,76;Rohdaten
2018-08-10;375,75;Rohdaten
2018-08-11;375,75;Rohdaten
2018-08-12;375,75;Rohdaten
2018-08-13;375,74;Rohdaten
2018-08-14;375,74;Rohdaten
2018-08-15;375,74;Rohdaten
2018-08-16;375,74;Rohdaten
2018-08-17;375,73;Rohdaten
2018-08-18;375,73;Rohdaten
2018-08-19;375,72;Rohdaten
2018-08-20;375,72;Rohdaten
2018-08-21;375,72;Rohdaten
2018-08-22;375,71;Rohdaten
2018-08-23;375,72;Rohdaten
2018-08-24;375,72;Rohdaten
2018-08-25;375,72;Rohdaten
2018-08-26;375,72;Rohdaten
2018-08-27;375,72;Rohdaten
2018-08-28;375,71;Rohdaten
2018-08-29;375,72;Rohdaten
2018-08-30;375,71;Rohdaten
2018-08-31;375,73;Rohdaten
2018-09-01;375,72;Rohdaten
2018-09-02;375,72;Rohdaten
2018-09-03;375,72;Rohdaten
2018-09-04;375,72;Rohdaten
2018-09-05;375,72;Rohdaten
2018-09-06;375,71;Rohdaten
2018-09-07;375,71;Rohdaten
2018-09-08;375,71;Rohdaten
2018-09-09;375,70;Rohdaten
2018-09-10;375,70;Rohdaten
2018-09-11;375,70;Rohdaten
2018-09-12;375,70;Rohdaten
2018-09-13;375,69;Rohdaten
2018-09-14;375,69;Rohdaten
2018-09-15;375,69;Rohdaten
2018-09-16;375,69;Rohdaten
2018-09-17;375,69;Rohdaten
2018-09-18;375,69;Rohdaten
2018-09-19;375,69;Rohdaten
2018-09-20;375,69;Rohdaten
2018-09-21;375,69;Rohdaten
2018-09-22;375,69;Rohdaten
2018-09-23;375,70;Rohdaten
2018-09-24;375,76;Rohdaten
2018-09-25;375,76;Rohdaten
2018-09-26;375,74;Rohdaten
2018-09-27;375,74;Rohdaten
2018-09-28;375,73;Rohdaten
2018-09-29;375,72;Rohdaten
2018-09-30;375,73;Rohdaten
2018-10-01;375,72;Rohdaten
2018-10-02;375,74;Rohdaten
2018-10-03;375,72;Rohdaten
2018-10-04;375,72;Rohdaten
2018-10-05;375,72;Rohdaten
2018-10-06;375,72;Rohdaten
2018-10-07;375,71;Rohdaten
2018-10-08;375,71;Rohdaten
2018-10-09;375,71;Rohdaten
2018-10-10;375,71;Rohdaten
2018-10-11;375,71;Rohdaten
2018-10-12;375,70;Rohdaten
2018-10-13;375,71;Rohdaten
2018-10-14;375,71;Rohdaten
2018-10-15;375,70;Rohdaten
2018-10-16;375,70;Rohdaten
2018-10-17;375,70;Rohdaten
2018-10-18;375,70;Rohdaten
2018-10-19;375,70;Rohdaten
2018-10-20;375,70;Rohdaten
2018-10-21;375,70;Rohdaten
2018-10-22;375,70;Rohdaten
2018-10-23;375,70;Rohdaten
2018-10-24;375,71;Rohdaten
2018-10-25;375,71;Rohdaten
2018-10-26;375,72;Rohdaten
2018-10-27;375,71;Rohdaten
2018-10-28;375,75;Rohdaten
2018-10-29;375,81;Rohdaten
2018-10-30;375,79;Rohdaten
2018-10-31;375,77;Rohdaten
2018-11-01;375,77;Rohdaten
2018-11-02;375,75;Rohdaten
2018-11-03;375,75;Rohdaten
2018-11-04;375,75;Rohdaten
2018-11-05;375,75;Rohdaten
2018-11-06;375,75;Rohdaten
2018-11-07;375,75;Rohdaten
2018-11-08;375,74;Rohdaten
2018-11-09;375,75;Rohdaten
2018-11-10;375,75;Rohdaten
2018-11-11;375,74;Rohdaten
2018-11-12;375,74;Rohdaten
2018-11-13;375,74;Rohdaten
2018-11-14;375,74;Rohdaten
2018-11-15;375,74;Rohdaten
2018-11-16;375,74;Rohdaten
2018-11-17;375,74;Rohdaten
2018-11-18;375,74;Rohdaten
2018-11-19;375,74;Rohdaten
2018-11-20;375,74;Rohdaten
2018-11-21;375,74;Rohdaten
2018-11-22;375,73;Rohdaten
2018-11-23;375,73;Rohdaten
2018-11-24;375,74;Rohdaten
2018-11-25;375,74;Rohdaten
2018-11-26;375,74;Rohdaten
2018-11-27;375,75;Rohdaten
2018-11-28;375,75;Rohdaten
2018-11-29;375,75;Rohdaten
2018-11-30;375,74;Rohdaten
2018-12-01;375,76;Rohdaten
2018-12-02;375,77;Rohdaten
2018-12-03;375,87;Rohdaten
2018-12-04;376,14;Rohdaten
2018-12-05;376,16;Rohdaten
2018-12-06;376,01;Rohdaten
2018-12-07;375,98;Rohdaten
2018-12-08;375,95;Rohdaten
2018-12-09;375,97;Rohdaten
2018-12-10;375,99;Rohdaten
2018-12-11;375,98;Rohdaten
2018-12-12;375,97;Rohdaten
2018-12-13;375,96;Rohdaten
2018-12-14;375,95;Rohdaten
2018-12-15;375,94;Rohdaten
2018-12-16;375,94;Rohdaten
2018-12-17;375,92;Rohdaten
2018-12-18;375,93;Rohdaten
2018-12-19;375,93;Rohdaten
2018-12-20;375,95;Rohdaten
2018-12-21;375,96;Rohdaten
2018-12-22;375,98;Rohdaten
2018-12-23;376,01;Rohdaten
2018-12-24;376,11;Rohdaten
2018-12-25;376,26;Rohdaten
2018-12-26;376,16;Rohdaten
2018-12-27;376,09;Rohdaten
2018-12-28;376,07;Rohdaten
2018-12-29;376,07;Rohdaten
2018-12-30;376,06;Rohdaten
2018-12-31;376,06;Rohdaten
2019-01-01;376,06;Rohdaten
2019-01-02;376,07;Rohdaten
2019-01-03;376,06;Rohdaten
2019-01-04;376,05;Rohdaten
2019-01-05;376,05;Rohdaten
2019-01-06;376,16;Rohdaten
2019-01-07;376,31;Rohdaten
2019-01-08;376,32;Rohdaten
2019-01-09;376,28;Rohdaten
2019-01-10;376,26;Rohdaten
2019-01-11;376,21;Rohdaten
2019-01-12;376,19;Rohdaten
2019-01-13;376,29;Rohdaten
2019-01-14;376,58;Rohdaten
2019-01-15;376,70;Rohdaten
2019-01-16;376,56;Rohdaten
2019-01-17;376,41;Rohdaten
2019-01-18;376,34;Rohdaten
2019-01-19;376,30;Rohdaten
2019-01-20;376,27;Rohdaten
2019-01-21;376,24;Rohdaten
2019-01-22;376,23;Rohdaten
2019-01-23;376,21;Rohdaten
2019-01-24;376,19;Rohdaten
2019-01-25;376,18;Rohdaten
2019-01-26;376,18;Rohdaten
2019-01-27;376,20;Rohdaten
2019-01-28;376,19;Rohdaten
2019-01-29;376,18;Rohdaten
2019-01-30;376,18;Rohdaten
2019-01-31;376,16;Rohdaten
2019-02-01;376,16;Rohdaten
2019-02-02;376,17;Rohdaten
2019-02-03;376,17;Rohdaten
2019-02-04;376,16;Rohdaten
2019-02-05;376,15;Rohdaten
2019-02-06;376,14;Rohdaten
2019-02-07;376,14;Rohdaten
2019-02-08;376,14;Rohdaten
2019-02-09;376,15;Rohdaten
2019-02-10;376,18;Rohdaten
2019-02-11;376,20;Rohdaten
2019-02-12;376,23;Rohdaten
2019-02-13;376,20;Rohdaten
2019-02-14;376,19;Rohdaten
2019-02-15;376,18;Rohdaten
2019-02-16;376,17;Rohdaten
2019-02-17;376,16;Rohdaten
2019-02-18;376,15;Rohdaten
2019-02-19;376,14;Rohdaten
2019-02-20;376,13;Rohdaten
2019-02-21;376,12;Rohdaten
2019-02-22;376,12;Rohdaten
2019-02-23;376,11;Rohdaten
2019-02-24;376,10;Rohdaten
2019-02-25;376,10;Rohdaten
2019-02-26;376,09;Rohdaten
2019-02-27;376,09;Rohdaten
2019-02-28;376,09;Rohdaten
2019-03-01;376,09;Rohdaten
2019-03-02;376,09;Rohdaten
2019-03-03;376,08;Rohdaten
2019-03-04;376,08;Rohdaten
2019-03-05;376,07;Rohdaten
2019-03-06;376,07;Rohdaten
2019-03-07;376,06;Rohdaten
2019-03-08;376,05;Rohdaten
2019-03-09;376,05;Rohdaten
2019-03-10;376,06;Rohdaten
2019-03-11;376,09;Rohdaten
2019-03-12;376,10;Rohdaten
2019-03-13;376,09;Rohdaten
2019-03-14;376,08;Rohdaten
2019-03-15;376,11;Rohdaten
2019-03-16;376,17;Rohdaten
2019-03-17;376,20;Rohdaten
2019-03-18;376,17;Rohdaten
2019-03-19;376,16;Rohdaten
2019-03-20;376,14;Rohdaten
2019-03-21;376,13;Rohdaten
2019-03-22;376,13;Rohdaten
2019-03-23;376,12;Rohdaten
2019-03-24;376,11;Rohdaten
2019-03-25;376,11;Rohdaten
2019-03-26;376,09;Rohdaten
2019-03-27;376,08;Rohdaten
2019-03-28;376,07;Rohdaten
2019-03-29;376,07;Rohdaten
2019-03-30;376,07;Rohdaten
2019-03-31;376,06;Rohdaten
2019-04-01;376,05;Rohdaten
2019-04-02;376,05;Rohdaten
2019-04-03;376,05;Rohdaten
2019-04-04;376,04;Rohdaten
2019-10-02;375,76;Rohdaten
2019-10-03;375,79;Rohdaten
2019-10-04;375,79;Rohdaten
2019-10-05;375,81;Rohdaten
2019-10-06;375,83;Rohdaten
2019-10-07;375,86;Rohdaten
2019-10-08;375,86;Rohdaten
2019-10-09;375,88;Rohdaten
2019-10-10;375,89;Rohdaten
2019-10-11;375,90;Rohdaten
2019-10-12;375,88;Rohdaten
2019-10-13;375,86;Rohdaten
2019-10-14;375,86;Rohdaten
2019-10-15;375,85;Rohdaten
2019-10-16;375,86;Rohdaten
2019-10-17;375,85;Rohdaten
2019-10-18;375,85;Rohdaten
2019-10-19;375,86;Rohdaten
2019-10-20;375,88;Rohdaten
2019-10-21;375,86;Rohdaten
2019-10-22;375,86;Rohdaten
2019-10-23;375,86;Rohdaten
2019-10-24;375,85;Rohdaten
2019-10-25;375,84;Rohdaten
2019-10-26;375,84;Rohdaten
2019-10-27;375,84;Rohdaten
2019-10-28;375,84;Rohdaten
2019-10-29;375,83;Rohdaten
2019-10-30;375,82;Rohdaten
2019-10-31;375,81;Rohdaten
2019-11-01;375,81;Rohdaten
2019-11-02;375,82;Rohdaten
2019-11-03;375,83;Rohdaten
2019-11-04;375,86;Rohdaten
2019-11-05;375,87;Rohdaten
2019-11-06;375,85;Rohdaten
2019-11-07;375,84;Rohdaten
2019-11-08;375,84;Rohdaten
2019-11-09;375,84;Rohdaten
2019-11-10;375,83;Rohdaten
2019-11-11;375,83;Rohdaten
2019-11-12;375,84;Rohdaten
2019-11-13;375,84;Rohdaten
2019-11-14;375,84;Rohdaten
2019-11-15;375,83;Rohdaten
2019-11-16;375,83;Rohdaten
2019-11-17;375,83;Rohdaten
2019-11-18;375,83;Rohdaten
2019-11-19;375,82;Rohdaten
2019-11-20;375,82;Rohdaten
2019-11-21;375,82;Rohdaten
2019-11-22;375,82;Rohdaten
2019-11-23;375,82;Rohdaten
2019-11-24;375,81;Rohdaten
2019-11-25;375,81;Rohdaten
2019-11-26;375,81;Rohdaten
2019-11-27;375,81;Rohdaten
2019-11-28;375,81;Rohdaten
2019-11-29;375,82;Rohdaten
2019-11-30;375,86;Rohdaten
2019-12-01;375,84;Rohdaten
2019-12-02;375,82;Rohdaten
2019-12-03;375,82;Rohdaten
2019-12-04;375,82;Rohdaten
2019-12-05;375,81;Rohdaten
2019-12-06;375,81;Rohdaten
2019-12-07;375,82;Rohdaten
2019-12-08;375,85;Rohdaten
2019-12-09;375,84;Rohdaten
2019-12-10;375,84;Rohdaten
2019-12-11;375,84;Rohdaten
2019-12-12;375,86;Rohdaten
2019-12-13;375,88;Rohdaten
2019-12-14;375,93;Rohdaten
2019-12-15;375,99;Rohdaten
2019-12-16;375,98;Rohdaten
2019-12-17;375,95;Rohdaten
2019-12-18;375,93;Rohdaten
2019-12-19;375,92;Rohdaten
2019-12-20;375,92;Rohdaten
2019-12-21;375,92;Rohdaten
2019-12-22;375,91;Rohdaten
2019-12-23;375,90;Rohdaten
2019-12-24;375,91;Rohdaten
2019-12-25;375,93;Rohdaten
2019-12-26;375,95;Rohdaten
2019-12-27;375,93;Rohdaten
2019-12-28;375,92;Rohdaten
2019-12-29;375,91;Rohdaten
2019-12-30;375,91;Rohdaten
2019-12-31;375,90;Rohdaten
2020-01-01;375,90;Rohdaten
2020-01-02;375,90;Rohdaten
2020-01-03;375,90;Rohdaten
2020-01-04;375,90;Rohdaten
2020-01-05;375,90;Rohdaten
2020-01-06;375,90;Rohdaten
2020-01-07;375,89;Rohdaten
2020-01-08;375,90;Rohdaten
2020-01-09;375,90;Rohdaten
2020-01-10;375,90;Rohdaten
2020-01-11;375,89;Rohdaten
2020-01-12;375,89;Rohdaten
2020-01-13;375,89;Rohdaten
2020-01-14;375,88;Rohdaten
2020-01-15;375,87;Rohdaten
2020-01-16;375,85;Rohdaten
2020-01-17;375,85;Rohdaten
2020-01-18;375,85;Rohdaten
2020-01-19;375,84;Rohdaten
2020-01-20;375,84;Rohdaten
2020-01-21;375,84;Rohdaten
2020-01-22;375,84;Rohdaten
2020-01-23;375,83;Rohdaten
2020-01-24;375,83;Rohdaten
2020-01-25;375,83;Rohdaten
2020-01-26;375,83;Rohdaten
2020-01-27;375,83;Rohdaten
2020-01-28;375,84;Rohdaten
2020-01-29;375,87;Rohdaten
2020-01-30;375,88;Rohdaten
2020-01-31;375,88;Rohdaten
2020-02-01;375,88;Rohdaten
2020-02-02;375,96;Rohdaten
2020-02-03;376,04;Rohdaten
2020-02-04;376,14;Rohdaten
2020-02-05;376,35;Rohdaten
2020-02-06;376,32;Rohdaten
2020-02-07;376,15;Rohdaten
2020-02-08;376,10;Rohdaten
2020-02-09;376,08;Rohdaten
2020-02-10;376,08;Rohdaten
2020-02-11;376,20;Rohdaten
2020-02-12;376,24;Rohdaten
2020-02-13;376,21;Rohdaten
2020-02-14;376,20;Rohdaten
2020-02-15;376,21;Rohdaten
2020-02-16;376,17;Rohdaten
2020-02-17;376,15;Rohdaten
2020-02-18;376,26;Rohdaten
2020-02-19;376,25;Rohdaten
2020-02-20;376,22;Rohdaten
2020-02-21;376,18;Rohdaten
2020-02-22;376,16;Rohdaten
2020-02-23;376,15;Rohdaten
2020-02-24;376,17;Rohdaten
2020-02-25;376,17;Rohdaten
2020-02-26;376,18;Rohdaten
2020-02-27;376,18;Rohdaten
2020-02-28;376,19;Rohdaten
2020-02-29;376,26;Rohdaten
2020-03-01;376,46;Rohdaten
2020-03-02;376,65;Rohdaten
2020-03-03;376,52;Rohdaten
2020-03-04;376,38;Rohdaten
2020-03-05;376,31;Rohdaten
2020-03-06;376,36;Rohdaten
2020-03-07;376,41;Rohdaten
2020-03-08;376,38;Rohdaten
2020-03-09;376,30;Rohdaten
2020-03-10;376,30;Rohdaten
2020-03-11;376,46;Rohdaten
2020-03-12;376,54;Rohdaten
2020-03-13;376,41;Rohdaten
2020-03-14;376,33;Rohdaten
2020-03-15;376,28;Rohdaten
2020-03-16;376,25;Rohdaten
2020-03-17;376,23;Rohdaten
2020-03-18;376,21;Rohdaten
2020-03-19;376,20;Rohdaten
2020-03-20;376,19;Rohdaten
2020-03-21;376,19;Rohdaten
2020-03-22;376,19;Rohdaten
2020-03-23;376,17;Rohdaten
2020-03-24;376,16;Rohdaten
2020-03-25;376,16;Rohdaten
2020-03-26;376,15;Rohdaten
2020-03-27;376,14;Rohdaten
2020-03-28;376,13;Rohdaten
2020-03-29;376,12;Rohdaten
2020-03-30;376,11;Rohdaten
2020-03-31;376,11;Rohdaten
2020-04-01;376,10;Rohdaten
2020-04-02;376,10;Rohdaten
2020-04-03;376,09;Rohdaten
2020-04-04;376,08;Rohdaten
2020-04-05;376,07;Rohdaten
2020-04-06;376,06;Rohdaten
2020-04-07;376,06;Rohdaten
2020-04-08;376,05;Rohdaten
2020-04-09;376,05;Rohdaten
2020-04-10;376,04;Rohdaten
2020-04-11;376,03;Rohdaten
2020-04-12;376,03;Rohdaten
2020-04-13;376,03;Rohdaten
2020-04-14;376,02;Rohdaten
2020-04-15;376,01;Rohdaten
2020-04-16;376,01;Rohdaten
2020-04-17;376,01;Rohdaten
2020-04-18;376,00;Rohdaten
2020-04-19;376,00;Rohdaten
2020-04-20;375,99;Rohdaten
2020-04-21;375,98;Rohdaten
2020-04-22;375,98;Rohdaten
2020-04-23;375,97;Rohdaten
2020-04-24;375,97;Rohdaten
2020-04-25;375,96;Rohdaten
2020-04-26;375,96;Rohdaten
2020-04-27;375,96;Rohdaten
2020-04-28;375,95;Rohdaten
2020-04-29;375,95;Rohdaten
2020-04-30;375,95;Rohdaten
2020-05-01;375,95;Rohdaten
2020-05-02;375,94;Rohdaten
2020-05-03;375,93;Rohdaten
2020-05-04;375,93;Rohdaten
2020-05-05;375,93;Rohdaten
2020-05-06;375,92;Rohdaten
2020-05-07;375,91;Rohdaten
2020-05-08;375,91;Rohdaten
2020-05-09;375,91;Rohdaten
2020-05-10;375,90;Rohdaten
2020-05-11;375,90;Rohdaten
2020-05-12;375,95;Rohdaten
2020-05-13;375,93;Rohdaten
2020-05-14;375,91;Rohdaten
2020-05-15;375,90;Rohdaten
2020-05-16;375,90;Rohdaten
2020-05-17;375,89;Rohdaten
2020-05-18;375,89;Rohdaten
2020-05-19;375,88;Rohdaten
2020-05-20;375,87;Rohdaten
2020-05-21;375,87;Rohdaten
2020-05-22;375,86;Rohdaten
2020-05-23;375,86;Rohdaten
2020-05-24;375,85;Rohdaten
2020-05-25;375,85;Rohdaten
2020-05-26;375,84;Rohdaten
2020-05-27;375,84;Rohdaten
2020-05-28;375,84;Rohdaten
2020-05-29;375,83;Rohdaten
2020-05-30;375,83;Rohdaten
2020-05-31;375,82;Rohdaten
2020-06-01;375,82;Rohdaten
2020-06-02;375,81;Rohdaten
2020-06-03;375,81;Rohdaten
2020-06-04;375,81;Rohdaten
2020-06-05;375,83;Rohdaten
2020-06-06;375,83;Rohdaten
2020-06-07;375,85;Rohdaten
2020-06-08;375,86;Rohdaten
2020-06-09;375,85;Rohdaten
2020-06-10;375,85;Rohdaten
2020-06-11;375,86;Rohdaten
2020-06-12;375,85;Rohdaten
2020-06-13;375,84;Rohdaten
2020-06-14;375,90;Rohdaten
2020-06-15;375,94;Rohdaten
2020-06-16;375,97;Rohdaten
2020-06-17;375,96;Rohdaten
2020-06-18;375,97;Rohdaten
2020-06-19;375,95;Rohdaten
2020-06-20;375,94;Rohdaten
2020-06-21;375,93;Rohdaten
2020-06-22;375,91;Rohdaten
2020-06-23;375,90;Rohdaten
2020-06-24;375,89;Rohdaten
2020-06-25;375,88;Rohdaten
2020-06-26;375,88;Rohdaten
2020-06-27;375,87;Rohdaten
2020-06-28;375,86;Rohdaten
2020-06-29;375,87;Rohdaten
2020-06-30;375,86;Rohdaten
2020-07-01;375,85;Rohdaten
2020-07-02;375,86;Rohdaten
2020-07-03;375,87;Rohdaten
2020-07-04;375,85;Rohdaten
2020-07-05;375,84;Rohdaten
2020-07-06;375,83;Rohdaten
2020-07-07;375,83;Rohdaten
2020-07-08;375,83;Rohdaten
2020-07-09;375,82;Rohdaten
2020-07-10;375,82;Rohdaten
2020-07-11;375,81;Rohdaten
2020-07-12;375,81;Rohdaten
2020-07-13;375,80;Rohdaten
2020-07-14;375,80;Rohdaten
2020-07-15;375,80;Rohdaten
2020-07-16;375,81;Rohdaten
2020-07-17;375,84;Rohdaten
2020-07-18;375,83;Rohdaten
2020-07-19;375,81;Rohdaten
2020-07-20;375,80;Rohdaten
2020-07-21;375,79;Rohdaten
2020-07-22;375,79;Rohdaten
2020-07-23;375,78;Rohdaten
2020-07-24;375,78;Rohdaten
2020-07-25;375,77;Rohdaten
2020-07-26;375,77;Rohdaten
2020-07-27;375,77;Rohdaten
2020-07-28;375,76;Rohdaten
2020-07-29;375,75;Rohdaten
2020-07-30;375,75;Rohdaten
2020-07-31;375,75;Rohdaten
2020-08-01;375,74;Rohdaten
2020-08-02;375,74;Rohdaten
2020-08-03;375,76;Rohdaten
2020-08-04;375,82;Rohdaten
2020-08-05;375,82;Rohdaten
2020-08-06;375,79;Rohdaten
2020-08-07;375,77;Rohdaten
2020-08-08;375,76;Rohdaten
2020-08-09;375,75;Rohdaten
2020-08-10;375,74;Rohdaten
2020-08-11;375,74;Rohdaten
2020-08-12;375,74;Rohdaten
2020-08-13;375,74;Rohdaten
2020-08-14;375,80;Rohdaten
2020-08-15;375,84;Rohdaten
2020-08-16;375,82;Rohdaten
2020-08-17;375,80;Rohdaten
2020-08-18;375,83;Rohdaten
2020-08-19;375,81;Rohdaten
2020-08-20;375,80;Rohdaten
2020-08-21;375,79;Rohdaten
2020-08-22;375,80;Rohdaten
2020-08-23;375,86;Rohdaten
2020-08-24;375,83;Rohdaten
2020-08-25;375,81;Rohdaten
2020-08-26;375,80;Rohdaten
2020-08-27;375,80;Rohdaten
2020-08-28;375,80;Rohdaten
2020-08-29;375,84;Rohdaten
2020-08-30;375,85;Rohdaten
2020-08-31;375,99;Rohdaten
2020-09-01;375,96;Rohdaten
2020-09-02;375,93;Rohdaten
2020-09-03;375,90;Rohdaten
2020-09-04;375,89;Rohdaten
2020-09-05;375,88;Rohdaten
2020-09-06;375,86;Rohdaten
2020-09-07;375,85;Rohdaten
2020-09-08;375,84;Rohdaten
2020-09-09;375,84;Rohdaten
2020-09-10;375,83;Rohdaten
2020-09-11;375,83;Rohdaten
2020-09-12;375,82;Rohdaten
2020-09-13;375,81;Rohdaten
2020-09-14;375,81;Rohdaten
2020-09-15;375,80;Rohdaten
2020-09-16;375,80;Rohdaten
2020-09-17;375,80;Rohdaten
2020-09-18;375,80;Rohdaten
2020-09-19;375,79;Rohdaten
2020-09-20;375,79;Rohdaten
2020-09-21;375,78;Rohdaten
2020-09-22;375,78;Rohdaten
2020-09-23;375,79;Rohdaten
2020-09-24;375,82;Rohdaten
2020-09-25;375,82;Rohdaten
2020-09-26;375,83;Rohdaten
2020-09-27;375,86;Rohdaten
2020-09-28;375,85;Rohdaten
2020-09-29;375,83;Rohdaten
2020-09-30;375,82;Rohdaten
2020-10-01;375,82;Rohdaten
2020-10-02;375,83;Rohdaten
2020-10-03;375,81;Rohdaten
2020-10-04;375,81;Rohdaten
2020-10-05;375,80;Rohdaten
2020-10-06;375,80;Rohdaten
2020-10-07;375,81;Rohdaten
2020-10-08;375,81;Rohdaten
2020-10-09;375,80;Rohdaten
2020-10-10;375,80;Rohdaten
2020-10-11;375,80;Rohdaten
2020-10-12;375,80;Rohdaten
2020-10-13;375,82;Rohdaten
2020-10-14;375,82;Rohdaten
2020-10-15;375,84;Rohdaten
2020-10-16;375,85;Rohdaten
2020-10-17;375,84;Rohdaten
2020-10-18;375,83;Rohdaten
2020-10-19;375,82;Rohdaten
2020-10-20;375,82;Rohdaten
2020-10-21;375,83;Rohdaten
2020-10-22;375,82;Rohdaten
2020-10-23;375,82;Rohdaten
2020-10-24;375,84;Rohdaten
2020-10-25;375,84;Rohdaten
2020-10-26;375,83;Rohdaten
2020-10-27;375,84;Rohdaten
2020-10-28;375,83;Rohdaten
2020-10-29;375,83;Rohdaten
2020-10-30;375,86;Rohdaten
2020-10-31;375,87;Rohdaten
2020-11-01;375,86;Rohdaten
2020-11-02;375,87;Rohdaten
2020-11-03;375,86;Rohdaten
2020-11-04;375,85;Rohdaten
2020-11-05;375,84;Rohdaten
2020-11-06;375,84;Rohdaten
2020-11-07;375,84;Rohdaten
2020-11-08;375,83;Rohdaten
2020-11-09;375,82;Rohdaten
2020-11-10;375,82;Rohdaten
2020-11-11;375,81;Rohdaten
2020-11-12;375,81;Rohdaten
2020-11-13;375,81;Rohdaten
2020-11-14;375,81;Rohdaten
2020-11-15;375,81;Rohdaten
2020-11-16;375,80;Rohdaten
2020-11-17;375,80;Rohdaten
2020-11-18;375,80;Rohdaten
2020-11-19;375,79;Rohdaten
2020-11-20;375,79;Rohdaten
2020-11-21;375,79;Rohdaten
2020-11-22;375,79;Rohdaten
2020-11-23;375,79;Rohdaten
2020-11-24;375,79;Rohdaten
2020-11-25;375,79;Rohdaten
2020-11-26;375,78;Rohdaten
2020-11-27;375,78;Rohdaten
2020-11-28;375,78;Rohdaten
2020-11-29;375,78;Rohdaten
2020-11-30;375,78;Rohdaten
2020-12-01;375,78;Rohdaten
2020-12-02;375,78;Rohdaten
2020-12-03;375,79;Rohdaten
2020-12-04;375,79;Rohdaten
2020-12-05;375,78;Rohdaten
2020-12-06;375,79;Rohdaten
2020-12-07;375,81;Rohdaten
2020-12-08;375,82;Rohdaten
2020-12-09;375,82;Rohdaten
2020-12-10;375,83;Rohdaten
2020-12-11;375,84;Rohdaten
2020-12-12;375,84;Rohdaten
2020-12-13;375,83;Rohdaten
2020-12-14;375,84;Rohdaten
2020-12-15;375,83;Rohdaten
2020-12-16;375,82;Rohdaten
2020-12-17;375,81;Rohdaten
2020-12-18;375,81;Rohdaten
2020-12-19;375,81;Rohdaten
2020-12-20;375,80;Rohdaten
2020-12-21;375,80;Rohdaten
2020-12-22;375,83;Rohdaten
2020-12-23;375,85;Rohdaten
2020-12-24;375,90;Rohdaten
2020-12-25;375,92;Rohdaten
2020-12-26;375,94;Rohdaten
2020-12-27;375,92;Rohdaten
2020-12-28;375,91;Rohdaten
2020-12-29;375,89;Rohdaten
2020-12-30;375,90;Rohdaten
2020-12-31;375,89;Rohdaten
2021-01-01;375,88;Rohdaten
2021-01-02;375,88;Rohdaten
2021-01-03;375,88;Rohdaten
2021-01-04;375,88;Rohdaten
2021-01-05;375,88;Rohdaten
2021-01-06;375,88;Rohdaten
2021-01-07;375,88;Rohdaten
2021-01-08;375,88;Rohdaten
2021-01-09;375,87;Rohdaten
2021-01-10;375,87;Rohdaten
2021-01-11;375,87;Rohdaten
2021-01-12;375,87;Rohdaten
2021-01-13;375,88;Rohdaten
2021-01-14;375,88;Rohdaten
2021-01-15;375,87;Rohdaten
2021-01-16;375,86;Rohdaten
2021-01-17;375,86;Rohdaten
2021-01-18;375,86;Rohdaten
2021-01-19;375,87;Rohdaten
2021-01-20;375,89;Rohdaten
2021-01-21;375,90;Rohdaten
2021-01-22;375,94;Rohdaten
2021-01-23;376,00;Rohdaten
2021-01-24;376,01;Rohdaten
2021-01-25;375,98;Rohdaten
2021-01-26;375,97;Rohdaten
2021-01-27;375,96;Rohdaten
2021-01-28;375,98;Rohdaten
2021-01-29;376,25;Rohdaten
2021-01-30;376,54;Rohdaten
2021-01-31;376,56;Rohdaten
2021-02-01;376,43;Rohdaten
2021-02-02;376,32;Rohdaten
2021-02-03;376,36;Rohdaten
2021-02-04;376,49;Rohdaten
2021-02-05;376,45;Rohdaten
2021-02-06;376,34;Rohdaten
2021-02-07;376,30;Rohdaten
2021-02-08;376,28;Rohdaten
2021-02-09;376,28;Rohdaten
2021-02-10;376,25;Rohdaten
2021-02-11;376,21;Rohdaten
2021-02-12;376,19;Rohdaten
2021-02-13;376,18;Rohdaten
2021-02-14;376,16;Rohdaten
2021-02-15;376,16;Rohdaten
2021-02-16;376,15;Rohdaten
2021-02-17;376,20;Rohdaten
2021-02-18;376,34;Rohdaten
2021-02-19;376,33;Rohdaten
2021-02-20;376,26;Rohdaten
2021-02-21;376,22;Rohdaten
2021-02-22;376,19;Rohdaten
2021-02-23;376,16;Rohdaten
2021-02-24;376,15;Rohdaten
2021-02-25;376,14;Rohdaten
2021-02-26;376,13;Rohdaten
2021-02-27;376,12;Rohdaten
2021-02-28;376,11;Rohdaten
2021-03-01;376,10;Rohdaten
2021-03-02;376,09;Rohdaten
2021-03-03;376,09;Rohdaten
2021-03-04;376,09;Rohdaten
2021-03-05;376,08;Rohdaten
2021-03-06;376,08;Rohdaten
2021-03-07;376,07;Rohdaten
2021-03-08;376,06;Rohdaten
2021-03-09;376,06;Rohdaten
2021-03-10;376,05;Rohdaten
2021-03-11;376,05;Rohdaten
2021-03-12;376,07;Rohdaten
2021-03-13;376,07;Rohdaten
2021-03-14;376,06;Rohdaten
2021-03-15;376,06;Rohdaten
2021-03-16;376,06;Rohdaten
2021-03-17;376,05;Rohdaten
2021-03-18;376,05;Rohdaten
2021-03-19;376,04;Rohdaten
2021-03-20;376,04;Rohdaten
2021-03-21;376,04;Rohdaten
2021-03-22;376,03;Rohdaten
2021-03-23;376,02;Rohdaten
2021-03-24;376,02;Rohdaten
2021-03-25;376,02;Rohdaten
2021-03-26;376,01;Rohdaten
2021-03-27;376,01;Rohdaten
2021-03-28;376,00;Rohdaten
2021-03-29;375,99;Rohdaten
2021-03-30;375,99;Rohdaten
2021-03-31;375,99;Rohdaten
2021-04-01;375,98;Rohdaten
2021-04-02;375,98;Rohdaten
2021-04-03;375,97;Rohdaten
2021-04-04;375,97;Rohdaten
2021-04-05;375,97;Rohdaten
2021-04-06;375,97;Rohdaten
2021-04-07;375,97;Rohdaten
2021-04-08;375,96;Rohdaten
2021-04-09;375,96;Rohdaten
2021-04-10;375,96;Rohdaten
2021-04-11;375,95;Rohdaten
2021-04-12;375,94;Rohdaten
2021-04-13;375,95;Rohdaten
2021-04-14;375,94;Rohdaten
2021-04-15;375,93;Rohdaten
2021-04-16;375,93;Rohdaten
2021-04-17;375,93;Rohdaten
2021-04-18;375,93;Rohdaten
2021-04-19;375,92;Rohdaten
2021-04-20;375,94;Rohdaten
2021-04-21;375,93;Rohdaten
2021-04-22;375,93;Rohdaten
2021-04-23;375,92;Rohdaten
2021-04-24;375,92;Rohdaten
2021-04-25;375,91;Rohdaten
2021-04-26;375,91;Rohdaten
2021-04-27;375,91;Rohdaten
2021-04-28;375,91;Rohdaten
2021-04-29;375,90;Rohdaten
2021-04-30;375,90;Rohdaten
2021-05-01;375,91;Rohdaten
2021-05-02;375,95;Rohdaten
2021-05-03;375,97;Rohdaten
2021-05-04;375,96;Rohdaten
2021-05-05;375,95;Rohdaten
2021-05-06;375,96;Rohdaten
2021-05-07;375,96;Rohdaten
2021-05-08;375,95;Rohdaten
2021-05-09;375,94;Rohdaten
2021-05-10;375,93;Rohdaten
2021-05-11;375,93;Rohdaten
2021-05-12;375,95;Rohdaten
2021-05-13;376,01;Rohdaten
2021-05-14;376,03;Rohdaten
2021-05-15;376,00;Rohdaten
2021-05-16;376,00;Rohdaten
2021-05-17;375,99;Rohdaten
2021-05-18;375,97;Rohdaten
2021-05-19;375,99;Rohdaten
2021-05-20;375,98;Rohdaten
2021-05-21;375,97;Rohdaten
2021-05-22;375,96;Rohdaten
2021-05-23;375,94;Rohdaten
2021-05-24;375,94;Rohdaten
2021-05-25;375,93;Rohdaten
2021-05-26;375,93;Rohdaten
2021-05-27;375,94;Rohdaten
2021-05-28;375,93;Rohdaten
2021-05-29;375,92;Rohdaten
2021-05-30;375,91;Rohdaten
2021-05-31;375,90;Rohdaten
2021-06-01;375,90;Rohdaten
2021-06-02;375,90;Rohdaten
2021-06-03;375,89;Rohdaten
2021-06-04;375,88;Rohdaten
2021-06-05;375,88;Rohdaten
2021-06-06;375,92;Rohdaten
2021-06-07;376,01;Rohdaten
2021-06-08;376,03;Rohdaten
2021-06-09;376,12;Rohdaten
2021-06-10;376,13;Rohdaten
2021-06-11;376,06;Rohdaten
2021-06-12;376,02;Rohdaten
2021-06-13;375,99;Rohdaten
2021-06-14;375,98;Rohdaten
2021-06-15;375,97;Rohdaten
2021-06-16;375,96;Rohdaten
2021-06-17;375,95;Rohdaten
2021-06-18;375,93;Rohdaten
2021-06-19;375,92;Rohdaten
2021-06-20;375,92;Rohdaten
2021-06-21;375,92;Rohdaten
2021-06-22;375,94;Rohdaten
2021-06-23;375,93;Rohdaten
2021-06-24;375,93;Rohdaten
2021-06-25;375,93;Rohdaten
2021-06-26;375,92;Rohdaten
2021-06-27;375,91;Rohdaten
2021-06-28;375,90;Rohdaten
2021-06-29;375,92;Rohdaten
2021-06-30;375,97;Rohdaten
2021-07-01;376,00;Rohdaten
2021-07-02;376,04;Rohdaten
2021-07-03;376,01;Rohdaten
2021-07-04;375,98;Rohdaten
2021-07-05;376,04;Rohdaten
2021-07-06;376,03;Rohdaten
2021-07-07;376,00;Rohdaten
2021-07-08;376,00;Rohdaten
2021-07-09;376,16;Rohdaten
2021-07-10;376,71;Rohdaten
2021-07-11;376,79;Rohdaten
2021-07-12;376,71;Rohdaten
2021-07-13;376,53;Rohdaten
2021-07-14;376,38;Rohdaten
2021-07-15;376,30;Rohdaten
2021-07-16;376,26;Rohdaten
2021-07-17;376,22;Rohdaten
2021-07-18;376,22;Rohdaten
2021-07-19;376,20;Rohdaten
2021-07-20;376,15;Rohdaten
2021-07-21;376,13;Rohdaten
2021-07-22;376,13;Rohdaten
2021-07-23;376,12;Rohdaten
2021-07-24;376,11;Rohdaten
2021-07-25;376,10;Rohdaten
2021-07-26;376,09;Rohdaten
2021-07-27;376,08;Rohdaten
2021-07-28;376,07;Rohdaten
2021-07-29;376,06;Rohdaten
2021-07-30;376,05;Rohdaten
2021-07-31;376,04;Rohdaten
2021-08-01;376,04;Rohdaten
2021-08-02;376,05;Rohdaten
2021-08-03;376,04;Rohdaten
2021-08-04;376,03;Rohdaten
2021-08-05;376,02;Rohdaten
2021-08-06;376,02;Rohdaten
2021-08-07;376,01;Rohdaten
2021-08-08;376,02;Rohdaten
2021-08-09;376,01;Rohdaten
2021-08-10;375,99;Rohdaten
2021-08-11;375,98;Rohdaten
2021-08-12;375,96;Rohdaten
2021-08-13;375,96;Rohdaten
2021-08-14;375,95;Rohdaten
2021-08-15;375,94;Rohdaten
2021-08-16;375,99;Rohdaten
2021-08-17;375,97;Rohdaten
2021-08-18;375,96;Rohdaten
2021-08-19;375,95;Rohdaten
2021-08-20;375,94;Rohdaten
2021-08-21;375,93;Rohdaten
2021-08-22;375,96;Rohdaten
2021-08-23;376,00;Rohdaten
2021-08-24;375,97;Rohdaten
2021-08-25;375,95;Rohdaten
2021-08-26;375,94;Rohdaten
2021-08-27;375,94;Rohdaten
2021-08-28;375,95;Rohdaten
2021-08-29;375,95;Rohdaten
2021-08-30;376,06;Rohdaten
2021-08-31;376,10;Rohdaten
2021-09-01;376,04;Rohdaten
2021-09-02;376,01;Rohdaten
2021-09-03;375,99;Rohdaten
2021-09-04;375,97;Rohdaten
2021-09-05;375,95;Rohdaten
2021-09-06;375,93;Rohdaten
2021-09-07;375,93;Rohdaten
2021-09-08;375,92;Rohdaten
2021-09-09;375,92;Rohdaten
2021-09-10;375,91;Rohdaten
2021-09-11;375,91;Rohdaten
2021-09-12;375,90;Rohdaten
2021-09-13;375,89;Rohdaten
2021-09-14;375,88;Rohdaten
2021-09-15;375,87;Rohdaten
2021-09-16;375,87;Rohdaten
2021-09-17;375,87;Rohdaten
2021-09-18;375,87;Rohdaten
2021-09-19;375,86;Rohdaten
2021-09-20;375,85;Rohdaten
2021-09-21;375,84;Rohdaten
2021-09-22;375,84;Rohdaten
2021-09-23;375,84;Rohdaten
2021-09-24;375,83;Rohdaten
2021-09-25;375,83;Rohdaten
2021-09-26;375,82;Rohdaten
2021-09-27;375,83;Rohdaten
2021-09-28;375,82;Rohdaten
2021-09-29;375,82;Rohdaten
2021-09-30;375,82;Rohdaten
2021-10-01;375,82;Rohdaten
2021-10-02;375,82;Rohdaten
2021-10-03;375,81;Rohdaten
2021-10-04;375,80;Rohdaten
2021-10-05;375,81;Rohdaten
2021-10-06;375,81;Rohdaten
2021-10-07;375,82;Rohdaten
2021-10-08;375,81;Rohdaten
2021-10-09;375,80;Rohdaten
2021-10-10;375,80;Rohdaten
2021-10-11;375,79;Rohdaten
2021-10-12;375,79;Rohdaten
2021-10-13;375,80;Rohdaten
2021-10-14;375,81;Rohdaten
2021-10-15;375,80;Rohdaten
2021-10-16;375,79;Rohdaten
2021-10-17;375,79;Rohdaten
2021-10-18;375,78;Rohdaten
2021-10-19;375,78;Rohdaten
2021-10-20;375,80;Rohdaten
2021-10-21;375,83;Rohdaten
2021-10-22;375,85;Rohdaten
2021-10-23;375,82;Rohdaten
2021-10-24;375,80;Rohdaten
2021-10-25;375,80;Rohdaten
2021-10-26;375,79;Rohdaten
2021-10-27;375,78;Rohdaten
2021-10-28;375,78;Rohdaten
2021-10-29;375,78;Rohdaten
2021-10-30;375,78;Rohdaten
2021-10-31;375,79;Rohdaten
2021-11-01;375,79;Rohdaten
2021-11-02;375,80;Rohdaten
2021-11-03;375,80;Rohdaten
2021-11-04;375,82;Rohdaten
2021-11-05;375,87;Rohdaten
2021-11-06;375,85;Rohdaten
2021-11-07;375,84;Rohdaten
2021-11-08;375,82;Rohdaten
2021-11-09;375,81;Rohdaten
2021-11-10;375,80;Rohdaten
2021-11-11;375,79;Rohdaten
2021-11-12;375,79;Rohdaten
2021-11-13;375,79;Rohdaten
2021-11-14;375,79;Rohdaten
2021-11-15;375,79;Rohdaten
2021-11-16;375,78;Rohdaten
2021-11-17;375,78;Rohdaten
2021-11-18;375,77;Rohdaten
2021-11-19;375,77;Rohdaten
2021-11-20;375,78;Rohdaten
2021-11-21;375,79;Rohdaten
2021-11-22;375,77;Rohdaten
2021-11-23;375,77;Rohdaten
2021-11-24;375,78;Rohdaten
2021-11-25;375,77;Rohdaten
2021-11-26;375,77;Rohdaten
2021-11-27;375,77;Rohdaten
2021-11-28;375,77;Rohdaten
2021-11-29;375,76;Rohdaten
2021-11-30;375,77;Rohdaten
2021-12-01;375,81;Rohdaten
2021-12-02;375,82;Rohdaten
2021-12-03;375,83;Rohdaten
2021-12-04;375,84;Rohdaten
2021-12-05;375,90;Rohdaten
2021-12-06;375,90;Rohdaten
2021-12-07;375,88;Rohdaten
2021-12-08;375,88;Rohdaten
2021-12-09;375,89;Rohdaten
2021-12-10;375,92;Rohdaten
2021-12-11;375,91;Rohdaten
2021-12-12;375,91;Rohdaten
2021-12-13;375,94;Rohdaten
2021-12-14;375,98;Rohdaten
2021-12-15;375,95;Rohdaten
2021-12-16;375,93;Rohdaten
2021-12-17;375,92;Rohdaten
2021-12-18;375,92;Rohdaten
2021-12-19;375,92;Rohdaten
2021-12-20;375,91;Rohdaten
2021-12-21;375,90;Rohdaten
2021-12-22;375,89;Rohdaten
2021-12-23;375,89;Rohdaten
2021-12-24;375,89;Rohdaten
2021-12-25;375,93;Rohdaten
2021-12-26;376,01;Rohdaten
2021-12-27;375,99;Rohdaten
2021-12-28;376,00;Rohdaten
2021-12-29;376,18;Rohdaten
2021-12-30;376,36;Rohdaten
2021-12-31;376,36;Rohdaten
2022-01-01;376,24;Rohdaten
2022-01-02;376,16;Rohdaten
2022-01-03;376,14;Rohdaten
2022-01-04;376,24;Rohdaten
2022-01-05;376,49;Rohdaten
2022-01-06;376,65;Rohdaten
2022-01-07;376,49;Rohdaten
2022-01-08;376,32;Rohdaten
2022-01-09;376,28;Rohdaten
2022-01-10;376,30;Rohdaten
2022-01-11;376,27;Rohdaten
2022-01-12;376,22;Rohdaten
2022-01-13;376,19;Rohdaten
2022-01-14;376,18;Rohdaten
2022-01-15;376,16;Rohdaten
2022-01-16;376,15;Rohdaten
2022-01-17;376,13;Rohdaten
2022-01-18;376,13;Rohdaten
2022-01-19;376,13;Rohdaten
2022-01-20;376,12;Rohdaten
2022-01-21;376,10;Rohdaten
2022-01-22;376,10;Rohdaten
2022-01-23;376,11;Rohdaten
2022-01-24;376,10;Rohdaten
2022-01-25;376,10;Rohdaten
2022-01-26;376,09;Rohdaten
2022-01-27;376,08;Rohdaten
2022-01-28;376,07;Rohdaten
2022-01-29;376,08;Rohdaten
2022-01-30;376,07;Rohdaten
2022-01-31;376,08;Rohdaten
2022-02-01;376,13;Rohdaten
2022-02-02;376,18;Rohdaten
2022-02-03;376,22;Rohdaten
2022-02-04;376,18;Rohdaten
2022-02-05;376,15;Rohdaten
2022-02-06;376,15;Rohdaten
2022-02-07;376,24;Rohdaten
2022-02-08;376,33;Rohdaten
2022-02-09;376,25;Rohdaten
2022-02-10;376,21;Rohdaten
2022-02-11;376,18;Rohdaten
2022-02-12;376,16;Rohdaten
2022-02-13;376,15;Rohdaten
2022-02-14;376,14;Rohdaten
2022-02-15;376,13;Rohdaten
2022-02-16;376,13;Rohdaten
2022-02-17;376,13;Rohdaten
2022-02-18;376,17;Rohdaten
2022-02-19;376,15;Rohdaten
2022-02-20;376,13;Rohdaten
2022-02-21;376,12;Rohdaten
2022-02-22;376,12;Rohdaten
2022-02-23;376,13;Rohdaten
2022-02-24;376,14;Rohdaten
2022-02-25;376,12;Rohdaten
2022-02-26;376,11;Rohdaten
2022-02-27;376,10;Rohdaten
2022-02-28;376,09;Rohdaten
2022-03-01;376,08;Rohdaten
2022-03-02;376,08;Rohdaten
2022-03-03;376,08;Rohdaten
2022-03-04;376,07;Rohdaten
2022-03-05;376,06;Rohdaten
2022-03-06;376,06;Rohdaten
2022-03-07;376,05;Rohdaten
2022-03-08;376,04;Rohdaten
2022-03-09;376,03;Rohdaten
2022-03-10;376,03;Rohdaten
2022-03-11;376,02;Rohdaten
2022-03-12;376,02;Rohdaten
2022-03-13;376,02;Rohdaten
2022-03-14;376,00;Rohdaten
2022-03-15;376,01;Rohdaten
2022-03-16;376,01;Rohdaten
2022-03-17;376,00;Rohdaten
2022-03-18;375,99;Rohdaten
2022-03-19;375,99;Rohdaten
2022-03-20;375,99;Rohdaten
2022-03-21;375,98;Rohdaten
2022-03-22;375,98;Rohdaten
2022-03-23;375,97;Rohdaten
2022-03-24;375,97;Rohdaten
2022-03-25;375,96;Rohdaten
2022-03-26;375,96;Rohdaten
2022-03-27;375,95;Rohdaten
2022-03-28;375,95;Rohdaten
2022-03-29;375,95;Rohdaten
2022-03-30;375,95;Rohdaten
2022-03-31;375,95;Rohdaten
2022-04-01;375,96;Rohdaten
2022-04-02;376,00;Rohdaten
2022-04-03;376,00;Rohdaten
2022-04-04;376,01;Rohdaten
2022-04-05;376,02;Rohdaten
2022-04-06;376,04;Rohdaten
2022-04-07;376,05;Rohdaten
2022-04-08;376,05;Rohdaten
2022-04-09;376,27;Rohdaten
2022-04-10;376,48;Rohdaten
2022-04-11;376,41;Rohdaten
2022-04-12;376,27;Rohdaten
2022-04-13;376,21;Rohdaten
2022-04-14;376,16;Rohdaten
2022-04-15;376,14;Rohdaten
2022-04-16;376,13;Rohdaten
2022-04-17;376,12;Rohdaten
2022-04-18;376,11;Rohdaten
2022-04-19;376,10;Rohdaten
2022-04-20;376,09;Rohdaten
2022-04-21;376,08;Rohdaten
2022-04-22;376,08;Rohdaten
2022-04-23;376,06;Rohdaten
2022-04-24;376,08;Rohdaten
2022-04-25;376,10;Rohdaten
2022-04-26;376,07;Rohdaten
2022-04-27;376,07;Rohdaten
2022-04-28;376,06;Rohdaten
2022-04-29;376,05;Rohdaten
2022-04-30;376,05;Rohdaten
2022-05-01;376,04;Rohdaten
2022-05-02;376,04;Rohdaten
2022-05-03;376,04;Rohdaten
2022-05-04;376,04;Rohdaten
2022-05-05;376,08;Rohdaten
2022-05-06;376,12;Rohdaten
2022-05-07;376,12;Rohdaten
2022-05-08;376,11;Rohdaten
2022-05-09;376,10;Rohdaten
2022-05-10;376,10;Rohdaten
2022-05-11;376,09;Rohdaten
2022-05-12;376,07;Rohdaten
2022-05-13;376,06;Rohdaten
2022-05-14;376,05;Rohdaten
2022-05-15;376,04;Rohdaten
2022-05-16;376,03;Rohdaten
2022-05-17;376,02;Rohdaten
2022-05-18;376,01;Rohdaten
2022-05-19;376,01;Rohdaten
2022-05-20;376,03;Rohdaten
2022-05-21;376,05;Rohdaten
2022-05-22;376,03;Rohdaten
2022-05-23;376,02;Rohdaten
2022-05-24;376,02;Rohdaten
2022-05-25;376,02;Rohdaten
2022-05-26;376,00;Rohdaten
2022-05-27;375,99;Rohdaten
2022-05-28;375,99;Rohdaten
2022-05-29;375,99;Rohdaten
2022-05-30;375,98;Rohdaten
2022-05-31;375,97;Rohdaten
2022-06-01;375,96;Rohdaten
2022-06-02;375,95;Rohdaten
2022-06-03;375,94;Rohdaten
2022-06-04;375,95;Rohdaten
2022-06-05;375,95;Rohdaten
2022-06-06;375,95;Rohdaten
2022-06-07;375,94;Rohdaten
2022-06-08;375,93;Rohdaten
2022-06-09;375,93;Rohdaten
2022-06-10;375,92;Rohdaten
2022-06-11;375,91;Rohdaten
2022-06-12;375,90;Rohdaten
2022-06-13;375,89;Rohdaten
2022-06-14;375,89;Rohdaten
2022-06-15;375,87;Rohdaten
2022-06-16;375,87;Rohdaten
2022-06-17;375,86;Rohdaten
2022-06-18;375,85;Rohdaten
2022-06-19;375,85;Rohdaten
2022-06-20;375,84;Rohdaten
2022-06-21;375,83;Rohdaten
2022-06-22;375,83;Rohdaten
2022-06-23;375,83;Rohdaten
2022-06-24;375,83;Rohdaten
2022-06-25;375,87;Rohdaten
2022-06-26;375,84;Rohdaten
2022-06-27;375,82;Rohdaten
2022-06-28;375,82;Rohdaten
2022-06-29;375,81;Rohdaten
2022-06-30;375,81;Rohdaten
2022-07-01;375,81;Rohdaten
2022-07-02;375,83;Rohdaten
2022-07-03;375,81;Rohdaten
2022-07-04;375,79;Rohdaten
2022-07-05;375,78;Rohdaten
2022-07-06;375,78;Rohdaten
2022-07-07;375,78;Rohdaten
2022-07-08;375,78;Rohdaten
2022-07-09;375,78;Rohdaten
2022-07-10;375,78;Rohdaten
2022-07-11;375,77;Rohdaten
2022-07-12;375,76;Rohdaten
2022-07-13;375,76;Rohdaten
2022-07-14;375,75;Rohdaten
2022-07-15;375,75;Rohdaten
2022-07-16;375,75;Rohdaten
2022-07-17;375,74;Rohdaten
2022-07-18;375,74;Rohdaten
2022-07-19;375,73;Rohdaten
2022-07-20;375,73;Rohdaten
2022-07-21;375,73;Rohdaten
2022-07-22;375,73;Rohdaten
2022-07-23;375,72;Rohdaten
2022-07-24;375,73;Rohdaten
2022-07-25;375,72;Rohdaten
2022-07-26;375,71;Rohdaten
2022-07-27;375,71;Rohdaten
2022-07-28;375,71;Rohdaten
2022-07-29;375,71;Rohdaten
2022-07-30;375,72;Rohdaten
2022-07-31;375,72;Rohdaten
2022-08-01;375,71;Rohdaten
2022-08-02;375,70;Rohdaten
2022-08-03;375,69;Rohdaten
2022-08-04;375,69;Rohdaten
2022-08-05;375,69;Rohdaten
2022-08-06;375,68;Rohdaten
2022-08-07;375,69;Rohdaten
2022-08-08;375,68;Rohdaten
2022-08-09;375,68;Rohdaten
2022-08-10;375,67;Rohdaten
2022-08-11;375,67;Rohdaten
2022-08-12;375,67;Rohdaten
2022-08-13;375,67;Rohdaten
2022-08-14;375,67;Rohdaten
2022-08-15;375,66;Rohdaten
2022-08-16;375,66;Rohdaten
2022-08-17;375,66;Rohdaten
2022-08-18;375,66;Rohdaten
2022-08-19;375,69;Rohdaten
2022-08-20;375,81;Rohdaten
2022-08-21;375,81;Rohdaten
2022-08-22;375,76;Rohdaten
2022-08-23;375,74;Rohdaten
2022-08-24;375,74;Rohdaten
2022-08-25;375,73;Rohdaten
2022-08-26;375,74;Rohdaten
2022-08-27;375,84;Rohdaten
2022-08-28;375,80;Rohdaten
2022-08-29;375,77;Rohdaten
2022-08-30;375,76;Rohdaten
2022-08-31;375,75;Rohdaten
2022-09-01;375,75;Rohdaten
2022-09-02;375,74;Rohdaten
2022-09-03;375,74;Rohdaten
2022-09-04;375,74;Rohdaten
2022-09-05;375,75;Rohdaten
2022-09-06;375,74;Rohdaten
2022-09-07;375,73;Rohdaten
2022-09-08;375,73;Rohdaten
2022-09-09;375,73;Rohdaten
2022-09-10;375,75;Rohdaten
2022-09-11;375,79;Rohdaten
2022-09-12;375,78;Rohdaten
2022-09-13;375,76;Rohdaten
2022-09-14;375,78;Rohdaten
2022-09-15;375,86;Rohdaten
2022-09-16;375,86;Rohdaten
2022-09-17;375,85;Rohdaten
2022-09-18;375,85;Rohdaten
2022-09-19;375,86;Rohdaten
2022-09-20;375,88;Rohdaten
2022-09-21;375,85;Rohdaten
2022-09-22;375,84;Rohdaten
2022-09-23;375,83;Rohdaten
2022-09-24;375,82;Rohdaten
2022-09-25;375,83;Rohdaten
2022-09-26;375,83;Rohdaten
2022-09-27;375,83;Rohdaten
2022-09-28;375,87;Rohdaten
2022-09-29;375,88;Rohdaten
2022-09-30;375,86;Rohdaten
2022-10-01;375,85;Rohdaten
2022-10-02;375,86;Rohdaten
2022-10-03;375,95;Rohdaten
2022-10-04;375,92;Rohdaten
2022-10-05;375,89;Rohdaten
2022-10-06;375,87;Rohdaten
2022-10-07;375,86;Rohdaten
2022-10-08;375,86;Rohdaten
2022-10-09;375,85;Rohdaten
2022-10-10;375,85;Rohdaten
2022-10-11;375,86;Rohdaten
2022-10-12;375,86;Rohdaten
2022-10-13;375,85;Rohdaten
2022-10-14;375,84;Rohdaten
2022-10-15;375,86;Rohdaten
2022-10-16;375,88;Rohdaten
2022-10-17;375,86;Rohdaten
2022-10-18;375,85;Rohdaten
2022-10-19;375,86;Rohdaten
2022-10-20;375,85;Rohdaten
2022-10-21;375,85;Rohdaten
2022-10-22;375,86;Rohdaten
2022-10-23;375,86;Rohdaten
2022-10-24;375,85;Rohdaten
2022-10-25;375,88;Rohdaten
2022-10-26;375,86;Rohdaten
2022-10-27;375,85;Rohdaten
2022-10-28;375,84;Rohdaten
2022-10-29;375,84;Rohdaten
2022-10-30;375,84;Rohdaten
2022-10-31;375,83;Rohdaten
2022-11-01;375,82;Rohdaten
2022-11-02;375,82;Rohdaten
2022-11-03;375,83;Rohdaten
2022-11-04;375,82;Rohdaten
2022-11-05;375,82;Rohdaten
2022-11-06;375,82;Rohdaten
2022-11-07;375,82;Rohdaten
2022-11-08;375,82;Rohdaten
2022-11-09;375,81;Rohdaten
2022-11-10;375,83;Rohdaten
2022-11-11;375,82;Rohdaten
2022-11-12;375,82;Rohdaten
2022-11-13;375,82;Rohdaten
2022-11-14;375,81;Rohdaten
2022-11-15;375,81;Rohdaten
2022-11-16;375,82;Rohdaten
2022-11-17;375,83;Rohdaten
2022-11-18;375,89;Rohdaten
2022-11-19;375,94;Rohdaten
2022-11-20;375,98;Rohdaten
2022-11-21;376,05;Rohdaten
2022-11-22;376,02;Rohdaten
2022-11-23;375,97;Rohdaten
2022-11-24;375,95;Rohdaten
2022-11-25;375,96;Rohdaten
2022-11-26;375,95;Rohdaten
2022-11-27;375,94;Rohdaten
2022-11-28;375,93;Rohdaten
2022-11-29;375,92;Rohdaten
2022-11-30;375,92;Rohdaten
2022-12-01;375,92;Rohdaten
2022-12-02;375,91;Rohdaten
2022-12-03;375,92;Rohdaten
2022-12-04;375,92;Rohdaten
2022-12-05;375,91;Rohdaten
2022-12-06;375,90;Rohdaten
2022-12-07;375,91;Rohdaten
2022-12-08;375,90;Rohdaten
2022-12-09;375,90;Rohdaten
2022-12-10;375,89;Rohdaten
2022-12-11;375,89;Rohdaten
2022-12-12;375,88;Rohdaten
2022-12-13;375,88;Rohdaten
2022-12-14;375,87;Rohdaten
2022-12-15;375,87;Rohdaten
2022-12-16;375,86;Rohdaten
2022-12-17;375,85;Rohdaten
2022-12-18;375,85;Rohdaten
2022-12-19;375,85;Rohdaten
2022-12-20;375,85;Rohdaten
2022-12-21;375,87;Rohdaten
2022-12-22;375,91;Rohdaten
2022-12-23;375,98;Rohdaten
2022-12-24;376,03;Rohdaten
2022-12-25;376,01;Rohdaten
2022-12-26;375,98;Rohdaten
2022-12-27;376,00;Rohdaten
2022-12-28;376,00;Rohdaten
2022-12-29;375,98;Rohdaten
2022-12-30;375,99;Rohdaten
2022-12-31;376,00;Rohdaten
2023-01-01;376,00;Rohdaten
2023-01-02;375,98;Rohdaten
2023-01-03;375,97;Rohdaten
2023-01-04;375,97;Rohdaten
2023-01-05;375,96;Rohdaten
2023-01-06;375,96;Rohdaten
2023-01-07;375,96;Rohdaten
2023-01-08;375,95;Rohdaten
2023-01-09;375,97;Rohdaten
2023-01-10;375,97;Rohdaten
2023-01-11;375,96;Rohdaten
2023-01-12;375,96;Rohdaten
2023-01-13;375,96;Rohdaten
2023-01-14;375,96;Rohdaten
2023-01-15;375,98;Rohdaten
2023-01-16;376,05;Rohdaten
2023-01-17;376,02;Rohdaten
2023-01-18;376,00;Rohdaten
2023-01-19;375,98;Rohdaten
2023-01-20;375,97;Rohdaten
2023-01-21;375,96;Rohdaten
2023-01-22;375,95;Rohdaten
2023-01-23;375,95;Rohdaten
2023-01-24;375,94;Rohdaten
2023-01-25;375,95;Rohdaten
2023-01-26;375,95;Rohdaten
2023-01-27;375,94;Rohdaten
2023-01-28;375,93;Rohdaten
2023-01-29;375,93;Rohdaten
2023-01-30;375,93;Rohdaten
2023-01-31;375,92;Rohdaten
2023-02-01;375,92;Rohdaten
2023-02-02;375,94;Rohdaten
2023-02-03;375,98;Rohdaten
2023-02-04;376,01;Rohdaten
2023-02-05;376,00;Rohdaten
2023-02-06;375,98;Rohdaten
2023-02-07;375,98;Rohdaten
2023-02-08;375,97;Rohdaten
2023-02-09;375,95;Rohdaten
2023-02-10;375,94;Rohdaten
2023-02-11;375,93;Rohdaten
2023-02-12;375,93;Rohdaten
2023-02-13;375,93;Rohdaten
2023-02-14;375,93;Rohdaten
2023-02-15;375,93;Rohdaten
2023-02-16;375,93;Rohdaten
2023-02-17;375,92;Rohdaten
2023-02-18;375,92;Rohdaten
2023-02-19;375,92;Rohdaten
2023-02-20;375,94;Rohdaten
2023-02-21;375,94;Rohdaten
2023-02-22;375,93;Rohdaten
2023-02-23;375,92;Rohdaten
2023-02-24;375,92;Rohdaten
2023-02-25;375,92;Rohdaten
2023-02-26;375,93;Rohdaten
2023-02-27;375,91;Rohdaten
2023-02-28;375,90;Rohdaten
2023-03-01;375,90;Rohdaten
2023-03-02;375,90;Rohdaten
2023-03-03;375,89;Rohdaten
2023-03-04;375,89;Rohdaten
2023-03-05;375,89;Rohdaten
2023-03-06;375,89;Rohdaten
2023-03-07;375,89;Rohdaten
2023-03-08;375,89;Rohdaten
2023-03-09;375,98;Rohdaten
2023-03-10;376,14;Rohdaten
2023-03-11;376,11;Rohdaten
2023-03-12;376,04;Rohdaten
2023-03-13;376,02;Rohdaten
2023-03-14;376,13;Rohdaten
2023-03-15;376,16;Rohdaten
2023-03-16;376,12;Rohdaten
2023-03-17;376,08;Rohdaten
2023-03-18;376,06;Rohdaten
2023-03-19;376,04;Rohdaten
2023-03-20;376,06;Rohdaten
2023-03-21;376,05;Rohdaten
2023-03-22;376,03;Rohdaten
2023-03-23;376,02;Rohdaten
2023-03-24;376,01;Rohdaten
2023-03-25;376,01;Rohdaten
2023-03-26;376,02;Rohdaten
2023-03-27;376,02;Rohdaten
2023-03-28;376,01;Rohdaten
2023-03-29;376,00;Rohdaten
2023-03-30;376,00;Rohdaten
2023-03-31;376,05;Rohdaten
2023-04-01;376,08;Rohdaten
2023-04-02;376,06;Rohdaten
2023-04-03;376,04;Rohdaten
2023-04-04;376,02;Rohdaten
2023-04-05;376,01;Rohdaten
2023-04-06;376,00;Rohdaten
2023-04-07;375,99;Rohdaten
2023-04-08;375,98;Rohdaten
2023-04-09;375,97;Rohdaten
2023-04-10;375,97;Rohdaten
2023-04-11;375,97;Rohdaten
2023-04-12;375,98;Rohdaten
2023-04-13;376,00;Rohdaten
2023-04-14;375,98;Rohdaten
2023-04-15;375,97;Rohdaten
2023-04-16;376,00;Rohdaten
2023-04-17;376,13;Rohdaten
2023-04-18;376,12;Rohdaten
2023-04-19;376,06;Rohdaten
2023-04-20;376,03;Rohdaten
2023-04-21;376,01;Rohdaten
2023-04-22;376,00;Rohdaten
2023-04-23;375,99;Rohdaten
2023-04-24;376,01;Rohdaten
2023-04-25;376,00;Rohdaten
2023-04-26;375,98;Rohdaten
2023-04-27;375,97;Rohdaten
2023-04-28;375,97;Rohdaten
2023-04-29;376,03;Rohdaten
2023-04-30;376,00;Rohdaten
2023-05-01;375,98;Rohdaten
2023-05-02;375,97;Rohdaten
2023-05-03;375,96;Rohdaten
2023-05-04;375,95;Rohdaten
2023-05-05;375,94;Rohdaten
2023-05-06;375,95;Rohdaten
2023-05-07;375,94;Rohdaten
2023-05-08;375,93;Rohdaten
2023-05-09;375,93;Rohdaten
2023-05-10;375,93;Rohdaten
2023-05-11;375,94;Rohdaten
2023-05-12;376,01;Rohdaten
2023-05-13;375,99;Rohdaten
2023-05-14;375,97;Rohdaten
2023-05-15;375,96;Rohdaten
2023-05-16;375,94;Rohdaten
2023-05-17;375,92;Rohdaten
2023-05-18;375,92;Rohdaten
2023-05-19;375,91;Rohdaten
2023-05-20;375,91;Rohdaten
2023-05-21;375,90;Rohdaten
2023-05-22;375,89;Rohdaten
2023-05-23;375,89;Rohdaten
2023-05-24;375,88;Rohdaten
2023-05-25;375,88;Rohdaten
2023-05-26;375,87;Rohdaten
2023-05-27;375,86;Rohdaten
2023-05-28;375,86;Rohdaten
2023-05-29;375,85;Rohdaten
2023-05-30;375,84;Rohdaten
2023-05-31;375,84;Rohdaten
2023-06-01;375,83;Rohdaten
2023-06-02;375,83;Rohdaten
2023-06-03;375,83;Rohdaten
2023-06-04;375,82;Rohdaten
2023-06-05;375,82;Rohdaten
2023-06-06;375,83;Rohdaten
2023-06-07;375,82;Rohdaten
2023-06-08;375,83;Rohdaten
2023-06-09;375,84;Rohdaten
2023-06-10;375,82;Rohdaten
2023-06-11;375,82;Rohdaten
2023-06-12;375,81;Rohdaten
2023-06-13;375,80;Rohdaten
2023-06-14;375,80;Rohdaten
2023-06-15;375,79;Rohdaten
2023-06-16;375,79;Rohdaten
2023-06-17;375,78;Rohdaten
2023-06-18;375,78;Rohdaten
2023-06-19;375,77;Rohdaten
2023-06-20;375,78;Rohdaten
2023-06-21;375,77;Rohdaten
2023-06-22;375,78;Rohdaten
2023-06-23;375,77;Rohdaten
2023-06-24;375,76;Rohdaten
2023-06-25;375,76;Rohdaten
2023-06-26;375,75;Rohdaten
2023-06-27;375,75;Rohdaten
2023-06-28;375,75;Rohdaten
2023-06-29;375,74;Rohdaten
2023-06-30;375,75;Rohdaten
2023-07-01;375,74;Rohdaten
2023-07-02;375,74;Rohdaten
2023-07-03;375,73;Rohdaten
2023-07-04;375,73;Rohdaten
2023-07-05;375,73;Rohdaten
2023-07-06;375,74;Rohdaten
2023-07-07;375,73;Rohdaten
2023-07-08;375,72;Rohdaten
2023-07-09;375,71;Rohdaten
2023-07-10;375,71;Rohdaten
2023-07-11;375,71;Rohdaten
2023-07-12;375,72;Rohdaten
2023-07-13;375,74;Rohdaten
2023-07-14;375,72;Rohdaten
2023-07-15;375,71;Rohdaten
2023-07-16;375,73;Rohdaten
2023-07-17;375,74;Rohdaten
2023-07-18;375,72;Rohdaten
2023-07-19;375,71;Rohdaten
2023-07-20;375,72;Rohdaten
2023-07-21;375,71;Rohdaten
2023-07-22;375,70;Rohdaten
2023-07-23;375,70;Rohdaten
2023-07-24;375,70;Rohdaten
2023-07-25;375,72;Rohdaten
2023-07-26;375,75;Rohdaten
2023-07-27;375,76;Rohdaten
2023-07-28;375,76;Rohdaten
2023-07-29;375,76;Rohdaten
2023-07-30;375,79;Rohdaten
2023-07-31;375,79;Rohdaten
2023-08-01;375,79;Rohdaten
2023-08-02;375,84;Rohdaten
2023-08-03;375,85;Rohdaten
2023-08-04;375,82;Rohdaten
2023-08-05;375,81;Rohdaten
2023-08-06;375,81;Rohdaten
2023-08-07;375,84;Rohdaten
2023-08-08;375,86;Rohdaten
2023-08-09;375,85;Rohdaten
2023-08-10;375,91;Rohdaten
2023-08-11;375,87;Rohdaten
2023-08-12;375,84;Rohdaten
2023-08-13;375,84;Rohdaten
2023-08-14;375,84;Rohdaten
2023-08-15;375,84;Rohdaten
2023-08-16;375,82;Rohdaten
2023-08-17;375,81;Rohdaten
2023-08-18;375,84;Rohdaten
2023-08-19;375,86;Rohdaten
2023-08-20;375,83;Rohdaten
2023-08-21;375,80;Rohdaten
2023-08-22;375,79;Rohdaten
2023-08-23;375,78;Rohdaten
2023-08-24;375,78;Rohdaten
2023-08-25;375,79;Rohdaten
2023-08-26;375,82;Rohdaten
2023-08-27;375,88;Rohdaten
2023-08-28;375,89;Rohdaten
2023-08-29;375,89;Rohdaten
2023-08-30;375,90;Rohdaten
2023-08-31;375,89;Rohdaten
2023-09-01;375,90;Rohdaten
2023-09-02;375,91;Rohdaten
2023-09-03;375,89;Rohdaten
2023-09-04;375,88;Rohdaten
2023-09-05;375,86;Rohdaten
2023-09-06;375,85;Rohdaten
2023-09-07;375,84;Rohdaten
2023-09-08;375,83;Rohdaten
2023-09-09;375,82;Rohdaten
2023-09-10;375,82;Rohdaten
2023-09-11;375,81;Rohdaten
2023-09-12;375,81;Rohdaten
2023-09-13;375,80;Rohdaten
2023-09-14;375,80;Rohdaten
2023-09-15;375,80;Rohdaten
2023-09-16;375,79;Rohdaten
2023-09-17;375,79;Rohdaten
2023-09-18;375,79;Rohdaten
2023-09-19;375,79;Rohdaten
2023-09-20;375,79;Rohdaten
2023-09-21;375,78;Rohdaten
2023-09-22;375,78;Rohdaten
2023-09-23;375,79;Rohdaten
2023-09-24;375,78;Rohdaten
2023-09-25;375,77;Rohdaten
2023-09-26;375,77;Rohdaten
2023-09-27;375,77;Rohdaten
2023-09-28;375,76;Rohdaten
2023-09-29;375,76;Rohdaten
2023-09-30;375,76;Rohdaten
2023-10-01;375,76;Rohdaten
2023-10-02;375,76;Rohdaten
2023-10-03;375,76;Rohdaten
2023-10-04;375,76;Rohdaten
2023-10-05;375,76;Rohdaten
2023-10-06;375,75;Rohdaten
2023-10-07;375,75;Rohdaten
2023-10-08;375,75;Rohdaten
2023-10-09;375,74;Rohdaten
2023-10-10;375,74;Rohdaten
2023-10-11;375,74;Rohdaten
2023-10-12;375,74;Rohdaten
2023-10-13;375,74;Rohdaten
2023-10-14;375,75;Rohdaten
2023-10-15;375,76;Rohdaten
2023-10-16;375,76;Rohdaten
2023-10-17;375,75;Rohdaten
2023-10-18;375,76;Rohdaten
2023-10-19;375,76;Rohdaten
2023-10-20;375,78;Rohdaten
2023-10-21;375,78;Rohdaten
2023-10-22;375,77;Rohdaten
2023-10-23;375,76;Rohdaten
2023-10-24;375,76;Rohdaten
2023-10-25;375,80;Rohdaten
2023-10-26;375,80;Rohdaten
2023-10-27;375,80;Rohdaten
2023-10-28;375,81;Rohdaten
2023-10-29;375,80;Rohdaten
2023-10-30;375,79;Rohdaten
2023-10-31;375,80;Rohdaten
2023-11-01;375,82;Rohdaten
2023-11-02;375,82;Rohdaten
2023-11-03;375,85;Rohdaten
2023-11-04;375,83;Rohdaten
2023-11-05;375,82;Rohdaten
2023-11-06;375,81;Rohdaten
2023-11-07;375,83;Rohdaten
