﻿Quelle:;"Bayerisches Landesamt für Umwelt, www.gkd.bayern.de"
Datenbankabfrage:;"08.10.2024 21:50"
Zeitbezug:;MEZ
Messstellen-Name:;"Wassertrüdingen HW GWM 1"
Messstellen-Nr.:;3654
Ostwert:;616580;Nordwert:;5433001;"ETRS89 / UTM Zone 32N"

Datum;"Grundwasserstand [m ü. NN]";Prüfstatus
2016-11-24;420,14;Rohdaten
2016-11-25;420,12;Rohdaten
2016-11-26;420,11;Rohdaten
2016-11-27;420,10;Rohdaten
2016-11-28;420,06;Rohdaten
2016-11-29;420,05;Rohdaten
2016-11-30;420,04;Rohdaten
2016-12-01;420,04;Rohdaten
2016-12-02;420,04;Rohdaten
2016-12-03;420,03;Rohdaten
2016-12-04;420,01;Rohdaten
2016-12-05;420,00;Rohdaten
2016-12-06;419,99;Rohdaten
2016-12-07;419,98;Rohdaten
2016-12-08;419,98;Rohdaten
2016-12-09;419,97;Rohdaten
2016-12-10;419,99;Rohdaten
2016-12-11;419,99;Rohdaten
2016-12-12;419,98;Rohdaten
2016-12-13;419,98;Rohdaten
2016-12-14;419,98;Rohdaten
2016-12-15;419,97;Rohdaten
2016-12-16;419,96;Rohdaten
2016-12-17;419,94;Rohdaten
2016-12-18;419,96;Rohdaten
2016-12-19;419,97;Rohdaten
2016-12-20;419,96;Rohdaten
2016-12-21;419,93;Rohdaten
2016-12-22;419,93;Rohdaten
2016-12-23;419,93;Rohdaten
2016-12-24;419,94;Rohdaten
2016-12-25;419,95;Rohdaten
2016-12-26;419,95;Rohdaten
2016-12-27;419,92;Rohdaten
2016-12-28;419,92;Rohdaten
2016-12-29;419,92;Rohdaten
2016-12-30;419,93;Rohdaten
2016-12-31;419,93;Rohdaten
2017-01-01;419,95;Rohdaten
2017-01-02;419,93;Rohdaten
2017-01-03;419,91;Rohdaten
2017-01-04;419,94;Rohdaten
2017-01-05;419,89;Rohdaten
2017-01-06;419,89;Rohdaten
2017-01-07;419,91;Rohdaten
2017-01-08;419,90;Rohdaten
2017-01-09;419,91;Rohdaten
2017-01-10;419,92;Rohdaten
2017-01-11;419,91;Rohdaten
2017-01-12;419,92;Rohdaten
2017-01-13;419,99;Rohdaten
2017-01-14;419,99;Rohdaten
2017-01-15;419,98;Rohdaten
2017-01-16;419,97;Rohdaten
2017-01-17;419,96;Rohdaten
2017-01-18;419,95;Rohdaten
2017-01-19;419,95;Rohdaten
2017-01-20;419,95;Rohdaten
2017-01-21;419,95;Rohdaten
2017-01-22;419,94;Rohdaten
2017-01-23;419,92;Rohdaten
2017-01-24;419,89;Rohdaten
2017-01-25;419,90;Rohdaten
2017-01-26;419,91;Rohdaten
2017-01-27;419,89;Rohdaten
2017-01-28;419,89;Rohdaten
2017-01-29;419,88;Rohdaten
2017-01-30;419,90;Rohdaten
2017-01-31;419,91;Rohdaten
2017-02-01;419,98;Rohdaten
2017-02-02;420,03;Rohdaten
2017-02-03;420,04;Rohdaten
2017-02-04;420,04;Rohdaten
2017-02-05;420,04;Rohdaten
2017-02-06;420,02;Rohdaten
2017-02-07;420,04;Rohdaten
2017-02-08;420,02;Rohdaten
2017-02-09;420,02;Rohdaten
2017-02-10;420,02;Rohdaten
2017-02-11;420,00;Rohdaten
2017-02-12;419,98;Rohdaten
2017-02-13;419,97;Rohdaten
2017-02-14;419,96;Rohdaten
2017-02-15;419,95;Rohdaten
2017-02-16;419,96;Rohdaten
2017-02-17;419,98;Rohdaten
2017-02-18;420,00;Rohdaten
2017-02-19;420,03;Rohdaten
2017-02-20;420,03;Rohdaten
2017-02-21;420,05;Rohdaten
2017-02-22;420,17;Rohdaten
2017-02-23;420,27;Rohdaten
2017-02-24;420,23;Rohdaten
2017-02-25;420,18;Rohdaten
2017-02-26;420,17;Rohdaten
2017-02-27;420,17;Rohdaten
2017-02-28;420,14;Rohdaten
2017-03-01;420,14;Rohdaten
2017-03-02;420,16;Rohdaten
2017-03-03;420,25;Rohdaten
2017-03-04;420,26;Rohdaten
2017-03-05;420,20;Rohdaten
2017-03-06;420,19;Rohdaten
2017-03-07;420,16;Rohdaten
2017-03-08;420,16;Rohdaten
2017-03-09;420,17;Rohdaten
2017-03-10;420,26;Rohdaten
2017-03-11;420,30;Rohdaten
2017-03-12;420,32;Rohdaten
2017-03-13;420,26;Rohdaten
2017-03-14;420,23;Rohdaten
2017-03-15;420,21;Rohdaten
2017-03-16;420,21;Rohdaten
2017-03-17;420,19;Rohdaten
2017-03-18;420,12;Rohdaten
2017-03-19;420,16;Rohdaten
2017-03-20;420,17;Rohdaten
2017-03-21;420,15;Rohdaten
2017-03-22;420,13;Rohdaten
2017-03-23;420,11;Rohdaten
2017-03-24;420,09;Rohdaten
2017-03-25;420,10;Rohdaten
2017-03-26;420,09;Rohdaten
2017-03-27;420,07;Rohdaten
2017-03-28;420,05;Rohdaten
2017-03-29;420,03;Rohdaten
2017-03-30;420,00;Rohdaten
2017-03-31;420,02;Rohdaten
2017-04-01;420,03;Rohdaten
2017-04-02;420,01;Rohdaten
2017-04-03;420,00;Rohdaten
2017-04-04;420,00;Rohdaten
2017-04-05;420,00;Rohdaten
2017-04-06;419,99;Rohdaten
2017-04-07;419,99;Rohdaten
2017-04-08;419,98;Rohdaten
2017-04-09;419,97;Rohdaten
2017-04-10;419,98;Rohdaten
2017-04-11;419,94;Rohdaten
2017-04-12;419,95;Rohdaten
2017-04-13;419,92;Rohdaten
2017-04-14;419,90;Rohdaten
2017-04-15;419,97;Rohdaten
2017-04-16;419,95;Rohdaten
2017-04-17;419,98;Rohdaten
2017-04-18;420,00;Rohdaten
2017-04-19;419,98;Rohdaten
2017-04-20;419,93;Rohdaten
2017-04-21;419,23;Rohdaten
2017-04-22;418,73;Rohdaten
2017-04-23;418,67;Rohdaten
2017-04-24;419,03;Rohdaten
2017-04-25;419,19;Rohdaten
2017-04-26;419,36;Rohdaten
2017-04-27;419,82;Rohdaten
2017-04-28;419,97;Rohdaten
2017-04-29;420,01;Rohdaten
2017-04-30;420,02;Rohdaten
2017-05-01;420,05;Rohdaten
2017-05-02;420,27;Rohdaten
2017-05-03;420,45;Rohdaten
2017-05-04;420,52;Rohdaten
2017-05-05;420,48;Rohdaten
2017-05-06;420,39;Rohdaten
2017-05-07;420,32;Rohdaten
2017-05-08;420,29;Rohdaten
2017-05-09;420,28;Rohdaten
2017-05-10;420,16;Rohdaten
2017-05-11;420,15;Rohdaten
2017-05-12;420,09;Rohdaten
2017-05-13;420,05;Rohdaten
2017-05-14;420,06;Rohdaten
2017-05-15;420,04;Rohdaten
2017-05-16;420,03;Rohdaten
2017-05-17;420,02;Rohdaten
2017-05-18;419,99;Rohdaten
2017-05-19;419,96;Rohdaten
2017-05-20;419,94;Rohdaten
2017-05-21;419,94;Rohdaten
2017-05-22;419,94;Rohdaten
2017-05-23;419,90;Rohdaten
2017-05-24;419,86;Rohdaten
2017-05-25;419,89;Rohdaten
2017-05-26;419,89;Rohdaten
2017-05-27;419,88;Rohdaten
2017-05-28;419,87;Rohdaten
2017-05-29;419,87;Rohdaten
2017-05-30;419,07;Rohdaten
2017-05-31;418,57;Rohdaten
2017-06-01;418,56;Rohdaten
2017-06-02;418,71;Rohdaten
2017-06-03;418,70;Rohdaten
2017-06-04;418,71;Rohdaten
2017-06-05;418,75;Rohdaten
2017-06-06;418,74;Rohdaten
2017-06-07;418,71;Rohdaten
2017-06-08;418,76;Rohdaten
2017-06-09;418,78;Rohdaten
2017-06-10;418,75;Rohdaten
2017-06-11;419,55;Rohdaten
2017-06-12;419,55;Rohdaten
2017-06-13;418,84;Rohdaten
2017-06-14;418,67;Rohdaten
2017-06-15;418,66;Rohdaten
2017-06-16;418,65;Rohdaten
2017-06-17;418,64;Rohdaten
2017-06-18;418,63;Rohdaten
2017-06-19;418,64;Rohdaten
2017-06-20;418,75;Rohdaten
2017-06-21;418,88;Rohdaten
2017-06-22;418,90;Rohdaten
2017-06-23;418,90;Rohdaten
2017-06-24;418,92;Rohdaten
2017-06-25;418,91;Rohdaten
2017-06-26;419,34;Rohdaten
2017-06-27;419,64;Rohdaten
2017-06-28;419,69;Rohdaten
2017-06-29;419,84;Rohdaten
2017-06-30;419,93;Rohdaten
2017-07-01;419,91;Rohdaten
2017-07-02;419,86;Rohdaten
2017-07-03;419,79;Rohdaten
2017-07-04;419,76;Rohdaten
2017-07-05;419,82;Rohdaten
2017-07-06;419,80;Rohdaten
2017-07-07;419,76;Rohdaten
2017-07-08;419,75;Rohdaten
2017-07-09;419,76;Rohdaten
2017-07-10;419,75;Rohdaten
2017-07-11;419,75;Rohdaten
2017-07-12;419,77;Rohdaten
2017-07-13;419,75;Rohdaten
2017-07-14;419,74;Rohdaten
2017-07-15;419,69;Rohdaten
2017-07-16;419,72;Rohdaten
2017-07-17;419,67;Rohdaten
2017-07-18;419,60;Rohdaten
2017-07-19;419,60;Rohdaten
2017-07-20;419,59;Rohdaten
2017-07-21;419,65;Rohdaten
2017-07-22;419,69;Rohdaten
2017-07-23;419,72;Rohdaten
2017-07-24;419,71;Rohdaten
2017-07-25;419,73;Rohdaten
2017-07-26;419,86;Rohdaten
2017-07-27;420,03;Rohdaten
2017-07-28;420,08;Rohdaten
2017-07-29;420,06;Rohdaten
2017-07-30;420,00;Rohdaten
2017-07-31;419,98;Rohdaten
2017-08-01;419,96;Rohdaten
2017-08-02;419,93;Rohdaten
2017-08-03;419,98;Rohdaten
2017-08-04;419,91;Rohdaten
2017-08-05;419,84;Rohdaten
2017-08-06;419,77;Rohdaten
2017-08-07;419,47;Rohdaten
2017-08-08;419,03;Rohdaten
2017-08-09;419,04;Rohdaten
2017-08-10;419,57;Rohdaten
2017-08-11;419,04;Rohdaten
2017-08-12;418,40;Rohdaten
2017-08-13;418,35;Rohdaten
2017-08-14;418,36;Rohdaten
2017-08-15;418,32;Rohdaten
2017-08-16;418,25;Rohdaten
2017-08-17;418,29;Rohdaten
2017-08-18;418,16;Rohdaten
2017-08-19;418,16;Rohdaten
2017-08-20;418,17;Rohdaten
2017-08-21;418,24;Rohdaten
2017-08-22;418,26;Rohdaten
2017-08-23;418,24;Rohdaten
2017-08-24;418,25;Rohdaten
2017-08-25;418,46;Rohdaten
2017-08-26;418,46;Rohdaten
2017-08-27;418,47;Rohdaten
2017-08-28;418,44;Rohdaten
2017-08-29;418,54;Rohdaten
2017-08-30;418,94;Rohdaten
2017-08-31;419,03;Rohdaten
2017-09-01;418,79;Rohdaten
2017-09-02;419,29;Rohdaten
2017-09-03;419,30;Rohdaten
2017-09-04;419,14;Rohdaten
2017-09-05;419,07;Rohdaten
2017-09-06;419,05;Rohdaten
2017-09-07;419,01;Rohdaten
2017-09-08;418,98;Rohdaten
2017-09-09;418,97;Rohdaten
2017-09-10;418,98;Rohdaten
2017-09-11;419,00;Rohdaten
2017-09-12;418,98;Rohdaten
2017-09-13;419,03;Rohdaten
2017-09-14;419,14;Rohdaten
2017-09-15;419,33;Rohdaten
2017-09-16;419,38;Rohdaten
2017-09-17;419,38;Rohdaten
2017-09-18;419,39;Rohdaten
2017-09-19;419,35;Rohdaten
2017-09-20;419,38;Rohdaten
2017-09-21;419,38;Rohdaten
2017-09-22;419,33;Rohdaten
2017-09-23;419,34;Rohdaten
2017-09-24;419,33;Rohdaten
2017-09-25;419,31;Rohdaten
2017-09-26;419,31;Rohdaten
2017-09-27;419,30;Rohdaten
2017-09-28;419,24;Rohdaten
2017-09-29;419,29;Rohdaten
2017-09-30;419,30;Rohdaten
2017-10-01;419,34;Rohdaten
2017-10-02;419,43;Rohdaten
2017-10-03;419,55;Rohdaten
2017-10-04;419,75;Rohdaten
2017-10-05;419,81;Rohdaten
2017-10-06;419,70;Rohdaten
2017-10-07;419,66;Rohdaten
2017-10-08;419,64;Rohdaten
2017-10-09;419,65;Rohdaten
2017-10-10;419,67;Rohdaten
2017-10-11;419,66;Rohdaten
2017-10-12;419,65;Rohdaten
2017-10-13;419,57;Rohdaten
2017-10-14;419,52;Rohdaten
2017-10-15;419,50;Rohdaten
2017-10-16;419,49;Rohdaten
2017-10-17;419,57;Rohdaten
2017-10-18;419,63;Rohdaten
2017-10-19;419,62;Rohdaten
2017-10-20;419,61;Rohdaten
2017-10-21;419,60;Rohdaten
2017-10-22;419,63;Rohdaten
2017-10-23;419,63;Rohdaten
2017-10-24;419,62;Rohdaten
2017-10-25;419,62;Rohdaten
2017-10-26;419,61;Rohdaten
2017-10-27;419,61;Rohdaten
2017-10-28;419,63;Rohdaten
2017-10-29;419,65;Rohdaten
2017-10-30;419,64;Rohdaten
2017-10-31;419,65;Rohdaten
2017-11-01;419,65;Rohdaten
2017-11-02;419,65;Rohdaten
2017-11-03;419,61;Rohdaten
2017-11-04;419,59;Rohdaten
2017-11-05;419,53;Rohdaten
2017-11-06;419,51;Rohdaten
2017-11-14;420,11;Rohdaten
2017-11-15;420,10;Rohdaten
2017-11-16;419,97;Rohdaten
2017-11-17;419,84;Rohdaten
2017-11-18;419,79;Rohdaten
2017-11-19;419,77;Rohdaten
2017-11-20;419,74;Rohdaten
2017-11-21;419,56;Rohdaten
2017-11-22;419,33;Rohdaten
2017-11-23;419,47;Rohdaten
2017-11-24;419,26;Rohdaten
2017-11-25;419,24;Rohdaten
2017-11-26;419,43;Rohdaten
2017-11-27;419,82;Rohdaten
2017-11-28;419,57;Rohdaten
2017-11-29;419,60;Rohdaten
2017-11-30;419,69;Rohdaten
2017-12-01;419,24;Rohdaten
2017-12-02;419,15;Rohdaten
2017-12-03;419,15;Rohdaten
2017-12-04;419,16;Rohdaten
2017-12-05;419,14;Rohdaten
2017-12-06;419,14;Rohdaten
2017-12-07;419,26;Rohdaten
2017-12-08;419,33;Rohdaten
2017-12-09;419,15;Rohdaten
2017-12-10;419,31;Rohdaten
2017-12-11;419,32;Rohdaten
2017-12-12;419,52;Rohdaten
2017-12-13;419,70;Rohdaten
2017-12-14;419,71;Rohdaten
2017-12-15;419,65;Rohdaten
2017-12-16;419,64;Rohdaten
2017-12-17;419,58;Rohdaten
2017-12-18;419,53;Rohdaten
2017-12-19;419,51;Rohdaten
2017-12-20;419,50;Rohdaten
2017-12-21;419,49;Rohdaten
2017-12-22;419,53;Rohdaten
2017-12-23;419,59;Rohdaten
2017-12-24;419,61;Rohdaten
2017-12-25;419,56;Rohdaten
2017-12-26;419,52;Rohdaten
2017-12-27;419,51;Rohdaten
2017-12-28;419,49;Rohdaten
2017-12-29;419,51;Rohdaten
2017-12-30;419,53;Rohdaten
2017-12-31;419,66;Rohdaten
2018-01-01;420,15;Rohdaten
2018-01-02;420,18;Rohdaten
2018-01-03;420,01;Rohdaten
2018-01-04;420,00;Rohdaten
2018-01-05;420,29;Rohdaten
2018-01-06;420,46;Rohdaten
2018-01-07;420,30;Rohdaten
2018-01-08;420,14;Rohdaten
2018-01-09;419,91;Rohdaten
2018-01-10;419,75;Rohdaten
2018-01-11;419,68;Rohdaten
2018-01-12;419,64;Rohdaten
2018-01-13;419,61;Rohdaten
2018-01-14;419,62;Rohdaten
2018-01-15;419,59;Rohdaten
2018-01-16;419,55;Rohdaten
2018-01-17;419,83;Rohdaten
2018-01-18;419,90;Rohdaten
2018-01-19;420,01;Rohdaten
2018-01-20;420,27;Rohdaten
2018-01-21;420,24;Rohdaten
2018-01-22;420,05;Rohdaten
2018-01-23;420,03;Rohdaten
2018-01-24;420,30;Rohdaten
2018-01-25;420,40;Rohdaten
2018-01-26;420,30;Rohdaten
2018-01-27;420,04;Rohdaten
2018-01-28;419,86;Rohdaten
2018-01-29;419,74;Rohdaten
2018-01-30;419,61;Rohdaten
2018-01-31;419,42;Rohdaten
2018-02-01;419,31;Rohdaten
2018-02-02;419,38;Rohdaten
2018-02-03;419,23;Rohdaten
2018-02-04;419,20;Rohdaten
2018-02-05;419,19;Rohdaten
2018-02-06;419,19;Rohdaten
2018-02-07;419,17;Rohdaten
2018-02-08;419,12;Rohdaten
2018-02-09;419,17;Rohdaten
2018-02-10;419,29;Rohdaten
2018-02-11;419,31;Rohdaten
2018-02-12;419,30;Rohdaten
2018-02-13;419,30;Rohdaten
2018-02-14;419,31;Rohdaten
2018-02-15;419,49;Rohdaten
2018-02-16;419,56;Rohdaten
2018-02-17;419,64;Rohdaten
2018-02-18;419,70;Rohdaten
2018-02-19;419,71;Rohdaten
2018-02-20;419,68;Rohdaten
2018-02-21;419,68;Rohdaten
2018-02-22;419,69;Rohdaten
2018-02-23;419,68;Rohdaten
2018-02-24;419,63;Rohdaten
2018-02-25;419,61;Rohdaten
2018-02-26;419,60;Rohdaten
2018-02-27;419,58;Rohdaten
2018-02-28;419,56;Rohdaten
2018-03-01;419,57;Rohdaten
2018-03-02;419,56;Rohdaten
2018-03-03;419,55;Rohdaten
2018-03-04;419,54;Rohdaten
2018-03-05;419,55;Rohdaten
2018-03-06;419,54;Rohdaten
2018-03-07;419,52;Rohdaten
2018-03-08;419,50;Rohdaten
2018-03-09;419,53;Rohdaten
2018-03-10;419,55;Rohdaten
2018-03-11;419,58;Rohdaten
2018-03-12;419,60;Rohdaten
2018-03-13;419,59;Rohdaten
2018-03-14;419,56;Rohdaten
2018-03-15;419,55;Rohdaten
2018-03-16;419,55;Rohdaten
2018-03-17;419,54;Rohdaten
2018-03-18;419,53;Rohdaten
2018-03-19;419,53;Rohdaten
2018-03-20;419,50;Rohdaten
2018-03-21;419,47;Rohdaten
2018-03-22;419,49;Rohdaten
2018-03-23;419,51;Rohdaten
2018-03-24;419,54;Rohdaten
2018-03-25;419,59;Rohdaten
2018-03-26;419,62;Rohdaten
2018-03-27;419,61;Rohdaten
2018-03-28;419,61;Rohdaten
2018-03-29;419,62;Rohdaten
2018-03-30;419,67;Rohdaten
2018-03-31;419,67;Rohdaten
2018-04-01;419,62;Rohdaten
2018-04-02;419,60;Rohdaten
2018-04-03;419,59;Rohdaten
2018-04-04;419,57;Rohdaten
2018-04-05;419,55;Rohdaten
2018-04-06;419,54;Rohdaten
2018-04-07;419,55;Rohdaten
2018-04-08;419,55;Rohdaten
2018-04-09;419,54;Rohdaten
2018-04-10;419,54;Rohdaten
2018-04-11;419,55;Rohdaten
2018-04-12;419,55;Rohdaten
2018-04-13;419,52;Rohdaten
2018-04-14;419,50;Rohdaten
2018-04-15;419,52;Rohdaten
2018-04-16;419,50;Rohdaten
2018-04-17;419,49;Rohdaten
2018-04-18;419,49;Rohdaten
2018-04-19;419,49;Rohdaten
2018-04-20;419,49;Rohdaten
2018-04-21;419,49;Rohdaten
2018-04-22;419,49;Rohdaten
2018-04-23;419,49;Rohdaten
2018-04-24;419,49;Rohdaten
2018-04-25;419,50;Rohdaten
2018-04-26;419,52;Rohdaten
2018-04-27;419,54;Rohdaten
2018-04-28;419,51;Rohdaten
2018-04-29;419,51;Rohdaten
2018-04-30;419,50;Rohdaten
2018-05-01;419,49;Rohdaten
2018-05-02;419,49;Rohdaten
2018-05-03;419,47;Rohdaten
2018-05-04;419,45;Rohdaten
2018-05-05;419,44;Rohdaten
2018-05-06;419,45;Rohdaten
2018-05-07;419,45;Rohdaten
2018-05-08;419,40;Rohdaten
2018-05-09;419,37;Rohdaten
2018-05-10;419,61;Rohdaten
2018-05-11;419,74;Rohdaten
2018-05-12;420,01;Rohdaten
2018-05-13;420,12;Rohdaten
2018-05-14;420,33;Rohdaten
2018-05-15;420,49;Rohdaten
2018-05-16;420,34;Rohdaten
2018-05-17;420,54;Rohdaten
2018-05-18;420,67;Rohdaten
2018-05-19;420,46;Rohdaten
2018-05-20;420,17;Rohdaten
2018-05-21;420,07;Rohdaten
2018-05-22;420,01;Rohdaten
2018-05-23;419,95;Rohdaten
2018-05-24;419,91;Rohdaten
2018-05-25;419,88;Rohdaten
2018-05-26;419,91;Rohdaten
2018-05-27;419,89;Rohdaten
2018-05-28;419,82;Rohdaten
2018-05-29;419,75;Rohdaten
2018-05-30;419,71;Rohdaten
2018-05-31;419,78;Rohdaten
2018-06-01;419,76;Rohdaten
2018-06-02;419,75;Rohdaten
2018-06-03;419,71;Rohdaten
2018-06-04;419,67;Rohdaten
2018-06-05;419,65;Rohdaten
2018-06-06;419,59;Rohdaten
2018-06-07;419,54;Rohdaten
2018-06-08;419,53;Rohdaten
2018-06-09;419,55;Rohdaten
2018-06-10;419,67;Rohdaten
2018-06-11;419,77;Rohdaten
2018-06-12;420,04;Rohdaten
2018-06-13;419,99;Rohdaten
2018-06-14;419,97;Rohdaten
2018-06-15;420,00;Rohdaten
2018-06-16;419,96;Rohdaten
2018-06-17;419,91;Rohdaten
2018-06-18;419,88;Rohdaten
2018-06-19;419,88;Rohdaten
2018-06-20;419,88;Rohdaten
2018-06-21;419,79;Rohdaten
2018-06-22;419,68;Rohdaten
2018-06-23;419,75;Rohdaten
2018-06-24;419,71;Rohdaten
2018-06-25;419,71;Rohdaten
2018-06-26;419,72;Rohdaten
2018-06-27;419,73;Rohdaten
2018-06-28;419,83;Rohdaten
2018-06-29;419,84;Rohdaten
2018-06-30;419,86;Rohdaten
2018-07-01;419,87;Rohdaten
2018-07-02;419,85;Rohdaten
2018-07-03;419,82;Rohdaten
2018-07-04;419,79;Rohdaten
2018-07-05;419,76;Rohdaten
2018-07-06;419,88;Rohdaten
2018-07-07;419,99;Rohdaten
2018-07-08;419,94;Rohdaten
2018-07-09;419,87;Rohdaten
2018-07-10;419,79;Rohdaten
2018-07-11;419,79;Rohdaten
2018-07-12;419,78;Rohdaten
2018-07-13;419,79;Rohdaten
2018-07-14;419,70;Rohdaten
2018-07-15;419,61;Rohdaten
2018-07-16;419,64;Rohdaten
2018-07-17;419,67;Rohdaten
2018-07-18;419,63;Rohdaten
2018-07-19;419,63;Rohdaten
2018-07-20;419,71;Rohdaten
2018-07-21;419,74;Rohdaten
2018-07-22;419,84;Rohdaten
2018-07-23;420,01;Rohdaten
2018-07-24;420,02;Rohdaten
2018-07-25;419,95;Rohdaten
2018-07-26;419,89;Rohdaten
2018-07-27;419,82;Rohdaten
2018-07-28;419,76;Rohdaten
2018-07-29;419,73;Rohdaten
2018-07-30;419,73;Rohdaten
2018-07-31;419,69;Rohdaten
2018-08-01;419,66;Rohdaten
2018-08-02;419,63;Rohdaten
2018-08-03;419,60;Rohdaten
2018-08-04;419,60;Rohdaten
2018-08-05;419,61;Rohdaten
2018-08-06;419,57;Rohdaten
2018-08-07;419,58;Rohdaten
2018-08-08;419,63;Rohdaten
2018-08-09;419,51;Rohdaten
2018-08-10;419,44;Rohdaten
2018-08-11;419,46;Rohdaten
2018-08-12;419,49;Rohdaten
2018-08-13;419,45;Rohdaten
2018-08-14;419,41;Rohdaten
2018-08-15;419,43;Rohdaten
2018-08-16;419,37;Rohdaten
2018-08-17;419,40;Rohdaten
2018-08-18;419,39;Rohdaten
2018-08-19;419,40;Rohdaten
2018-08-20;419,44;Rohdaten
2018-08-21;419,48;Rohdaten
2018-08-22;419,49;Rohdaten
2018-08-23;419,49;Rohdaten
2018-08-24;419,49;Rohdaten
2018-08-25;419,44;Rohdaten
2018-08-26;419,45;Rohdaten
2018-08-27;419,47;Rohdaten
2018-08-28;419,45;Rohdaten
2018-08-29;419,48;Rohdaten
2018-08-30;419,45;Rohdaten
2018-08-31;419,49;Rohdaten
2018-09-01;419,46;Rohdaten
2018-09-02;419,44;Rohdaten
2018-09-03;419,58;Rohdaten
2018-09-04;419,69;Rohdaten
2018-09-05;419,74;Rohdaten
2018-09-06;419,64;Rohdaten
2018-09-07;419,63;Rohdaten
2018-09-08;419,59;Rohdaten
2018-09-09;419,62;Rohdaten
2018-09-10;419,60;Rohdaten
2018-09-11;419,58;Rohdaten
2018-09-12;419,59;Rohdaten
2018-09-13;419,56;Rohdaten
2018-09-14;419,51;Rohdaten
2018-09-15;419,46;Rohdaten
2018-09-16;419,48;Rohdaten
2018-09-17;419,58;Rohdaten
2018-09-18;419,61;Rohdaten
2018-09-19;419,60;Rohdaten
2018-09-20;419,62;Rohdaten
2018-09-21;419,66;Rohdaten
2018-09-22;419,63;Rohdaten
2018-09-23;419,68;Rohdaten
2018-09-24;419,66;Rohdaten
2018-09-25;419,79;Rohdaten
2018-09-26;419,83;Rohdaten
2018-09-27;419,80;Rohdaten
2018-09-28;419,74;Rohdaten
2018-09-29;419,68;Rohdaten
2018-09-30;419,63;Rohdaten
2018-10-01;419,65;Rohdaten
2018-10-02;419,65;Rohdaten
2018-10-03;419,64;Rohdaten
2018-10-04;419,61;Rohdaten
2018-10-05;419,66;Rohdaten
2018-10-06;419,68;Rohdaten
2018-10-07;419,69;Rohdaten
2018-10-08;419,67;Rohdaten
2018-10-09;419,65;Rohdaten
2018-10-10;419,66;Rohdaten
2018-10-11;419,65;Rohdaten
2018-10-12;419,67;Rohdaten
2018-10-13;419,67;Rohdaten
2018-10-14;419,69;Rohdaten
2018-10-15;419,70;Rohdaten
2018-10-16;419,68;Rohdaten
2018-10-17;419,68;Rohdaten
2018-10-18;419,66;Rohdaten
2018-10-19;419,67;Rohdaten
2018-10-20;419,64;Rohdaten
2018-10-21;419,63;Rohdaten
2018-10-22;419,63;Rohdaten
2018-10-23;419,59;Rohdaten
2018-10-24;419,54;Rohdaten
2018-10-25;419,55;Rohdaten
2018-10-26;419,53;Rohdaten
2018-10-27;419,52;Rohdaten
2018-10-28;419,59;Rohdaten
2018-10-29;419,77;Rohdaten
2018-10-30;419,79;Rohdaten
2018-10-31;419,74;Rohdaten
2018-11-01;419,72;Rohdaten
2018-11-02;419,68;Rohdaten
2018-11-03;419,67;Rohdaten
2018-11-04;419,68;Rohdaten
2018-11-05;419,67;Rohdaten
2018-11-06;419,64;Rohdaten
2018-11-07;419,62;Rohdaten
2018-11-08;419,62;Rohdaten
2018-11-09;419,67;Rohdaten
2018-11-10;419,74;Rohdaten
2018-11-11;419,77;Rohdaten
2018-11-12;419,75;Rohdaten
2018-11-13;419,68;Rohdaten
2018-11-14;419,65;Rohdaten
2018-11-15;419,64;Rohdaten
2018-11-16;419,66;Rohdaten
2018-11-17;419,64;Rohdaten
2018-11-18;419,64;Rohdaten
2018-11-19;419,65;Rohdaten
2018-11-20;419,62;Rohdaten
2018-11-21;419,62;Rohdaten
2018-11-22;419,67;Rohdaten
2018-11-23;419,73;Rohdaten
2018-11-24;419,75;Rohdaten
2018-11-25;419,77;Rohdaten
2018-11-26;419,79;Rohdaten
2018-11-27;419,77;Rohdaten
2018-11-28;419,83;Rohdaten
2018-11-29;419,83;Rohdaten
2018-11-30;419,83;Rohdaten
2018-12-01;419,83;Rohdaten
2018-12-02;419,86;Rohdaten
2018-12-03;419,94;Rohdaten
2018-12-04;420,36;Rohdaten
2018-12-05;420,48;Rohdaten
2018-12-06;420,35;Rohdaten
2018-12-07;420,18;Rohdaten
2018-12-08;420,06;Rohdaten
2018-12-09;420,02;Rohdaten
2018-12-10;420,05;Rohdaten
2018-12-11;420,12;Rohdaten
2018-12-12;420,09;Rohdaten
2018-12-13;420,02;Rohdaten
2018-12-14;419,97;Rohdaten
2018-12-15;419,94;Rohdaten
2018-12-16;419,93;Rohdaten
2018-12-17;419,89;Rohdaten
2018-12-18;419,88;Rohdaten
2018-12-19;419,89;Rohdaten
2018-12-20;419,90;Rohdaten
2018-12-21;419,92;Rohdaten
2018-12-22;420,04;Rohdaten
2018-12-23;420,53;Rohdaten
2018-12-24;420,76;Rohdaten
2018-12-25;420,80;Rohdaten
2018-12-26;420,69;Rohdaten
2018-12-27;420,43;Rohdaten
2018-12-28;420,22;Rohdaten
2018-12-29;420,10;Rohdaten
2018-12-30;420,04;Rohdaten
2018-12-31;420,01;Rohdaten
2019-01-01;420,00;Rohdaten
2019-01-02;419,99;Rohdaten
2019-01-03;419,99;Rohdaten
2019-01-04;419,98;Rohdaten
2019-01-05;419,97;Rohdaten
2019-01-06;420,01;Rohdaten
2019-01-07;420,24;Rohdaten
2019-01-08;420,50;Rohdaten
2019-01-09;420,58;Rohdaten
2019-01-10;420,51;Rohdaten
2019-01-11;420,39;Rohdaten
2019-01-12;420,25;Rohdaten
2019-01-13;420,28;Rohdaten
2019-01-14;420,59;Rohdaten
2019-01-15;420,79;Rohdaten
2019-01-16;420,70;Rohdaten
2019-01-17;420,53;Rohdaten
2019-01-18;420,30;Rohdaten
2019-01-19;420,19;Rohdaten
2019-01-20;420,11;Rohdaten
2019-01-21;420,04;Rohdaten
2019-01-22;420,01;Rohdaten
2019-01-23;419,99;Rohdaten
2019-01-24;419,94;Rohdaten
2019-01-25;419,91;Rohdaten
2019-01-26;419,90;Rohdaten
2019-01-27;419,92;Rohdaten
2019-01-28;419,92;Rohdaten
2019-01-29;419,92;Rohdaten
2019-01-30;419,95;Rohdaten
2019-01-31;419,93;Rohdaten
2019-02-01;419,92;Rohdaten
2019-02-02;419,91;Rohdaten
2019-02-03;419,91;Rohdaten
2019-02-04;419,93;Rohdaten
2019-02-05;419,93;Rohdaten
2019-02-06;419,93;Rohdaten
2019-02-07;419,92;Rohdaten
2019-02-08;419,90;Rohdaten
2019-02-09;419,91;Rohdaten
2019-02-10;419,94;Rohdaten
2019-02-11;419,97;Rohdaten
2019-02-12;420,02;Rohdaten
2019-02-13;420,03;Rohdaten
2019-02-14;420,01;Rohdaten
2019-02-15;419,98;Rohdaten
2019-02-16;419,96;Rohdaten
2019-02-17;419,94;Rohdaten
2019-02-18;419,92;Rohdaten
2019-02-19;419,91;Rohdaten
2019-02-20;419,89;Rohdaten
2019-02-21;419,87;Rohdaten
2019-02-22;419,85;Rohdaten
2019-02-23;419,84;Rohdaten
2019-02-24;419,84;Rohdaten
2019-02-25;419,83;Rohdaten
2019-02-26;419,83;Rohdaten
2019-02-27;419,82;Rohdaten
2019-02-28;419,83;Rohdaten
2019-03-01;419,82;Rohdaten
2019-03-02;419,81;Rohdaten
2019-03-03;419,81;Rohdaten
2019-03-04;419,82;Rohdaten
2019-03-05;419,79;Rohdaten
2019-03-06;419,80;Rohdaten
2019-03-07;419,81;Rohdaten
2019-03-08;419,80;Rohdaten
2019-03-09;419,80;Rohdaten
2019-03-10;419,81;Rohdaten
2019-03-11;419,82;Rohdaten
2019-03-12;419,87;Rohdaten
2019-03-13;419,99;Rohdaten
2019-03-14;419,99;Rohdaten
2019-03-15;420,02;Rohdaten
2019-03-16;420,17;Rohdaten
2019-03-17;420,29;Rohdaten
2019-03-18;420,29;Rohdaten
2019-03-19;420,18;Rohdaten
2019-03-20;420,11;Rohdaten
2019-03-21;420,05;Rohdaten
2019-03-22;420,03;Rohdaten
2019-03-23;420,11;Rohdaten
2019-03-24;420,14;Rohdaten
2019-03-25;420,13;Rohdaten
2019-03-26;420,10;Rohdaten
2019-03-27;420,04;Rohdaten
2019-03-28;420,05;Rohdaten
2019-03-29;420,07;Rohdaten
2019-03-30;420,08;Rohdaten
2019-03-31;420,07;Rohdaten
2019-04-01;420,07;Rohdaten
2019-04-02;420,02;Rohdaten
2019-04-03;419,95;Rohdaten
2019-04-04;419,89;Rohdaten
2019-04-05;419,84;Rohdaten
2019-04-06;419,82;Rohdaten
2019-04-07;419,80;Rohdaten
2019-04-08;419,78;Rohdaten
2019-04-09;419,77;Rohdaten
2019-04-10;419,76;Rohdaten
2019-04-11;419,76;Rohdaten
2019-04-12;419,75;Rohdaten
2019-04-13;419,75;Rohdaten
2019-04-14;419,74;Rohdaten
2019-04-15;419,73;Rohdaten
2019-04-16;419,72;Rohdaten
2019-04-17;419,70;Rohdaten
2019-04-18;419,70;Rohdaten
2019-04-19;419,69;Rohdaten
2019-04-20;419,69;Rohdaten
2019-04-21;419,70;Rohdaten
2019-04-22;419,71;Rohdaten
2019-04-23;419,70;Rohdaten
2019-04-24;419,67;Rohdaten
2019-04-25;419,66;Rohdaten
2019-04-26;419,65;Rohdaten
2019-04-27;419,65;Rohdaten
2019-04-28;419,66;Rohdaten
2019-04-29;419,68;Rohdaten
2019-04-30;419,70;Rohdaten
2019-05-01;419,72;Rohdaten
2019-05-02;419,73;Rohdaten
2019-05-03;419,72;Rohdaten
2019-05-04;419,70;Rohdaten
2019-05-05;419,69;Rohdaten
2019-05-06;419,70;Rohdaten
2019-05-07;419,70;Rohdaten
2019-05-08;419,70;Rohdaten
2019-05-09;419,70;Rohdaten
2019-05-10;419,76;Rohdaten
2019-05-11;419,94;Rohdaten
2019-05-12;420,01;Rohdaten
2019-05-13;420,04;Rohdaten
2019-05-14;420,05;Rohdaten
2019-05-15;420,04;Rohdaten
2019-05-16;420,03;Rohdaten
2019-05-17;419,97;Rohdaten
2019-05-18;420,02;Rohdaten
2019-05-19;420,04;Rohdaten
2019-05-20;420,03;Rohdaten
2019-05-21;420,17;Rohdaten
2019-05-22;420,41;Rohdaten
2019-05-23;420,44;Rohdaten
2019-05-24;420,38;Rohdaten
2019-05-25;420,28;Rohdaten
2019-05-26;420,21;Rohdaten
2019-05-27;420,17;Rohdaten
2019-05-28;420,15;Rohdaten
2019-05-29;420,12;Rohdaten
2019-05-30;420,10;Rohdaten
2019-05-31;420,09;Rohdaten
2019-06-01;420,08;Rohdaten
2019-06-02;420,08;Rohdaten
2019-06-03;420,06;Rohdaten
2019-06-04;420,04;Rohdaten
2019-06-05;420,03;Rohdaten
2019-06-06;420,02;Rohdaten
2019-06-07;420,02;Rohdaten
2019-06-08;419,99;Rohdaten
2019-06-09;420,00;Rohdaten
2019-06-10;420,02;Rohdaten
2019-06-11;420,01;Rohdaten
2019-06-12;420,02;Rohdaten
2019-06-13;420,04;Rohdaten
2019-06-14;420,04;Rohdaten
2019-06-15;420,02;Rohdaten
2019-06-16;420,01;Rohdaten
2019-06-17;420,03;Rohdaten
2019-06-18;420,06;Rohdaten
2019-06-19;420,05;Rohdaten
2019-06-20;420,03;Rohdaten
2019-06-21;420,02;Rohdaten
2019-06-22;420,03;Rohdaten
2019-06-23;420,01;Rohdaten
2019-06-24;420,00;Rohdaten
2019-06-25;419,99;Rohdaten
2019-06-26;419,98;Rohdaten
2019-06-27;419,96;Rohdaten
2019-06-28;419,96;Rohdaten
2019-06-29;419,96;Rohdaten
2019-06-30;419,94;Rohdaten
2019-07-01;419,94;Rohdaten
2019-07-02;419,93;Rohdaten
2019-07-03;419,93;Rohdaten
2019-07-04;419,89;Rohdaten
2019-07-05;419,91;Rohdaten
2019-07-06;419,87;Rohdaten
2019-07-07;419,86;Rohdaten
2019-07-08;419,89;Rohdaten
2019-07-09;419,89;Rohdaten
2019-07-10;419,88;Rohdaten
2019-07-11;419,87;Rohdaten
2019-07-12;419,89;Rohdaten
2019-07-13;419,90;Rohdaten
2019-07-14;419,90;Rohdaten
2019-07-15;419,93;Rohdaten
2019-07-16;419,93;Rohdaten
2019-07-17;419,93;Rohdaten
2019-07-18;419,90;Rohdaten
2019-07-19;419,87;Rohdaten
2019-07-20;419,87;Rohdaten
2019-07-21;419,84;Rohdaten
2019-07-22;419,86;Rohdaten
2019-07-23;419,87;Rohdaten
2019-07-24;419,88;Rohdaten
2019-07-25;419,87;Rohdaten
2019-07-26;419,85;Rohdaten
2019-07-27;419,80;Rohdaten
2019-07-28;419,81;Rohdaten
2019-07-29;419,84;Rohdaten
2019-07-30;419,87;Rohdaten
2019-07-31;419,89;Rohdaten
2019-08-01;419,88;Rohdaten
2019-08-02;419,88;Rohdaten
2019-08-03;419,87;Rohdaten
2019-08-04;419,87;Rohdaten
2019-08-05;419,88;Rohdaten
2019-08-06;419,84;Rohdaten
2019-08-07;419,94;Rohdaten
2019-08-08;420,10;Rohdaten
2019-08-09;420,15;Rohdaten
2019-08-10;420,12;Rohdaten
2019-08-11;420,07;Rohdaten
2019-08-12;420,05;Rohdaten
2019-08-13;420,04;Rohdaten
2019-08-14;420,02;Rohdaten
2019-08-15;420,00;Rohdaten
2019-08-16;419,97;Rohdaten
2019-08-17;419,95;Rohdaten
2019-08-18;419,94;Rohdaten
2019-08-19;419,92;Rohdaten
2019-08-20;419,93;Rohdaten
2019-08-21;419,93;Rohdaten
2019-08-22;419,94;Rohdaten
2019-08-23;419,94;Rohdaten
2019-08-24;419,93;Rohdaten
2019-08-25;419,91;Rohdaten
2019-08-26;419,89;Rohdaten
2019-08-27;419,90;Rohdaten
2019-08-28;419,89;Rohdaten
2019-08-29;419,89;Rohdaten
2019-08-30;419,87;Rohdaten
2019-08-31;419,87;Rohdaten
2019-09-01;419,87;Rohdaten
2019-09-02;419,83;Rohdaten
2019-09-03;419,86;Rohdaten
2019-09-04;419,83;Rohdaten
2019-09-05;419,84;Rohdaten
2019-09-06;419,80;Rohdaten
2019-09-07;419,80;Rohdaten
2019-09-08;419,85;Rohdaten
2019-09-09;419,83;Rohdaten
2019-09-10;419,85;Rohdaten
2019-09-11;419,82;Rohdaten
2019-09-12;419,83;Rohdaten
2019-09-13;419,79;Rohdaten
2019-09-14;419,80;Rohdaten
2019-09-15;419,81;Rohdaten
2019-09-16;419,81;Rohdaten
2019-09-17;419,77;Rohdaten
2019-09-18;419,80;Rohdaten
2019-09-19;419,80;Rohdaten
2019-09-20;419,76;Rohdaten
2019-09-21;419,81;Rohdaten
2019-09-22;419,78;Rohdaten
2019-09-23;419,79;Rohdaten
2019-09-24;419,83;Rohdaten
2019-09-25;419,89;Rohdaten
2019-09-26;419,92;Rohdaten
2019-09-27;419,93;Rohdaten
2019-09-28;419,93;Rohdaten
2019-09-29;419,94;Rohdaten
2019-09-30;419,93;Rohdaten
2019-10-01;419,93;Rohdaten
2019-10-02;419,89;Rohdaten
2019-10-03;419,88;Rohdaten
2019-10-04;419,89;Rohdaten
2019-10-05;419,89;Rohdaten
2019-10-06;419,94;Rohdaten
2019-10-07;420,00;Rohdaten
2019-10-08;420,05;Rohdaten
2019-10-09;420,10;Rohdaten
2019-10-10;420,10;Rohdaten
2019-10-11;420,09;Rohdaten
2019-10-12;420,08;Rohdaten
2019-10-13;420,05;Rohdaten
2019-10-14;420,03;Rohdaten
2019-10-15;420,00;Rohdaten
2019-10-16;419,96;Rohdaten
2019-10-17;419,96;Rohdaten
2019-10-18;419,96;Rohdaten
2019-10-19;419,98;Rohdaten
2019-10-20;420,02;Rohdaten
2019-10-21;420,02;Rohdaten
2019-10-22;420,01;Rohdaten
2019-10-23;420,01;Rohdaten
2019-10-24;420,00;Rohdaten
2019-10-25;419,97;Rohdaten
2019-10-26;419,98;Rohdaten
2019-10-27;419,98;Rohdaten
2019-10-28;419,97;Rohdaten
2019-10-29;419,96;Rohdaten
2019-10-30;419,95;Rohdaten
2019-10-31;419,96;Rohdaten
2019-11-01;419,96;Rohdaten
2019-11-02;419,97;Rohdaten
2019-11-03;419,98;Rohdaten
2019-11-04;420,01;Rohdaten
2019-11-05;420,03;Rohdaten
2019-11-06;420,03;Rohdaten
2019-11-07;420,03;Rohdaten
2019-11-08;420,02;Rohdaten
2019-11-09;420,00;Rohdaten
2019-11-10;419,99;Rohdaten
2019-11-11;419,98;Rohdaten
2019-11-12;419,97;Rohdaten
2019-11-13;419,97;Rohdaten
2019-11-14;419,96;Rohdaten
2019-11-15;419,97;Rohdaten
2019-11-16;419,95;Rohdaten
2019-11-17;419,96;Rohdaten
2019-11-18;419,95;Rohdaten
2019-11-19;419,94;Rohdaten
2019-11-20;419,93;Rohdaten
2019-11-21;419,93;Rohdaten
2019-11-22;419,93;Rohdaten
2019-11-23;419,93;Rohdaten
2019-11-24;419,92;Rohdaten
2019-11-25;419,91;Rohdaten
2019-11-26;419,92;Rohdaten
2019-11-27;419,93;Rohdaten
2019-11-28;419,92;Rohdaten
2019-11-29;419,92;Rohdaten
2019-11-30;419,92;Rohdaten
2019-12-01;419,95;Rohdaten
2019-12-02;419,95;Rohdaten
2019-12-03;419,95;Rohdaten
2019-12-04;419,95;Rohdaten
2019-12-05;419,94;Rohdaten
2019-12-06;419,94;Rohdaten
2019-12-07;419,93;Rohdaten
2019-12-08;419,94;Rohdaten
2019-12-09;419,95;Rohdaten
2019-12-10;419,93;Rohdaten
2019-12-11;419,96;Rohdaten
2019-12-12;419,98;Rohdaten
2019-12-13;420,02;Rohdaten
2019-12-14;420,05;Rohdaten
2019-12-15;420,17;Rohdaten
2019-12-16;420,30;Rohdaten
2019-12-17;420,31;Rohdaten
2019-12-18;420,24;Rohdaten
2019-12-19;420,18;Rohdaten
2019-12-20;420,16;Rohdaten
2019-12-21;420,12;Rohdaten
2019-12-22;420,10;Rohdaten
2019-12-23;420,06;Rohdaten
2019-12-24;420,08;Rohdaten
2019-12-25;420,14;Rohdaten
2019-12-26;420,28;Rohdaten
2019-12-27;420,35;Rohdaten
2019-12-28;420,29;Rohdaten
2019-12-29;420,23;Rohdaten
2019-12-30;420,18;Rohdaten
2019-12-31;420,15;Rohdaten
2020-01-01;420,12;Rohdaten
2020-01-02;420,10;Rohdaten
2020-01-03;420,09;Rohdaten
2020-01-04;420,07;Rohdaten
2020-01-05;420,06;Rohdaten
2020-01-06;420,08;Rohdaten
2020-01-07;420,07;Rohdaten
2020-01-08;420,06;Rohdaten
2020-01-09;420,07;Rohdaten
2020-01-10;420,05;Rohdaten
2020-01-11;420,04;Rohdaten
2020-01-12;420,04;Rohdaten
2020-01-13;420,05;Rohdaten
2020-01-14;420,04;Rohdaten
2020-01-15;420,03;Rohdaten
2020-01-16;420,01;Rohdaten
2020-01-17;420,02;Rohdaten
2020-01-18;420,00;Rohdaten
2020-01-19;419,99;Rohdaten
2020-01-20;419,98;Rohdaten
2020-01-21;419,99;Rohdaten
2020-01-22;420,00;Rohdaten
2020-01-23;419,99;Rohdaten
2020-01-24;420,00;Rohdaten
2020-01-25;419,99;Rohdaten
2020-01-26;419,99;Rohdaten
2020-01-27;419,99;Rohdaten
2020-01-28;420,01;Rohdaten
2020-01-29;420,01;Rohdaten
2020-01-30;420,04;Rohdaten
2020-01-31;420,08;Rohdaten
2020-02-01;420,12;Rohdaten
2020-02-02;420,19;Rohdaten
2020-02-03;420,45;Rohdaten
2020-02-04;420,65;Rohdaten
2020-02-05;420,70;Rohdaten
2020-02-06;420,65;Rohdaten
2020-02-07;420,52;Rohdaten
2020-02-08;420,41;Rohdaten
2020-02-09;420,34;Rohdaten
2020-02-10;420,30;Rohdaten
2020-02-11;420,30;Rohdaten
2020-02-12;420,37;Rohdaten
2020-02-13;420,42;Rohdaten
2020-02-14;420,42;Rohdaten
2020-02-15;420,44;Rohdaten
2020-02-16;420,43;Rohdaten
2020-02-17;420,36;Rohdaten
2020-02-18;420,33;Rohdaten
2020-02-19;420,37;Rohdaten
2020-02-20;420,38;Rohdaten
2020-02-21;420,34;Rohdaten
2020-02-22;420,30;Rohdaten
2020-02-23;420,28;Rohdaten
2020-02-24;420,28;Rohdaten
2020-02-25;420,35;Rohdaten
2020-02-26;420,39;Rohdaten
2020-02-27;420,41;Rohdaten
2020-02-28;420,37;Rohdaten
2020-02-29;420,41;Rohdaten
2020-03-01;420,52;Rohdaten
2020-03-02;420,58;Rohdaten
2020-03-03;420,52;Rohdaten
2020-03-04;420,41;Rohdaten
2020-03-05;420,37;Rohdaten
2020-03-06;420,37;Rohdaten
2020-03-07;420,39;Rohdaten
2020-03-08;420,40;Rohdaten
2020-03-09;420,36;Rohdaten
2020-03-10;420,34;Rohdaten
2020-03-11;420,40;Rohdaten
2020-03-12;420,45;Rohdaten
2020-03-13;420,42;Rohdaten
2020-03-14;420,35;Rohdaten
2020-03-15;420,31;Rohdaten
2020-03-16;420,26;Rohdaten
2020-03-17;420,22;Rohdaten
2020-03-18;420,21;Rohdaten
2020-03-19;420,19;Rohdaten
2020-03-20;420,17;Rohdaten
2020-03-21;420,16;Rohdaten
2020-03-22;420,18;Rohdaten
2020-03-23;420,21;Rohdaten
2020-03-24;420,20;Rohdaten
2020-03-25;420,19;Rohdaten
2020-03-26;420,17;Rohdaten
2020-03-27;420,15;Rohdaten
2020-03-28;420,13;Rohdaten
2020-03-29;420,11;Rohdaten
2020-03-30;420,10;Rohdaten
2020-03-31;420,09;Rohdaten
2020-04-01;420,09;Rohdaten
2020-04-02;420,09;Rohdaten
2020-04-03;420,07;Rohdaten
2020-04-04;420,05;Rohdaten
2020-04-05;420,05;Rohdaten
2020-04-06;420,04;Rohdaten
2020-04-07;420,03;Rohdaten
2020-04-08;420,04;Rohdaten
2020-04-09;420,03;Rohdaten
2020-04-10;420,03;Rohdaten
2020-04-11;420,02;Rohdaten
2020-04-12;420,02;Rohdaten
2020-04-13;420,02;Rohdaten
2020-04-14;419,99;Rohdaten
2020-04-15;419,98;Rohdaten
2020-04-16;419,99;Rohdaten
2020-04-17;420,00;Rohdaten
2020-04-18;419,99;Rohdaten
2020-04-19;419,99;Rohdaten
2020-04-20;419,98;Rohdaten
2020-04-21;419,98;Rohdaten
2020-04-22;419,97;Rohdaten
2020-04-23;419,97;Rohdaten
2020-04-24;419,98;Rohdaten
2020-04-25;419,97;Rohdaten
2020-04-26;419,97;Rohdaten
2020-04-27;419,97;Rohdaten
2020-04-28;419,97;Rohdaten
2020-04-29;419,97;Rohdaten
2020-04-30;419,98;Rohdaten
2020-05-01;419,99;Rohdaten
2020-05-02;419,98;Rohdaten
2020-05-03;419,97;Rohdaten
2020-05-04;419,96;Rohdaten
2020-05-05;419,95;Rohdaten
2020-05-06;419,93;Rohdaten
2020-05-07;419,93;Rohdaten
2020-05-08;419,93;Rohdaten
2020-05-09;419,93;Rohdaten
2020-05-10;419,93;Rohdaten
2020-05-11;419,92;Rohdaten
2020-05-12;419,94;Rohdaten
2020-05-13;419,98;Rohdaten
2020-05-14;420,00;Rohdaten
2020-05-15;420,00;Rohdaten
2020-05-16;419,99;Rohdaten
2020-05-17;419,97;Rohdaten
2020-05-18;419,95;Rohdaten
2020-05-19;419,94;Rohdaten
2020-05-20;419,93;Rohdaten
2020-05-21;419,92;Rohdaten
2020-05-22;419,91;Rohdaten
2020-05-23;419,91;Rohdaten
2020-05-24;419,89;Rohdaten
2020-05-25;419,89;Rohdaten
2020-05-26;419,89;Rohdaten
2020-05-27;419,90;Rohdaten
2020-05-28;419,90;Rohdaten
2020-05-29;419,90;Rohdaten
2020-05-30;419,88;Rohdaten
2020-05-31;419,89;Rohdaten
2020-06-01;419,88;Rohdaten
2020-06-02;419,86;Rohdaten
2020-06-03;419,88;Rohdaten
2020-06-04;419,89;Rohdaten
2020-06-05;419,88;Rohdaten
2020-06-06;419,92;Rohdaten
2020-06-07;419,97;Rohdaten
2020-06-08;420,01;Rohdaten
2020-06-09;420,02;Rohdaten
2020-06-10;420,01;Rohdaten
2020-06-11;420,00;Rohdaten
2020-06-12;419,99;Rohdaten
2020-06-13;419,97;Rohdaten
2020-06-14;419,99;Rohdaten
2020-06-15;420,03;Rohdaten
2020-06-16;420,09;Rohdaten
2020-06-17;420,13;Rohdaten
2020-06-18;420,15;Rohdaten
2020-06-19;420,12;Rohdaten
2020-06-20;420,08;Rohdaten
2020-06-21;420,07;Rohdaten
2020-06-22;420,05;Rohdaten
2020-06-23;420,01;Rohdaten
2020-06-24;420,00;Rohdaten
2020-06-25;419,98;Rohdaten
2020-06-26;419,96;Rohdaten
2020-06-27;419,95;Rohdaten
2020-06-28;419,94;Rohdaten
2020-06-29;419,96;Rohdaten
2020-06-30;419,96;Rohdaten
2020-07-01;419,95;Rohdaten
2020-07-02;419,95;Rohdaten
2020-07-03;419,97;Rohdaten
2020-07-04;419,97;Rohdaten
2020-07-05;419,97;Rohdaten
2020-07-06;419,96;Rohdaten
2020-07-07;419,92;Rohdaten
2020-07-08;419,88;Rohdaten
2020-07-09;419,89;Rohdaten
2020-07-10;419,87;Rohdaten
2020-07-11;419,86;Rohdaten
2020-07-12;419,87;Rohdaten
2020-07-13;419,86;Rohdaten
2020-07-14;419,86;Rohdaten
2020-07-15;419,84;Rohdaten
2020-07-16;419,86;Rohdaten
2020-07-17;419,87;Rohdaten
2020-07-18;419,92;Rohdaten
2020-07-19;419,95;Rohdaten
2020-07-20;419,93;Rohdaten
2020-07-21;419,90;Rohdaten
2020-07-22;419,87;Rohdaten
2020-07-23;419,87;Rohdaten
2020-07-24;419,85;Rohdaten
2020-07-25;419,85;Rohdaten
2020-07-26;419,83;Rohdaten
2020-07-27;419,80;Rohdaten
2020-07-28;419,83;Rohdaten
2020-07-29;419,81;Rohdaten
2020-07-30;419,78;Rohdaten
2020-07-31;419,81;Rohdaten
2020-08-01;419,78;Rohdaten
2020-08-02;419,76;Rohdaten
2020-08-03;419,82;Rohdaten
2020-08-04;419,90;Rohdaten
2020-08-05;419,98;Rohdaten
2020-08-06;420,02;Rohdaten
2020-08-07;420,00;Rohdaten
2020-08-08;419,97;Rohdaten
2020-08-09;419,93;Rohdaten
2020-08-10;419,91;Rohdaten
2020-08-11;419,90;Rohdaten
2020-08-12;419,86;Rohdaten
2020-08-13;419,88;Rohdaten
2020-08-14;419,93;Rohdaten
2020-08-15;419,96;Rohdaten
2020-08-16;419,96;Rohdaten
2020-08-17;419,94;Rohdaten
2020-08-18;419,94;Rohdaten
2020-08-19;419,93;Rohdaten
2020-08-20;419,91;Rohdaten
2020-08-21;419,91;Rohdaten
2020-08-22;419,91;Rohdaten
2020-08-23;419,93;Rohdaten
2020-08-24;419,95;Rohdaten
2020-08-25;419,96;Rohdaten
2020-08-26;419,93;Rohdaten
2020-08-27;419,91;Rohdaten
2020-08-28;419,91;Rohdaten
2020-08-29;419,89;Rohdaten
2020-08-30;419,92;Rohdaten
2020-08-31;419,99;Rohdaten
2020-09-01;420,03;Rohdaten
2020-09-02;420,04;Rohdaten
2020-09-03;420,02;Rohdaten
2020-09-04;420,00;Rohdaten
2020-09-05;419,98;Rohdaten
2020-09-06;419,95;Rohdaten
2020-09-07;419,91;Rohdaten
2020-09-08;419,90;Rohdaten
2020-09-09;419,88;Rohdaten
2020-09-10;419,87;Rohdaten
2020-09-11;419,87;Rohdaten
2020-09-12;419,84;Rohdaten
2020-09-13;419,85;Rohdaten
2020-09-14;419,84;Rohdaten
2020-09-15;419,85;Rohdaten
2020-09-16;419,85;Rohdaten
2020-09-17;419,81;Rohdaten
2020-09-18;419,81;Rohdaten
2020-09-19;419,84;Rohdaten
2020-09-20;419,82;Rohdaten
2020-09-21;419,80;Rohdaten
2020-09-22;419,81;Rohdaten
2020-09-23;419,82;Rohdaten
2020-09-24;419,82;Rohdaten
2020-09-25;419,85;Rohdaten
2020-09-26;419,89;Rohdaten
2020-09-27;419,91;Rohdaten
2020-09-28;419,93;Rohdaten
2020-09-29;419,95;Rohdaten
2020-09-30;419,95;Rohdaten
2020-10-01;419,94;Rohdaten
2020-10-02;419,93;Rohdaten
2020-10-03;419,91;Rohdaten
2020-10-04;419,90;Rohdaten
2020-10-05;419,88;Rohdaten
2020-10-06;419,87;Rohdaten
2020-10-07;419,85;Rohdaten
2020-10-08;419,85;Rohdaten
2020-10-09;419,87;Rohdaten
2020-10-10;419,88;Rohdaten
2020-10-11;419,89;Rohdaten
2020-10-12;419,89;Rohdaten
2020-10-13;419,90;Rohdaten
2020-10-14;419,89;Rohdaten
2020-10-15;419,89;Rohdaten
2020-10-16;419,90;Rohdaten
2020-10-17;419,92;Rohdaten
2020-10-18;419,92;Rohdaten
2020-10-19;419,93;Rohdaten
2020-10-20;419,93;Rohdaten
2020-10-21;419,92;Rohdaten
2020-10-22;419,91;Rohdaten
2020-10-23;419,91;Rohdaten
2020-10-24;419,92;Rohdaten
2020-10-25;419,94;Rohdaten
2020-10-26;419,95;Rohdaten
2020-10-27;419,94;Rohdaten
2020-10-28;419,93;Rohdaten
2020-10-29;419,92;Rohdaten
2020-10-30;419,92;Rohdaten
2020-10-31;419,94;Rohdaten
2020-11-01;419,94;Rohdaten
2020-11-02;419,95;Rohdaten
2020-11-03;419,94;Rohdaten
2020-11-04;419,94;Rohdaten
2020-11-05;419,93;Rohdaten
2020-11-06;419,93;Rohdaten
2020-11-07;419,92;Rohdaten
2020-11-08;419,95;Rohdaten
2020-11-09;420,41;Rohdaten
2020-11-10;419,91;Rohdaten
2020-11-11;419,91;Rohdaten
2020-11-12;419,91;Rohdaten
2020-11-13;419,90;Rohdaten
2020-11-14;419,90;Rohdaten
2020-11-15;419,90;Rohdaten
2020-11-16;419,87;Rohdaten
2020-11-17;419,86;Rohdaten
2020-11-18;419,86;Rohdaten
2020-11-19;419,87;Rohdaten
2020-11-20;419,86;Rohdaten
2020-11-21;419,87;Rohdaten
2020-11-22;419,87;Rohdaten
2020-11-23;419,86;Rohdaten
2020-11-24;419,85;Rohdaten
2020-11-25;419,85;Rohdaten
2020-11-26;419,84;Rohdaten
2020-11-27;419,85;Rohdaten
2020-11-28;419,84;Rohdaten
2020-11-29;419,83;Rohdaten
2020-11-30;419,83;Rohdaten
2020-12-01;419,84;Rohdaten
2020-12-02;419,84;Rohdaten
2020-12-03;419,85;Rohdaten
2020-12-04;419,86;Rohdaten
2020-12-05;419,84;Rohdaten
2020-12-06;419,84;Rohdaten
2020-12-07;419,84;Rohdaten
2020-12-08;419,86;Rohdaten
2020-12-09;419,86;Rohdaten
2020-12-10;419,89;Rohdaten
2020-12-11;419,92;Rohdaten
2020-12-12;419,92;Rohdaten
2020-12-13;419,91;Rohdaten
2020-12-14;419,92;Rohdaten
2020-12-15;419,94;Rohdaten
2020-12-16;419,94;Rohdaten
2020-12-17;419,93;Rohdaten
2020-12-18;419,91;Rohdaten
2020-12-19;419,92;Rohdaten
2020-12-20;419,91;Rohdaten
2020-12-21;419,90;Rohdaten
2020-12-22;419,91;Rohdaten
2020-12-23;419,93;Rohdaten
2020-12-24;419,99;Rohdaten
2020-12-25;420,08;Rohdaten
2020-12-26;420,15;Rohdaten
2020-12-27;420,18;Rohdaten
2020-12-28;420,15;Rohdaten
2020-12-29;420,09;Rohdaten
2020-12-30;420,04;Rohdaten
2020-12-31;420,02;Rohdaten
2021-01-01;420,01;Rohdaten
2021-01-02;420,00;Rohdaten
2021-01-03;419,99;Rohdaten
2021-01-04;419,98;Rohdaten
2021-01-05;419,98;Rohdaten
2021-01-06;419,97;Rohdaten
2021-01-07;419,97;Rohdaten
2021-01-08;419,97;Rohdaten
2021-01-09;419,96;Rohdaten
2021-01-10;419,95;Rohdaten
2021-01-11;419,95;Rohdaten
2021-01-12;419,96;Rohdaten
2021-01-13;419,95;Rohdaten
2021-01-14;419,95;Rohdaten
2021-01-15;419,94;Rohdaten
2021-01-16;419,94;Rohdaten
2021-01-17;419,95;Rohdaten
2021-01-18;419,93;Rohdaten
2021-01-19;419,94;Rohdaten
2021-01-20;419,96;Rohdaten
2021-01-21;419,97;Rohdaten
2021-01-22;420,02;Rohdaten
2021-01-23;420,15;Rohdaten
2021-01-24;420,35;Rohdaten
2021-01-25;420,33;Rohdaten
2021-01-26;420,23;Rohdaten
2021-01-27;420,17;Rohdaten
2021-01-28;420,16;Rohdaten
2021-01-29;420,39;Rohdaten
2021-01-30;420,68;Rohdaten
2021-01-31;420,73;Rohdaten
2021-02-01;420,65;Rohdaten
2021-02-02;420,54;Rohdaten
2021-02-03;420,52;Rohdaten
2021-02-04;420,58;Rohdaten
2021-02-05;420,62;Rohdaten
2021-02-06;420,56;Rohdaten
2021-02-07;420,50;Rohdaten
2021-02-08;420,49;Rohdaten
2021-02-09;420,48;Rohdaten
2021-02-10;420,44;Rohdaten
2021-02-11;420,37;Rohdaten
2021-02-12;420,33;Rohdaten
2021-02-13;420,28;Rohdaten
2021-02-14;420,25;Rohdaten
2021-02-15;420,23;Rohdaten
2021-02-16;420,21;Rohdaten
2021-02-17;420,22;Rohdaten
2021-02-18;420,33;Rohdaten
2021-02-19;420,39;Rohdaten
2021-02-20;420,36;Rohdaten
2021-02-21;420,32;Rohdaten
2021-02-22;420,27;Rohdaten
2021-02-23;420,22;Rohdaten
2021-02-24;420,20;Rohdaten
2021-02-25;420,19;Rohdaten
2021-02-26;420,17;Rohdaten
2021-02-27;420,15;Rohdaten
2021-02-28;420,14;Rohdaten
2021-03-01;420,13;Rohdaten
2021-03-02;420,11;Rohdaten
2021-03-03;420,10;Rohdaten
2021-03-04;420,10;Rohdaten
2021-03-05;420,08;Rohdaten
2021-03-06;420,06;Rohdaten
2021-03-07;420,07;Rohdaten
2021-03-08;420,06;Rohdaten
2021-03-09;420,05;Rohdaten
2021-03-10;420,05;Rohdaten
2021-03-11;420,05;Rohdaten
2021-03-12;420,03;Rohdaten
2021-03-13;420,04;Rohdaten
2021-03-14;420,05;Rohdaten
2021-03-15;420,08;Rohdaten
2021-03-16;420,11;Rohdaten
2021-03-17;420,16;Rohdaten
2021-03-18;420,15;Rohdaten
2021-03-19;420,13;Rohdaten
2021-03-20;420,10;Rohdaten
2021-03-21;420,10;Rohdaten
2021-03-22;420,08;Rohdaten
2021-03-23;420,07;Rohdaten
2021-03-24;420,06;Rohdaten
2021-03-25;420,05;Rohdaten
2021-03-26;420,04;Rohdaten
2021-03-27;420,01;Rohdaten
2021-03-28;420,00;Rohdaten
2021-03-29;419,99;Rohdaten
2021-03-30;419,98;Rohdaten
2021-03-31;419,98;Rohdaten
2021-04-01;419,98;Rohdaten
2021-04-02;419,97;Rohdaten
2021-04-03;419,96;Rohdaten
2021-04-04;419,96;Rohdaten
2021-04-05;419,97;Rohdaten
2021-04-06;419,95;Rohdaten
2021-04-07;419,94;Rohdaten
2021-04-08;419,93;Rohdaten
2021-04-09;419,94;Rohdaten
2021-04-10;419,93;Rohdaten
2021-04-11;419,93;Rohdaten
2021-04-12;419,90;Rohdaten
2021-04-13;419,90;Rohdaten
2021-04-14;419,91;Rohdaten
2021-04-15;419,91;Rohdaten
2021-04-16;419,91;Rohdaten
2021-04-17;419,90;Rohdaten
2021-04-18;419,90;Rohdaten
2021-04-19;419,89;Rohdaten
2021-04-20;419,89;Rohdaten
2021-04-21;419,90;Rohdaten
2021-04-22;419,90;Rohdaten
2021-04-23;419,89;Rohdaten
2021-04-24;419,89;Rohdaten
2021-04-25;419,88;Rohdaten
2021-04-26;419,88;Rohdaten
2021-04-27;419,88;Rohdaten
2021-04-28;419,87;Rohdaten
2021-04-29;419,85;Rohdaten
2021-04-30;419,85;Rohdaten
2021-05-01;419,86;Rohdaten
2021-05-02;419,90;Rohdaten
2021-05-03;419,96;Rohdaten
2021-05-04;420,01;Rohdaten
2021-05-05;420,00;Rohdaten
2021-05-06;419,99;Rohdaten
2021-05-07;419,99;Rohdaten
2021-05-08;420,01;Rohdaten
2021-05-09;420,03;Rohdaten
2021-05-10;420,01;Rohdaten
2021-05-11;419,99;Rohdaten
2021-05-12;419,98;Rohdaten
2021-05-13;420,03;Rohdaten
2021-05-14;420,10;Rohdaten
2021-05-15;420,11;Rohdaten
2021-05-16;420,09;Rohdaten
2021-05-17;420,06;Rohdaten
2021-05-18;420,03;Rohdaten
2021-05-19;420,02;Rohdaten
2021-05-20;420,01;Rohdaten
2021-05-21;420,02;Rohdaten
2021-05-22;420,00;Rohdaten
2021-05-23;419,97;Rohdaten
2021-05-24;419,97;Rohdaten
2021-05-25;419,95;Rohdaten
2021-05-26;419,95;Rohdaten
2021-05-27;419,95;Rohdaten
2021-05-28;419,94;Rohdaten
2021-05-29;419,95;Rohdaten
2021-05-30;419,94;Rohdaten
2021-05-31;419,93;Rohdaten
2021-06-01;419,93;Rohdaten
2021-06-02;419,91;Rohdaten
2021-06-03;419,90;Rohdaten
2021-06-04;419,89;Rohdaten
2021-06-05;419,89;Rohdaten
2021-06-06;419,93;Rohdaten
2021-06-07;420,07;Rohdaten
2021-06-08;420,34;Rohdaten
2021-06-09;420,42;Rohdaten
2021-06-10;420,38;Rohdaten
2021-06-11;420,30;Rohdaten
2021-06-12;420,25;Rohdaten
2021-06-13;420,19;Rohdaten
2021-06-14;420,14;Rohdaten
2021-06-15;420,10;Rohdaten
2021-06-16;420,08;Rohdaten
2021-06-17;420,05;Rohdaten
2021-06-18;420,02;Rohdaten
2021-06-19;419,99;Rohdaten
2021-06-20;419,98;Rohdaten
2021-06-21;419,98;Rohdaten
2021-06-22;420,07;Rohdaten
2021-06-23;420,11;Rohdaten
2021-06-24;420,09;Rohdaten
2021-06-25;420,11;Rohdaten
2021-06-26;420,20;Rohdaten
2021-06-27;420,18;Rohdaten
2021-06-28;420,11;Rohdaten
2021-06-29;420,07;Rohdaten
2021-06-30;420,08;Rohdaten
2021-07-01;420,14;Rohdaten
2021-07-02;420,17;Rohdaten
2021-07-03;420,18;Rohdaten
2021-07-04;420,15;Rohdaten
2021-07-05;420,13;Rohdaten
2021-07-06;420,10;Rohdaten
2021-07-07;420,06;Rohdaten
2021-07-08;420,06;Rohdaten
2021-07-09;420,32;Rohdaten
2021-07-10;420,88;Rohdaten
2021-07-11;420,91;Rohdaten
2021-07-12;420,85;Rohdaten
2021-07-13;420,76;Rohdaten
2021-07-14;420,62;Rohdaten
2021-07-15;420,49;Rohdaten
2021-07-16;420,40;Rohdaten
2021-07-17;420,33;Rohdaten
2021-07-18;420,27;Rohdaten
2021-07-19;420,22;Rohdaten
2021-07-20;420,18;Rohdaten
2021-07-21;420,13;Rohdaten
2021-07-22;420,10;Rohdaten
2021-07-23;420,08;Rohdaten
2021-07-24;420,06;Rohdaten
2021-07-25;420,04;Rohdaten
2021-07-26;420,02;Rohdaten
2021-07-27;420,01;Rohdaten
2021-07-28;419,99;Rohdaten
2021-07-29;419,99;Rohdaten
2021-07-30;419,99;Rohdaten
2021-07-31;419,98;Rohdaten
2021-08-01;419,98;Rohdaten
2021-08-02;419,99;Rohdaten
2021-08-03;419,99;Rohdaten
2021-08-04;419,98;Rohdaten
2021-08-05;419,98;Rohdaten
2021-08-06;419,97;Rohdaten
2021-08-07;419,97;Rohdaten
2021-08-08;419,98;Rohdaten
2021-08-09;419,98;Rohdaten
2021-08-10;419,98;Rohdaten
2021-08-11;419,97;Rohdaten
2021-08-12;419,96;Rohdaten
2021-08-13;419,95;Rohdaten
2021-08-14;419,94;Rohdaten
2021-08-15;419,94;Rohdaten
2021-08-16;419,92;Rohdaten
2021-08-17;419,91;Rohdaten
2021-08-18;419,92;Rohdaten
2021-08-19;419,93;Rohdaten
2021-08-20;419,93;Rohdaten
2021-08-21;419,92;Rohdaten
2021-08-22;419,92;Rohdaten
2021-08-23;419,93;Rohdaten
2021-08-24;419,96;Rohdaten
2021-08-25;419,98;Rohdaten
2021-08-26;419,98;Rohdaten
2021-08-27;419,97;Rohdaten
2021-08-28;419,97;Rohdaten
2021-08-29;419,97;Rohdaten
2021-08-30;419,99;Rohdaten
2021-08-31;420,02;Rohdaten
2021-09-01;420,17;Rohdaten
2021-09-02;420,17;Rohdaten
2021-09-03;420,10;Rohdaten
2021-09-04;420,05;Rohdaten
2021-09-05;420,02;Rohdaten
2021-09-06;419,99;Rohdaten
2021-09-07;419,97;Rohdaten
2021-09-08;419,97;Rohdaten
2021-09-09;419,95;Rohdaten
2021-09-10;419,94;Rohdaten
2021-09-11;419,93;Rohdaten
2021-09-12;419,93;Rohdaten
2021-09-13;419,93;Rohdaten
2021-09-14;419,93;Rohdaten
2021-09-15;419,92;Rohdaten
2021-09-16;419,92;Rohdaten
2021-09-17;419,91;Rohdaten
2021-09-18;419,92;Rohdaten
2021-09-19;419,92;Rohdaten
2021-09-20;419,91;Rohdaten
2021-09-21;419,89;Rohdaten
2021-09-22;419,89;Rohdaten
2021-09-23;419,90;Rohdaten
2021-09-24;419,89;Rohdaten
2021-09-25;419,88;Rohdaten
2021-09-26;419,89;Rohdaten
2021-09-27;419,90;Rohdaten
2021-09-28;419,89;Rohdaten
2021-09-29;419,90;Rohdaten
2021-09-30;419,90;Rohdaten
2021-10-01;419,92;Rohdaten
2021-10-02;419,93;Rohdaten
2021-10-03;419,93;Rohdaten
2021-10-04;419,91;Rohdaten
2021-10-05;419,92;Rohdaten
2021-10-06;419,90;Rohdaten
2021-10-07;419,90;Rohdaten
2021-10-08;419,92;Rohdaten
2021-10-09;419,93;Rohdaten
2021-10-10;419,93;Rohdaten
2021-10-11;419,93;Rohdaten
2021-10-12;419,93;Rohdaten
2021-10-13;419,92;Rohdaten
2021-10-14;419,93;Rohdaten
2021-10-15;419,95;Rohdaten
2021-10-16;419,95;Rohdaten
2021-10-17;419,95;Rohdaten
2021-10-18;419,94;Rohdaten
2021-10-19;419,95;Rohdaten
2021-10-20;419,96;Rohdaten
2021-10-21;419,96;Rohdaten
2021-10-22;419,95;Rohdaten
2021-10-23;419,97;Rohdaten
2021-10-24;419,98;Rohdaten
2021-10-25;419,98;Rohdaten
2021-10-26;419,97;Rohdaten
2021-10-27;419,97;Rohdaten
2021-10-28;419,97;Rohdaten
2021-10-29;419,98;Rohdaten
2021-10-30;419,98;Rohdaten
2021-10-31;419,98;Rohdaten
2021-11-01;419,98;Rohdaten
2021-11-02;419,98;Rohdaten
2021-11-03;419,98;Rohdaten
2021-11-04;419,98;Rohdaten
2021-11-05;419,99;Rohdaten
2021-11-06;420,02;Rohdaten
2021-11-07;420,04;Rohdaten
2021-11-08;420,02;Rohdaten
2021-11-09;419,99;Rohdaten
2021-11-10;419,99;Rohdaten
2021-11-11;419,98;Rohdaten
2021-11-12;419,98;Rohdaten
2021-11-13;419,98;Rohdaten
2021-11-14;419,97;Rohdaten
2021-11-15;419,97;Rohdaten
2021-11-16;419,96;Rohdaten
2021-11-17;419,95;Rohdaten
2021-11-18;419,93;Rohdaten
2021-11-19;419,94;Rohdaten
2021-11-20;419,95;Rohdaten
2021-11-21;419,97;Rohdaten
2021-11-22;419,95;Rohdaten
2021-11-23;419,94;Rohdaten
2021-11-24;419,94;Rohdaten
2021-11-25;419,95;Rohdaten
2021-11-26;419,95;Rohdaten
2021-11-27;419,95;Rohdaten
2021-11-28;419,93;Rohdaten
2021-11-29;419,92;Rohdaten
2021-11-30;419,92;Rohdaten
2021-12-01;419,95;Rohdaten
2021-12-02;419,98;Rohdaten
2021-12-03;420,05;Rohdaten
2021-12-04;420,13;Rohdaten
2021-12-05;420,12;Rohdaten
2021-12-06;420,33;Rohdaten
2021-12-07;420,35;Rohdaten
2021-12-08;420,25;Rohdaten
2021-12-09;420,18;Rohdaten
2021-12-10;420,27;Rohdaten
2021-12-11;420,41;Rohdaten
2021-12-12;420,38;Rohdaten
2021-12-13;420,33;Rohdaten
2021-12-14;420,36;Rohdaten
2021-12-15;420,37;Rohdaten
2021-12-16;420,28;Rohdaten
2021-12-17;420,20;Rohdaten
2021-12-18;420,16;Rohdaten
2021-12-19;420,14;Rohdaten
2021-12-20;420,11;Rohdaten
2021-12-21;420,09;Rohdaten
2021-12-22;420,07;Rohdaten
2021-12-23;420,08;Rohdaten
2021-12-24;420,07;Rohdaten
2021-12-25;420,12;Rohdaten
2021-12-26;420,48;Rohdaten
2021-12-27;420,60;Rohdaten
2021-12-28;420,55;Rohdaten
2021-12-29;420,61;Rohdaten
2021-12-30;420,73;Rohdaten
2021-12-31;420,77;Rohdaten
2022-01-01;420,68;Rohdaten
2022-01-02;420,55;Rohdaten
2022-01-03;420,46;Rohdaten
2022-01-04;420,43;Rohdaten
2022-01-05;420,59;Rohdaten
2022-01-06;420,76;Rohdaten
2022-01-07;420,67;Rohdaten
2022-01-08;420,52;Rohdaten
2022-01-09;420,45;Rohdaten
2022-01-10;420,43;Rohdaten
2022-01-11;420,44;Rohdaten
2022-01-12;420,40;Rohdaten
2022-01-13;420,36;Rohdaten
2022-01-14;420,33;Rohdaten
2022-01-15;420,29;Rohdaten
2022-01-16;420,26;Rohdaten
2022-01-17;420,23;Rohdaten
2022-01-18;420,22;Rohdaten
2022-01-19;420,22;Rohdaten
2022-01-20;420,21;Rohdaten
2022-01-21;420,19;Rohdaten
2022-01-22;420,19;Rohdaten
2022-01-23;420,19;Rohdaten
2022-01-24;420,20;Rohdaten
2022-01-25;420,20;Rohdaten
2022-01-26;420,18;Rohdaten
2022-01-27;420,17;Rohdaten
2022-01-28;420,15;Rohdaten
2022-01-29;420,15;Rohdaten
2022-01-30;420,14;Rohdaten
2022-01-31;420,16;Rohdaten
2022-02-01;420,23;Rohdaten
2022-02-02;420,40;Rohdaten
2022-02-03;420,51;Rohdaten
2022-02-04;420,52;Rohdaten
2022-02-05;420,45;Rohdaten
2022-02-06;420,42;Rohdaten
2022-02-07;420,48;Rohdaten
2022-02-08;420,65;Rohdaten
2022-02-09;420,64;Rohdaten
2022-02-10;420,52;Rohdaten
2022-02-11;420,43;Rohdaten
2022-02-12;420,39;Rohdaten
2022-02-13;420,36;Rohdaten
2022-02-14;420,33;Rohdaten
2022-02-15;420,29;Rohdaten
2022-02-16;420,28;Rohdaten
2022-02-17;420,26;Rohdaten
2022-02-18;420,30;Rohdaten
2022-02-19;420,32;Rohdaten
2022-02-20;420,30;Rohdaten
2022-02-21;420,28;Rohdaten
2022-02-22;420,24;Rohdaten
2022-02-23;420,26;Rohdaten
2022-02-24;420,27;Rohdaten
2022-02-25;420,24;Rohdaten
2022-02-26;420,21;Rohdaten
2022-02-27;420,20;Rohdaten
2022-02-28;420,18;Rohdaten
2022-03-01;420,16;Rohdaten
2022-03-02;420,16;Rohdaten
2022-03-03;420,15;Rohdaten
2022-03-04;420,13;Rohdaten
2022-03-05;420,12;Rohdaten
2022-03-06;420,11;Rohdaten
2022-03-07;420,10;Rohdaten
2022-03-08;420,09;Rohdaten
2022-03-09;420,08;Rohdaten
2022-03-10;420,07;Rohdaten
2022-03-11;420,07;Rohdaten
2022-03-12;420,06;Rohdaten
2022-03-13;420,06;Rohdaten
2022-03-14;420,03;Rohdaten
2022-03-15;420,03;Rohdaten
2022-03-16;420,03;Rohdaten
2022-03-17;420,02;Rohdaten
2022-03-18;420,01;Rohdaten
2022-03-19;420,01;Rohdaten
2022-03-20;420,01;Rohdaten
2022-03-21;419,99;Rohdaten
2022-03-22;419,98;Rohdaten
2022-03-23;419,97;Rohdaten
2022-03-24;419,96;Rohdaten
2022-03-25;419,95;Rohdaten
2022-03-26;419,94;Rohdaten
2022-03-27;419,93;Rohdaten
2022-03-28;419,93;Rohdaten
2022-03-29;419,93;Rohdaten
2022-03-30;419,93;Rohdaten
2022-03-31;419,93;Rohdaten
2022-04-01;419,93;Rohdaten
2022-04-02;419,98;Rohdaten
2022-04-03;420,05;Rohdaten
2022-04-04;420,10;Rohdaten
2022-04-05;420,12;Rohdaten
2022-04-06;420,28;Rohdaten
2022-04-07;420,45;Rohdaten
2022-04-08;420,45;Rohdaten
2022-04-09;420,66;Rohdaten
2022-04-10;420,79;Rohdaten
2022-04-11;420,71;Rohdaten
2022-04-12;420,53;Rohdaten
2022-04-13;420,41;Rohdaten
2022-04-14;420,33;Rohdaten
2022-04-15;420,27;Rohdaten
2022-04-16;420,21;Rohdaten
2022-04-17;420,18;Rohdaten
2022-04-18;420,16;Rohdaten
2022-04-19;420,13;Rohdaten
2022-04-20;420,10;Rohdaten
2022-04-21;420,08;Rohdaten
2022-04-22;420,06;Rohdaten
2022-04-23;420,03;Rohdaten
2022-04-24;420,04;Rohdaten
2022-04-25;420,08;Rohdaten
2022-04-26;420,13;Rohdaten
2022-04-27;420,11;Rohdaten
2022-04-28;420,09;Rohdaten
2022-04-29;420,06;Rohdaten
2022-04-30;420,04;Rohdaten
2022-05-01;420,02;Rohdaten
2022-05-02;420,00;Rohdaten
2022-05-03;419,99;Rohdaten
2022-05-04;419,97;Rohdaten
2022-05-05;419,97;Rohdaten
2022-05-06;419,99;Rohdaten
2022-05-07;420,00;Rohdaten
2022-05-08;419,98;Rohdaten
2022-05-09;419,96;Rohdaten
2022-05-10;419,94;Rohdaten
2022-05-11;419,93;Rohdaten
2022-05-12;419,91;Rohdaten
2022-05-13;419,90;Rohdaten
2022-05-14;419,89;Rohdaten
2022-05-15;419,88;Rohdaten
2022-05-16;419,87;Rohdaten
2022-05-17;419,87;Rohdaten
2022-05-18;419,88;Rohdaten
2022-05-19;419,87;Rohdaten
2022-05-20;419,87;Rohdaten
2022-05-21;419,88;Rohdaten
2022-05-22;419,91;Rohdaten
2022-05-23;419,92;Rohdaten
2022-05-24;419,92;Rohdaten
2022-05-25;419,92;Rohdaten
2022-05-26;419,93;Rohdaten
2022-05-27;419,95;Rohdaten
2022-05-28;419,95;Rohdaten
2022-05-29;419,96;Rohdaten
2022-05-30;419,97;Rohdaten
2022-05-31;419,97;Rohdaten
2022-06-01;419,95;Rohdaten
2022-06-02;419,94;Rohdaten
2022-06-03;419,94;Rohdaten
2022-06-04;419,93;Rohdaten
2022-06-05;419,95;Rohdaten
2022-06-06;419,98;Rohdaten
2022-06-07;420,00;Rohdaten
2022-06-08;420,01;Rohdaten
2022-06-09;420,00;Rohdaten
2022-06-10;420,00;Rohdaten
2022-06-11;420,00;Rohdaten
2022-06-12;420,00;Rohdaten
2022-06-13;419,98;Rohdaten
2022-06-14;419,98;Rohdaten
2022-06-15;419,97;Rohdaten
2022-06-16;419,96;Rohdaten
2022-06-17;419,94;Rohdaten
2022-06-18;419,94;Rohdaten
2022-06-19;419,93;Rohdaten
2022-06-20;419,91;Rohdaten
2022-06-21;419,91;Rohdaten
2022-06-22;419,89;Rohdaten
2022-06-23;419,90;Rohdaten
2022-06-24;419,91;Rohdaten
2022-06-25;419,92;Rohdaten
2022-06-26;419,92;Rohdaten
2022-06-27;419,92;Rohdaten
2022-06-28;419,88;Rohdaten
2022-06-29;419,90;Rohdaten
2022-06-30;419,89;Rohdaten
2022-07-01;419,86;Rohdaten
2022-07-02;419,88;Rohdaten
2022-07-03;419,90;Rohdaten
2022-07-04;419,91;Rohdaten
2022-07-05;419,90;Rohdaten
2022-07-06;419,88;Rohdaten
2022-07-07;419,83;Rohdaten
2022-07-08;419,82;Rohdaten
2022-07-09;419,78;Rohdaten
2022-07-10;419,75;Rohdaten
2022-07-11;419,79;Rohdaten
2022-07-12;419,81;Rohdaten
2022-07-13;419,81;Rohdaten
2022-07-14;419,77;Rohdaten
2022-07-15;419,78;Rohdaten
2022-07-16;419,78;Rohdaten
2022-07-17;419,72;Rohdaten
2022-07-18;419,73;Rohdaten
2022-07-19;419,72;Rohdaten
2022-07-20;419,72;Rohdaten
2022-07-21;419,70;Rohdaten
2022-07-22;419,70;Rohdaten
2022-07-23;419,76;Rohdaten
2022-07-24;419,79;Rohdaten
2022-07-25;419,78;Rohdaten
2022-07-26;419,73;Rohdaten
2022-07-27;419,75;Rohdaten
2022-07-28;419,74;Rohdaten
2022-07-29;419,73;Rohdaten
2022-07-30;419,69;Rohdaten
2022-07-31;419,64;Rohdaten
2022-08-01;419,61;Rohdaten
2022-08-02;419,63;Rohdaten
2022-08-03;419,67;Rohdaten
2022-08-04;419,72;Rohdaten
2022-08-05;419,70;Rohdaten
2022-08-06;419,64;Rohdaten
2022-08-07;419,70;Rohdaten
2022-08-08;419,71;Rohdaten
2022-08-09;419,67;Rohdaten
2022-08-10;419,65;Rohdaten
2022-08-11;419,64;Rohdaten
2022-08-12;419,60;Rohdaten
2022-08-13;419,59;Rohdaten
2022-08-14;419,59;Rohdaten
2022-08-15;419,57;Rohdaten
2022-08-16;419,63;Rohdaten
2022-08-17;419,61;Rohdaten
2022-08-18;419,63;Rohdaten
2022-08-19;419,65;Rohdaten
2022-08-20;419,80;Rohdaten
2022-08-21;419,88;Rohdaten
2022-08-22;419,92;Rohdaten
2022-08-23;419,92;Rohdaten
2022-08-24;419,89;Rohdaten
2022-08-25;419,88;Rohdaten
2022-08-26;419,82;Rohdaten
2022-08-27;419,79;Rohdaten
2022-08-28;419,87;Rohdaten
2022-08-29;419,92;Rohdaten
2022-08-30;419,93;Rohdaten
2022-08-31;419,90;Rohdaten
2022-09-01;419,90;Rohdaten
2022-09-02;419,87;Rohdaten
2022-09-03;419,84;Rohdaten
2022-09-04;419,80;Rohdaten
2022-09-05;419,80;Rohdaten
2022-09-06;419,78;Rohdaten
2022-09-07;419,74;Rohdaten
2022-09-08;419,78;Rohdaten
2022-09-09;419,76;Rohdaten
2022-09-10;419,77;Rohdaten
2022-09-11;419,81;Rohdaten
2022-09-12;419,84;Rohdaten
2022-09-13;419,87;Rohdaten
2022-09-14;419,92;Rohdaten
2022-09-15;419,99;Rohdaten
2022-09-16;420,18;Rohdaten
2022-09-17;420,23;Rohdaten
2022-09-18;420,14;Rohdaten
2022-09-19;420,08;Rohdaten
2022-09-20;420,04;Rohdaten
2022-09-21;420,02;Rohdaten
2022-09-22;420,01;Rohdaten
2022-09-23;419,99;Rohdaten
2022-09-24;419,95;Rohdaten
2022-09-25;419,96;Rohdaten
2022-09-26;419,95;Rohdaten
2022-09-27;419,92;Rohdaten
2022-09-28;419,94;Rohdaten
2022-09-29;419,95;Rohdaten
2022-09-30;419,96;Rohdaten
2022-10-01;419,98;Rohdaten
2022-10-02;420,00;Rohdaten
2022-10-03;420,11;Rohdaten
2022-10-04;420,35;Rohdaten
2022-10-05;420,31;Rohdaten
2022-10-06;420,18;Rohdaten
2022-10-07;420,11;Rohdaten
2022-10-08;420,07;Rohdaten
2022-10-09;420,04;Rohdaten
2022-10-10;420,01;Rohdaten
2022-10-11;419,98;Rohdaten
2022-10-12;419,98;Rohdaten
2022-10-13;419,99;Rohdaten
2022-10-14;420,01;Rohdaten
2022-10-15;420,05;Rohdaten
2022-10-16;420,10;Rohdaten
2022-10-17;420,13;Rohdaten
2022-10-18;420,11;Rohdaten
2022-10-19;420,08;Rohdaten
2022-10-20;420,07;Rohdaten
2022-10-21;420,05;Rohdaten
2022-10-22;420,04;Rohdaten
2022-10-23;420,05;Rohdaten
2022-10-24;420,05;Rohdaten
2022-10-25;420,07;Rohdaten
2022-10-26;420,08;Rohdaten
2022-10-27;420,07;Rohdaten
2022-10-28;420,06;Rohdaten
2022-10-29;420,05;Rohdaten
2022-10-30;420,05;Rohdaten
2022-10-31;420,04;Rohdaten
2022-11-01;420,03;Rohdaten
2022-11-02;420,03;Rohdaten
2022-11-03;420,04;Rohdaten
2022-11-04;420,02;Rohdaten
2022-11-05;420,01;Rohdaten
2022-11-06;420,02;Rohdaten
2022-11-07;420,03;Rohdaten
2022-11-22;420,58;Rohdaten
2022-11-23;420,53;Rohdaten
2022-11-24;420,39;Rohdaten
2022-11-25;420,31;Rohdaten
2022-11-26;420,27;Rohdaten
2022-11-27;420,24;Rohdaten
2022-11-28;420,20;Rohdaten
2022-11-29;420,16;Rohdaten
2022-11-30;420,13;Rohdaten
2022-12-01;420,12;Rohdaten
2022-12-02;420,12;Rohdaten
2022-12-03;420,11;Rohdaten
2022-12-04;420,10;Rohdaten
2022-12-05;420,08;Rohdaten
2022-12-06;420,07;Rohdaten
2022-12-07;420,06;Rohdaten
2022-12-08;420,06;Rohdaten
2022-12-09;420,05;Rohdaten
2022-12-10;420,03;Rohdaten
2022-12-11;420,02;Rohdaten
2022-12-12;420,01;Rohdaten
2022-12-13;420,00;Rohdaten
2022-12-14;420,00;Rohdaten
2022-12-15;419,98;Rohdaten
2022-12-16;419,97;Rohdaten
2022-12-17;419,94;Rohdaten
2022-12-18;419,94;Rohdaten
2022-12-19;419,94;Rohdaten
2022-12-20;419,94;Rohdaten
2022-12-21;419,96;Rohdaten
2022-12-22;420,00;Rohdaten
2022-12-23;420,25;Rohdaten
2022-12-24;420,55;Rohdaten
2022-12-25;420,62;Rohdaten
2022-12-26;420,56;Rohdaten
2022-12-27;420,53;Rohdaten
2022-12-28;420,57;Rohdaten
2022-12-29;420,51;Rohdaten
2022-12-30;420,43;Rohdaten
2022-12-31;420,45;Rohdaten
2023-01-01;420,46;Rohdaten
2023-01-02;420,42;Rohdaten
2023-01-03;420,33;Rohdaten
2023-01-04;420,28;Rohdaten
2023-01-05;420,24;Rohdaten
2023-01-06;420,20;Rohdaten
2023-01-07;420,19;Rohdaten
2023-01-08;420,18;Rohdaten
2023-01-09;420,18;Rohdaten
2023-01-10;420,23;Rohdaten
2023-01-11;420,31;Rohdaten
2023-01-12;420,32;Rohdaten
2023-01-13;420,31;Rohdaten
2023-01-14;420,29;Rohdaten
2023-01-15;420,27;Rohdaten
2023-01-16;420,39;Rohdaten
2023-01-17;420,47;Rohdaten
2023-01-18;420,41;Rohdaten
2023-01-19;420,32;Rohdaten
2023-01-20;420,25;Rohdaten
2023-01-21;420,20;Rohdaten
2023-01-22;420,17;Rohdaten
2023-01-23;420,14;Rohdaten
2023-01-24;420,12;Rohdaten
2023-01-25;420,12;Rohdaten
2023-01-26;420,12;Rohdaten
2023-01-27;420,11;Rohdaten
2023-01-28;420,09;Rohdaten
2023-01-29;420,09;Rohdaten
2023-01-30;420,08;Rohdaten
2023-01-31;420,06;Rohdaten
2023-02-01;420,06;Rohdaten
2023-02-02;420,05;Rohdaten
2023-02-03;420,11;Rohdaten
2023-02-04;420,26;Rohdaten
2023-02-05;420,38;Rohdaten
2023-02-06;420,36;Rohdaten
2023-02-07;420,29;Rohdaten
2023-02-08;420,24;Rohdaten
2023-02-09;420,18;Rohdaten
2023-02-10;420,13;Rohdaten
2023-02-11;420,11;Rohdaten
2023-02-12;420,09;Rohdaten
2023-02-13;420,08;Rohdaten
2023-02-14;420,07;Rohdaten
2023-02-15;420,07;Rohdaten
2023-02-16;420,06;Rohdaten
2023-02-17;420,06;Rohdaten
2023-02-18;420,05;Rohdaten
2023-02-19;420,05;Rohdaten
2023-02-20;420,04;Rohdaten
2023-02-21;420,05;Rohdaten
2023-02-22;420,04;Rohdaten
2023-02-23;420,03;Rohdaten
2023-02-24;420,04;Rohdaten
2023-02-25;420,02;Rohdaten
2023-02-26;420,00;Rohdaten
2023-02-27;419,99;Rohdaten
2023-02-28;419,99;Rohdaten
2023-03-01;419,99;Rohdaten
2023-03-02;419,98;Rohdaten
2023-03-03;419,96;Rohdaten
2023-03-04;419,96;Rohdaten
2023-03-05;419,96;Rohdaten
2023-03-06;419,96;Rohdaten
2023-03-07;419,95;Rohdaten
2023-03-08;419,94;Rohdaten
2023-03-09;419,95;Rohdaten
2023-03-10;420,08;Rohdaten
2023-03-11;420,26;Rohdaten
2023-03-12;420,33;Rohdaten
2023-03-13;420,30;Rohdaten
2023-03-14;420,32;Rohdaten
2023-03-15;420,47;Rohdaten
2023-03-16;420,48;Rohdaten
2023-03-17;420,44;Rohdaten
2023-03-18;420,36;Rohdaten
2023-03-19;420,30;Rohdaten
2023-03-20;420,26;Rohdaten
2023-03-21;420,30;Rohdaten
2023-03-22;420,26;Rohdaten
2023-03-23;420,22;Rohdaten
2023-03-24;420,19;Rohdaten
2023-03-25;420,16;Rohdaten
2023-03-26;420,16;Rohdaten
2023-03-27;420,14;Rohdaten
2023-03-28;420,15;Rohdaten
2023-03-29;420,16;Rohdaten
2023-03-30;420,14;Rohdaten
2023-03-31;420,16;Rohdaten
2023-04-01;420,34;Rohdaten
2023-04-02;420,45;Rohdaten
2023-04-03;420,42;Rohdaten
2023-04-04;420,33;Rohdaten
2023-04-05;420,25;Rohdaten
2023-04-06;420,18;Rohdaten
2023-04-07;420,14;Rohdaten
2023-04-08;420,10;Rohdaten
2023-04-09;420,08;Rohdaten
2023-04-10;420,06;Rohdaten
2023-04-11;420,05;Rohdaten
2023-04-12;420,04;Rohdaten
2023-04-13;420,03;Rohdaten
2023-04-14;420,05;Rohdaten
2023-04-15;420,05;Rohdaten
2023-04-16;420,08;Rohdaten
2023-04-17;420,40;Rohdaten
2023-04-18;420,58;Rohdaten
2023-04-19;420,53;Rohdaten
2023-04-20;420,43;Rohdaten
2023-04-21;420,33;Rohdaten
2023-04-22;420,27;Rohdaten
2023-04-23;420,22;Rohdaten
2023-04-24;420,18;Rohdaten
2023-04-25;420,15;Rohdaten
2023-04-26;420,12;Rohdaten
2023-04-27;420,10;Rohdaten
2023-04-28;420,09;Rohdaten
2023-04-29;420,21;Rohdaten
2023-04-30;420,47;Rohdaten
2023-05-01;420,48;Rohdaten
2023-05-02;420,36;Rohdaten
2023-05-03;420,25;Rohdaten
2023-05-04;420,18;Rohdaten
2023-05-05;420,13;Rohdaten
2023-05-06;420,09;Rohdaten
2023-05-07;420,06;Rohdaten
2023-05-08;420,02;Rohdaten
2023-05-09;420,03;Rohdaten
2023-05-10;420,03;Rohdaten
2023-05-11;420,03;Rohdaten
2023-05-12;420,10;Rohdaten
2023-05-13;420,22;Rohdaten
2023-05-14;420,24;Rohdaten
2023-05-15;420,17;Rohdaten
2023-05-16;420,11;Rohdaten
2023-05-17;420,05;Rohdaten
2023-05-18;420,02;Rohdaten
2023-05-19;419,99;Rohdaten
2023-05-20;419,97;Rohdaten
2023-05-21;419,94;Rohdaten
2023-05-22;419,92;Rohdaten
2023-05-23;419,89;Rohdaten
2023-05-24;419,87;Rohdaten
2023-05-25;419,86;Rohdaten
2023-05-26;419,84;Rohdaten
2023-05-27;419,84;Rohdaten
2023-05-28;419,83;Rohdaten
2023-05-29;419,82;Rohdaten
2023-05-30;419,80;Rohdaten
2023-05-31;419,80;Rohdaten
2023-06-01;419,79;Rohdaten
2023-06-02;419,78;Rohdaten
2023-06-03;419,78;Rohdaten
2023-06-04;419,77;Rohdaten
2023-06-05;419,77;Rohdaten
2023-06-06;419,77;Rohdaten
2023-06-07;419,78;Rohdaten
2023-06-08;419,78;Rohdaten
2023-06-09;419,78;Rohdaten
2023-06-10;419,77;Rohdaten
2023-06-11;419,76;Rohdaten
2023-06-12;419,75;Rohdaten
2023-06-13;419,74;Rohdaten
2023-06-14;419,73;Rohdaten
2023-06-15;419,71;Rohdaten
2023-06-16;419,74;Rohdaten
2023-06-17;419,73;Rohdaten
2023-06-18;419,73;Rohdaten
2023-06-19;419,74;Rohdaten
2023-06-20;419,73;Rohdaten
2023-06-21;419,72;Rohdaten
2023-06-22;419,74;Rohdaten
2023-06-23;419,74;Rohdaten
2023-06-24;419,75;Rohdaten
2023-06-25;419,75;Rohdaten
2023-06-26;419,76;Rohdaten
2023-06-27;419,75;Rohdaten
2023-06-28;419,72;Rohdaten
2023-06-29;419,72;Rohdaten
2023-06-30;419,72;Rohdaten
2023-07-01;419,68;Rohdaten
2023-07-02;419,68;Rohdaten
2023-07-03;419,70;Rohdaten
2023-07-04;419,71;Rohdaten
2023-07-05;419,68;Rohdaten
2023-07-06;419,65;Rohdaten
2023-07-07;419,68;Rohdaten
2023-07-08;419,71;Rohdaten
2023-07-09;419,71;Rohdaten
2023-07-10;419,69;Rohdaten
2023-07-11;419,68;Rohdaten
2023-07-12;419,66;Rohdaten
2023-07-13;419,69;Rohdaten
2023-07-14;419,73;Rohdaten
2023-07-15;419,75;Rohdaten
2023-07-16;419,73;Rohdaten
2023-07-17;419,75;Rohdaten
2023-07-18;419,74;Rohdaten
2023-07-19;419,73;Rohdaten
2023-07-20;419,71;Rohdaten
2023-07-21;419,70;Rohdaten
2023-07-22;419,67;Rohdaten
2023-07-23;419,63;Rohdaten
2023-07-24;419,62;Rohdaten
2023-07-25;419,64;Rohdaten
2023-07-26;419,70;Rohdaten
2023-07-27;419,77;Rohdaten
2023-07-28;419,82;Rohdaten
2023-07-29;419,86;Rohdaten
2023-07-30;419,91;Rohdaten
2023-07-31;419,93;Rohdaten
2023-08-01;419,94;Rohdaten
2023-08-02;419,95;Rohdaten
2023-08-03;419,96;Rohdaten
2023-08-04;419,96;Rohdaten
2023-08-05;419,98;Rohdaten
2023-08-06;420,00;Rohdaten
2023-08-07;420,00;Rohdaten
2023-08-08;420,01;Rohdaten
2023-08-09;420,01;Rohdaten
2023-08-10;420,00;Rohdaten
2023-08-11;419,98;Rohdaten
2023-08-12;419,98;Rohdaten
2023-08-13;420,02;Rohdaten
2023-08-14;420,01;Rohdaten
2023-08-15;419,98;Rohdaten
2023-08-16;419,96;Rohdaten
2023-08-17;419,94;Rohdaten
2023-08-18;419,92;Rohdaten
2023-08-19;419,91;Rohdaten
2023-08-20;419,91;Rohdaten
2023-08-21;419,89;Rohdaten
2023-08-22;419,88;Rohdaten
2023-08-23;419,84;Rohdaten
2023-08-24;419,82;Rohdaten
2023-08-25;419,84;Rohdaten
2023-08-26;419,90;Rohdaten
2023-08-27;420,03;Rohdaten
2023-08-28;420,14;Rohdaten
2023-08-29;420,16;Rohdaten
2023-08-30;420,18;Rohdaten
2023-08-31;420,15;Rohdaten
2023-09-01;420,14;Rohdaten
2023-09-02;420,14;Rohdaten
2023-09-03;420,12;Rohdaten
2023-09-04;420,10;Rohdaten
2023-09-05;420,08;Rohdaten
2023-09-06;420,04;Rohdaten
2023-09-07;420,01;Rohdaten
2023-09-08;419,98;Rohdaten
2023-09-09;419,95;Rohdaten
2023-09-10;419,94;Rohdaten
2023-09-11;419,94;Rohdaten
2023-09-12;419,92;Rohdaten
2023-09-13;419,89;Rohdaten
2023-09-14;419,86;Rohdaten
2023-09-15;419,84;Rohdaten
2023-09-16;419,87;Rohdaten
2023-09-17;419,87;Rohdaten
2023-09-18;419,87;Rohdaten
2023-09-19;419,85;Rohdaten
2023-09-20;419,87;Rohdaten
2023-09-21;419,86;Rohdaten
2023-09-22;419,84;Rohdaten
2023-09-23;419,85;Rohdaten
2023-09-24;419,84;Rohdaten
2023-09-25;419,84;Rohdaten
2023-09-26;419,84;Rohdaten
2023-09-27;419,84;Rohdaten
2023-09-28;419,83;Rohdaten
2023-09-29;419,82;Rohdaten
2023-09-30;419,80;Rohdaten
2023-10-01;419,80;Rohdaten
2023-10-02;419,81;Rohdaten
2023-10-03;419,81;Rohdaten
2023-10-04;419,80;Rohdaten
2023-10-05;419,80;Rohdaten
2023-10-06;419,82;Rohdaten
2023-10-07;419,83;Rohdaten
2023-10-08;419,83;Rohdaten
2023-10-09;419,84;Rohdaten
2023-10-10;419,82;Rohdaten
2023-10-11;419,81;Rohdaten
2023-10-12;419,81;Rohdaten
2023-10-13;419,83;Rohdaten
2023-10-14;419,83;Rohdaten
2023-10-15;419,83;Rohdaten
2023-10-16;419,85;Rohdaten
2023-10-17;419,87;Rohdaten
2023-10-18;419,89;Rohdaten
2023-10-19;419,89;Rohdaten
2023-10-20;419,91;Rohdaten
2023-10-21;419,89;Rohdaten
2023-10-22;419,89;Rohdaten
2023-10-23;419,90;Rohdaten
2023-10-24;419,90;Rohdaten
2023-10-25;419,92;Rohdaten
2023-10-26;419,94;Rohdaten
2023-10-27;419,98;Rohdaten
2023-10-28;420,00;Rohdaten
2023-10-29;420,02;Rohdaten
2023-10-30;420,01;Rohdaten
2023-10-31;420,00;Rohdaten
2023-11-01;420,00;Rohdaten
2023-11-02;420,02;Rohdaten
2023-11-03;420,05;Rohdaten
2023-11-04;420,06;Rohdaten
2023-11-05;420,06;Rohdaten
2023-11-06;420,03;Rohdaten
2023-11-07;420,02;Rohdaten
2023-11-08;420,03;Rohdaten
2023-11-09;420,05;Rohdaten
2023-11-10;420,04;Rohdaten
2023-11-11;420,04;Rohdaten
2023-11-12;420,05;Rohdaten
2023-11-13;420,08;Rohdaten
2023-11-14;420,26;Rohdaten
2023-11-15;420,50;Rohdaten
2023-11-16;420,52;Rohdaten
2023-11-17;420,60;Rohdaten
2023-11-18;420,68;Rohdaten
2023-11-19;420,73;Rohdaten
2023-11-20;420,70;Rohdaten
2023-11-21;420,70;Rohdaten
2023-11-22;420,66;Rohdaten
2023-11-23;420,62;Rohdaten
2023-11-24;420,58;Rohdaten
2023-11-25;420,52;Rohdaten
2023-11-26;420,50;Rohdaten
2023-11-27;420,51;Rohdaten
2023-11-28;420,53;Rohdaten
2023-11-29;420,60;Rohdaten
2023-11-30;420,59;Rohdaten
2023-12-01;420,53;Rohdaten
2023-12-02;420,48;Rohdaten
2023-12-03;420,44;Rohdaten
2023-12-04;420,43;Rohdaten
2023-12-05;420,39;Rohdaten
2023-12-06;420,36;Rohdaten
2023-12-07;420,45;Rohdaten
2023-12-08;420,53;Rohdaten
2023-12-09;420,58;Rohdaten
2023-12-10;420,67;Rohdaten
2023-12-11;420,68;Rohdaten
2023-12-12;420,67;Rohdaten
2023-12-13;420,65;Rohdaten
2023-12-14;420,65;Rohdaten
2023-12-15;420,61;Rohdaten
2023-12-16;420,55;Rohdaten
2023-12-17;420,50;Rohdaten
2023-12-18;420,46;Rohdaten
2023-12-19;420,43;Rohdaten
2023-12-20;420,40;Rohdaten
2023-12-21;420,41;Rohdaten
2023-12-22;420,51;Rohdaten
2023-12-23;420,79;Rohdaten
2023-12-24;420,86;Rohdaten
2023-12-25;420,78;Rohdaten
2023-12-26;420,66;Rohdaten
2023-12-27;420,56;Rohdaten
2023-12-28;420,49;Rohdaten
2023-12-29;420,44;Rohdaten
2023-12-30;420,40;Rohdaten
2023-12-31;420,38;Rohdaten
