﻿Quelle:;"Bayerisches Landesamt für Umwelt, www.gkd.bayern.de"
Datenbankabfrage:;"08.10.2024 21:50"
Zeitbezug:;MEZ
Messstellen-Name:;"Wassertrüdingen HW GWM 2"
Messstellen-Nr.:;3655
Ostwert:;616659;Nordwert:;5432822;"ETRS89 / UTM Zone 32N"

Datum;"Grundwasserstand [m ü. NN]";Prüfstatus
2024-01-01;419,64;Rohdaten
2024-01-02;419,64;Rohdaten
2024-01-03;419,80;Rohdaten
2024-01-04;420,03;Rohdaten
2024-01-05;420,22;Rohdaten
2024-01-06;420,22;Rohdaten
2024-01-07;419,93;Rohdaten
2024-01-08;419,77;Rohdaten
2024-01-09;419,67;Rohdaten
2024-01-10;419,61;Rohdaten
2024-01-11;419,59;Rohdaten
2024-01-12;419,55;Rohdaten
2024-01-13;419,53;Rohdaten
2024-01-14;419,51;Rohdaten
2024-01-15;419,49;Rohdaten
2024-01-16;419,48;Rohdaten
2024-01-17;419,49;Rohdaten
2024-01-18;419,57;Rohdaten
2024-01-19;419,73;Rohdaten
2024-01-20;419,72;Rohdaten
2024-01-21;419,61;Rohdaten
2024-01-22;419,55;Rohdaten
2024-01-23;419,66;Rohdaten
2024-01-24;419,92;Rohdaten
2024-01-25;420,04;Rohdaten
2024-01-26;419,98;Rohdaten
2024-01-27;419,84;Rohdaten
2024-01-28;419,80;Rohdaten
2024-01-29;419,71;Rohdaten
2024-01-30;419,65;Rohdaten
2024-01-31;419,62;Rohdaten
2024-02-01;419,60;Rohdaten
2024-02-02;419,64;Rohdaten
2024-02-03;419,64;Rohdaten
2024-02-04;419,61;Rohdaten
2024-02-05;419,59;Rohdaten
2024-02-06;419,57;Rohdaten
2024-02-07;419,55;Rohdaten
2024-02-08;419,61;Rohdaten
2024-02-09;419,92;Rohdaten
2024-02-10;420,12;Rohdaten
2024-02-11;420,15;Rohdaten
2024-02-12;420,18;Rohdaten
2024-02-13;420,08;Rohdaten
2024-02-14;419,86;Rohdaten
2024-02-15;419,75;Rohdaten
2024-02-16;419,68;Rohdaten
2024-02-17;419,62;Rohdaten
2024-02-18;419,61;Rohdaten
2024-02-19;419,61;Rohdaten
2024-02-20;419,66;Rohdaten
2024-02-21;419,71;Rohdaten
2024-02-22;419,70;Rohdaten
2024-02-23;419,90;Rohdaten
2024-02-24;420,02;Rohdaten
2024-02-25;419,91;Rohdaten
2024-02-26;419,74;Rohdaten
2024-02-27;419,68;Rohdaten
2024-02-28;419,63;Rohdaten
2024-02-29;419,59;Rohdaten
2024-03-01;419,57;Rohdaten
2024-03-02;419,55;Rohdaten
2024-03-03;419,52;Rohdaten
2024-03-04;419,49;Rohdaten
2024-03-05;419,47;Rohdaten
2024-03-06;419,47;Rohdaten
2024-03-07;419,47;Rohdaten
2024-03-08;419,46;Rohdaten
2024-03-09;419,45;Rohdaten
2024-03-10;419,44;Rohdaten
2024-03-11;419,41;Rohdaten
2024-03-12;419,40;Rohdaten
2024-03-13;419,39;Rohdaten
2024-03-14;419,39;Rohdaten
2024-03-15;419,39;Rohdaten
2024-03-16;419,38;Rohdaten
2024-03-17;419,44;Rohdaten
2024-03-18;419,45;Rohdaten
2024-03-19;419,42;Rohdaten
2024-03-20;419,40;Rohdaten
2024-03-21;419,38;Rohdaten
2024-03-22;419,37;Rohdaten
2024-03-23;419,40;Rohdaten
2024-03-24;419,40;Rohdaten
2024-03-25;419,40;Rohdaten
2024-03-26;419,40;Rohdaten
2024-03-27;419,39;Rohdaten
2024-03-28;419,41;Rohdaten
2024-03-29;419,44;Rohdaten
2024-03-30;419,44;Rohdaten
2024-03-31;419,42;Rohdaten
2024-04-01;419,40;Rohdaten
2024-04-02;419,39;Rohdaten
2024-04-03;419,40;Rohdaten
2024-04-04;419,40;Rohdaten
2024-04-05;419,45;Rohdaten
2024-04-06;419,51;Rohdaten
2024-04-07;419,45;Rohdaten
2024-04-08;419,41;Rohdaten
2024-04-09;419,38;Rohdaten
2024-04-10;419,37;Rohdaten
2024-04-11;419,33;Rohdaten
2024-04-12;419,33;Rohdaten
2024-04-13;419,32;Rohdaten
2024-04-14;419,32;Rohdaten
2024-04-15;419,31;Rohdaten
2024-04-16;419,32;Rohdaten
2024-04-17;419,33;Rohdaten
2024-04-18;419,33;Rohdaten
2024-04-19;419,33;Rohdaten
2024-04-20;419,35;Rohdaten
2024-04-21;419,41;Rohdaten
2024-04-22;419,42;Rohdaten
2024-04-23;419,42;Rohdaten
2024-04-24;419,39;Rohdaten
2024-04-25;419,36;Rohdaten
2024-04-26;419,35;Rohdaten
2024-04-27;419,32;Rohdaten
2024-04-28;419,31;Rohdaten
2024-04-29;419,29;Rohdaten
2024-04-30;419,28;Rohdaten
2024-05-01;419,27;Rohdaten
2024-05-02;419,27;Rohdaten
2024-05-03;419,37;Rohdaten
2024-05-04;419,37;Rohdaten
2024-05-05;419,36;Rohdaten
2024-05-06;419,34;Rohdaten
2024-05-07;419,37;Rohdaten
2024-05-08;419,34;Rohdaten
2024-05-09;419,31;Rohdaten
2024-05-10;419,29;Rohdaten
2024-05-11;419,27;Rohdaten
2024-05-12;419,26;Rohdaten
2024-05-13;419,27;Rohdaten
2024-05-14;419,21;Rohdaten
2024-05-15;419,22;Rohdaten
2024-05-16;419,23;Rohdaten
2024-05-17;419,29;Rohdaten
2024-05-18;419,42;Rohdaten
2024-05-19;419,51;Rohdaten
2024-05-20;419,47;Rohdaten
2024-05-21;419,40;Rohdaten
2024-05-22;419,36;Rohdaten
2024-05-23;419,36;Rohdaten
2024-05-24;419,42;Rohdaten
2024-05-25;419,59;Rohdaten
2024-05-26;419,55;Rohdaten
2024-05-27;419,45;Rohdaten
2024-05-28;419,41;Rohdaten
2024-05-29;419,40;Rohdaten
2024-05-30;419,37;Rohdaten
2024-05-31;419,40;Rohdaten
2024-06-01;419,87;Rohdaten
2024-06-02;420,33;Rohdaten
2024-06-03;420,65;Rohdaten
2024-06-04;420,70;Rohdaten
2024-06-05;420,42;Rohdaten
2024-06-06;419,90;Rohdaten
2024-06-07;419,68;Rohdaten
2024-06-08;419,60;Rohdaten
2024-06-09;419,56;Rohdaten
2024-06-10;419,52;Rohdaten
2024-06-11;419,47;Rohdaten
2024-06-12;419,44;Rohdaten
2024-06-13;419,42;Rohdaten
2024-06-14;419,37;Rohdaten
2024-06-15;419,39;Rohdaten
2024-06-16;419,37;Rohdaten
2024-06-17;419,37;Rohdaten
2024-06-18;419,36;Rohdaten
2024-06-19;419,31;Rohdaten
2024-06-20;419,31;Rohdaten
2024-06-21;419,33;Rohdaten
2024-06-22;419,32;Rohdaten
2024-06-23;419,33;Rohdaten
2024-06-24;419,33;Rohdaten
2024-06-25;419,29;Rohdaten
2024-06-26;419,27;Rohdaten
2024-06-27;419,30;Rohdaten
2024-06-28;419,33;Rohdaten
2024-06-29;419,40;Rohdaten
2024-06-30;419,34;Rohdaten
2024-07-01;419,27;Rohdaten
2024-07-02;419,26;Rohdaten
2024-07-03;419,26;Rohdaten
2024-07-04;419,30;Rohdaten
2024-07-05;419,30;Rohdaten
2024-07-06;419,30;Rohdaten
2024-07-07;419,28;Rohdaten
2024-07-08;419,23;Rohdaten
2024-07-09;419,26;Rohdaten
2024-07-10;419,27;Rohdaten
2024-07-11;419,44;Rohdaten
2024-07-12;419,47;Rohdaten
2024-07-13;419,53;Rohdaten
2024-07-14;419,51;Rohdaten
2024-07-15;419,43;Rohdaten
2024-07-16;419,40;Rohdaten
2024-07-17;419,38;Rohdaten
2024-07-18;419,33;Rohdaten
2024-07-19;419,31;Rohdaten
2024-07-20;419,30;Rohdaten
2024-07-21;419,29;Rohdaten
2024-07-22;419,28;Rohdaten
2024-07-23;419,26;Rohdaten
2024-07-24;419,28;Rohdaten
2024-07-25;419,28;Rohdaten
2024-07-26;419,27;Rohdaten
2024-07-27;419,24;Rohdaten
2024-07-28;419,21;Rohdaten
2024-07-29;419,23;Rohdaten
2024-07-30;419,24;Rohdaten
2024-07-31;419,24;Rohdaten
2024-08-01;419,24;Rohdaten
2024-08-02;419,25;Rohdaten
2024-08-03;419,24;Rohdaten
2024-08-04;419,24;Rohdaten
2024-08-05;419,24;Rohdaten
2024-08-06;419,24;Rohdaten
2024-08-07;419,23;Rohdaten
2024-08-08;419,21;Rohdaten
2024-08-09;419,19;Rohdaten
2024-08-10;419,20;Rohdaten
2024-08-11;419,20;Rohdaten
2024-08-12;419,17;Rohdaten
2024-08-13;419,20;Rohdaten
2024-08-14;419,17;Rohdaten
2024-08-15;419,20;Rohdaten
2024-08-16;419,16;Rohdaten
2024-08-17;419,17;Rohdaten
2024-08-18;419,18;Rohdaten
2024-08-19;419,22;Rohdaten
2024-08-20;419,24;Rohdaten
2024-08-21;419,25;Rohdaten
2024-08-22;419,25;Rohdaten
2024-08-23;419,22;Rohdaten
2024-08-24;419,19;Rohdaten
2024-08-25;419,19;Rohdaten
2024-08-26;419,17;Rohdaten
2024-08-27;419,18;Rohdaten
2024-08-28;419,16;Rohdaten
2024-08-29;419,14;Rohdaten
2024-08-30;419,14;Rohdaten
2024-08-31;419,14;Rohdaten
2024-09-01;419,16;Rohdaten
2024-09-02;419,16;Rohdaten
2024-09-03;419,11;Rohdaten
2024-09-04;419,15;Rohdaten
2024-09-05;419,21;Rohdaten
2024-09-06;419,20;Rohdaten
2024-09-07;419,20;Rohdaten
2024-09-08;419,17;Rohdaten
2024-09-09;419,15;Rohdaten
2024-09-10;419,20;Rohdaten
2024-09-11;419,20;Rohdaten
2024-09-12;419,23;Rohdaten
2024-09-13;419,25;Rohdaten
2024-09-14;419,25;Rohdaten
2024-09-15;419,24;Rohdaten
2024-09-16;419,24;Rohdaten
2024-09-17;419,23;Rohdaten
2024-09-18;419,19;Rohdaten
