﻿Quelle:;"Bayerisches Landesamt für Umwelt, www.gkd.bayern.de"
Datenbankabfrage:;"08.10.2024 21:50"
Zeitbezug:;MEZ
Messstellen-Name:;"Wassertrüdingen HW GWM 3"
Messstellen-Nr.:;3656
Ostwert:;616913;Nordwert:;5432828;"ETRS89 / UTM Zone 32N"

Datum;"Grundwasserstand [m ü. NN]";Prüfstatus
2016-11-24;419,69;Geprueft
2016-11-25;419,69;Geprueft
2016-11-26;419,68;Geprueft
2016-11-27;419,67;Geprueft
2016-11-28;419,64;Geprueft
2016-11-29;419,63;Geprueft
2016-11-30;419,63;Geprueft
2016-12-01;419,63;Geprueft
2016-12-02;419,63;Geprueft
2016-12-03;419,62;Geprueft
2016-12-04;419,61;Geprueft
2016-12-05;419,60;Geprueft
2016-12-06;419,59;Geprueft
2016-12-07;419,58;Geprueft
2016-12-08;419,58;Geprueft
2016-12-09;419,57;Geprueft
2016-12-10;419,58;Geprueft
2016-12-11;419,58;Geprueft
2016-12-12;419,57;Geprueft
2016-12-13;419,57;Geprueft
2016-12-14;419,57;Geprueft
2016-12-15;419,56;Geprueft
2016-12-16;419,55;Geprueft
2016-12-17;419,54;Geprueft
2016-12-18;419,55;Geprueft
2016-12-19;419,55;Geprueft
2016-12-20;419,55;Geprueft
2016-12-21;419,53;Geprueft
2016-12-22;419,53;Geprueft
2016-12-23;419,53;Geprueft
2016-12-24;419,53;Geprueft
2016-12-25;419,53;Geprueft
2016-12-26;419,53;Geprueft
2016-12-27;419,51;Geprueft
2016-12-28;419,52;Geprueft
2016-12-29;419,51;Geprueft
2016-12-30;419,52;Geprueft
2016-12-31;419,52;Geprueft
2017-01-01;419,53;Geprueft
2017-01-02;419,52;Geprueft
2017-01-03;419,51;Geprueft
2017-01-04;419,53;Geprueft
2017-01-05;419,49;Geprueft
2017-01-06;419,49;Geprueft
2017-01-07;419,51;Geprueft
2017-01-08;419,50;Geprueft
2017-01-09;419,51;Geprueft
2017-01-10;419,52;Geprueft
2017-01-11;419,51;Geprueft
2017-01-12;419,51;Geprueft
2017-01-13;419,56;Geprueft
2017-01-14;419,56;Geprueft
2017-01-15;419,56;Geprueft
2017-01-16;419,56;Geprueft
2017-01-17;419,55;Geprueft
2017-01-18;419,55;Geprueft
2017-01-19;419,55;Geprueft
2017-01-20;419,55;Geprueft
2017-01-21;419,55;Geprueft
2017-01-22;419,55;Geprueft
2017-01-23;419,54;Geprueft
2017-01-24;419,51;Geprueft
2017-01-25;419,52;Geprueft
2017-01-26;419,52;Geprueft
2017-01-27;419,51;Geprueft
2017-01-28;419,51;Geprueft
2017-01-29;419,50;Geprueft
2017-01-30;419,51;Geprueft
2017-01-31;419,52;Geprueft
2017-02-01;419,55;Geprueft
2017-02-02;419,59;Geprueft
2017-02-03;419,60;Geprueft
2017-02-04;419,61;Geprueft
2017-02-05;419,60;Geprueft
2017-02-06;419,59;Geprueft
2017-02-07;419,60;Geprueft
2017-02-08;419,60;Geprueft
2017-02-09;419,60;Geprueft
2017-02-10;419,60;Geprueft
2017-02-11;419,59;Geprueft
2017-02-12;419,58;Geprueft
2017-02-13;419,57;Geprueft
2017-02-14;419,57;Geprueft
2017-02-15;419,56;Geprueft
2017-02-16;419,56;Geprueft
2017-02-17;419,57;Geprueft
2017-02-18;419,58;Geprueft
2017-02-19;419,60;Geprueft
2017-02-20;419,60;Geprueft
2017-02-21;419,62;Geprueft
2017-02-22;419,68;Geprueft
2017-02-23;419,75;Geprueft
2017-02-24;419,73;Geprueft
2017-02-25;419,71;Geprueft
2017-02-26;419,71;Geprueft
2017-02-27;419,72;Geprueft
2017-02-28;419,71;Geprueft
2017-03-01;419,70;Geprueft
2017-03-02;419,71;Geprueft
2017-03-03;419,76;Geprueft
2017-03-04;419,78;Geprueft
2017-03-05;419,75;Geprueft
2017-03-06;419,75;Geprueft
2017-03-07;419,72;Geprueft
2017-03-08;419,73;Geprueft
2017-03-09;419,76;Geprueft
2017-03-10;419,81;Geprueft
2017-03-11;419,85;Geprueft
2017-03-12;419,84;Geprueft
2017-03-13;419,81;Geprueft
2017-03-14;419,79;Geprueft
2017-03-15;419,78;Geprueft
2017-03-16;419,79;Geprueft
2017-03-17;419,79;Geprueft
2017-03-18;419,77;Geprueft
2017-03-19;419,76;Geprueft
2017-03-20;419,76;Geprueft
2017-03-21;419,76;Geprueft
2017-03-22;419,75;Geprueft
2017-03-23;419,74;Geprueft
2017-03-24;419,72;Geprueft
2017-03-25;419,73;Geprueft
2017-03-26;419,72;Geprueft
2017-03-27;419,71;Geprueft
2017-03-28;419,70;Geprueft
2017-03-29;419,69;Geprueft
2017-03-30;419,67;Geprueft
2017-03-31;419,68;Geprueft
2017-04-01;419,68;Geprueft
2017-04-02;419,67;Geprueft
2017-04-03;419,66;Geprueft
2017-04-04;419,66;Geprueft
2017-04-05;419,65;Geprueft
2017-04-06;419,64;Geprueft
2017-04-07;419,64;Geprueft
2017-04-08;419,64;Geprueft
2017-04-09;419,63;Geprueft
2017-04-10;419,63;Geprueft
2017-04-11;419,62;Geprueft
2017-04-12;419,63;Geprueft
2017-04-13;419,62;Geprueft
2017-04-14;419,60;Geprueft
2017-04-15;419,60;Geprueft
2017-04-16;419,59;Geprueft
2017-04-17;419,61;Geprueft
2017-04-18;419,62;Geprueft
2017-04-19;419,62;Geprueft
2017-04-20;419,62;Geprueft
2017-04-21;419,62;Geprueft
2017-04-22;419,60;Geprueft
2017-04-23;419,58;Geprueft
2017-04-24;419,58;Geprueft
2017-04-25;419,58;Geprueft
2017-04-26;419,59;Geprueft
2017-04-27;419,63;Geprueft
2017-04-28;419,66;Geprueft
2017-04-29;419,67;Geprueft
2017-04-30;419,69;Geprueft
2017-05-01;419,68;Geprueft
2017-05-02;419,80;Geprueft
2017-05-03;420,05;Geprueft
2017-05-04;420,13;Geprueft
2017-05-05;420,05;Geprueft
2017-05-06;419,99;Geprueft
2017-05-07;419,94;Geprueft
2017-05-08;419,92;Geprueft
2017-05-09;419,92;Geprueft
2017-05-10;419,91;Geprueft
2017-05-11;419,89;Geprueft
2017-05-12;419,86;Geprueft
2017-05-13;419,84;Geprueft
2017-05-14;419,83;Geprueft
2017-05-15;419,82;Geprueft
2017-05-16;419,81;Geprueft
2017-05-17;419,81;Geprueft
2017-05-18;419,80;Geprueft
2017-05-19;419,78;Geprueft
2017-05-20;419,76;Geprueft
2017-05-21;419,75;Geprueft
2017-05-22;419,75;Geprueft
2017-05-23;419,73;Geprueft
2017-05-24;419,71;Geprueft
2017-05-25;419,71;Geprueft
2017-05-26;419,70;Geprueft
2017-05-27;419,69;Geprueft
2017-05-28;419,68;Geprueft
2017-05-29;419,67;Geprueft
2017-05-30;419,65;Geprueft
2017-05-31;419,62;Geprueft
2017-06-01;419,60;Geprueft
2017-06-02;419,59;Geprueft
2017-06-03;419,58;Geprueft
2017-06-04;419,59;Geprueft
2017-06-05;419,63;Geprueft
2017-06-06;419,64;Geprueft
2017-06-07;419,61;Geprueft
2017-06-08;419,61;Geprueft
2017-06-09;419,60;Geprueft
2017-06-10;419,58;Geprueft
2017-06-11;419,58;Geprueft
2017-06-12;419,58;Geprueft
2017-06-13;419,55;Geprueft
2017-06-14;419,53;Geprueft
2017-06-15;419,52;Geprueft
2017-06-16;419,50;Geprueft
2017-06-17;419,49;Geprueft
2017-06-18;419,48;Geprueft
2017-06-19;419,47;Geprueft
2017-06-20;419,47;Geprueft
2017-06-21;419,45;Geprueft
2017-06-22;419,46;Geprueft
2017-06-23;419,45;Geprueft
2017-06-24;419,43;Geprueft
2017-06-25;419,43;Geprueft
2017-06-26;419,42;Geprueft
2017-06-27;419,43;Geprueft
2017-06-28;419,46;Geprueft
2017-06-29;419,56;Geprueft
2017-06-30;419,63;Geprueft
2017-07-01;419,63;Geprueft
2017-07-02;419,60;Geprueft
2017-07-03;419,60;Geprueft
2017-07-04;419,58;Geprueft
2017-07-05;419,57;Geprueft
2017-07-06;419,55;Geprueft
2017-07-07;419,54;Geprueft
2017-07-08;419,54;Geprueft
2017-07-09;419,53;Geprueft
2017-07-10;419,52;Geprueft
2017-07-11;419,51;Geprueft
2017-07-12;419,51;Geprueft
2017-07-13;419,49;Geprueft
2017-07-14;419,50;Geprueft
2017-07-15;419,48;Geprueft
2017-07-16;419,49;Geprueft
2017-07-17;419,48;Geprueft
2017-07-18;419,47;Geprueft
2017-07-19;419,46;Geprueft
2017-07-20;419,45;Geprueft
2017-07-21;419,45;Geprueft
2017-07-22;419,44;Geprueft
2017-07-23;419,45;Geprueft
2017-07-24;419,46;Geprueft
2017-07-25;419,46;Geprueft
2017-07-26;419,53;Geprueft
2017-07-27;419,64;Geprueft
2017-07-28;419,66;Geprueft
2017-07-29;419,65;Geprueft
2017-07-30;419,63;Geprueft
2017-07-31;419,63;Geprueft
2017-08-01;419,62;Geprueft
2017-08-02;419,61;Geprueft
2017-08-03;419,62;Geprueft
2017-08-04;419,62;Geprueft
2017-08-05;419,60;Geprueft
2017-08-06;419,57;Geprueft
2017-08-07;419,56;Geprueft
2017-08-08;419,54;Geprueft
2017-08-09;419,52;Geprueft
2017-08-10;419,53;Geprueft
2017-08-11;419,56;Geprueft
2017-08-12;419,55;Geprueft
2017-08-13;419,55;Geprueft
2017-08-14;419,54;Geprueft
2017-08-15;419,52;Geprueft
2017-08-16;419,53;Geprueft
2017-08-17;419,55;Geprueft
2017-08-18;419,54;Geprueft
2017-08-19;419,53;Geprueft
2017-08-20;419,53;Geprueft
2017-08-21;419,53;Geprueft
2017-08-22;419,52;Geprueft
2017-08-23;419,51;Geprueft
2017-08-24;419,49;Geprueft
2017-08-25;419,48;Geprueft
2017-08-26;419,46;Geprueft
2017-08-27;419,46;Geprueft
2017-08-28;419,46;Geprueft
2017-08-29;419,45;Geprueft
2017-08-30;419,45;Geprueft
2017-08-31;419,47;Geprueft
2017-09-01;419,54;Geprueft
2017-09-02;419,62;Geprueft
2017-09-03;419,63;Geprueft
2017-09-04;419,61;Geprueft
2017-09-05;419,58;Geprueft
2017-09-06;419,57;Geprueft
2017-09-07;419,55;Geprueft
2017-09-08;419,55;Geprueft
2017-09-09;419,54;Geprueft
2017-09-10;419,54;Geprueft
2017-09-11;419,55;Geprueft
2017-09-12;419,53;Geprueft
2017-09-13;419,54;Geprueft
2017-09-14;419,56;Geprueft
2017-09-15;419,58;Geprueft
2017-09-16;419,60;Geprueft
2017-09-17;419,59;Geprueft
2017-09-18;419,59;Geprueft
2017-09-19;419,59;Geprueft
2017-09-20;419,58;Geprueft
2017-09-21;419,58;Geprueft
2017-09-22;419,57;Geprueft
2017-09-23;419,56;Geprueft
2017-09-24;419,55;Geprueft
2017-09-25;419,54;Geprueft
2017-09-26;419,53;Geprueft
2017-09-27;419,52;Geprueft
2017-09-28;419,51;Geprueft
2017-09-29;419,51;Geprueft
2017-09-30;419,51;Geprueft
2017-10-01;419,53;Geprueft
2017-10-02;419,57;Geprueft
2017-10-03;419,62;Geprueft
2017-10-04;419,72;Geprueft
2017-10-05;419,74;Geprueft
2017-10-06;419,71;Geprueft
2017-10-07;419,70;Geprueft
2017-10-08;419,69;Geprueft
2017-10-09;419,71;Geprueft
2017-10-10;419,72;Geprueft
2017-10-11;419,71;Geprueft
2017-10-12;419,67;Geprueft
2017-10-13;419,65;Geprueft
2017-10-14;419,63;Geprueft
2017-10-15;419,62;Geprueft
2017-10-16;419,60;Geprueft
2017-10-17;419,60;Geprueft
2017-10-18;419,60;Geprueft
2017-10-19;419,60;Geprueft
2017-10-20;419,59;Geprueft
2017-10-21;419,59;Geprueft
2017-10-22;419,61;Geprueft
2017-10-23;419,62;Geprueft
2017-10-24;419,62;Geprueft
2017-10-25;419,62;Geprueft
2017-10-26;419,62;Geprueft
2017-10-27;419,62;Geprueft
2017-10-28;419,63;Geprueft
2017-10-29;419,65;Geprueft
2017-10-30;419,65;Geprueft
2017-10-31;419,66;Geprueft
2017-11-01;419,66;Geprueft
2017-11-02;419,66;Geprueft
2017-11-03;419,64;Geprueft
2017-11-04;419,64;Geprueft
2017-11-05;419,63;Geprueft
2017-11-06;419,62;Geprueft
2017-11-07;;Geprueft
2017-11-08;;Geprueft
2017-11-09;;Geprueft
2017-11-10;;Geprueft
2017-11-11;;Geprueft
2017-11-12;;Geprueft
2017-11-13;;Geprueft
2017-11-14;419,82;Geprueft
2017-11-15;419,82;Geprueft
2017-11-16;419,79;Geprueft
2017-11-17;419,77;Geprueft
2017-11-18;419,76;Geprueft
2017-11-19;419,75;Geprueft
2017-11-20;419,73;Geprueft
2017-11-21;419,74;Geprueft
2017-11-22;419,73;Geprueft
2017-11-23;419,73;Geprueft
2017-11-24;419,71;Geprueft
2017-11-25;419,74;Geprueft
2017-11-26;419,82;Geprueft
2017-11-27;419,87;Geprueft
2017-11-28;419,87;Geprueft
2017-11-29;419,87;Geprueft
2017-11-30;419,88;Geprueft
2017-12-01;419,85;Geprueft
2017-12-02;419,82;Geprueft
2017-12-03;419,81;Geprueft
2017-12-04;419,79;Geprueft
2017-12-05;419,79;Geprueft
2017-12-06;419,82;Geprueft
2017-12-07;419,85;Geprueft
2017-12-08;419,86;Geprueft
2017-12-09;419,84;Geprueft
2017-12-10;419,87;Geprueft
2017-12-11;419,86;Geprueft
2017-12-12;419,91;Geprueft
2017-12-13;420,00;Geprueft
2017-12-14;420,01;Geprueft
2017-12-15;420,00;Geprueft
2017-12-16;419,97;Geprueft
2017-12-17;419,95;Geprueft
2017-12-18;419,93;Geprueft
2017-12-19;419,91;Geprueft
2017-12-20;419,90;Geprueft
2017-12-21;419,89;Geprueft
2017-12-22;419,90;Geprueft
2017-12-23;419,92;Geprueft
2017-12-24;419,93;Geprueft
2017-12-25;419,92;Geprueft
2017-12-26;419,91;Geprueft
2017-12-27;419,91;Geprueft
2017-12-28;419,88;Geprueft
2017-12-29;419,88;Geprueft
2017-12-30;419,89;Geprueft
2017-12-31;420,01;Geprueft
2018-01-01;420,26;Geprueft
2018-01-02;420,25;Geprueft
2018-01-03;420,19;Geprueft
2018-01-04;420,22;Geprueft
2018-01-05;420,44;Geprueft
2018-01-06;420,51;Geprueft
2018-01-07;420,45;Geprueft
2018-01-08;420,34;Geprueft
2018-01-09;420,23;Geprueft
2018-01-10;420,17;Geprueft
2018-01-11;420,12;Geprueft
2018-01-12;420,08;Geprueft
2018-01-13;420,06;Geprueft
2018-01-14;420,03;Geprueft
2018-01-15;420,03;Geprueft
2018-01-16;420,05;Geprueft
2018-01-17;420,12;Geprueft
2018-01-18;420,19;Geprueft
2018-01-19;420,23;Geprueft
2018-01-20;420,30;Geprueft
2018-01-21;420,28;Geprueft
2018-01-22;420,27;Geprueft
2018-01-23;420,29;Geprueft
2018-01-24;420,41;Geprueft
2018-01-25;420,46;Geprueft
2018-01-26;420,36;Geprueft
2018-01-27;420,22;Geprueft
2018-01-28;420,17;Geprueft
2018-01-29;420,14;Geprueft
2018-01-30;420,10;Geprueft
2018-01-31;420,10;Geprueft
2018-02-01;420,08;Geprueft
2018-02-02;420,08;Geprueft
2018-02-03;420,07;Geprueft
2018-02-04;420,02;Geprueft
2018-02-05;420,00;Geprueft
2018-02-06;420,00;Geprueft
2018-02-07;419,97;Geprueft
2018-02-08;419,94;Geprueft
2018-02-09;419,94;Geprueft
2018-02-10;419,92;Geprueft
2018-02-11;419,92;Geprueft
2018-02-12;419,90;Geprueft
2018-02-13;419,89;Geprueft
2018-02-14;419,87;Geprueft
2018-02-15;419,87;Geprueft
2018-02-16;419,86;Geprueft
2018-02-17;419,90;Geprueft
2018-02-18;419,90;Geprueft
2018-02-19;419,91;Geprueft
2018-02-20;419,89;Geprueft
2018-02-21;419,87;Geprueft
2018-02-22;419,87;Geprueft
2018-02-23;419,86;Geprueft
2018-02-24;419,83;Geprueft
2018-02-25;419,82;Geprueft
2018-02-26;419,81;Geprueft
2018-02-27;419,80;Geprueft
2018-02-28;419,79;Geprueft
2018-03-01;419,79;Geprueft
2018-03-02;419,78;Geprueft
2018-03-03;419,76;Geprueft
2018-03-04;419,75;Geprueft
2018-03-05;419,75;Geprueft
2018-03-06;419,75;Geprueft
2018-03-07;419,73;Geprueft
2018-03-08;419,72;Geprueft
2018-03-09;419,72;Geprueft
2018-03-10;419,74;Geprueft
2018-03-11;419,76;Geprueft
2018-03-12;419,76;Geprueft
2018-03-13;419,75;Geprueft
2018-03-14;419,74;Geprueft
2018-03-15;419,76;Geprueft
2018-03-16;419,74;Geprueft
2018-03-17;419,74;Geprueft
2018-03-18;419,73;Geprueft
2018-03-19;419,72;Geprueft
2018-03-20;419,71;Geprueft
2018-03-21;419,70;Geprueft
2018-03-22;419,72;Geprueft
2018-03-23;419,74;Geprueft
2018-03-24;419,76;Geprueft
2018-03-25;419,77;Geprueft
2018-03-26;419,76;Geprueft
2018-03-27;419,76;Geprueft
2018-03-28;419,77;Geprueft
2018-03-29;419,77;Geprueft
2018-03-30;419,81;Geprueft
2018-03-31;419,80;Geprueft
2018-04-01;419,77;Geprueft
2018-04-02;419,77;Geprueft
2018-04-03;419,77;Geprueft
2018-04-04;419,75;Geprueft
2018-04-05;419,73;Geprueft
2018-04-06;419,72;Geprueft
2018-04-07;419,73;Geprueft
2018-04-08;419,72;Geprueft
2018-04-09;419,72;Geprueft
2018-04-10;419,71;Geprueft
2018-04-11;419,70;Geprueft
2018-04-12;419,71;Geprueft
2018-04-13;419,68;Geprueft
2018-04-14;419,67;Geprueft
2018-04-15;419,68;Geprueft
2018-04-16;419,67;Geprueft
2018-04-17;419,65;Geprueft
2018-04-18;419,65;Geprueft
2018-04-19;419,66;Geprueft
2018-04-20;419,66;Geprueft
2018-04-21;419,66;Geprueft
2018-04-22;419,65;Geprueft
2018-04-23;419,65;Geprueft
2018-04-24;419,65;Geprueft
2018-04-25;419,65;Geprueft
2018-04-26;419,63;Geprueft
2018-04-27;419,64;Geprueft
2018-04-28;419,63;Geprueft
2018-04-29;419,63;Geprueft
2018-04-30;419,62;Geprueft
2018-05-01;419,60;Geprueft
2018-05-02;419,61;Geprueft
2018-05-03;419,59;Geprueft
2018-05-04;419,59;Geprueft
2018-05-05;419,58;Geprueft
2018-05-06;419,58;Geprueft
2018-05-07;419,58;Geprueft
2018-05-08;419,57;Geprueft
2018-05-09;419,56;Geprueft
2018-05-10;419,55;Geprueft
2018-05-11;419,57;Geprueft
2018-05-12;419,59;Geprueft
2018-05-13;419,60;Geprueft
2018-05-14;419,70;Geprueft
2018-05-15;419,76;Geprueft
2018-05-16;419,77;Geprueft
2018-05-17;419,84;Geprueft
2018-05-18;419,92;Geprueft
2018-05-19;419,91;Geprueft
2018-05-20;419,85;Geprueft
2018-05-21;419,83;Geprueft
2018-05-22;419,81;Geprueft
2018-05-23;419,78;Geprueft
2018-05-24;419,77;Geprueft
2018-05-25;419,76;Geprueft
2018-05-26;419,77;Geprueft
2018-05-27;419,76;Geprueft
2018-05-28;419,74;Geprueft
2018-05-29;419,73;Geprueft
2018-05-30;419,71;Geprueft
2018-05-31;419,70;Geprueft
2018-06-01;419,68;Geprueft
2018-06-02;419,68;Geprueft
2018-06-03;419,67;Geprueft
2018-06-04;419,67;Geprueft
2018-06-05;419,65;Geprueft
2018-06-06;419,63;Geprueft
2018-06-07;419,61;Geprueft
2018-06-08;419,60;Geprueft
2018-06-09;419,61;Geprueft
2018-06-10;419,72;Geprueft
2018-06-11;419,75;Geprueft
2018-06-12;419,87;Geprueft
2018-06-13;419,88;Geprueft
2018-06-14;419,86;Geprueft
2018-06-15;419,84;Geprueft
2018-06-16;419,82;Geprueft
2018-06-17;419,79;Geprueft
2018-06-18;419,77;Geprueft
2018-06-19;419,75;Geprueft
2018-06-20;419,74;Geprueft
2018-06-21;419,72;Geprueft
2018-06-22;419,69;Geprueft
2018-06-23;419,68;Geprueft
2018-06-24;419,66;Geprueft
2018-06-25;419,65;Geprueft
2018-06-26;419,64;Geprueft
2018-06-27;419,63;Geprueft
2018-06-28;419,64;Geprueft
2018-06-29;419,64;Geprueft
2018-06-30;419,63;Geprueft
2018-07-01;419,62;Geprueft
2018-07-02;419,61;Geprueft
2018-07-03;419,60;Geprueft
2018-07-04;419,59;Geprueft
2018-07-05;419,59;Geprueft
2018-07-06;419,65;Geprueft
2018-07-07;419,70;Geprueft
2018-07-08;419,70;Geprueft
2018-07-09;419,69;Geprueft
2018-07-10;419,68;Geprueft
2018-07-11;419,67;Geprueft
2018-07-12;419,65;Geprueft
2018-07-13;419,65;Geprueft
2018-07-14;419,63;Geprueft
2018-07-15;419,61;Geprueft
2018-07-16;419,61;Geprueft
2018-07-17;419,60;Geprueft
2018-07-18;419,58;Geprueft
2018-07-19;419,57;Geprueft
2018-07-20;419,57;Geprueft
2018-07-21;419,57;Geprueft
2018-07-22;419,62;Geprueft
2018-07-23;419,67;Geprueft
2018-07-24;419,69;Geprueft
2018-07-25;419,67;Geprueft
2018-07-26;419,66;Geprueft
2018-07-27;419,64;Geprueft
2018-07-28;419,63;Geprueft
2018-07-29;419,60;Geprueft
2018-07-30;419,46;Geprueft
2018-07-31;419,31;Geprueft
2018-08-01;419,09;Geprueft
2018-08-02;419,00;Geprueft
2018-08-03;419,02;Geprueft
2018-08-04;419,01;Geprueft
2018-08-05;419,00;Geprueft
2018-08-06;418,99;Geprueft
2018-08-07;418,99;Geprueft
2018-08-08;418,98;Geprueft
2018-08-09;419,02;Geprueft
2018-08-10;419,01;Geprueft
2018-08-11;418,96;Geprueft
2018-08-12;418,96;Geprueft
2018-08-13;418,96;Geprueft
2018-08-14;418,94;Geprueft
2018-08-15;418,94;Geprueft
2018-08-16;418,95;Geprueft
2018-08-17;418,94;Geprueft
2018-08-18;418,94;Geprueft
2018-08-19;418,94;Geprueft
2018-08-20;419,02;Geprueft
2018-08-21;419,10;Geprueft
2018-08-22;418,94;Geprueft
2018-08-23;418,95;Geprueft
2018-08-24;418,95;Geprueft
2018-08-25;418,94;Geprueft
2018-08-26;418,94;Geprueft
2018-08-27;418,95;Geprueft
2018-08-28;418,94;Geprueft
2018-08-29;419,01;Geprueft
2018-08-30;419,09;Geprueft
2018-08-31;419,32;Geprueft
2018-09-01;419,34;Rohdaten
2018-09-02;419,35;Rohdaten
2018-09-03;419,38;Rohdaten
2018-09-04;419,39;Rohdaten
2018-09-05;419,39;Rohdaten
2018-09-06;419,39;Rohdaten
2018-09-07;419,38;Rohdaten
2018-09-08;419,37;Rohdaten
2018-09-09;419,38;Rohdaten
2018-09-10;419,38;Rohdaten
2018-09-11;419,37;Rohdaten
2018-09-12;419,37;Rohdaten
2018-09-13;419,37;Rohdaten
2018-09-14;419,36;Rohdaten
2018-09-15;419,35;Rohdaten
2018-09-16;419,35;Rohdaten
2018-09-17;419,36;Rohdaten
2018-09-18;419,36;Rohdaten
2018-09-19;419,35;Rohdaten
2018-09-20;419,36;Rohdaten
2018-09-21;419,37;Rohdaten
2018-09-22;419,35;Rohdaten
2018-09-23;419,38;Rohdaten
2018-09-24;419,37;Rohdaten
2018-09-25;419,40;Rohdaten
2018-09-26;419,41;Rohdaten
2018-09-27;419,42;Rohdaten
2018-09-28;419,41;Rohdaten
2018-09-29;419,39;Rohdaten
2018-09-30;419,40;Rohdaten
2018-10-01;419,39;Rohdaten
2018-10-02;419,39;Rohdaten
2018-10-03;419,38;Rohdaten
2018-10-04;419,38;Rohdaten
2018-10-05;419,39;Rohdaten
2018-10-06;419,39;Rohdaten
2018-10-07;419,38;Rohdaten
2018-10-08;419,37;Rohdaten
2018-10-09;419,37;Rohdaten
2018-10-10;419,38;Rohdaten
2018-10-11;419,38;Rohdaten
2018-10-12;419,36;Rohdaten
2018-10-13;419,37;Rohdaten
2018-10-14;419,38;Rohdaten
2018-10-15;419,37;Rohdaten
2018-10-16;419,36;Rohdaten
2018-10-17;419,36;Rohdaten
2018-10-18;419,36;Rohdaten
2018-10-19;419,36;Rohdaten
2018-10-20;419,35;Rohdaten
2018-10-21;419,36;Rohdaten
2018-10-22;419,36;Rohdaten
2018-10-23;419,37;Rohdaten
2018-10-24;419,37;Rohdaten
2018-10-25;419,38;Rohdaten
2018-10-26;419,38;Rohdaten
2018-10-27;419,37;Rohdaten
2018-10-28;419,41;Rohdaten
2018-10-29;419,47;Rohdaten
2018-10-30;419,46;Rohdaten
2018-10-31;419,46;Rohdaten
2018-11-01;419,47;Rohdaten
2018-11-02;419,45;Rohdaten
2018-11-03;419,45;Rohdaten
2018-11-04;419,47;Rohdaten
2018-11-05;419,46;Rohdaten
2018-11-06;419,46;Rohdaten
2018-11-07;419,44;Rohdaten
2018-11-08;419,44;Rohdaten
2018-11-09;419,45;Rohdaten
2018-11-10;419,46;Rohdaten
2018-11-11;419,45;Rohdaten
2018-11-12;419,45;Rohdaten
2018-11-13;419,43;Rohdaten
2018-11-14;419,43;Rohdaten
2018-11-15;419,44;Rohdaten
2018-11-16;419,44;Rohdaten
2018-11-17;419,43;Rohdaten
2018-11-18;419,44;Rohdaten
2018-11-19;419,45;Rohdaten
2018-11-20;419,44;Rohdaten
2018-11-21;419,42;Rohdaten
2018-11-22;419,42;Rohdaten
2018-11-23;419,43;Rohdaten
2018-11-24;419,43;Rohdaten
2018-11-25;419,44;Rohdaten
2018-11-26;419,44;Rohdaten
2018-11-27;419,43;Rohdaten
2018-11-28;419,45;Rohdaten
2018-11-29;419,46;Rohdaten
2018-11-30;419,46;Rohdaten
2018-12-01;419,47;Rohdaten
2018-12-02;419,49;Rohdaten
2018-12-03;419,58;Rohdaten
2018-12-04;419,76;Rohdaten
2018-12-05;419,81;Rohdaten
2018-12-06;419,80;Rohdaten
2018-12-07;419,78;Rohdaten
2018-12-08;419,76;Rohdaten
2018-12-09;419,78;Rohdaten
2018-12-10;419,79;Rohdaten
2018-12-11;419,82;Rohdaten
2018-12-12;419,81;Rohdaten
2018-12-13;419,80;Rohdaten
2018-12-14;419,77;Rohdaten
2018-12-15;419,75;Rohdaten
2018-12-16;419,76;Rohdaten
2018-12-17;419,72;Rohdaten
2018-12-18;419,73;Rohdaten
2018-12-19;419,74;Rohdaten
2018-12-20;419,74;Rohdaten
2018-12-21;419,77;Rohdaten
2018-12-22;419,87;Rohdaten
2018-12-23;420,12;Rohdaten
2018-12-24;420,31;Rohdaten
2018-12-25;420,41;Rohdaten
2018-12-26;420,38;Rohdaten
2018-12-27;420,26;Rohdaten
2018-12-28;420,17;Rohdaten
2018-12-29;420,12;Rohdaten
2018-12-30;420,09;Rohdaten
2018-12-31;420,07;Rohdaten
2019-01-01;420,06;Rohdaten
2019-01-02;420,04;Rohdaten
2019-01-03;420,02;Rohdaten
2019-01-04;420,01;Rohdaten
2019-01-05;420,00;Rohdaten
2019-01-06;420,04;Rohdaten
2019-01-07;420,19;Rohdaten
2019-01-08;420,32;Rohdaten
2019-01-09;420,37;Rohdaten
2019-01-10;420,34;Rohdaten
2019-01-11;420,29;Rohdaten
2019-01-12;420,23;Rohdaten
2019-01-13;420,31;Rohdaten
2019-01-14;420,53;Rohdaten
2019-01-15;420,59;Rohdaten
2019-01-16;420,54;Rohdaten
2019-01-17;420,43;Rohdaten
2019-01-18;420,30;Rohdaten
2019-01-19;420,26;Rohdaten
2019-01-20;420,20;Rohdaten
2019-01-21;420,15;Rohdaten
2019-01-22;420,14;Rohdaten
2019-01-23;420,11;Rohdaten
2019-01-24;420,06;Rohdaten
2019-01-25;420,03;Rohdaten
2019-01-26;420,02;Rohdaten
2019-01-27;420,04;Rohdaten
2019-01-28;420,02;Rohdaten
2019-01-29;420,01;Rohdaten
2019-01-30;420,02;Rohdaten
2019-01-31;420,01;Rohdaten
2019-02-01;420,00;Rohdaten
2019-02-02;419,99;Rohdaten
2019-02-03;419,98;Rohdaten
2019-02-04;419,97;Rohdaten
2019-02-05;419,97;Rohdaten
2019-02-06;419,97;Rohdaten
2019-02-07;419,96;Rohdaten
2019-02-08;419,94;Rohdaten
2019-02-09;419,94;Rohdaten
2019-02-10;419,97;Rohdaten
2019-02-11;419,97;Rohdaten
2019-02-12;419,99;Rohdaten
2019-02-13;419,99;Rohdaten
2019-02-14;419,97;Rohdaten
2019-02-15;419,96;Rohdaten
2019-02-16;419,95;Rohdaten
2019-02-17;419,93;Rohdaten
2019-02-18;419,92;Rohdaten
2019-02-19;419,90;Rohdaten
2019-02-20;419,89;Rohdaten
2019-02-21;419,88;Rohdaten
2019-02-22;419,86;Rohdaten
2019-02-23;419,85;Rohdaten
2019-02-24;419,84;Rohdaten
2019-02-25;419,83;Rohdaten
2019-02-26;419,83;Rohdaten
2019-02-27;419,83;Rohdaten
2019-02-28;419,83;Rohdaten
2019-03-01;419,81;Rohdaten
2019-03-02;419,80;Rohdaten
2019-03-03;419,80;Rohdaten
2019-03-04;419,81;Rohdaten
2019-03-05;419,78;Rohdaten
2019-03-06;419,79;Rohdaten
2019-03-07;419,78;Rohdaten
2019-03-08;419,76;Rohdaten
2019-03-09;419,76;Rohdaten
2019-03-10;419,78;Rohdaten
2019-03-11;419,78;Rohdaten
2019-03-12;419,80;Rohdaten
2019-03-13;419,81;Rohdaten
2019-03-14;419,82;Rohdaten
2019-03-15;419,87;Rohdaten
2019-03-16;420,00;Rohdaten
2019-03-17;420,14;Rohdaten
2019-03-18;420,12;Rohdaten
2019-03-19;420,01;Rohdaten
2019-03-20;419,97;Rohdaten
2019-03-21;419,96;Rohdaten
2019-03-22;419,94;Rohdaten
2019-03-23;419,92;Rohdaten
2019-03-24;419,91;Rohdaten
2019-03-25;419,89;Rohdaten
2019-03-26;419,87;Rohdaten
2019-03-27;419,85;Rohdaten
2019-03-28;419,84;Rohdaten
2019-03-29;419,84;Rohdaten
2019-03-30;419,83;Rohdaten
2019-03-31;419,82;Rohdaten
2019-04-01;419,82;Rohdaten
2019-04-02;419,83;Rohdaten
2019-04-03;419,82;Rohdaten
2019-04-04;419,81;Rohdaten
2019-04-05;419,79;Rohdaten
2019-04-06;419,79;Rohdaten
2019-04-07;419,78;Rohdaten
2019-04-08;419,76;Rohdaten
2019-04-09;419,76;Rohdaten
2019-04-10;419,75;Rohdaten
2019-04-11;419,74;Rohdaten
2019-04-12;419,73;Rohdaten
2019-04-13;419,73;Rohdaten
2019-04-14;419,72;Rohdaten
2019-04-15;419,72;Rohdaten
2019-04-16;419,71;Rohdaten
2019-04-17;419,68;Rohdaten
2019-04-18;419,67;Rohdaten
2019-04-19;419,66;Rohdaten
2019-04-20;419,67;Rohdaten
2019-04-21;419,68;Rohdaten
2019-04-22;419,69;Rohdaten
2019-04-23;419,68;Rohdaten
2019-04-24;419,65;Rohdaten
2019-04-25;419,65;Rohdaten
2019-04-26;419,64;Rohdaten
2019-04-27;419,65;Rohdaten
2019-04-28;419,65;Rohdaten
2019-04-29;419,65;Rohdaten
2019-04-30;419,67;Rohdaten
2019-05-01;419,67;Rohdaten
2019-05-02;419,68;Rohdaten
2019-05-03;419,66;Rohdaten
2019-05-04;419,66;Rohdaten
2019-05-05;419,64;Rohdaten
2019-05-06;419,64;Rohdaten
2019-05-07;419,65;Rohdaten
2019-05-08;419,66;Rohdaten
2019-05-09;419,65;Rohdaten
2019-05-10;419,64;Rohdaten
2019-05-11;419,66;Rohdaten
2019-05-12;419,65;Rohdaten
2019-05-13;419,66;Rohdaten
2019-05-14;419,66;Rohdaten
2019-05-15;419,66;Rohdaten
2019-05-16;419,67;Rohdaten
2019-05-17;419,67;Rohdaten
2019-05-18;419,67;Rohdaten
2019-05-19;419,67;Rohdaten
2019-05-20;419,69;Rohdaten
2019-05-21;419,81;Rohdaten
2019-05-22;419,91;Rohdaten
2019-05-23;419,95;Rohdaten
2019-05-24;419,93;Rohdaten
2019-05-25;419,88;Rohdaten
2019-05-26;419,85;Rohdaten
2019-05-27;419,84;Rohdaten
2019-05-28;419,83;Rohdaten
2019-05-29;419,80;Rohdaten
2019-05-30;419,78;Rohdaten
2019-05-31;419,78;Rohdaten
2019-06-01;419,77;Rohdaten
2019-06-02;419,76;Rohdaten
2019-06-03;419,76;Rohdaten
2019-06-04;419,75;Rohdaten
2019-06-05;419,74;Rohdaten
2019-06-06;419,71;Rohdaten
2019-06-07;419,71;Rohdaten
2019-06-08;419,69;Rohdaten
2019-06-09;419,69;Rohdaten
2019-06-10;419,70;Rohdaten
2019-06-11;419,70;Rohdaten
2019-06-12;419,69;Rohdaten
2019-06-13;419,69;Rohdaten
2019-06-14;419,68;Rohdaten
2019-06-15;419,67;Rohdaten
2019-06-16;419,69;Rohdaten
2019-06-17;419,70;Rohdaten
2019-06-18;419,70;Rohdaten
2019-06-19;419,69;Rohdaten
2019-06-20;419,70;Rohdaten
2019-06-21;419,70;Rohdaten
2019-06-22;419,71;Rohdaten
2019-06-23;419,70;Rohdaten
2019-06-24;419,69;Rohdaten
2019-06-25;419,67;Rohdaten
2019-06-26;419,66;Rohdaten
2019-06-27;419,64;Rohdaten
2019-06-28;419,64;Rohdaten
2019-06-29;419,63;Rohdaten
2019-06-30;419,62;Rohdaten
2019-07-01;419,61;Rohdaten
2019-07-02;419,60;Rohdaten
2019-07-03;419,59;Rohdaten
2019-07-04;419,58;Rohdaten
2019-07-05;419,58;Rohdaten
2019-07-06;419,57;Rohdaten
2019-07-07;419,57;Rohdaten
2019-07-08;419,56;Rohdaten
2019-07-09;419,56;Rohdaten
2019-07-10;419,55;Rohdaten
2019-07-11;419,55;Rohdaten
2019-07-12;419,56;Rohdaten
2019-07-13;419,56;Rohdaten
2019-07-14;419,57;Rohdaten
2019-07-15;419,57;Rohdaten
2019-07-16;419,56;Rohdaten
2019-07-17;419,56;Rohdaten
2019-07-18;419,55;Rohdaten
2019-07-19;419,53;Rohdaten
2019-07-20;419,53;Rohdaten
2019-07-21;419,52;Rohdaten
2019-07-22;419,52;Rohdaten
2019-07-23;419,52;Rohdaten
2019-07-24;419,52;Rohdaten
2019-07-25;419,52;Rohdaten
2019-07-26;419,51;Rohdaten
2019-07-27;419,52;Rohdaten
2019-07-28;419,52;Rohdaten
2019-07-29;419,53;Rohdaten
2019-07-30;419,53;Rohdaten
2019-07-31;419,53;Rohdaten
2019-08-01;419,54;Rohdaten
2019-08-02;419,54;Rohdaten
2019-08-03;419,54;Rohdaten
2019-08-04;419,54;Rohdaten
2019-08-05;419,54;Rohdaten
2019-08-06;419,53;Rohdaten
2019-08-07;419,65;Rohdaten
2019-08-08;419,72;Rohdaten
2019-08-09;419,72;Rohdaten
2019-08-10;419,72;Rohdaten
2019-08-11;419,72;Rohdaten
2019-08-12;419,73;Rohdaten
2019-08-13;419,73;Rohdaten
2019-08-14;419,72;Rohdaten
2019-08-15;419,71;Rohdaten
2019-08-16;419,69;Rohdaten
2019-08-17;419,69;Rohdaten
2019-08-18;419,67;Rohdaten
2019-08-19;419,66;Rohdaten
2019-08-20;419,66;Rohdaten
2019-08-21;419,66;Rohdaten
2019-08-22;419,65;Rohdaten
2019-08-23;419,65;Rohdaten
2019-08-24;419,64;Rohdaten
2019-08-25;419,63;Rohdaten
2019-08-26;419,63;Rohdaten
2019-08-27;419,63;Rohdaten
2019-08-28;419,62;Rohdaten
2019-08-29;419,61;Rohdaten
2019-08-30;419,61;Rohdaten
2019-08-31;419,61;Rohdaten
2019-09-01;419,60;Rohdaten
2019-09-02;419,58;Rohdaten
2019-09-03;419,58;Rohdaten
2019-09-04;419,58;Rohdaten
2019-09-05;419,57;Rohdaten
2019-09-06;419,56;Rohdaten
2019-09-07;419,56;Rohdaten
2019-09-08;419,57;Rohdaten
2019-09-09;419,56;Rohdaten
2019-09-10;419,57;Rohdaten
2019-09-11;419,55;Rohdaten
2019-09-12;419,54;Rohdaten
2019-09-13;419,53;Rohdaten
2019-09-14;419,54;Rohdaten
2019-09-15;419,54;Rohdaten
2019-09-16;419,54;Rohdaten
2019-09-17;419,52;Rohdaten
2019-09-18;419,52;Rohdaten
2019-09-19;419,51;Rohdaten
2019-09-20;419,51;Rohdaten
2019-09-21;419,52;Rohdaten
2019-09-22;419,51;Rohdaten
2019-09-23;419,51;Rohdaten
2019-09-24;419,53;Rohdaten
2019-09-25;419,55;Rohdaten
2019-09-26;419,55;Rohdaten
2019-09-27;419,56;Rohdaten
2019-09-28;419,56;Rohdaten
2019-09-29;419,57;Rohdaten
2019-09-30;419,56;Rohdaten
2019-10-01;419,57;Rohdaten
2019-10-02;419,55;Rohdaten
2019-10-03;419,54;Rohdaten
2019-10-04;419,56;Rohdaten
2019-10-05;419,56;Rohdaten
2019-10-06;419,59;Rohdaten
2019-10-07;419,64;Rohdaten
2019-10-08;419,66;Rohdaten
2019-10-09;419,72;Rohdaten
2019-10-10;419,71;Rohdaten
2019-10-11;419,71;Rohdaten
2019-10-12;419,71;Rohdaten
2019-10-13;419,71;Rohdaten
2019-10-14;419,70;Rohdaten
2019-10-15;419,70;Rohdaten
2019-10-16;419,67;Rohdaten
2019-10-17;419,67;Rohdaten
2019-10-18;419,68;Rohdaten
2019-10-19;419,71;Rohdaten
2019-10-20;419,72;Rohdaten
2019-10-21;419,70;Rohdaten
2019-10-22;419,70;Rohdaten
2019-10-23;419,71;Rohdaten
2019-10-24;419,70;Rohdaten
2019-10-25;419,68;Rohdaten
2019-10-26;419,69;Rohdaten
2019-10-27;419,68;Rohdaten
2019-10-28;419,68;Rohdaten
2019-10-29;419,67;Rohdaten
2019-10-30;419,67;Rohdaten
2019-10-31;419,67;Rohdaten
2019-11-01;419,68;Rohdaten
2019-11-02;419,69;Rohdaten
2019-11-03;419,72;Rohdaten
2019-11-04;419,74;Rohdaten
2019-11-05;419,73;Rohdaten
2019-11-06;419,73;Rohdaten
2019-11-07;419,73;Rohdaten
2019-11-08;419,72;Rohdaten
2019-11-09;419,71;Rohdaten
2019-11-10;419,70;Rohdaten
2019-11-11;419,71;Rohdaten
2019-11-12;419,70;Rohdaten
2019-11-13;419,70;Rohdaten
2019-11-14;419,70;Rohdaten
2019-11-15;419,69;Rohdaten
2019-11-16;419,67;Rohdaten
2019-11-17;419,69;Rohdaten
2019-11-18;419,67;Rohdaten
2019-11-19;419,66;Rohdaten
2019-11-20;419,66;Rohdaten
2019-11-21;419,67;Rohdaten
2019-11-22;419,67;Rohdaten
2019-11-23;419,67;Rohdaten
2019-11-24;419,65;Rohdaten
2019-11-25;419,64;Rohdaten
2019-11-26;419,65;Rohdaten
2019-11-27;419,66;Rohdaten
2019-11-28;419,65;Rohdaten
2019-11-29;419,64;Rohdaten
2019-11-30;419,64;Rohdaten
2019-12-01;419,67;Rohdaten
2019-12-02;419,65;Rohdaten
2019-12-03;419,64;Rohdaten
2019-12-04;419,66;Rohdaten
2019-12-05;419,64;Rohdaten
2019-12-06;419,65;Rohdaten
2019-12-07;419,65;Rohdaten
2019-12-08;419,66;Rohdaten
2019-12-09;419,66;Rohdaten
2019-12-10;419,63;Rohdaten
2019-12-11;419,67;Rohdaten
2019-12-12;419,69;Rohdaten
2019-12-13;419,73;Rohdaten
2019-12-14;419,77;Rohdaten
2019-12-15;419,81;Rohdaten
2019-12-16;419,84;Rohdaten
2019-12-17;419,84;Rohdaten
2019-12-18;419,82;Rohdaten
2019-12-19;419,82;Rohdaten
2019-12-20;419,83;Rohdaten
2019-12-21;419,81;Rohdaten
2019-12-22;419,80;Rohdaten
2019-12-23;419,78;Rohdaten
2019-12-24;419,81;Rohdaten
2019-12-25;419,86;Rohdaten
2019-12-26;419,90;Rohdaten
2019-12-27;419,90;Rohdaten
2019-12-28;419,88;Rohdaten
2019-12-29;419,88;Rohdaten
2019-12-30;419,87;Rohdaten
2019-12-31;419,85;Rohdaten
2020-01-01;419,84;Rohdaten
2020-01-02;419,83;Rohdaten
2020-01-03;419,83;Rohdaten
2020-01-04;419,81;Rohdaten
2020-01-05;419,80;Rohdaten
2020-01-06;419,82;Rohdaten
2020-01-07;419,81;Rohdaten
2020-01-08;419,81;Rohdaten
2020-01-09;419,81;Rohdaten
2020-01-10;419,80;Rohdaten
2020-01-11;419,78;Rohdaten
2020-01-12;419,79;Rohdaten
2020-01-13;419,79;Rohdaten
2020-01-14;419,79;Rohdaten
2020-01-15;419,78;Rohdaten
2020-01-16;419,76;Rohdaten
2020-01-17;419,77;Rohdaten
2020-01-18;419,75;Rohdaten
2020-01-19;419,74;Rohdaten
2020-01-20;419,73;Rohdaten
2020-01-21;419,75;Rohdaten
2020-01-22;419,74;Rohdaten
2020-01-23;419,75;Rohdaten
2020-01-24;419,75;Rohdaten
2020-01-25;419,74;Rohdaten
2020-01-26;419,74;Rohdaten
2020-01-27;419,75;Rohdaten
2020-01-28;419,77;Rohdaten
2020-01-29;419,77;Rohdaten
2020-01-30;419,80;Rohdaten
2020-01-31;419,82;Rohdaten
2020-02-01;419,84;Rohdaten
2020-02-02;419,89;Rohdaten
2020-02-03;420,00;Rohdaten
2020-02-04;420,18;Rohdaten
2020-02-05;420,26;Rohdaten
2020-02-06;420,28;Rohdaten
2020-02-07;420,18;Rohdaten
2020-02-08;420,11;Rohdaten
2020-02-09;420,09;Rohdaten
2020-02-10;420,07;Rohdaten
2020-02-11;420,07;Rohdaten
2020-02-12;420,10;Rohdaten
2020-02-13;420,13;Rohdaten
2020-02-14;420,13;Rohdaten
2020-02-15;420,15;Rohdaten
2020-02-16;420,14;Rohdaten
2020-02-17;420,10;Rohdaten
2020-02-18;420,10;Rohdaten
2020-02-19;420,12;Rohdaten
2020-02-20;420,11;Rohdaten
2020-02-21;420,09;Rohdaten
2020-02-22;420,07;Rohdaten
2020-02-23;420,07;Rohdaten
2020-02-24;420,08;Rohdaten
2020-02-25;420,12;Rohdaten
2020-02-26;420,12;Rohdaten
2020-02-27;420,13;Rohdaten
2020-02-28;420,10;Rohdaten
2020-02-29;420,17;Rohdaten
2020-03-01;420,28;Rohdaten
2020-03-02;420,33;Rohdaten
2020-03-03;420,26;Rohdaten
2020-03-04;420,17;Rohdaten
2020-03-05;420,16;Rohdaten
2020-03-06;420,15;Rohdaten
2020-03-07;420,14;Rohdaten
2020-03-08;420,14;Rohdaten
2020-03-09;420,12;Rohdaten
2020-03-10;420,12;Rohdaten
2020-03-11;420,17;Rohdaten
2020-03-12;420,22;Rohdaten
2020-03-13;420,18;Rohdaten
2020-03-14;420,14;Rohdaten
2020-03-15;420,11;Rohdaten
2020-03-16;420,07;Rohdaten
2020-03-17;420,05;Rohdaten
2020-03-18;420,04;Rohdaten
2020-03-19;420,03;Rohdaten
2020-03-20;420,02;Rohdaten
2020-03-21;420,01;Rohdaten
2020-03-22;420,03;Rohdaten
2020-03-23;420,03;Rohdaten
2020-03-24;420,02;Rohdaten
2020-03-25;420,01;Rohdaten
2020-03-26;420,00;Rohdaten
2020-03-27;419,98;Rohdaten
2020-03-28;419,97;Rohdaten
2020-03-29;419,95;Rohdaten
2020-03-30;419,93;Rohdaten
2020-03-31;419,92;Rohdaten
2020-04-01;419,92;Rohdaten
2020-04-02;419,92;Rohdaten
2020-04-03;419,90;Rohdaten
2020-04-04;419,88;Rohdaten
2020-04-05;419,88;Rohdaten
2020-04-06;419,87;Rohdaten
2020-04-07;419,86;Rohdaten
2020-04-08;419,86;Rohdaten
2020-04-09;419,85;Rohdaten
2020-04-10;419,84;Rohdaten
2020-04-11;419,83;Rohdaten
2020-04-12;419,84;Rohdaten
2020-04-13;419,83;Rohdaten
2020-04-14;419,81;Rohdaten
2020-04-15;419,81;Rohdaten
2020-04-16;419,81;Rohdaten
2020-04-17;419,80;Rohdaten
2020-04-18;419,79;Rohdaten
2020-04-19;419,79;Rohdaten
2020-04-20;419,78;Rohdaten
2020-04-21;419,77;Rohdaten
2020-04-22;419,76;Rohdaten
2020-04-23;419,75;Rohdaten
2020-04-24;419,76;Rohdaten
2020-04-25;419,75;Rohdaten
2020-04-26;419,74;Rohdaten
2020-04-27;419,74;Rohdaten
2020-04-28;419,74;Rohdaten
2020-04-29;419,74;Rohdaten
2020-04-30;419,75;Rohdaten
2020-05-01;419,75;Rohdaten
2020-05-02;419,73;Rohdaten
2020-05-03;419,72;Rohdaten
2020-05-04;419,72;Rohdaten
2020-05-05;419,71;Rohdaten
2020-05-06;419,70;Rohdaten
2020-05-07;419,70;Rohdaten
2020-05-08;419,70;Rohdaten
2020-05-09;419,70;Rohdaten
2020-05-10;419,70;Rohdaten
2020-05-11;419,70;Rohdaten
2020-05-12;419,70;Rohdaten
2020-05-13;419,72;Rohdaten
2020-05-14;419,74;Rohdaten
2020-05-15;419,73;Rohdaten
2020-05-16;419,72;Rohdaten
2020-05-17;419,71;Rohdaten
2020-05-18;419,69;Rohdaten
2020-05-19;419,69;Rohdaten
2020-05-20;419,68;Rohdaten
2020-05-21;419,67;Rohdaten
2020-05-22;419,66;Rohdaten
2020-05-23;419,66;Rohdaten
2020-05-24;419,65;Rohdaten
2020-05-25;419,65;Rohdaten
2020-05-26;419,64;Rohdaten
2020-05-27;419,65;Rohdaten
2020-05-28;419,64;Rohdaten
2020-05-29;419,64;Rohdaten
2020-05-30;419,63;Rohdaten
2020-05-31;419,63;Rohdaten
2020-06-01;419,62;Rohdaten
2020-06-02;419,62;Rohdaten
2020-06-03;419,63;Rohdaten
2020-06-04;419,63;Rohdaten
2020-06-05;419,63;Rohdaten
2020-06-06;419,65;Rohdaten
2020-06-07;419,68;Rohdaten
2020-06-08;419,70;Rohdaten
2020-06-09;419,70;Rohdaten
2020-06-10;419,70;Rohdaten
2020-06-11;419,70;Rohdaten
2020-06-12;419,70;Rohdaten
2020-06-13;419,68;Rohdaten
2020-06-14;419,72;Rohdaten
2020-06-15;419,75;Rohdaten
2020-06-16;419,79;Rohdaten
2020-06-17;419,80;Rohdaten
2020-06-18;419,81;Rohdaten
2020-06-19;419,79;Rohdaten
2020-06-20;419,79;Rohdaten
2020-06-21;419,79;Rohdaten
2020-06-22;419,77;Rohdaten
2020-06-23;419,75;Rohdaten
2020-06-24;419,75;Rohdaten
2020-06-25;419,73;Rohdaten
2020-06-26;419,73;Rohdaten
2020-06-27;419,71;Rohdaten
2020-06-28;419,70;Rohdaten
2020-06-29;419,71;Rohdaten
2020-06-30;419,70;Rohdaten
2020-07-01;419,69;Rohdaten
2020-07-02;419,70;Rohdaten
2020-07-03;419,71;Rohdaten
2020-07-04;419,71;Rohdaten
2020-07-05;419,70;Rohdaten
2020-07-06;419,69;Rohdaten
2020-07-07;419,67;Rohdaten
2020-07-08;419,65;Rohdaten
2020-07-09;419,65;Rohdaten
2020-07-10;419,64;Rohdaten
2020-07-11;419,62;Rohdaten
2020-07-12;419,62;Rohdaten
2020-07-13;419,62;Rohdaten
2020-07-14;419,62;Rohdaten
2020-07-15;419,60;Rohdaten
2020-07-16;419,62;Rohdaten
2020-07-17;419,63;Rohdaten
2020-07-18;419,64;Rohdaten
2020-07-19;419,63;Rohdaten
2020-07-20;419,62;Rohdaten
2020-07-21;419,60;Rohdaten
2020-07-22;419,59;Rohdaten
2020-07-23;419,59;Rohdaten
2020-07-24;419,59;Rohdaten
2020-07-25;419,58;Rohdaten
2020-07-26;419,57;Rohdaten
2020-07-27;419,57;Rohdaten
2020-07-28;419,57;Rohdaten
2020-07-29;419,55;Rohdaten
2020-07-30;419,55;Rohdaten
2020-07-31;419,55;Rohdaten
2020-08-01;419,54;Rohdaten
2020-08-02;419,54;Rohdaten
2020-08-03;419,58;Rohdaten
2020-08-04;419,63;Rohdaten
2020-08-05;419,65;Rohdaten
2020-08-06;419,65;Rohdaten
2020-08-07;419,64;Rohdaten
2020-08-08;419,63;Rohdaten
2020-08-09;419,61;Rohdaten
2020-08-10;419,60;Rohdaten
2020-08-11;419,59;Rohdaten
2020-08-12;419,57;Rohdaten
2020-08-13;419,61;Rohdaten
2020-08-14;419,65;Rohdaten
2020-08-15;419,66;Rohdaten
2020-08-16;419,66;Rohdaten
2020-08-17;419,64;Rohdaten
2020-08-18;419,65;Rohdaten
2020-08-19;419,64;Rohdaten
2020-08-20;419,63;Rohdaten
2020-08-21;419,62;Rohdaten
2020-08-22;419,63;Rohdaten
2020-08-23;419,65;Rohdaten
2020-08-24;419,65;Rohdaten
2020-08-25;419,65;Rohdaten
2020-08-26;419,63;Rohdaten
2020-08-27;419,61;Rohdaten
2020-08-28;419,62;Rohdaten
2020-08-29;419,60;Rohdaten
2020-08-30;419,63;Rohdaten
2020-08-31;419,68;Rohdaten
2020-09-01;419,69;Rohdaten
2020-09-02;419,69;Rohdaten
2020-09-03;419,67;Rohdaten
2020-09-04;419,67;Rohdaten
2020-09-05;419,67;Rohdaten
2020-09-06;419,65;Rohdaten
2020-09-07;419,63;Rohdaten
2020-09-08;419,63;Rohdaten
2020-09-09;419,62;Rohdaten
2020-09-10;419,61;Rohdaten
2020-09-11;419,61;Rohdaten
2020-09-12;419,59;Rohdaten
2020-09-13;419,59;Rohdaten
2020-09-14;419,58;Rohdaten
2020-09-15;419,58;Rohdaten
2020-09-16;419,58;Rohdaten
2020-09-17;419,56;Rohdaten
2020-09-18;419,56;Rohdaten
2020-09-19;419,57;Rohdaten
2020-09-20;419,56;Rohdaten
2020-09-21;419,55;Rohdaten
2020-09-22;419,55;Rohdaten
2020-09-23;419,56;Rohdaten
2020-09-24;419,56;Rohdaten
2020-09-25;419,61;Rohdaten
2020-09-26;419,61;Rohdaten
2020-09-27;419,61;Rohdaten
2020-09-28;419,61;Rohdaten
2020-09-29;419,60;Rohdaten
2020-09-30;419,61;Rohdaten
2020-10-01;419,61;Rohdaten
2020-10-02;419,61;Rohdaten
2020-10-03;419,60;Rohdaten
2020-10-04;419,58;Rohdaten
2020-10-05;419,57;Rohdaten
2020-10-06;419,57;Rohdaten
2020-10-07;419,55;Rohdaten
2020-10-08;419,55;Rohdaten
2020-10-09;419,56;Rohdaten
2020-10-10;419,56;Rohdaten
2020-10-11;419,56;Rohdaten
2020-10-12;419,56;Rohdaten
2020-10-13;419,57;Rohdaten
2020-10-14;419,56;Rohdaten
2020-10-15;419,56;Rohdaten
2020-10-16;419,57;Rohdaten
2020-10-17;419,58;Rohdaten
2020-10-18;419,58;Rohdaten
2020-10-19;419,58;Rohdaten
2020-10-20;419,58;Rohdaten
2020-10-21;419,58;Rohdaten
2020-10-22;419,57;Rohdaten
2020-10-23;419,57;Rohdaten
2020-10-24;419,59;Rohdaten
2020-10-25;419,61;Rohdaten
2020-10-26;419,61;Rohdaten
2020-10-27;419,60;Rohdaten
2020-10-28;419,60;Rohdaten
2020-10-29;419,59;Rohdaten
2020-10-30;419,60;Rohdaten
2020-10-31;419,61;Rohdaten
2020-11-01;419,62;Rohdaten
2020-11-02;419,62;Rohdaten
2020-11-03;419,61;Rohdaten
2020-11-04;419,61;Rohdaten
2020-11-05;419,60;Rohdaten
2020-11-06;419,60;Rohdaten
2020-11-07;419,60;Rohdaten
2020-11-08;419,60;Rohdaten
2020-11-09;419,60;Rohdaten
2020-11-10;419,59;Rohdaten
2020-11-11;419,59;Rohdaten
2020-11-12;419,59;Rohdaten
2020-11-13;419,58;Rohdaten
2020-11-14;419,58;Rohdaten
2020-11-15;419,58;Rohdaten
2020-11-16;419,56;Rohdaten
2020-11-17;419,55;Rohdaten
2020-11-18;419,55;Rohdaten
2020-11-19;419,56;Rohdaten
2020-11-20;419,55;Rohdaten
2020-11-21;419,56;Rohdaten
2020-11-22;419,56;Rohdaten
2020-11-23;419,55;Rohdaten
2020-11-24;419,55;Rohdaten
2020-11-25;419,55;Rohdaten
2020-11-26;419,54;Rohdaten
2020-11-27;419,54;Rohdaten
2020-11-28;419,54;Rohdaten
2020-11-29;419,53;Rohdaten
2020-11-30;419,53;Rohdaten
2020-12-01;419,54;Rohdaten
2020-12-02;419,54;Rohdaten
2020-12-03;419,56;Rohdaten
2020-12-04;419,56;Rohdaten
2020-12-05;419,53;Rohdaten
2020-12-06;419,54;Rohdaten
2020-12-07;419,54;Rohdaten
2020-12-08;419,56;Rohdaten
2020-12-09;419,56;Rohdaten
2020-12-10;419,58;Rohdaten
2020-12-11;419,61;Rohdaten
2020-12-12;419,60;Rohdaten
2020-12-13;419,59;Rohdaten
2020-12-14;419,61;Rohdaten
2020-12-15;419,62;Rohdaten
2020-12-16;419,61;Rohdaten
2020-12-17;419,60;Rohdaten
2020-12-18;419,60;Rohdaten
2020-12-19;419,61;Rohdaten
2020-12-20;419,60;Rohdaten
2020-12-21;419,60;Rohdaten
2020-12-22;419,61;Rohdaten
2020-12-23;419,64;Rohdaten
2020-12-24;419,70;Rohdaten
2020-12-25;419,76;Rohdaten
2020-12-26;419,76;Rohdaten
2020-12-27;419,80;Rohdaten
2020-12-28;419,78;Rohdaten
2020-12-29;419,74;Rohdaten
2020-12-30;419,72;Rohdaten
2020-12-31;419,72;Rohdaten
2021-01-01;419,71;Rohdaten
2021-01-02;419,70;Rohdaten
2021-01-03;419,70;Rohdaten
2021-01-04;419,69;Rohdaten
2021-01-05;419,69;Rohdaten
2021-01-06;419,69;Rohdaten
2021-01-07;419,69;Rohdaten
2021-01-08;419,69;Rohdaten
2021-01-09;419,68;Rohdaten
2021-01-10;419,68;Rohdaten
2021-01-11;419,68;Rohdaten
2021-01-12;419,69;Rohdaten
2021-01-13;419,68;Rohdaten
2021-01-14;419,68;Rohdaten
2021-01-15;419,66;Rohdaten
2021-01-16;419,67;Rohdaten
2021-01-17;419,67;Rohdaten
2021-01-18;419,65;Rohdaten
2021-01-19;419,67;Rohdaten
2021-01-20;419,68;Rohdaten
2021-01-21;419,68;Rohdaten
2021-01-22;419,74;Rohdaten
2021-01-23;419,79;Rohdaten
2021-01-24;419,82;Rohdaten
2021-01-25;419,82;Rohdaten
2021-01-26;419,79;Rohdaten
2021-01-27;419,80;Rohdaten
2021-01-28;419,84;Rohdaten
2021-01-29;419,95;Rohdaten
2021-01-30;420,10;Rohdaten
2021-01-31;420,18;Rohdaten
2021-02-01;420,16;Rohdaten
2021-02-02;420,09;Rohdaten
2021-02-03;420,10;Rohdaten
2021-02-04;420,17;Rohdaten
2021-02-05;420,22;Rohdaten
2021-02-06;420,17;Rohdaten
2021-02-07;420,13;Rohdaten
2021-02-08;420,14;Rohdaten
2021-02-09;420,13;Rohdaten
2021-02-10;420,11;Rohdaten
2021-02-11;420,06;Rohdaten
2021-02-12;420,03;Rohdaten
2021-02-13;420,01;Rohdaten
2021-02-14;419,98;Rohdaten
2021-02-15;419,97;Rohdaten
2021-02-16;419,96;Rohdaten
2021-02-17;419,98;Rohdaten
2021-02-18;420,04;Rohdaten
2021-02-19;420,04;Rohdaten
2021-02-20;420,03;Rohdaten
2021-02-21;420,00;Rohdaten
2021-02-22;419,97;Rohdaten
2021-02-23;419,94;Rohdaten
2021-02-24;419,94;Rohdaten
2021-02-25;419,94;Rohdaten
2021-02-26;419,92;Rohdaten
2021-02-27;419,90;Rohdaten
2021-02-28;419,90;Rohdaten
2021-03-01;419,89;Rohdaten
2021-03-02;419,88;Rohdaten
2021-03-03;419,87;Rohdaten
2021-03-04;419,87;Rohdaten
2021-03-05;419,85;Rohdaten
2021-03-06;419,84;Rohdaten
2021-03-07;419,85;Rohdaten
2021-03-08;419,83;Rohdaten
2021-03-09;419,82;Rohdaten
2021-03-10;419,81;Rohdaten
2021-03-11;419,82;Rohdaten
2021-03-12;419,80;Rohdaten
2021-03-13;419,82;Rohdaten
2021-03-14;419,82;Rohdaten
2021-03-15;419,84;Rohdaten
2021-03-16;419,84;Rohdaten
2021-03-17;419,85;Rohdaten
2021-03-18;419,85;Rohdaten
2021-03-19;419,84;Rohdaten
2021-03-20;419,82;Rohdaten
2021-03-21;419,84;Rohdaten
2021-03-22;419,82;Rohdaten
2021-03-23;419,81;Rohdaten
2021-03-24;419,81;Rohdaten
2021-03-25;419,80;Rohdaten
2021-03-26;419,80;Rohdaten
2021-03-27;419,78;Rohdaten
2021-03-28;419,77;Rohdaten
2021-03-29;419,76;Rohdaten
2021-03-30;419,76;Rohdaten
2021-03-31;419,76;Rohdaten
2021-04-01;419,76;Rohdaten
2021-04-02;419,75;Rohdaten
2021-04-03;419,74;Rohdaten
2021-04-04;419,74;Rohdaten
2021-04-05;419,75;Rohdaten
2021-04-06;419,73;Rohdaten
2021-04-07;419,72;Rohdaten
2021-04-08;419,71;Rohdaten
2021-04-09;419,72;Rohdaten
2021-04-10;419,72;Rohdaten
2021-04-11;419,71;Rohdaten
2021-04-12;419,69;Rohdaten
2021-04-13;419,69;Rohdaten
2021-04-14;419,70;Rohdaten
2021-04-15;419,69;Rohdaten
2021-04-16;419,69;Rohdaten
2021-04-17;419,69;Rohdaten
2021-04-18;419,68;Rohdaten
2021-04-19;419,68;Rohdaten
2021-04-20;419,68;Rohdaten
2021-04-21;419,68;Rohdaten
2021-04-22;419,67;Rohdaten
2021-04-23;419,66;Rohdaten
2021-04-24;419,66;Rohdaten
2021-04-25;419,66;Rohdaten
2021-04-26;419,66;Rohdaten
2021-04-27;419,66;Rohdaten
2021-04-28;419,65;Rohdaten
2021-04-29;419,64;Rohdaten
2021-04-30;419,63;Rohdaten
2021-05-01;419,66;Rohdaten
2021-05-02;419,71;Rohdaten
2021-05-03;419,72;Rohdaten
2021-05-04;419,74;Rohdaten
2021-05-05;419,73;Rohdaten
2021-05-06;419,74;Rohdaten
2021-05-07;419,74;Rohdaten
2021-05-08;419,75;Rohdaten
2021-05-09;419,76;Rohdaten
2021-05-10;419,75;Rohdaten
2021-05-11;419,74;Rohdaten
2021-05-12;419,76;Rohdaten
2021-05-13;419,80;Rohdaten
2021-05-14;419,80;Rohdaten
2021-05-15;419,81;Rohdaten
2021-05-16;419,81;Rohdaten
2021-05-17;419,79;Rohdaten
2021-05-18;419,78;Rohdaten
2021-05-19;419,79;Rohdaten
2021-05-20;419,79;Rohdaten
2021-05-21;419,80;Rohdaten
2021-05-22;419,78;Rohdaten
2021-05-23;419,76;Rohdaten
2021-05-24;419,77;Rohdaten
2021-05-25;419,75;Rohdaten
2021-05-26;419,76;Rohdaten
2021-05-27;419,76;Rohdaten
2021-05-28;419,76;Rohdaten
2021-05-29;419,75;Rohdaten
2021-05-30;419,74;Rohdaten
2021-05-31;419,78;Rohdaten
2021-06-01;419,78;Rohdaten
2021-06-02;419,75;Rohdaten
2021-06-03;419,73;Rohdaten
2021-06-04;419,72;Rohdaten
2021-06-05;419,71;Rohdaten
2021-06-06;419,75;Rohdaten
2021-06-07;419,79;Rohdaten
2021-06-08;419,87;Rohdaten
2021-06-09;420,01;Rohdaten
2021-06-10;420,02;Rohdaten
2021-06-11;420,00;Rohdaten
2021-06-12;419,97;Rohdaten
2021-06-13;419,94;Rohdaten
2021-06-14;419,92;Rohdaten
2021-06-15;419,89;Rohdaten
2021-06-16;419,87;Rohdaten
2021-06-17;419,85;Rohdaten
2021-06-18;419,84;Rohdaten
2021-06-19;419,82;Rohdaten
2021-06-20;419,81;Rohdaten
2021-06-21;419,81;Rohdaten
2021-06-22;419,83;Rohdaten
2021-06-23;419,82;Rohdaten
2021-06-24;419,84;Rohdaten
2021-06-25;419,83;Rohdaten
2021-06-26;419,84;Rohdaten
2021-06-27;419,83;Rohdaten
2021-06-28;419,81;Rohdaten
2021-06-29;419,83;Rohdaten
2021-06-30;419,85;Rohdaten
2021-07-01;419,86;Rohdaten
2021-07-02;419,86;Rohdaten
2021-07-03;419,86;Rohdaten
2021-07-04;419,85;Rohdaten
2021-07-05;419,85;Rohdaten
2021-07-06;419,84;Rohdaten
2021-07-07;419,83;Rohdaten
2021-07-08;419,84;Rohdaten
2021-07-09;419,99;Rohdaten
2021-07-10;420,25;Rohdaten
2021-07-11;420,32;Rohdaten
2021-07-12;420,32;Rohdaten
2021-07-13;420,28;Rohdaten
2021-07-14;420,18;Rohdaten
2021-07-15;420,09;Rohdaten
2021-07-16;420,05;Rohdaten
2021-07-17;420,02;Rohdaten
2021-07-18;419,99;Rohdaten
2021-07-19;419,97;Rohdaten
2021-07-20;419,94;Rohdaten
2021-07-21;419,91;Rohdaten
2021-07-22;419,89;Rohdaten
2021-07-23;419,88;Rohdaten
2021-07-24;419,86;Rohdaten
2021-07-25;419,84;Rohdaten
2021-07-26;419,82;Rohdaten
2021-07-27;419,81;Rohdaten
2021-07-28;419,80;Rohdaten
2021-07-29;419,80;Rohdaten
2021-07-30;419,80;Rohdaten
2021-07-31;419,78;Rohdaten
2021-08-01;419,81;Rohdaten
2021-08-02;419,80;Rohdaten
2021-08-03;419,79;Rohdaten
2021-08-04;419,78;Rohdaten
2021-08-05;419,79;Rohdaten
2021-08-06;419,78;Rohdaten
2021-08-07;419,79;Rohdaten
2021-08-08;419,78;Rohdaten
2021-08-09;419,77;Rohdaten
2021-08-10;419,77;Rohdaten
2021-08-11;419,75;Rohdaten
2021-08-12;419,74;Rohdaten
2021-08-13;419,73;Rohdaten
2021-08-14;419,72;Rohdaten
2021-08-15;419,75;Rohdaten
2021-08-16;419,72;Rohdaten
2021-08-17;419,71;Rohdaten
2021-08-18;419,71;Rohdaten
2021-08-19;419,71;Rohdaten
2021-08-20;419,70;Rohdaten
2021-08-21;419,69;Rohdaten
2021-08-22;419,69;Rohdaten
2021-08-23;419,71;Rohdaten
2021-08-24;419,72;Rohdaten
2021-08-25;419,72;Rohdaten
2021-08-26;419,72;Rohdaten
2021-08-27;419,71;Rohdaten
2021-08-28;419,70;Rohdaten
2021-08-29;419,71;Rohdaten
2021-08-30;419,74;Rohdaten
2021-08-31;419,75;Rohdaten
2021-09-01;419,76;Rohdaten
2021-09-02;419,76;Rohdaten
2021-09-03;419,74;Rohdaten
2021-09-04;419,72;Rohdaten
2021-09-05;419,70;Rohdaten
2021-09-06;419,68;Rohdaten
2021-09-07;419,68;Rohdaten
2021-09-08;419,67;Rohdaten
2021-09-09;419,66;Rohdaten
2021-09-10;419,65;Rohdaten
2021-09-11;419,64;Rohdaten
2021-09-12;419,64;Rohdaten
2021-09-13;419,63;Rohdaten
2021-09-14;419,63;Rohdaten
2021-09-15;419,62;Rohdaten
2021-09-16;419,62;Rohdaten
2021-09-17;419,62;Rohdaten
2021-09-18;419,62;Rohdaten
2021-09-19;419,62;Rohdaten
2021-09-20;419,60;Rohdaten
2021-09-21;419,59;Rohdaten
2021-09-22;419,60;Rohdaten
2021-09-23;419,61;Rohdaten
2021-09-24;419,59;Rohdaten
2021-09-25;419,59;Rohdaten
2021-09-26;419,59;Rohdaten
2021-09-27;419,58;Rohdaten
2021-09-28;419,57;Rohdaten
2021-09-29;419,57;Rohdaten
2021-09-30;419,57;Rohdaten
2021-10-01;419,58;Rohdaten
2021-10-02;419,58;Rohdaten
2021-10-03;419,57;Rohdaten
2021-10-04;419,55;Rohdaten
2021-10-05;419,57;Rohdaten
2021-10-06;419,56;Rohdaten
2021-10-07;419,56;Rohdaten
2021-10-08;419,56;Rohdaten
2021-10-09;419,56;Rohdaten
2021-10-10;419,56;Rohdaten
2021-10-11;419,55;Rohdaten
2021-10-12;419,56;Rohdaten
2021-10-13;419,56;Rohdaten
2021-10-14;419,56;Rohdaten
2021-10-15;419,57;Rohdaten
2021-10-16;419,56;Rohdaten
2021-10-17;419,56;Rohdaten
2021-10-18;419,55;Rohdaten
2021-10-19;419,55;Rohdaten
2021-10-20;419,57;Rohdaten
2021-10-21;419,57;Rohdaten
2021-10-22;419,57;Rohdaten
2021-10-23;419,57;Rohdaten
2021-10-24;419,58;Rohdaten
2021-10-25;419,58;Rohdaten
2021-10-26;419,57;Rohdaten
2021-10-27;419,56;Rohdaten
2021-10-28;419,57;Rohdaten
2021-10-29;419,58;Rohdaten
2021-10-30;419,58;Rohdaten
2021-10-31;419,58;Rohdaten
2021-11-01;419,58;Rohdaten
2021-11-02;419,58;Rohdaten
2021-11-03;419,59;Rohdaten
2021-11-04;419,61;Rohdaten
2021-11-05;419,60;Rohdaten
2021-11-06;419,62;Rohdaten
2021-11-07;419,63;Rohdaten
2021-11-08;419,61;Rohdaten
2021-11-09;419,60;Rohdaten
2021-11-10;419,60;Rohdaten
2021-11-11;419,60;Rohdaten
2021-11-12;419,60;Rohdaten
2021-11-13;419,60;Rohdaten
2021-11-14;419,59;Rohdaten
2021-11-15;419,59;Rohdaten
2021-11-16;419,59;Rohdaten
2021-11-17;419,57;Rohdaten
2021-11-18;419,56;Rohdaten
2021-11-19;419,57;Rohdaten
2021-11-20;419,58;Rohdaten
2021-11-21;419,59;Rohdaten
2021-11-22;419,56;Rohdaten
2021-11-23;419,56;Rohdaten
2021-11-24;419,57;Rohdaten
2021-11-25;419,58;Rohdaten
2021-11-26;419,59;Rohdaten
2021-11-27;419,58;Rohdaten
2021-11-28;419,56;Rohdaten
2021-11-29;419,55;Rohdaten
2021-11-30;419,55;Rohdaten
2021-12-01;419,59;Rohdaten
2021-12-02;419,61;Rohdaten
2021-12-03;419,62;Rohdaten
2021-12-04;419,66;Rohdaten
2021-12-05;419,66;Rohdaten
2021-12-06;419,68;Rohdaten
2021-12-07;419,69;Rohdaten
2021-12-08;419,70;Rohdaten
2021-12-09;419,69;Rohdaten
2021-12-10;419,73;Rohdaten
2021-12-11;419,72;Rohdaten
2021-12-12;419,73;Rohdaten
2021-12-13;419,76;Rohdaten
2021-12-14;419,78;Rohdaten
2021-12-15;419,78;Rohdaten
2021-12-16;419,76;Rohdaten
2021-12-17;419,75;Rohdaten
2021-12-18;419,74;Rohdaten
2021-12-19;419,74;Rohdaten
2021-12-20;419,73;Rohdaten
2021-12-21;419,71;Rohdaten
2021-12-22;419,72;Rohdaten
2021-12-23;419,72;Rohdaten
2021-12-24;419,72;Rohdaten
2021-12-25;419,78;Rohdaten
2021-12-26;419,86;Rohdaten
2021-12-27;419,89;Rohdaten
2021-12-28;419,90;Rohdaten
2021-12-29;419,94;Rohdaten
2021-12-30;420,07;Rohdaten
2021-12-31;420,15;Rohdaten
2022-01-01;420,11;Rohdaten
2022-01-02;420,04;Rohdaten
2022-01-03;420,00;Rohdaten
2022-01-04;420,02;Rohdaten
2022-01-05;420,10;Rohdaten
2022-01-06;420,21;Rohdaten
2022-01-07;420,20;Rohdaten
2022-01-08;420,10;Rohdaten
2022-01-09;420,07;Rohdaten
2022-01-10;420,04;Rohdaten
2022-01-11;420,03;Rohdaten
2022-01-12;420,01;Rohdaten
2022-01-13;419,99;Rohdaten
2022-01-14;419,98;Rohdaten
2022-01-15;419,97;Rohdaten
2022-01-16;419,95;Rohdaten
2022-01-17;419,93;Rohdaten
2022-01-18;419,92;Rohdaten
2022-01-19;419,93;Rohdaten
2022-01-20;419,91;Rohdaten
2022-01-21;419,89;Rohdaten
2022-01-22;419,89;Rohdaten
2022-01-23;419,89;Rohdaten
2022-01-24;419,90;Rohdaten
2022-01-25;419,89;Rohdaten
2022-01-26;419,88;Rohdaten
2022-01-27;419,88;Rohdaten
2022-01-28;419,86;Rohdaten
2022-01-29;419,87;Rohdaten
2022-01-30;419,86;Rohdaten
2022-01-31;419,90;Rohdaten
2022-02-01;419,92;Rohdaten
2022-02-02;419,97;Rohdaten
2022-02-03;420,02;Rohdaten
2022-02-04;420,02;Rohdaten
2022-02-05;419,98;Rohdaten
2022-02-06;419,99;Rohdaten
2022-02-07;420,07;Rohdaten
2022-02-08;420,17;Rohdaten
2022-02-09;420,19;Rohdaten
2022-02-10;420,10;Rohdaten
2022-02-11;420,04;Rohdaten
2022-02-12;420,02;Rohdaten
2022-02-13;420,01;Rohdaten
2022-02-14;420,00;Rohdaten
2022-02-15;419,96;Rohdaten
2022-02-16;419,96;Rohdaten
2022-02-17;419,96;Rohdaten
2022-02-18;419,98;Rohdaten
2022-02-19;419,96;Rohdaten
2022-02-20;419,96;Rohdaten
2022-02-21;419,95;Rohdaten
2022-02-22;419,93;Rohdaten
2022-02-23;419,93;Rohdaten
2022-02-24;419,94;Rohdaten
2022-02-25;419,91;Rohdaten
2022-02-26;419,89;Rohdaten
2022-02-27;419,89;Rohdaten
2022-02-28;419,88;Rohdaten
2022-03-01;419,88;Rohdaten
2022-03-02;419,88;Rohdaten
2022-03-03;419,87;Rohdaten
2022-03-04;419,85;Rohdaten
2022-03-05;419,84;Rohdaten
2022-03-06;419,84;Rohdaten
2022-03-07;419,82;Rohdaten
2022-03-08;419,82;Rohdaten
2022-03-09;419,81;Rohdaten
2022-03-10;419,80;Rohdaten
2022-03-11;419,81;Rohdaten
2022-03-12;419,80;Rohdaten
2022-03-13;419,79;Rohdaten
2022-03-14;419,77;Rohdaten
2022-03-15;419,78;Rohdaten
2022-03-16;419,77;Rohdaten
2022-03-17;419,76;Rohdaten
2022-03-18;419,75;Rohdaten
2022-03-19;419,76;Rohdaten
2022-03-20;419,75;Rohdaten
2022-03-21;419,74;Rohdaten
2022-03-22;419,74;Rohdaten
2022-03-23;419,74;Rohdaten
2022-03-24;419,73;Rohdaten
2022-03-25;419,73;Rohdaten
2022-03-26;419,72;Rohdaten
2022-03-27;419,71;Rohdaten
2022-03-28;419,72;Rohdaten
2022-03-29;419,73;Rohdaten
2022-03-30;419,73;Rohdaten
2022-03-31;419,73;Rohdaten
2022-04-01;419,74;Rohdaten
2022-04-02;419,78;Rohdaten
2022-04-03;419,80;Rohdaten
2022-04-04;419,84;Rohdaten
2022-04-05;419,85;Rohdaten
2022-04-06;419,88;Rohdaten
2022-04-07;419,91;Rohdaten
2022-04-08;419,93;Rohdaten
2022-04-09;420,08;Rohdaten
2022-04-10;420,22;Rohdaten
2022-04-11;420,23;Rohdaten
2022-04-12;420,11;Rohdaten
2022-04-13;420,05;Rohdaten
2022-04-14;420,01;Rohdaten
2022-04-15;419,98;Rohdaten
2022-04-16;419,96;Rohdaten
2022-04-17;419,95;Rohdaten
2022-04-18;419,94;Rohdaten
2022-04-19;419,93;Rohdaten
2022-04-20;419,91;Rohdaten
2022-04-21;419,90;Rohdaten
2022-04-22;419,89;Rohdaten
2022-04-23;419,88;Rohdaten
2022-04-24;419,89;Rohdaten
2022-04-25;419,89;Rohdaten
2022-04-26;419,89;Rohdaten
2022-04-27;419,87;Rohdaten
2022-04-28;419,87;Rohdaten
2022-04-29;419,86;Rohdaten
2022-04-30;419,85;Rohdaten
2022-05-01;419,85;Rohdaten
2022-05-02;419,84;Rohdaten
2022-05-03;419,84;Rohdaten
2022-05-04;419,83;Rohdaten
2022-05-05;419,82;Rohdaten
2022-05-06;419,82;Rohdaten
2022-05-07;419,81;Rohdaten
2022-05-08;419,80;Rohdaten
2022-05-09;419,79;Rohdaten
2022-05-10;419,79;Rohdaten
2022-05-11;419,78;Rohdaten
2022-05-12;419,76;Rohdaten
2022-05-13;419,75;Rohdaten
2022-05-14;419,74;Rohdaten
2022-05-15;419,74;Rohdaten
2022-05-16;419,73;Rohdaten
2022-05-17;419,73;Rohdaten
2022-05-18;419,72;Rohdaten
2022-05-19;419,72;Rohdaten
2022-05-20;419,72;Rohdaten
2022-05-21;419,72;Rohdaten
2022-05-22;419,73;Rohdaten
2022-05-23;419,73;Rohdaten
2022-05-24;419,71;Rohdaten
2022-05-25;419,71;Rohdaten
2022-05-26;419,70;Rohdaten
2022-05-27;419,70;Rohdaten
2022-05-28;419,69;Rohdaten
2022-05-29;419,71;Rohdaten
2022-05-30;419,72;Rohdaten
2022-05-31;419,71;Rohdaten
2022-06-01;419,69;Rohdaten
2022-06-02;419,68;Rohdaten
2022-06-03;419,68;Rohdaten
2022-06-04;419,67;Rohdaten
2022-06-05;419,69;Rohdaten
2022-06-06;419,72;Rohdaten
2022-06-07;419,72;Rohdaten
2022-06-08;419,72;Rohdaten
2022-06-09;419,70;Rohdaten
2022-06-10;419,69;Rohdaten
2022-06-11;419,68;Rohdaten
2022-06-12;419,67;Rohdaten
2022-06-13;419,67;Rohdaten
2022-06-14;419,66;Rohdaten
2022-06-15;419,65;Rohdaten
2022-06-16;419,64;Rohdaten
2022-06-17;419,62;Rohdaten
2022-06-18;419,62;Rohdaten
2022-06-19;419,62;Rohdaten
2022-06-20;419,60;Rohdaten
2022-06-21;419,61;Rohdaten
2022-06-22;419,59;Rohdaten
2022-06-23;419,60;Rohdaten
2022-06-24;419,59;Rohdaten
2022-06-25;419,59;Rohdaten
2022-06-26;419,59;Rohdaten
2022-06-27;419,58;Rohdaten
2022-06-28;419,57;Rohdaten
2022-06-29;419,58;Rohdaten
2022-06-30;419,57;Rohdaten
2022-07-01;419,56;Rohdaten
2022-07-02;419,57;Rohdaten
2022-07-03;419,57;Rohdaten
2022-07-04;419,56;Rohdaten
2022-07-05;419,55;Rohdaten
2022-07-06;419,54;Rohdaten
2022-07-07;419,53;Rohdaten
2022-07-08;419,53;Rohdaten
2022-07-09;419,52;Rohdaten
2022-07-10;419,52;Rohdaten
2022-07-11;419,52;Rohdaten
2022-07-12;419,51;Rohdaten
2022-07-13;419,51;Rohdaten
2022-07-14;419,50;Rohdaten
2022-07-15;419,49;Rohdaten
2022-07-16;419,49;Rohdaten
2022-07-17;419,47;Rohdaten
2022-07-18;419,48;Rohdaten
2022-07-19;419,47;Rohdaten
2022-07-20;419,47;Rohdaten
2022-07-21;419,46;Rohdaten
2022-07-22;419,46;Rohdaten
2022-07-23;419,46;Rohdaten
2022-07-24;419,46;Rohdaten
2022-07-25;419,46;Rohdaten
2022-07-26;419,44;Rohdaten
2022-07-27;419,45;Rohdaten
2022-07-28;419,44;Rohdaten
2022-07-29;419,44;Rohdaten
2022-07-30;419,43;Rohdaten
2022-07-31;419,43;Rohdaten
2022-08-01;419,42;Rohdaten
2022-08-02;419,42;Rohdaten
2022-08-03;419,41;Rohdaten
2022-08-04;419,42;Rohdaten
2022-08-05;419,41;Rohdaten
2022-08-06;419,41;Rohdaten
2022-08-07;419,42;Rohdaten
2022-08-08;419,41;Rohdaten
2022-08-09;419,39;Rohdaten
2022-08-10;419,40;Rohdaten
2022-08-11;419,39;Rohdaten
2022-08-12;419,39;Rohdaten
2022-08-13;419,39;Rohdaten
2022-08-14;419,40;Rohdaten
2022-08-15;419,39;Rohdaten
2022-08-16;419,37;Rohdaten
2022-08-17;419,36;Rohdaten
2022-08-18;419,38;Rohdaten
2022-08-19;419,42;Rohdaten
2022-08-20;419,52;Rohdaten
2022-08-21;419,52;Rohdaten
2022-08-22;419,52;Rohdaten
2022-08-23;419,50;Rohdaten
2022-08-24;419,49;Rohdaten
2022-08-25;419,49;Rohdaten
2022-08-26;419,48;Rohdaten
2022-08-27;419,49;Rohdaten
2022-08-28;419,53;Rohdaten
2022-08-29;419,53;Rohdaten
2022-08-30;419,52;Rohdaten
2022-08-31;419,51;Rohdaten
2022-09-01;419,51;Rohdaten
2022-09-02;419,50;Rohdaten
2022-09-03;419,49;Rohdaten
2022-09-04;419,48;Rohdaten
2022-09-05;419,48;Rohdaten
2022-09-06;419,48;Rohdaten
2022-09-07;419,46;Rohdaten
2022-09-08;419,47;Rohdaten
2022-09-09;419,46;Rohdaten
2022-09-10;419,46;Rohdaten
2022-09-11;419,48;Rohdaten
2022-09-12;419,49;Rohdaten
2022-09-13;419,50;Rohdaten
2022-09-14;419,57;Rohdaten
2022-09-15;419,64;Rohdaten
2022-09-16;419,68;Rohdaten
2022-09-17;419,67;Rohdaten
2022-09-18;419,66;Rohdaten
2022-09-19;419,67;Rohdaten
2022-09-26;419,63;Rohdaten
2022-09-27;419,62;Rohdaten
2022-09-28;419,63;Rohdaten
2022-09-29;419,63;Rohdaten
2022-09-30;419,62;Rohdaten
2022-10-01;419,63;Rohdaten
2022-10-02;419,67;Rohdaten
2022-10-03;419,73;Rohdaten
2022-10-04;419,75;Rohdaten
2022-10-05;419,74;Rohdaten
2022-10-06;419,71;Rohdaten
2022-10-07;419,71;Rohdaten
2022-10-08;419,69;Rohdaten
2022-10-09;419,68;Rohdaten
2022-10-10;419,66;Rohdaten
2022-10-11;419,66;Rohdaten
2022-10-12;419,66;Rohdaten
2022-10-13;419,66;Rohdaten
2022-10-14;419,67;Rohdaten
2022-10-15;419,74;Rohdaten
2022-10-16;419,74;Rohdaten
2022-10-17;419,74;Rohdaten
2022-10-18;419,73;Rohdaten
2022-10-19;419,72;Rohdaten
2022-10-20;419,72;Rohdaten
2022-10-21;419,71;Rohdaten
2022-10-22;419,70;Rohdaten
2022-10-23;419,71;Rohdaten
2022-10-24;419,71;Rohdaten
2022-10-25;419,74;Rohdaten
2022-10-26;419,73;Rohdaten
2022-10-27;419,72;Rohdaten
2022-10-28;419,71;Rohdaten
2022-10-29;419,71;Rohdaten
2022-10-30;419,71;Rohdaten
2022-10-31;419,70;Rohdaten
2022-11-01;419,69;Rohdaten
2022-11-02;419,68;Rohdaten
2022-11-03;419,70;Rohdaten
2022-11-04;419,68;Rohdaten
2022-11-05;419,67;Rohdaten
2022-11-06;419,68;Rohdaten
2022-11-07;419,67;Rohdaten
2022-11-22;419,86;Rohdaten
2022-11-23;419,85;Rohdaten
2022-11-24;419,83;Rohdaten
2022-11-25;419,82;Rohdaten
2022-11-26;419,81;Rohdaten
2022-11-27;419,82;Rohdaten
2022-11-28;419,81;Rohdaten
2022-11-29;419,79;Rohdaten
2022-11-30;419,78;Rohdaten
2022-12-01;419,78;Rohdaten
2022-12-02;419,78;Rohdaten
2022-12-03;419,77;Rohdaten
2022-12-04;419,77;Rohdaten
2022-12-05;419,75;Rohdaten
2022-12-06;419,75;Rohdaten
2022-12-07;419,74;Rohdaten
2022-12-08;419,75;Rohdaten
2022-12-09;419,74;Rohdaten
2022-12-10;419,73;Rohdaten
2022-12-11;419,72;Rohdaten
2022-12-12;419,71;Rohdaten
2022-12-13;419,71;Rohdaten
2022-12-14;419,71;Rohdaten
2022-12-15;419,69;Rohdaten
2022-12-16;419,68;Rohdaten
2022-12-17;419,65;Rohdaten
2022-12-18;419,65;Rohdaten
2022-12-19;419,66;Rohdaten
2022-12-20;419,67;Rohdaten
2022-12-21;419,69;Rohdaten
2022-12-22;419,73;Rohdaten
2022-12-23;419,80;Rohdaten
2022-12-24;419,86;Rohdaten
2022-12-25;419,90;Rohdaten
2022-12-26;419,89;Rohdaten
2022-12-27;419,90;Rohdaten
2022-12-28;419,93;Rohdaten
2022-12-29;419,92;Rohdaten
2022-12-30;419,90;Rohdaten
2022-12-31;419,91;Rohdaten
2023-01-01;419,91;Rohdaten
2023-01-02;419,90;Rohdaten
2023-01-03;419,87;Rohdaten
2023-01-04;419,87;Rohdaten
2023-01-05;419,86;Rohdaten
2023-01-06;419,85;Rohdaten
2023-01-07;419,85;Rohdaten
2023-01-08;419,85;Rohdaten
2023-01-09;419,87;Rohdaten
2023-01-10;419,87;Rohdaten
2023-01-11;419,89;Rohdaten
2023-01-12;419,90;Rohdaten
2023-01-13;419,89;Rohdaten
2023-01-14;419,89;Rohdaten
2023-01-15;419,91;Rohdaten
2023-01-16;419,95;Rohdaten
2023-01-17;419,94;Rohdaten
2023-01-18;419,91;Rohdaten
2023-01-19;419,88;Rohdaten
2023-01-20;419,86;Rohdaten
2023-01-21;419,85;Rohdaten
2023-01-22;419,84;Rohdaten
2023-01-23;419,83;Rohdaten
2023-01-24;419,82;Rohdaten
2023-01-25;419,82;Rohdaten
2023-01-26;419,83;Rohdaten
2023-01-27;419,81;Rohdaten
2023-01-28;419,80;Rohdaten
2023-01-29;419,79;Rohdaten
2023-01-30;419,79;Rohdaten
2023-01-31;419,78;Rohdaten
2023-02-01;419,77;Rohdaten
2023-02-02;419,77;Rohdaten
2023-02-03;419,81;Rohdaten
2023-02-04;419,83;Rohdaten
2023-02-05;419,85;Rohdaten
2023-02-06;419,85;Rohdaten
2023-02-07;419,84;Rohdaten
2023-02-08;419,84;Rohdaten
2023-02-09;419,83;Rohdaten
2023-02-10;419,81;Rohdaten
2023-02-11;419,81;Rohdaten
2023-02-12;419,79;Rohdaten
2023-02-13;419,79;Rohdaten
2023-02-14;419,79;Rohdaten
2023-02-15;419,79;Rohdaten
2023-02-16;419,78;Rohdaten
2023-02-17;419,78;Rohdaten
2023-02-18;419,78;Rohdaten
2023-02-19;419,77;Rohdaten
2023-02-20;419,77;Rohdaten
2023-02-21;419,77;Rohdaten
2023-02-22;419,77;Rohdaten
2023-02-23;419,76;Rohdaten
2023-02-24;419,77;Rohdaten
2023-02-25;419,76;Rohdaten
2023-02-26;419,74;Rohdaten
2023-02-27;419,74;Rohdaten
2023-02-28;419,73;Rohdaten
2023-03-01;419,74;Rohdaten
2023-03-02;419,73;Rohdaten
2023-03-03;419,72;Rohdaten
2023-03-04;419,71;Rohdaten
2023-03-05;419,72;Rohdaten
2023-03-06;419,72;Rohdaten
2023-03-07;419,71;Rohdaten
2023-03-08;419,71;Rohdaten
2023-03-09;419,74;Rohdaten
2023-03-10;419,79;Rohdaten
2023-03-11;419,80;Rohdaten
2023-03-12;419,82;Rohdaten
2023-03-13;419,83;Rohdaten
2023-03-14;419,88;Rohdaten
2023-03-15;419,90;Rohdaten
2023-03-16;419,92;Rohdaten
2023-03-17;419,92;Rohdaten
2023-03-18;419,90;Rohdaten
2023-03-19;419,89;Rohdaten
2023-03-20;419,88;Rohdaten
2023-03-21;419,89;Rohdaten
2023-03-22;419,88;Rohdaten
2023-03-23;419,86;Rohdaten
2023-03-24;419,86;Rohdaten
2023-03-25;419,84;Rohdaten
2023-03-26;419,86;Rohdaten
2023-03-27;419,83;Rohdaten
2023-03-28;419,83;Rohdaten
2023-03-29;419,84;Rohdaten
2023-03-30;419,84;Rohdaten
2023-03-31;419,86;Rohdaten
2023-04-01;419,90;Rohdaten
2023-04-02;419,90;Rohdaten
2023-04-03;419,89;Rohdaten
2023-04-04;419,89;Rohdaten
2023-04-05;419,88;Rohdaten
2023-04-06;419,86;Rohdaten
2023-04-07;419,85;Rohdaten
2023-04-08;419,83;Rohdaten
2023-04-09;419,82;Rohdaten
2023-04-10;419,82;Rohdaten
2023-04-11;419,81;Rohdaten
2023-04-12;419,83;Rohdaten
2023-04-13;419,83;Rohdaten
2023-04-14;419,83;Rohdaten
2023-04-15;419,82;Rohdaten
2023-04-16;419,86;Rohdaten
2023-04-17;419,96;Rohdaten
2023-04-18;420,00;Rohdaten
2023-04-19;419,98;Rohdaten
2023-04-20;419,96;Rohdaten
2023-04-21;419,93;Rohdaten
2023-04-22;419,92;Rohdaten
2023-04-23;419,91;Rohdaten
2023-04-24;419,91;Rohdaten
2023-04-25;419,89;Rohdaten
2023-04-26;419,88;Rohdaten
2023-04-27;419,87;Rohdaten
2023-04-28;419,88;Rohdaten
2023-04-29;419,93;Rohdaten
2023-04-30;419,96;Rohdaten
2023-05-01;419,96;Rohdaten
2023-05-02;419,92;Rohdaten
2023-05-03;419,91;Rohdaten
2023-05-04;419,89;Rohdaten
2023-05-05;419,88;Rohdaten
2023-05-06;419,87;Rohdaten
2023-05-07;419,86;Rohdaten
2023-05-08;419,85;Rohdaten
2023-05-09;419,86;Rohdaten
2023-05-10;419,87;Rohdaten
2023-05-11;419,87;Rohdaten
2023-05-12;419,92;Rohdaten
2023-05-13;419,93;Rohdaten
2023-05-14;419,93;Rohdaten
2023-05-15;419,91;Rohdaten
2023-05-16;419,89;Rohdaten
2023-05-17;419,86;Rohdaten
2023-05-18;419,85;Rohdaten
2023-05-19;419,86;Rohdaten
2023-05-20;419,85;Rohdaten
2023-05-21;419,83;Rohdaten
2023-05-22;419,81;Rohdaten
2023-05-23;419,79;Rohdaten
2023-05-24;419,78;Rohdaten
2023-05-25;419,76;Rohdaten
2023-05-26;419,75;Rohdaten
2023-05-27;419,74;Rohdaten
2023-05-28;419,74;Rohdaten
2023-05-29;419,72;Rohdaten
2023-05-30;419,70;Rohdaten
2023-05-31;419,70;Rohdaten
2023-06-01;419,69;Rohdaten
2023-06-02;419,68;Rohdaten
2023-06-03;419,67;Rohdaten
2023-06-04;419,66;Rohdaten
2023-06-05;419,65;Rohdaten
2023-06-06;419,64;Rohdaten
2023-06-07;419,64;Rohdaten
2023-06-08;419,64;Rohdaten
2023-06-09;419,64;Rohdaten
2023-06-10;419,63;Rohdaten
2023-06-11;419,62;Rohdaten
2023-06-12;419,61;Rohdaten
2023-06-13;419,61;Rohdaten
2023-06-14;419,59;Rohdaten
2023-06-15;419,58;Rohdaten
2023-06-16;419,58;Rohdaten
2023-06-17;419,57;Rohdaten
2023-06-18;419,57;Rohdaten
2023-06-19;419,56;Rohdaten
2023-06-20;419,55;Rohdaten
2023-06-21;419,55;Rohdaten
2023-06-22;419,56;Rohdaten
2023-06-23;419,54;Rohdaten
2023-06-24;419,54;Rohdaten
2023-06-25;419,54;Rohdaten
2023-06-26;419,54;Rohdaten
2023-06-27;419,53;Rohdaten
2023-06-28;419,52;Rohdaten
2023-06-29;419,52;Rohdaten
2023-06-30;419,52;Rohdaten
2023-07-01;419,51;Rohdaten
2023-07-02;419,50;Rohdaten
2023-07-03;419,50;Rohdaten
2023-07-04;419,50;Rohdaten
2023-07-05;419,49;Rohdaten
2023-07-06;419,49;Rohdaten
2023-07-07;419,49;Rohdaten
2023-07-08;419,48;Rohdaten
2023-07-09;419,48;Rohdaten
2023-07-10;419,47;Rohdaten
2023-07-11;419,51;Rohdaten
2023-07-12;419,52;Rohdaten
2023-07-13;419,50;Rohdaten
2023-07-14;419,50;Rohdaten
2023-07-15;419,49;Rohdaten
2023-07-16;419,49;Rohdaten
2023-07-17;419,49;Rohdaten
2023-07-18;419,48;Rohdaten
2023-07-19;419,48;Rohdaten
2023-07-20;419,47;Rohdaten
2023-07-21;419,46;Rohdaten
2023-07-22;419,46;Rohdaten
2023-07-23;419,45;Rohdaten
2023-07-24;419,45;Rohdaten
2023-07-25;419,46;Rohdaten
2023-07-26;419,48;Rohdaten
2023-07-27;419,50;Rohdaten
2023-07-28;419,51;Rohdaten
2023-07-29;419,54;Rohdaten
2023-07-30;419,60;Rohdaten
2023-07-31;419,60;Rohdaten
2023-08-01;419,62;Rohdaten
2023-08-02;419,64;Rohdaten
2023-08-03;419,66;Rohdaten
2023-08-04;419,65;Rohdaten
2023-08-05;419,69;Rohdaten
2023-08-06;419,71;Rohdaten
2023-08-07;419,73;Rohdaten
2023-08-08;419,73;Rohdaten
2023-08-09;419,73;Rohdaten
2023-08-10;419,72;Rohdaten
2023-08-11;419,71;Rohdaten
2023-08-12;419,72;Rohdaten
2023-08-13;419,78;Rohdaten
2023-08-14;419,76;Rohdaten
2023-08-15;419,75;Rohdaten
2023-08-16;419,73;Rohdaten
2023-08-17;419,72;Rohdaten
2023-08-18;419,70;Rohdaten
2023-08-19;419,69;Rohdaten
2023-08-20;419,68;Rohdaten
2023-08-21;419,66;Rohdaten
2023-08-22;419,65;Rohdaten
2023-08-23;419,63;Rohdaten
2023-08-24;419,63;Rohdaten
2023-08-25;419,67;Rohdaten
2023-08-26;419,72;Rohdaten
2023-08-27;419,81;Rohdaten
2023-08-28;419,87;Rohdaten
2023-08-29;419,89;Rohdaten
2023-08-30;419,90;Rohdaten
2023-08-31;419,87;Rohdaten
2023-09-01;419,89;Rohdaten
2023-09-02;419,88;Rohdaten
2023-09-03;419,86;Rohdaten
2023-09-04;419,85;Rohdaten
2023-09-05;419,83;Rohdaten
2023-09-06;419,81;Rohdaten
2023-09-07;419,79;Rohdaten
2023-09-08;419,77;Rohdaten
2023-09-09;419,75;Rohdaten
2023-09-10;419,74;Rohdaten
2023-09-11;419,74;Rohdaten
2023-09-12;419,72;Rohdaten
2023-09-13;419,70;Rohdaten
2023-09-14;419,69;Rohdaten
2023-09-15;419,69;Rohdaten
2023-09-16;419,69;Rohdaten
2023-09-17;419,67;Rohdaten
2023-09-18;419,67;Rohdaten
2023-09-19;419,66;Rohdaten
2023-09-20;419,66;Rohdaten
2023-09-21;419,66;Rohdaten
2023-09-22;419,65;Rohdaten
2023-09-23;419,63;Rohdaten
2023-09-24;419,62;Rohdaten
2023-09-25;419,63;Rohdaten
2023-09-26;419,62;Rohdaten
2023-09-27;419,62;Rohdaten
2023-09-28;419,61;Rohdaten
2023-09-29;419,60;Rohdaten
2023-09-30;419,59;Rohdaten
2023-10-01;419,59;Rohdaten
2023-10-02;419,59;Rohdaten
2023-10-03;419,58;Rohdaten
2023-10-04;419,57;Rohdaten
2023-10-05;419,57;Rohdaten
2023-10-06;419,57;Rohdaten
2023-10-07;419,57;Rohdaten
2023-10-08;419,56;Rohdaten
2023-10-09;419,56;Rohdaten
2023-10-10;419,55;Rohdaten
2023-10-11;419,55;Rohdaten
2023-10-12;419,55;Rohdaten
2023-10-13;419,55;Rohdaten
2023-10-14;419,55;Rohdaten
2023-10-15;419,55;Rohdaten
2023-10-16;419,56;Rohdaten
2023-10-17;419,57;Rohdaten
2023-10-18;419,58;Rohdaten
2023-10-19;419,58;Rohdaten
2023-10-20;419,60;Rohdaten
2023-10-21;419,57;Rohdaten
2023-10-22;419,57;Rohdaten
2023-10-23;419,57;Rohdaten
2023-10-24;419,59;Rohdaten
2023-10-25;419,62;Rohdaten
2023-10-26;419,65;Rohdaten
2023-10-27;419,69;Rohdaten
2023-10-28;419,70;Rohdaten
2023-10-29;419,70;Rohdaten
2023-10-30;419,70;Rohdaten
2023-10-31;419,69;Rohdaten
2023-11-01;419,69;Rohdaten
2023-11-02;419,73;Rohdaten
2023-11-03;419,74;Rohdaten
2023-11-04;419,74;Rohdaten
2023-11-05;419,73;Rohdaten
2023-11-06;419,72;Rohdaten
2023-11-07;419,72;Rohdaten
2023-11-08;419,73;Rohdaten
2023-11-09;419,74;Rohdaten
2023-11-10;419,73;Rohdaten
2023-11-11;419,73;Rohdaten
2023-11-12;419,74;Rohdaten
2023-11-13;419,79;Rohdaten
2023-11-14;419,85;Rohdaten
2023-11-15;419,86;Rohdaten
2023-11-16;419,88;Rohdaten
2023-11-17;419,94;Rohdaten
2023-11-18;420,00;Rohdaten
2023-11-19;420,07;Rohdaten
2023-11-20;420,09;Rohdaten
2023-11-21;420,10;Rohdaten
2023-11-22;420,09;Rohdaten
2023-11-23;420,08;Rohdaten
2023-11-24;420,08;Rohdaten
2023-11-25;420,06;Rohdaten
2023-11-26;420,05;Rohdaten
2023-11-27;420,06;Rohdaten
2023-11-28;420,07;Rohdaten
2023-11-29;420,11;Rohdaten
2023-11-30;420,11;Rohdaten
2023-12-01;420,08;Rohdaten
2023-12-02;420,05;Rohdaten
2023-12-03;420,03;Rohdaten
2023-12-04;420,04;Rohdaten
2023-12-05;420,02;Rohdaten
2023-12-06;420,01;Rohdaten
2023-12-07;420,05;Rohdaten
2023-12-08;420,08;Rohdaten
2023-12-09;420,12;Rohdaten
2023-12-10;420,23;Rohdaten
2023-12-11;420,30;Rohdaten
2023-12-12;420,31;Rohdaten
2023-12-13;420,29;Rohdaten
2023-12-14;420,32;Rohdaten
2023-12-15;420,29;Rohdaten
2023-12-16;420,21;Rohdaten
2023-12-17;420,16;Rohdaten
2023-12-18;420,13;Rohdaten
2023-12-19;420,11;Rohdaten
2023-12-20;420,09;Rohdaten
2023-12-21;420,10;Rohdaten
2023-12-22;420,20;Rohdaten
2023-12-23;420,40;Rohdaten
2023-12-24;420,44;Rohdaten
2023-12-25;420,41;Rohdaten
2023-12-26;420,36;Rohdaten
2023-12-27;420,26;Rohdaten
2023-12-28;420,19;Rohdaten
2023-12-29;420,15;Rohdaten
2023-12-30;420,11;Rohdaten
2023-12-31;420,09;Rohdaten
