﻿Quelle:;"Bayerisches Landesamt für Umwelt, www.gkd.bayern.de"
Datenbankabfrage:;"08.10.2024 21:51"
Zeitbezug:;MEZ
Messstellen-Name:;"ERLENBACH 98"
Messstellen-Nr.:;4005
Ostwert:;511413;Nordwert:;5517238;"ETRS89 / UTM Zone 32N"

Datum;"Grundwasserstand [m ü. NN]";Prüfstatus
2024-01-01;117,43;Geprueft
2024-01-02;117,44;Geprueft
2024-01-03;117,45;Geprueft
2024-01-04;117,45;Geprueft
2024-01-05;117,47;Geprueft
2024-01-06;117,48;Geprueft
2024-01-07;117,48;Geprueft
2024-01-08;117,49;Geprueft
2024-01-09;117,49;Geprueft
2024-01-10;117,50;Geprueft
2024-01-11;117,51;Geprueft
2024-01-12;117,51;Geprueft
2024-01-13;117,52;Geprueft
2024-01-14;117,54;Geprueft
2024-01-15;117,54;Geprueft
2024-01-16;117,54;Geprueft
2024-01-17;117,57;Geprueft
2024-01-18;117,55;Geprueft
2024-01-19;117,54;Geprueft
2024-01-20;117,55;Geprueft
2024-01-21;117,57;Geprueft
2024-01-22;117,59;Geprueft
2024-01-23;117,58;Geprueft
2024-01-24;117,60;Geprueft
2024-01-25;117,61;Geprueft
2024-01-26;117,62;Geprueft
2024-01-27;117,62;Geprueft
2024-01-28;117,64;Geprueft
2024-01-29;117,65;Geprueft
2024-01-30;117,66;Geprueft
2024-01-31;117,67;Geprueft
2024-02-01;117,68;Geprueft
2024-02-02;117,69;Geprueft
2024-02-03;117,70;Geprueft
2024-02-04;117,71;Geprueft
2024-02-05;117,71;Geprueft
2024-02-06;117,73;Geprueft
2024-02-07;117,75;Geprueft
2024-02-08;117,76;Geprueft
2024-02-09;117,77;Geprueft
2024-02-10;117,78;Geprueft
2024-02-11;117,77;Geprueft
2024-02-12;117,76;Geprueft
2024-02-13;117,77;Geprueft
2024-02-14;117,79;Geprueft
2024-02-15;117,81;Geprueft
2024-02-16;117,81;Geprueft
2024-02-17;117,79;Geprueft
2024-02-18;117,83;Geprueft
2024-02-19;117,83;Geprueft
2024-02-20;117,83;Geprueft
2024-02-21;117,87;Geprueft
2024-02-22;117,91;Geprueft
2024-02-23;117,87;Geprueft
2024-02-24;117,87;Geprueft
2024-02-25;117,89;Geprueft
2024-02-26;117,89;Geprueft
2024-02-27;117,87;Geprueft
2024-02-28;117,88;Geprueft
2024-02-29;117,92;Geprueft
2024-03-01;117,92;Geprueft
2024-03-02;117,93;Geprueft
2024-03-03;117,93;Geprueft
2024-03-04;117,91;Geprueft
2024-03-05;117,91;Geprueft
2024-03-06;117,91;Geprueft
2024-03-07;117,93;Geprueft
2024-03-08;117,96;Geprueft
2024-03-09;117,97;Geprueft
2024-03-10;117,98;Geprueft
2024-03-11;117,94;Geprueft
2024-03-12;117,94;Geprueft
2024-03-13;117,96;Geprueft
2024-03-14;117,97;Geprueft
2024-03-15;117,98;Geprueft
2024-03-16;117,96;Geprueft
2024-03-17;117,97;Geprueft
2024-03-18;117,99;Geprueft
2024-03-19;117,98;Geprueft
2024-03-20;117,99;Geprueft
2024-03-21;117,98;Geprueft
2024-03-22;118,01;Geprueft
2024-03-23;118,01;Geprueft
2024-03-24;118,01;Geprueft
2024-03-25;118,02;Geprueft
2024-03-26;118,04;Geprueft
2024-03-27;118,03;Geprueft
2024-03-28;118,01;Geprueft
2024-03-29;118,01;Geprueft
2024-03-30;118,02;Geprueft
2024-03-31;118,03;Geprueft
2024-04-01;118,02;Geprueft
2024-04-02;118,00;Geprueft
2024-04-03;118,02;Geprueft
2024-04-04;118,02;Geprueft
2024-04-05;118,02;Geprueft
2024-04-06;118,03;Geprueft
2024-04-07;118,03;Geprueft
2024-04-08;118,05;Geprueft
2024-04-09;118,02;Geprueft
2024-04-10;117,99;Geprueft
2024-04-11;118,01;Geprueft
2024-04-12;118,02;Geprueft
2024-04-13;118,04;Geprueft
2024-04-14;118,05;Geprueft
2024-04-15;118,07;Geprueft
2024-04-16;118,06;Geprueft
2024-04-17;118,04;Geprueft
2024-04-18;118,03;Geprueft
2024-04-19;118,06;Geprueft
2024-04-20;118,03;Geprueft
2024-04-21;118,04;Geprueft
2024-04-22;118,04;Geprueft
2024-04-23;118,06;Geprueft
2024-04-24;118,08;Geprueft
2024-04-25;118,07;Geprueft
2024-04-26;118,07;Geprueft
2024-04-27;118,06;Geprueft
2024-04-28;118,05;Geprueft
2024-04-29;118,04;Geprueft
2024-04-30;118,07;Geprueft
2024-05-01;118,09;Geprueft
2024-05-02;118,08;Geprueft
2024-05-03;118,04;Geprueft
2024-05-04;118,06;Geprueft
2024-05-05;118,07;Geprueft
2024-05-06;118,07;Geprueft
2024-05-07;118,05;Geprueft
2024-05-08;118,04;Geprueft
2024-05-09;118,05;Geprueft
2024-05-10;118,06;Geprueft
2024-05-11;118,06;Geprueft
2024-05-12;118,07;Geprueft
2024-05-13;118,08;Geprueft
2024-05-14;118,09;Geprueft
2024-05-15;118,08;Geprueft
2024-05-16;118,08;Geprueft
2024-05-17;118,07;Geprueft
2024-05-18;118,06;Geprueft
2024-05-19;118,07;Geprueft
2024-05-20;118,07;Geprueft
2024-05-21;118,08;Geprueft
2024-05-22;118,06;Geprueft
2024-05-23;118,05;Geprueft
2024-05-24;118,06;Geprueft
2024-05-25;118,06;Geprueft
2024-05-26;118,07;Geprueft
2024-05-27;118,07;Geprueft
2024-05-28;118,06;Geprueft
2024-05-29;118,08;Geprueft
2024-05-30;118,09;Geprueft
2024-05-31;118,07;Geprueft
2024-06-01;118,06;Geprueft
2024-06-02;118,06;Geprueft
2024-06-03;118,08;Geprueft
2024-06-04;118,10;Geprueft
2024-06-05;118,08;Geprueft
2024-06-06;118,08;Geprueft
2024-06-07;118,07;Geprueft
2024-06-08;118,09;Geprueft
2024-06-09;118,08;Geprueft
2024-06-10;118,08;Geprueft
2024-06-11;118,05;Geprueft
2024-06-12;118,05;Geprueft
2024-06-13;118,05;Geprueft
2024-06-14;118,07;Geprueft
2024-06-15;118,06;Geprueft
2024-06-16;118,04;Geprueft
2024-06-17;118,03;Geprueft
2024-06-18;118,04;Rohdaten
2024-06-19;118,01;Rohdaten
2024-06-20;118,02;Rohdaten
2024-06-21;118,03;Rohdaten
2024-06-22;118,01;Rohdaten
2024-06-23;118,00;Rohdaten
2024-06-24;118,00;Rohdaten
2024-06-25;118,01;Rohdaten
2024-06-26;118,01;Rohdaten
2024-06-27;118,00;Rohdaten
2024-06-28;117,98;Rohdaten
2024-06-29;118,00;Rohdaten
2024-06-30;117,99;Rohdaten
2024-07-01;117,97;Rohdaten
2024-07-02;117,98;Rohdaten
2024-07-03;117,99;Rohdaten
2024-07-04;117,98;Rohdaten
2024-07-05;117,97;Rohdaten
2024-07-06;117,98;Rohdaten
2024-07-07;117,94;Rohdaten
2024-07-08;117,94;Rohdaten
2024-07-09;117,95;Rohdaten
2024-07-10;117,94;Rohdaten
2024-07-11;117,94;Rohdaten
2024-07-12;117,95;Rohdaten
2024-07-13;117,93;Rohdaten
2024-07-14;117,92;Rohdaten
2024-07-15;117,93;Rohdaten
2024-07-16;117,91;Rohdaten
2024-07-17;117,90;Rohdaten
2024-07-18;117,90;Rohdaten
2024-07-19;117,91;Rohdaten
2024-07-20;117,92;Rohdaten
2024-07-21;117,90;Rohdaten
2024-07-22;117,88;Rohdaten
2024-07-23;117,89;Rohdaten
2024-07-24;117,88;Rohdaten
2024-07-25;117,89;Rohdaten
2024-07-26;117,88;Rohdaten
2024-07-27;117,88;Rohdaten
2024-07-28;117,85;Rohdaten
2024-07-29;117,87;Rohdaten
2024-07-30;117,88;Rohdaten
2024-07-31;117,88;Rohdaten
2024-08-01;117,87;Rohdaten
2024-08-02;117,86;Rohdaten
2024-08-03;117,86;Rohdaten
2024-08-04;117,85;Rohdaten
2024-08-05;117,85;Rohdaten
2024-08-06;117,85;Rohdaten
2024-08-07;117,84;Rohdaten
2024-08-08;117,83;Rohdaten
2024-08-09;117,83;Rohdaten
2024-08-10;117,82;Rohdaten
2024-08-11;117,83;Rohdaten
2024-08-12;117,84;Rohdaten
2024-08-13;117,83;Rohdaten
2024-08-14;117,81;Rohdaten
2024-08-15;117,81;Rohdaten
2024-08-16;117,81;Rohdaten
2024-08-17;117,81;Rohdaten
2024-08-18;117,81;Rohdaten
2024-08-19;117,79;Rohdaten
2024-08-20;117,81;Rohdaten
2024-08-21;117,78;Rohdaten
2024-08-22;117,80;Rohdaten
2024-08-23;117,79;Rohdaten
2024-08-24;117,79;Rohdaten
2024-08-25;117,76;Rohdaten
2024-08-26;117,77;Rohdaten
2024-08-27;117,77;Rohdaten
2024-08-28;117,77;Rohdaten
2024-08-29;117,76;Rohdaten
2024-08-30;117,76;Rohdaten
2024-08-31;117,75;Rohdaten
2024-09-01;117,76;Rohdaten
2024-09-02;117,75;Rohdaten
2024-09-03;117,74;Rohdaten
2024-09-04;117,74;Rohdaten
2024-09-05;117,76;Rohdaten
2024-09-06;117,73;Rohdaten
2024-09-07;117,73;Rohdaten
2024-09-08;117,73;Rohdaten
2024-09-09;117,73;Rohdaten
2024-09-10;117,72;Rohdaten
2024-09-11;117,72;Rohdaten
2024-09-12;117,71;Rohdaten
2024-09-13;117,69;Rohdaten
2024-09-14;117,69;Rohdaten
2024-09-15;117,70;Rohdaten
2024-09-16;117,70;Rohdaten
2024-09-17;117,69;Rohdaten
2024-09-18;117,69;Rohdaten
2024-09-19;117,69;Rohdaten
2024-09-20;117,68;Rohdaten
2024-09-21;117,68;Rohdaten
2024-09-22;117,69;Rohdaten
2024-09-23;117,68;Rohdaten
2024-09-24;117,68;Rohdaten
2024-09-25;117,68;Rohdaten
2024-09-26;117,69;Rohdaten
2024-09-27;117,67;Rohdaten
2024-09-28;117,65;Rohdaten
2024-09-29;117,65;Rohdaten
2024-09-30;117,67;Rohdaten
