﻿Quelle:;"Bayerisches Landesamt für Umwelt, www.gkd.bayern.de"
Datenbankabfrage:;"08.10.2024 21:51"
Zeitbezug:;MEZ
Messstellen-Name:;"FRUEHLINGSLUST 86A"
Messstellen-Nr.:;4108
Ostwert:;505824;Nordwert:;5533972;"ETRS89 / UTM Zone 32N"

Datum;"Grundwasserstand [m ü. NN]";Prüfstatus
2024-01-01;112,95;Geprueft
2024-01-02;112,96;Geprueft
2024-01-03;112,97;Geprueft
2024-01-04;112,99;Geprueft
2024-01-05;113,00;Geprueft
2024-01-06;113,00;Geprueft
2024-01-07;113,01;Geprueft
2024-01-08;113,01;Geprueft
2024-01-09;113,02;Geprueft
2024-01-10;113,02;Geprueft
2024-01-11;113,03;Geprueft
2024-01-12;113,04;Geprueft
2024-01-13;113,04;Geprueft
2024-01-14;113,05;Geprueft
2024-01-15;113,06;Geprueft
2024-01-16;113,06;Geprueft
2024-01-17;113,07;Geprueft
2024-01-18;113,07;Geprueft
2024-01-19;113,07;Geprueft
2024-01-20;113,07;Geprueft
2024-01-21;113,07;Geprueft
2024-01-22;113,08;Geprueft
2024-01-23;113,08;Geprueft
2024-01-24;113,08;Geprueft
2024-01-25;113,08;Geprueft
2024-01-26;113,09;Geprueft
2024-01-27;113,08;Geprueft
2024-01-28;113,09;Geprueft
2024-01-29;113,09;Geprueft
2024-01-30;113,09;Geprueft
2024-01-31;113,09;Geprueft
2024-02-01;113,09;Geprueft
2024-02-02;113,09;Geprueft
2024-02-03;113,09;Geprueft
2024-02-04;113,09;Geprueft
2024-02-05;113,09;Geprueft
2024-02-06;113,09;Geprueft
2024-02-07;113,10;Geprueft
2024-02-08;113,10;Geprueft
2024-02-09;113,11;Geprueft
2024-02-10;113,11;Geprueft
2024-02-11;113,11;Geprueft
2024-02-12;113,11;Geprueft
2024-02-13;113,11;Geprueft
2024-02-14;113,12;Geprueft
2024-02-15;113,12;Geprueft
2024-02-16;113,12;Geprueft
2024-02-17;113,12;Geprueft
2024-02-18;113,13;Geprueft
2024-02-19;113,13;Geprueft
2024-02-20;113,14;Geprueft
2024-02-21;113,14;Geprueft
2024-02-22;113,15;Geprueft
2024-02-23;113,17;Geprueft
2024-02-24;113,17;Geprueft
2024-02-25;113,18;Geprueft
2024-02-26;113,18;Geprueft
2024-02-27;113,18;Geprueft
2024-02-28;113,19;Geprueft
2024-02-29;113,19;Geprueft
2024-03-01;113,20;Geprueft
2024-03-02;113,20;Geprueft
2024-03-03;113,21;Geprueft
2024-03-04;113,21;Geprueft
2024-03-05;113,22;Geprueft
2024-03-06;113,22;Geprueft
2024-03-07;113,22;Geprueft
2024-03-08;113,23;Geprueft
2024-03-09;113,23;Geprueft
2024-03-10;113,24;Geprueft
2024-03-11;113,24;Geprueft
2024-03-12;113,24;Geprueft
2024-03-13;113,24;Geprueft
2024-03-14;113,24;Geprueft
2024-03-15;113,25;Geprueft
2024-03-16;113,25;Geprueft
2024-03-17;113,25;Geprueft
2024-03-18;113,25;Geprueft
2024-03-19;113,25;Geprueft
2024-03-20;113,25;Geprueft
2024-03-21;113,25;Geprueft
2024-03-22;113,25;Geprueft
2024-03-23;113,26;Geprueft
2024-03-24;113,26;Geprueft
2024-03-25;113,26;Geprueft
2024-03-26;113,26;Geprueft
2024-03-27;113,26;Geprueft
2024-03-28;113,26;Geprueft
2024-03-29;113,26;Geprueft
2024-03-30;113,26;Geprueft
2024-03-31;113,26;Geprueft
2024-04-01;113,26;Geprueft
2024-04-02;113,26;Geprueft
2024-04-03;113,26;Geprueft
2024-04-04;113,26;Geprueft
2024-04-05;113,26;Geprueft
2024-04-06;113,26;Geprueft
2024-04-07;113,26;Geprueft
2024-04-08;113,26;Geprueft
2024-04-09;113,26;Geprueft
2024-04-10;113,25;Geprueft
2024-04-11;113,25;Geprueft
2024-04-12;113,25;Geprueft
2024-04-13;113,25;Geprueft
2024-04-14;113,25;Geprueft
2024-04-15;113,26;Geprueft
2024-04-16;113,26;Geprueft
2024-04-17;113,26;Geprueft
2024-04-18;113,25;Geprueft
2024-04-19;113,25;Geprueft
2024-04-20;113,25;Geprueft
2024-04-21;113,25;Geprueft
2024-04-22;113,25;Geprueft
2024-04-23;113,26;Geprueft
2024-04-24;113,26;Geprueft
2024-04-25;113,26;Geprueft
2024-04-26;113,26;Geprueft
2024-04-27;113,26;Geprueft
2024-04-28;113,25;Geprueft
2024-04-29;113,25;Geprueft
2024-04-30;113,25;Geprueft
2024-05-01;113,25;Geprueft
2024-05-02;113,25;Geprueft
2024-05-03;113,25;Geprueft
2024-05-04;113,25;Geprueft
2024-05-05;113,26;Geprueft
2024-05-06;113,26;Geprueft
2024-05-07;113,26;Geprueft
2024-05-08;113,26;Geprueft
2024-05-09;113,26;Geprueft
2024-05-10;113,26;Geprueft
2024-05-11;113,26;Geprueft
2024-05-12;113,26;Geprueft
2024-05-13;113,26;Geprueft
2024-05-14;113,26;Geprueft
2024-05-15;113,26;Geprueft
2024-05-16;113,26;Geprueft
2024-05-17;113,26;Geprueft
2024-05-18;113,25;Geprueft
2024-05-19;113,25;Geprueft
2024-05-20;113,25;Geprueft
2024-05-21;113,25;Geprueft
2024-05-22;113,25;Geprueft
2024-05-23;113,24;Geprueft
2024-05-24;113,25;Geprueft
2024-05-25;113,26;Geprueft
2024-05-26;113,26;Geprueft
2024-05-27;113,26;Geprueft
2024-05-28;113,26;Geprueft
2024-05-29;113,26;Geprueft
2024-05-30;113,27;Geprueft
2024-05-31;113,27;Geprueft
2024-06-01;113,27;Geprueft
2024-06-02;113,29;Geprueft
2024-06-03;113,29;Geprueft
2024-06-04;113,30;Geprueft
2024-06-05;113,30;Geprueft
2024-06-06;113,29;Geprueft
2024-06-07;113,29;Geprueft
2024-06-08;113,30;Geprueft
2024-06-09;113,30;Geprueft
2024-06-10;113,30;Geprueft
2024-06-11;113,29;Geprueft
2024-06-12;113,29;Geprueft
2024-06-13;113,29;Geprueft
2024-06-14;113,29;Geprueft
2024-06-15;113,29;Geprueft
2024-06-16;113,29;Geprueft
2024-06-17;113,29;Geprueft
2024-06-18;113,29;Geprueft
2024-06-19;113,29;Geprueft
2024-06-20;113,29;Geprueft
2024-06-21;113,29;Geprueft
2024-06-22;113,29;Geprueft
2024-06-23;113,29;Geprueft
2024-06-24;113,29;Geprueft
2024-06-25;113,29;Geprueft
2024-06-26;113,29;Geprueft
2024-06-27;113,29;Geprueft
2024-06-28;113,29;Geprueft
2024-06-29;113,29;Geprueft
2024-06-30;113,29;Geprueft
2024-07-01;113,29;Rohdaten
2024-07-02;113,29;Rohdaten
2024-07-03;113,29;Rohdaten
2024-07-04;113,29;Rohdaten
2024-07-05;113,29;Rohdaten
2024-07-06;113,29;Rohdaten
2024-07-07;113,28;Rohdaten
2024-07-08;113,28;Rohdaten
2024-07-09;113,27;Rohdaten
2024-07-10;113,27;Rohdaten
2024-07-11;113,29;Rohdaten
2024-07-12;113,30;Rohdaten
2024-07-13;113,30;Rohdaten
2024-07-14;113,30;Rohdaten
2024-07-15;113,29;Rohdaten
2024-07-16;113,29;Rohdaten
2024-07-17;113,29;Rohdaten
2024-07-18;113,29;Rohdaten
2024-07-19;113,29;Rohdaten
2024-07-20;113,29;Rohdaten
2024-07-21;113,28;Rohdaten
2024-07-22;113,28;Rohdaten
2024-07-23;113,27;Rohdaten
2024-07-24;113,27;Rohdaten
2024-07-25;113,27;Rohdaten
2024-07-26;113,26;Rohdaten
2024-07-27;113,27;Rohdaten
2024-07-28;113,28;Rohdaten
2024-07-29;113,28;Rohdaten
2024-07-30;113,28;Rohdaten
2024-07-31;113,28;Rohdaten
2024-08-01;113,28;Rohdaten
2024-08-02;113,27;Rohdaten
2024-08-03;113,27;Rohdaten
2024-08-04;113,27;Rohdaten
2024-08-05;113,26;Rohdaten
2024-08-06;113,26;Rohdaten
2024-08-07;113,26;Rohdaten
2024-08-08;113,26;Rohdaten
2024-08-09;113,26;Rohdaten
2024-08-10;113,25;Rohdaten
2024-08-11;113,25;Rohdaten
2024-08-12;113,25;Rohdaten
2024-08-13;113,24;Rohdaten
2024-08-14;113,24;Rohdaten
2024-08-15;113,24;Rohdaten
2024-08-16;113,23;Rohdaten
2024-08-17;113,23;Rohdaten
2024-08-18;113,23;Rohdaten
2024-08-19;113,23;Rohdaten
2024-08-20;113,23;Rohdaten
2024-08-21;113,22;Rohdaten
2024-08-22;113,22;Rohdaten
2024-08-23;113,22;Rohdaten
2024-08-24;113,22;Rohdaten
2024-08-25;113,21;Rohdaten
2024-08-26;113,21;Rohdaten
2024-08-27;113,20;Rohdaten
2024-08-28;113,20;Rohdaten
2024-08-29;113,20;Rohdaten
2024-08-30;113,19;Rohdaten
2024-08-31;113,19;Rohdaten
2024-09-01;113,19;Rohdaten
2024-09-02;113,19;Rohdaten
2024-09-03;113,18;Rohdaten
2024-09-04;113,18;Rohdaten
2024-09-05;113,18;Rohdaten
2024-09-06;113,17;Rohdaten
2024-09-07;113,17;Rohdaten
2024-09-08;113,17;Rohdaten
2024-09-09;113,16;Rohdaten
2024-09-10;113,16;Rohdaten
2024-09-11;113,16;Rohdaten
2024-09-12;113,16;Rohdaten
2024-09-13;113,15;Rohdaten
2024-09-14;113,15;Rohdaten
2024-09-15;113,14;Rohdaten
2024-09-16;113,14;Rohdaten
2024-09-17;113,14;Rohdaten
2024-09-18;113,13;Rohdaten
2024-09-19;113,13;Rohdaten
2024-09-20;113,13;Rohdaten
2024-09-21;113,12;Rohdaten
2024-09-22;113,12;Rohdaten
2024-09-23;113,12;Rohdaten
2024-09-24;113,11;Rohdaten
2024-09-25;113,11;Rohdaten
2024-09-26;113,11;Rohdaten
2024-09-27;113,11;Rohdaten
2024-09-28;113,10;Rohdaten
2024-09-29;113,10;Rohdaten
2024-09-30;113,10;Rohdaten
