﻿Quelle:;"Bayerisches Landesamt für Umwelt, www.gkd.bayern.de"
Datenbankabfrage:;"08.10.2024 21:51"
Zeitbezug:;MEZ
Messstellen-Name:;"GROSSOSTHEIM 115"
Messstellen-Nr.:;4129
Ostwert:;503489;Nordwert:;5532408;"ETRS89 / UTM Zone 32N"

Datum;"Grundwasserstand [m ü. NN]";Prüfstatus
2024-01-01;115,92;Geprueft
2024-01-02;115,92;Geprueft
2024-01-03;115,92;Geprueft
2024-01-04;115,92;Geprueft
2024-01-05;115,93;Geprueft
2024-01-06;115,93;Geprueft
2024-01-07;115,93;Geprueft
2024-01-08;115,93;Geprueft
2024-01-09;115,93;Geprueft
2024-01-10;115,93;Geprueft
2024-01-11;115,93;Geprueft
2024-01-12;115,93;Geprueft
2024-01-13;115,93;Geprueft
2024-01-14;115,93;Geprueft
2024-01-15;115,93;Geprueft
2024-01-16;115,93;Geprueft
2024-01-17;115,94;Geprueft
2024-01-18;115,94;Geprueft
2024-01-19;115,94;Geprueft
2024-01-20;115,94;Geprueft
2024-01-21;115,94;Geprueft
2024-01-22;115,94;Geprueft
2024-01-23;115,94;Geprueft
2024-01-24;115,94;Geprueft
2024-01-25;115,94;Geprueft
2024-01-26;115,94;Geprueft
2024-01-27;115,94;Geprueft
2024-01-28;115,94;Geprueft
2024-01-29;115,94;Geprueft
2024-01-30;115,95;Geprueft
2024-01-31;115,95;Geprueft
2024-02-01;115,95;Geprueft
2024-02-02;115,95;Geprueft
2024-02-03;115,95;Geprueft
2024-02-04;115,95;Geprueft
2024-02-05;115,96;Geprueft
2024-02-06;115,96;Geprueft
2024-02-07;115,96;Geprueft
2024-02-08;115,96;Geprueft
2024-02-09;115,96;Geprueft
2024-02-10;115,96;Geprueft
2024-02-11;115,96;Geprueft
2024-02-12;115,96;Geprueft
2024-02-13;115,96;Geprueft
2024-02-14;115,96;Geprueft
2024-02-15;115,96;Geprueft
2024-02-16;115,97;Geprueft
2024-02-17;115,97;Geprueft
2024-02-18;115,97;Geprueft
2024-02-19;115,98;Geprueft
2024-02-20;115,98;Geprueft
2024-02-21;115,98;Geprueft
2024-02-22;115,98;Geprueft
2024-02-23;115,98;Geprueft
2024-02-24;115,98;Geprueft
2024-02-25;115,98;Geprueft
2024-02-26;115,98;Geprueft
2024-02-27;115,99;Geprueft
2024-02-28;115,99;Geprueft
2024-02-29;115,99;Geprueft
2024-03-01;115,99;Geprueft
2024-03-02;115,99;Geprueft
2024-03-03;115,99;Geprueft
2024-03-04;115,99;Geprueft
2024-03-05;115,99;Geprueft
2024-03-06;115,99;Geprueft
2024-03-07;115,99;Geprueft
2024-03-08;115,99;Geprueft
2024-03-09;115,99;Geprueft
2024-03-10;115,99;Geprueft
2024-03-11;115,99;Geprueft
2024-03-12;115,99;Geprueft
2024-03-13;115,99;Geprueft
2024-03-14;115,99;Geprueft
2024-03-15;115,99;Geprueft
2024-03-16;115,99;Geprueft
2024-03-17;116,00;Geprueft
2024-03-18;116,00;Geprueft
2024-03-19;116,00;Geprueft
2024-03-20;116,00;Geprueft
2024-03-21;116,00;Geprueft
2024-03-22;116,01;Geprueft
2024-03-23;116,01;Geprueft
2024-03-24;116,01;Geprueft
2024-03-25;116,01;Geprueft
2024-03-26;116,01;Geprueft
2024-03-27;116,01;Geprueft
2024-03-28;116,01;Geprueft
2024-03-29;116,02;Geprueft
2024-03-30;116,02;Geprueft
2024-03-31;116,02;Geprueft
2024-04-01;116,03;Geprueft
2024-04-02;116,03;Geprueft
2024-04-03;116,03;Geprueft
2024-04-04;116,03;Geprueft
2024-04-05;116,03;Geprueft
2024-04-06;116,03;Geprueft
2024-04-07;116,03;Geprueft
2024-04-08;116,03;Geprueft
2024-04-09;116,03;Geprueft
2024-04-10;116,03;Geprueft
2024-04-11;116,03;Rohdaten
2024-04-12;116,03;Rohdaten
2024-04-13;116,04;Rohdaten
2024-04-14;116,04;Rohdaten
2024-04-15;116,04;Rohdaten
2024-04-16;116,04;Rohdaten
2024-04-17;116,04;Rohdaten
2024-04-18;116,04;Rohdaten
2024-04-19;116,04;Rohdaten
2024-04-20;116,04;Rohdaten
2024-04-21;116,05;Rohdaten
2024-04-22;116,05;Rohdaten
2024-04-23;116,05;Rohdaten
2024-04-24;116,05;Rohdaten
2024-04-25;116,05;Rohdaten
2024-04-26;116,05;Rohdaten
2024-04-27;116,05;Rohdaten
2024-04-28;116,05;Rohdaten
2024-04-29;116,05;Rohdaten
2024-04-30;116,05;Rohdaten
2024-05-01;116,06;Rohdaten
2024-05-02;116,06;Rohdaten
2024-05-03;116,06;Rohdaten
2024-05-04;116,07;Rohdaten
2024-05-05;116,07;Rohdaten
2024-05-06;116,07;Rohdaten
2024-05-07;116,07;Rohdaten
2024-05-08;116,07;Rohdaten
2024-05-09;116,07;Rohdaten
2024-05-10;116,07;Rohdaten
2024-05-11;116,07;Rohdaten
2024-05-12;116,07;Rohdaten
2024-05-13;116,08;Rohdaten
2024-05-14;116,08;Rohdaten
2024-05-15;116,08;Rohdaten
2024-05-16;116,08;Rohdaten
2024-05-17;116,08;Rohdaten
2024-05-18;116,08;Rohdaten
2024-05-19;116,08;Rohdaten
2024-05-20;116,08;Rohdaten
2024-05-21;116,08;Rohdaten
2024-05-22;116,08;Rohdaten
2024-05-23;116,08;Rohdaten
2024-05-24;116,09;Rohdaten
2024-05-25;116,09;Rohdaten
2024-05-26;116,09;Rohdaten
2024-05-27;116,09;Rohdaten
2024-05-28;116,09;Rohdaten
2024-05-29;116,09;Rohdaten
2024-05-30;116,09;Rohdaten
2024-05-31;116,09;Rohdaten
2024-06-01;116,09;Rohdaten
2024-06-02;116,10;Rohdaten
2024-06-03;116,10;Rohdaten
2024-06-04;116,10;Rohdaten
2024-06-05;116,10;Rohdaten
2024-06-06;116,10;Rohdaten
2024-06-07;116,10;Rohdaten
2024-06-08;116,10;Rohdaten
2024-06-09;116,11;Rohdaten
2024-06-10;116,11;Rohdaten
2024-06-11;116,11;Rohdaten
2024-06-12;116,11;Rohdaten
2024-06-13;116,11;Rohdaten
2024-06-14;116,11;Rohdaten
2024-06-15;116,11;Rohdaten
2024-06-16;116,11;Rohdaten
2024-06-17;116,11;Rohdaten
2024-06-18;116,12;Rohdaten
2024-06-19;116,12;Rohdaten
2024-06-20;116,12;Rohdaten
2024-06-21;116,12;Rohdaten
2024-06-22;116,12;Rohdaten
2024-06-23;116,12;Rohdaten
2024-06-24;116,12;Rohdaten
2024-06-25;116,12;Rohdaten
2024-06-26;116,12;Rohdaten
2024-06-27;116,12;Rohdaten
