﻿Quelle:;"Bayerisches Landesamt für Umwelt, www.gkd.bayern.de"
Datenbankabfrage:;"08.10.2024 21:51"
Zeitbezug:;MEZ
Messstellen-Name:;"ALZENAU-WASSERLOS 92B"
Messstellen-Nr.:;4131
Ostwert:;503493;Nordwert:;5546350;"ETRS89 / UTM Zone 32N"

Datum;"Grundwasserstand [m ü. NN]";Prüfstatus
2024-01-01;106,47;Geprueft
2024-01-02;106,48;Geprueft
2024-01-03;106,48;Geprueft
2024-01-04;106,49;Geprueft
2024-01-05;106,49;Geprueft
2024-01-06;106,50;Geprueft
2024-01-07;106,50;Geprueft
2024-01-08;106,50;Geprueft
2024-01-09;106,50;Geprueft
2024-01-10;106,50;Geprueft
2024-01-11;106,51;Geprueft
2024-01-12;106,51;Geprueft
2024-01-13;106,51;Geprueft
2024-01-14;106,52;Geprueft
2024-01-15;106,52;Geprueft
2024-01-16;106,52;Geprueft
2024-01-17;106,53;Geprueft
2024-01-18;106,52;Geprueft
2024-01-19;106,52;Geprueft
2024-01-20;106,52;Geprueft
2024-01-21;106,53;Geprueft
2024-01-22;106,54;Geprueft
2024-01-23;106,53;Geprueft
2024-01-24;106,54;Geprueft
2024-01-25;106,54;Geprueft
2024-01-26;106,54;Geprueft
2024-01-27;106,54;Geprueft
2024-01-28;106,55;Geprueft
2024-01-29;106,55;Geprueft
2024-01-30;106,55;Geprueft
2024-01-31;106,55;Geprueft
2024-02-01;106,56;Geprueft
2024-02-02;106,56;Geprueft
2024-02-03;106,57;Geprueft
2024-02-04;106,57;Geprueft
2024-02-05;106,57;Geprueft
2024-02-06;106,58;Geprueft
2024-02-07;106,59;Geprueft
2024-02-08;106,59;Geprueft
2024-02-09;106,60;Geprueft
2024-02-10;106,61;Geprueft
2024-02-11;106,61;Geprueft
2024-02-12;106,61;Geprueft
2024-02-13;106,61;Geprueft
2024-02-14;106,62;Geprueft
2024-02-15;106,63;Geprueft
2024-02-16;106,63;Geprueft
2024-02-17;106,63;Geprueft
2024-02-18;106,64;Geprueft
2024-02-19;106,64;Geprueft
2024-02-20;106,65;Geprueft
2024-02-21;106,66;Geprueft
2024-02-22;106,67;Geprueft
2024-02-23;106,67;Geprueft
2024-02-24;106,68;Geprueft
2024-02-25;106,68;Geprueft
2024-02-26;106,68;Geprueft
2024-02-27;106,69;Geprueft
2024-02-28;106,69;Geprueft
2024-02-29;106,70;Geprueft
2024-03-01;106,71;Geprueft
2024-03-02;106,71;Geprueft
2024-03-03;106,72;Geprueft
2024-03-04;106,71;Geprueft
2024-03-05;106,71;Geprueft
2024-03-06;106,71;Geprueft
2024-03-07;106,72;Geprueft
2024-03-08;106,72;Geprueft
2024-03-09;106,73;Geprueft
2024-03-10;106,73;Geprueft
2024-03-11;106,73;Geprueft
2024-03-12;106,73;Geprueft
2024-03-13;106,74;Geprueft
2024-03-14;106,74;Geprueft
2024-03-15;106,75;Geprueft
2024-03-16;106,75;Geprueft
2024-03-17;106,75;Geprueft
2024-03-18;106,76;Geprueft
2024-03-19;106,76;Geprueft
2024-03-20;106,77;Geprueft
2024-03-21;106,78;Geprueft
2024-03-22;106,79;Geprueft
2024-03-23;106,80;Geprueft
2024-03-24;106,81;Geprueft
2024-03-25;106,82;Geprueft
2024-03-26;106,83;Geprueft
2024-03-27;106,83;Geprueft
2024-03-28;106,84;Geprueft
2024-03-29;106,84;Geprueft
2024-03-30;106,85;Geprueft
2024-03-31;106,85;Geprueft
2024-04-01;106,86;Geprueft
2024-04-02;106,86;Geprueft
2024-04-03;106,87;Geprueft
2024-04-04;106,87;Geprueft
2024-04-05;106,87;Geprueft
2024-04-06;106,87;Geprueft
2024-04-07;106,86;Geprueft
2024-04-08;106,87;Geprueft
2024-04-09;106,86;Geprueft
2024-04-10;106,86;Geprueft
2024-04-11;106,86;Geprueft
2024-04-12;106,86;Geprueft
2024-04-13;106,86;Geprueft
2024-04-14;106,86;Geprueft
2024-04-15;106,86;Geprueft
2024-04-16;106,87;Geprueft
2024-04-17;106,87;Geprueft
2024-04-18;106,86;Geprueft
2024-04-19;106,87;Geprueft
2024-04-20;106,87;Geprueft
2024-04-21;106,88;Geprueft
2024-04-22;106,88;Geprueft
2024-04-23;106,89;Geprueft
2024-04-24;106,89;Geprueft
2024-04-25;106,89;Geprueft
2024-04-26;106,90;Geprueft
2024-04-27;106,90;Geprueft
2024-04-28;106,89;Geprueft
2024-04-29;106,89;Rohdaten
2024-04-30;106,90;Rohdaten
2024-05-01;106,90;Rohdaten
2024-05-02;106,90;Rohdaten
2024-05-03;106,90;Rohdaten
2024-05-04;106,90;Rohdaten
2024-05-05;106,91;Rohdaten
2024-05-06;106,92;Rohdaten
2024-05-07;106,92;Rohdaten
2024-05-08;106,92;Rohdaten
2024-05-09;106,92;Rohdaten
2024-05-10;106,93;Rohdaten
2024-05-11;106,93;Rohdaten
2024-05-12;106,94;Rohdaten
2024-05-13;106,94;Rohdaten
2024-05-14;106,94;Rohdaten
2024-05-15;106,94;Rohdaten
2024-05-16;106,94;Rohdaten
2024-05-17;106,94;Rohdaten
2024-05-18;106,94;Rohdaten
2024-05-19;106,94;Rohdaten
2024-05-20;106,95;Rohdaten
2024-05-21;106,95;Rohdaten
2024-05-22;106,95;Rohdaten
2024-05-23;106,95;Rohdaten
2024-05-24;106,95;Rohdaten
2024-05-25;106,96;Rohdaten
2024-05-26;106,96;Rohdaten
2024-05-27;106,96;Rohdaten
2024-05-28;106,96;Rohdaten
2024-05-29;106,97;Rohdaten
2024-05-30;106,98;Rohdaten
2024-05-31;106,98;Rohdaten
2024-06-01;106,98;Rohdaten
2024-06-02;106,98;Rohdaten
2024-06-03;106,98;Rohdaten
2024-06-04;106,98;Rohdaten
2024-06-05;106,98;Rohdaten
2024-06-06;106,98;Rohdaten
2024-06-07;106,98;Rohdaten
2024-06-08;106,99;Rohdaten
2024-06-09;106,98;Rohdaten
2024-06-10;106,98;Rohdaten
2024-06-11;106,96;Rohdaten
2024-06-12;106,94;Rohdaten
2024-06-13;106,94;Rohdaten
2024-06-14;106,94;Rohdaten
2024-06-15;106,93;Rohdaten
2024-06-16;106,92;Rohdaten
2024-06-17;106,92;Rohdaten
2024-06-18;106,92;Rohdaten
2024-06-19;106,92;Rohdaten
2024-06-20;106,93;Rohdaten
2024-06-21;106,94;Rohdaten
2024-06-22;106,94;Rohdaten
2024-06-23;106,94;Rohdaten
2024-06-24;106,93;Rohdaten
2024-06-25;106,93;Rohdaten
2024-06-26;106,93;Rohdaten
2024-06-27;106,92;Rohdaten
2024-06-28;106,92;Rohdaten
2024-06-29;106,93;Rohdaten
2024-06-30;106,93;Rohdaten
2024-07-01;106,93;Rohdaten
