﻿Quelle:;"Bayerisches Landesamt für Umwelt, www.gkd.bayern.de"
Datenbankabfrage:;"08.10.2024 21:51"
Zeitbezug:;MEZ
Messstellen-Name:;"ROELLFELD 159"
Messstellen-Nr.:;4137
Ostwert:;513460;Nordwert:;5511193;"ETRS89 / UTM Zone 32N"

Datum;"Grundwasserstand [m ü. NN]";Prüfstatus
2024-01-01;121,28;Geprueft
2024-01-02;121,32;Geprueft
2024-01-03;121,32;Geprueft
2024-01-04;121,32;Geprueft
2024-01-05;121,38;Geprueft
2024-01-06;121,39;Geprueft
2024-01-07;121,41;Geprueft
2024-01-08;121,42;Geprueft
2024-01-09;121,44;Geprueft
2024-01-10;121,44;Geprueft
2024-01-11;121,44;Geprueft
2024-01-12;121,44;Geprueft
2024-01-13;121,47;Geprueft
2024-01-14;121,49;Geprueft
2024-01-15;121,46;Geprueft
2024-01-16;121,44;Geprueft
2024-01-17;121,50;Geprueft
2024-01-18;121,41;Geprueft
2024-01-19;121,39;Geprueft
2024-01-20;121,41;Geprueft
2024-01-21;121,44;Geprueft
2024-01-22;121,45;Geprueft
2024-01-23;121,40;Geprueft
2024-01-24;121,42;Geprueft
2024-01-25;121,41;Geprueft
2024-01-26;121,42;Geprueft
2024-01-27;121,41;Geprueft
2024-01-28;121,44;Geprueft
2024-01-29;121,43;Geprueft
2024-01-30;121,42;Geprueft
2024-01-31;121,42;Geprueft
2024-02-01;121,43;Geprueft
2024-02-02;121,46;Geprueft
2024-02-03;121,43;Geprueft
2024-02-04;121,44;Geprueft
2024-02-05;121,43;Geprueft
2024-02-06;121,43;Geprueft
2024-02-07;121,45;Geprueft
2024-02-08;121,45;Geprueft
2024-02-09;121,46;Geprueft
2024-02-10;121,42;Geprueft
2024-02-11;121,43;Geprueft
2024-02-12;121,44;Geprueft
2024-02-13;121,46;Geprueft
2024-02-14;121,50;Geprueft
2024-02-15;121,51;Geprueft
2024-02-16;121,50;Geprueft
2024-02-17;121,47;Geprueft
2024-02-18;121,52;Geprueft
2024-02-19;121,50;Geprueft
2024-02-20;121,50;Geprueft
2024-02-21;121,53;Geprueft
2024-02-22;121,57;Geprueft
2024-02-23;121,52;Geprueft
2024-02-24;121,51;Geprueft
2024-02-25;121,54;Geprueft
2024-02-26;121,53;Geprueft
2024-02-27;121,50;Geprueft
2024-02-28;121,50;Geprueft
2024-02-29;121,54;Geprueft
2024-03-01;121,53;Geprueft
2024-03-02;121,52;Geprueft
2024-03-03;121,52;Geprueft
2024-03-04;121,48;Geprueft
2024-03-05;121,48;Geprueft
2024-03-06;121,47;Geprueft
2024-03-07;121,48;Geprueft
2024-03-08;121,50;Geprueft
2024-03-09;121,50;Geprueft
2024-03-10;121,51;Geprueft
2024-03-11;121,50;Geprueft
2024-03-12;121,44;Geprueft
2024-03-13;121,45;Geprueft
2024-03-14;121,46;Geprueft
2024-03-15;121,45;Geprueft
2024-03-16;121,37;Geprueft
2024-03-17;121,40;Geprueft
2024-03-18;121,41;Geprueft
2024-03-19;121,39;Geprueft
2024-03-20;121,39;Geprueft
2024-03-21;121,37;Geprueft
2024-03-22;121,39;Geprueft
2024-03-23;121,38;Geprueft
2024-03-24;121,37;Geprueft
2024-03-25;121,36;Geprueft
2024-03-26;121,37;Geprueft
2024-03-27;121,34;Geprueft
2024-03-28;121,31;Geprueft
2024-03-29;121,32;Geprueft
2024-03-30;121,33;Geprueft
2024-03-31;121,33;Geprueft
2024-04-01;121,32;Geprueft
2024-04-02;121,29;Geprueft
2024-04-03;121,30;Geprueft
2024-04-04;121,29;Geprueft
2024-04-05;121,29;Geprueft
2024-04-06;121,29;Geprueft
2024-04-07;121,28;Geprueft
2024-04-08;121,31;Geprueft
2024-04-09;121,23;Geprueft
2024-04-10;121,22;Geprueft
2024-04-11;121,24;Geprueft
2024-04-12;121,25;Geprueft
2024-04-13;121,25;Geprueft
2024-04-14;121,25;Geprueft
2024-04-15;121,25;Geprueft
2024-04-16;121,23;Geprueft
2024-04-17;121,22;Geprueft
2024-04-18;121,20;Geprueft
2024-04-19;121,24;Geprueft
2024-04-20;121,20;Geprueft
2024-04-21;121,22;Geprueft
2024-04-22;121,22;Geprueft
2024-04-23;121,24;Geprueft
2024-04-24;121,24;Geprueft
2024-04-25;121,22;Geprueft
2024-04-26;121,21;Geprueft
2024-04-27;121,21;Geprueft
2024-04-28;121,19;Geprueft
2024-04-29;121,19;Geprueft
2024-04-30;121,21;Geprueft
2024-05-01;121,22;Geprueft
2024-05-02;121,20;Geprueft
2024-05-03;121,17;Geprueft
2024-05-04;121,20;Geprueft
2024-05-05;121,20;Geprueft
2024-05-06;121,19;Geprueft
2024-05-07;121,17;Geprueft
2024-05-08;121,17;Geprueft
2024-05-09;121,19;Geprueft
2024-05-10;121,19;Geprueft
2024-05-11;121,18;Geprueft
2024-05-12;121,18;Geprueft
2024-05-13;121,17;Geprueft
2024-05-14;121,15;Geprueft
2024-05-15;121,13;Geprueft
2024-05-16;121,13;Geprueft
2024-05-17;121,12;Geprueft
2024-05-18;121,11;Geprueft
2024-05-19;121,13;Geprueft
2024-05-20;121,13;Geprueft
2024-05-21;121,12;Geprueft
2024-05-22;121,10;Geprueft
2024-05-23;121,10;Geprueft
2024-05-24;121,10;Geprueft
2024-05-25;121,11;Geprueft
2024-05-26;121,12;Geprueft
2024-05-27;121,11;Geprueft
2024-05-28;121,10;Geprueft
2024-05-29;121,12;Geprueft
2024-05-30;121,12;Geprueft
2024-05-31;121,10;Geprueft
2024-06-01;121,11;Geprueft
2024-06-02;121,12;Geprueft
2024-06-03;121,14;Geprueft
2024-06-04;121,16;Geprueft
2024-06-05;121,16;Geprueft
2024-06-06;121,17;Geprueft
2024-06-07;121,17;Geprueft
2024-06-08;121,18;Geprueft
2024-06-09;121,15;Geprueft
2024-06-10;121,10;Geprueft
2024-06-11;121,09;Geprueft
2024-06-12;121,10;Geprueft
2024-06-13;121,11;Geprueft
2024-06-14;121,12;Geprueft
2024-06-15;121,11;Geprueft
2024-06-16;121,11;Geprueft
2024-06-17;121,10;Geprueft
2024-06-18;121,10;Geprueft
2024-06-19;121,07;Geprueft
2024-06-20;121,10;Geprueft
2024-06-21;121,10;Geprueft
2024-06-22;121,08;Geprueft
2024-06-23;121,08;Geprueft
2024-06-24;121,08;Geprueft
2024-06-25;121,07;Geprueft
2024-06-26;121,06;Geprueft
2024-06-27;121,05;Geprueft
2024-06-28;121,03;Geprueft
2024-06-29;121,06;Geprueft
2024-06-30;121,04;Geprueft
2024-07-01;121,04;Geprueft
2024-07-02;121,05;Geprueft
2024-07-03;121,06;Geprueft
2024-07-04;121,05;Geprueft
2024-07-05;121,05;Geprueft
2024-07-06;121,06;Geprueft
2024-07-07;121,04;Geprueft
2024-07-08;121,03;Geprueft
2024-07-09;121,04;Geprueft
2024-07-10;121,01;Geprueft
2024-07-11;121,03;Geprueft
2024-07-12;121,03;Geprueft
2024-07-13;121,02;Geprueft
2024-07-14;121,02;Geprueft
2024-07-15;121,02;Geprueft
2024-07-16;121,00;Geprueft
2024-07-17;121,00;Geprueft
2024-07-18;121,01;Geprueft
2024-07-19;121,00;Geprueft
2024-07-20;121,00;Geprueft
2024-07-21;120,99;Geprueft
2024-07-22;120,97;Geprueft
2024-07-23;120,97;Geprueft
2024-07-24;120,97;Geprueft
2024-07-25;120,98;Geprueft
2024-07-26;120,97;Geprueft
2024-07-27;120,97;Geprueft
2024-07-28;120,97;Geprueft
2024-07-29;120,99;Geprueft
2024-07-30;120,99;Geprueft
2024-07-31;120,98;Geprueft
2024-08-01;120,97;Geprueft
2024-08-02;120,97;Geprueft
2024-08-03;120,97;Geprueft
2024-08-04;120,98;Geprueft
2024-08-05;120,99;Geprueft
2024-08-06;120,98;Rohdaten
2024-08-07;120,96;Rohdaten
2024-08-08;120,95;Rohdaten
2024-08-09;120,97;Rohdaten
2024-08-10;120,96;Rohdaten
2024-08-11;120,97;Rohdaten
2024-08-12;120,97;Rohdaten
2024-08-13;120,96;Rohdaten
2024-08-14;120,94;Rohdaten
2024-08-15;120,94;Rohdaten
2024-08-16;120,96;Rohdaten
2024-08-17;120,96;Rohdaten
2024-08-18;120,96;Rohdaten
2024-08-19;120,95;Rohdaten
2024-08-20;120,96;Rohdaten
2024-08-21;120,94;Rohdaten
2024-08-22;120,97;Rohdaten
2024-08-23;120,94;Rohdaten
2024-08-24;120,95;Rohdaten
2024-08-25;120,93;Rohdaten
2024-08-26;120,95;Rohdaten
2024-08-27;120,96;Rohdaten
2024-08-28;120,95;Rohdaten
2024-08-29;120,93;Rohdaten
2024-08-30;120,90;Rohdaten
2024-08-31;120,89;Rohdaten
2024-09-01;120,90;Rohdaten
2024-09-02;120,89;Rohdaten
2024-09-03;120,90;Rohdaten
2024-09-04;120,88;Rohdaten
2024-09-05;120,89;Rohdaten
2024-09-06;120,85;Rohdaten
2024-09-07;120,86;Rohdaten
2024-09-08;120,86;Rohdaten
2024-09-09;120,87;Rohdaten
2024-09-10;120,86;Rohdaten
2024-09-11;120,86;Rohdaten
2024-09-12;120,84;Rohdaten
2024-09-13;120,83;Rohdaten
2024-09-14;120,84;Rohdaten
2024-09-15;120,86;Rohdaten
2024-09-16;120,85;Rohdaten
2024-09-17;120,86;Rohdaten
2024-09-18;120,85;Rohdaten
2024-09-19;120,84;Rohdaten
2024-09-20;120,83;Rohdaten
2024-09-21;120,84;Rohdaten
2024-09-22;120,84;Rohdaten
2024-09-23;120,84;Rohdaten
2024-09-24;120,84;Rohdaten
2024-09-25;120,83;Rohdaten
2024-09-26;120,85;Rohdaten
2024-09-27;120,82;Rohdaten
2024-09-28;120,80;Rohdaten
2024-09-29;120,84;Rohdaten
2024-09-30;120,86;Rohdaten
