﻿Quelle:;"Bayerisches Landesamt für Umwelt, www.gkd.bayern.de"
Datenbankabfrage:;"08.10.2024 21:51"
Zeitbezug:;MEZ
Messstellen-Name:;"SCHNEEBERG 179"
Messstellen-Nr.:;4142
Ostwert:;517132;Nordwert:;5498450;"ETRS89 / UTM Zone 32N"

Datum;"Grundwasserstand [m ü. NN]";Prüfstatus
2024-01-01;163,31;Geprueft
2024-01-02;163,28;Geprueft
2024-01-03;163,70;Geprueft
2024-01-04;164,52;Geprueft
2024-01-05;165,05;Geprueft
2024-01-06;165,18;Geprueft
2024-01-07;164,99;Geprueft
2024-01-08;164,68;Geprueft
2024-01-09;164,35;Geprueft
2024-01-10;164,06;Geprueft
2024-01-11;163,80;Geprueft
2024-01-12;163,59;Geprueft
2024-01-13;163,43;Geprueft
2024-01-14;163,33;Geprueft
2024-01-15;163,26;Geprueft
2024-01-16;163,20;Geprueft
2024-01-17;163,15;Geprueft
2024-01-18;163,14;Geprueft
2024-01-19;163,12;Geprueft
2024-01-20;163,06;Geprueft
2024-01-21;163,01;Geprueft
2024-01-22;162,98;Geprueft
2024-01-23;163,06;Geprueft
2024-01-24;163,22;Geprueft
2024-01-25;163,34;Geprueft
2024-01-26;163,38;Geprueft
2024-01-27;163,38;Geprueft
2024-01-28;163,34;Geprueft
2024-01-29;163,31;Geprueft
2024-01-30;163,27;Geprueft
2024-01-31;163,22;Geprueft
2024-02-01;163,17;Geprueft
2024-02-02;163,13;Geprueft
2024-02-03;163,11;Geprueft
2024-02-04;163,09;Geprueft
2024-02-05;163,08;Geprueft
2024-02-06;163,07;Geprueft
2024-02-07;163,07;Geprueft
2024-02-08;163,16;Geprueft
2024-02-09;163,38;Geprueft
2024-02-10;163,76;Geprueft
2024-02-11;164,10;Geprueft
2024-02-12;164,17;Geprueft
2024-02-13;164,06;Geprueft
2024-02-14;163,88;Geprueft
2024-02-15;163,71;Geprueft
2024-02-16;163,57;Geprueft
2024-02-17;163,45;Geprueft
2024-02-18;163,32;Geprueft
2024-02-19;163,23;Geprueft
2024-02-20;163,17;Geprueft
2024-02-21;163,13;Geprueft
2024-02-22;163,19;Geprueft
2024-02-23;163,51;Geprueft
2024-02-24;163,93;Geprueft
2024-02-25;164,09;Geprueft
2024-02-26;164,06;Geprueft
2024-02-27;163,94;Geprueft
2024-02-28;163,77;Geprueft
2024-02-29;163,59;Geprueft
2024-03-01;163,48;Geprueft
2024-03-02;163,40;Geprueft
2024-03-03;163,34;Geprueft
2024-03-04;163,28;Geprueft
2024-03-05;163,19;Geprueft
2024-03-06;163,11;Geprueft
2024-03-07;163,04;Geprueft
2024-03-08;163,00;Geprueft
2024-03-09;162,99;Geprueft
2024-03-10;163,00;Geprueft
2024-03-11;163,01;Geprueft
2024-03-12;162,97;Geprueft
2024-03-13;162,93;Geprueft
2024-03-14;162,90;Geprueft
2024-03-15;162,87;Geprueft
2024-03-16;162,85;Geprueft
2024-03-17;162,82;Geprueft
2024-03-18;162,79;Geprueft
2024-03-19;162,77;Geprueft
2024-03-20;162,74;Geprueft
2024-03-21;162,71;Geprueft
2024-03-22;162,69;Geprueft
2024-03-23;162,68;Geprueft
2024-03-24;162,70;Geprueft
2024-03-25;162,75;Geprueft
2024-03-26;162,81;Geprueft
2024-03-27;162,90;Geprueft
2024-03-28;162,97;Geprueft
2024-03-29;162,98;Geprueft
2024-03-30;162,97;Geprueft
2024-03-31;162,96;Geprueft
2024-04-01;162,96;Geprueft
2024-04-02;162,94;Geprueft
2024-04-03;162,90;Geprueft
2024-04-04;162,87;Geprueft
2024-04-05;162,91;Geprueft
2024-04-06;162,98;Geprueft
2024-04-07;163,02;Geprueft
2024-04-08;163,03;Geprueft
2024-04-09;163,02;Geprueft
2024-04-10;162,98;Geprueft
2024-04-11;162,91;Geprueft
2024-04-12;162,85;Geprueft
2024-04-13;162,80;Geprueft
2024-04-14;162,78;Geprueft
2024-04-15;162,78;Geprueft
2024-04-16;162,80;Geprueft
2024-04-17;162,83;Geprueft
2024-04-18;162,82;Geprueft
2024-04-19;162,80;Geprueft
2024-04-20;162,81;Geprueft
2024-04-21;162,82;Geprueft
2024-04-22;162,86;Geprueft
2024-04-23;162,91;Geprueft
2024-04-24;162,97;Geprueft
2024-04-25;163,02;Geprueft
2024-04-26;163,04;Geprueft
2024-04-27;163,04;Geprueft
2024-04-28;163,01;Geprueft
2024-04-29;162,97;Geprueft
2024-04-30;162,93;Geprueft
2024-05-01;162,91;Geprueft
2024-05-02;162,88;Geprueft
2024-05-03;162,81;Geprueft
2024-05-04;162,77;Geprueft
2024-05-05;162,73;Geprueft
2024-05-06;162,70;Geprueft
2024-05-07;162,66;Geprueft
2024-05-08;162,61;Geprueft
2024-05-09;162,55;Geprueft
2024-05-10;162,49;Geprueft
2024-05-11;162,44;Geprueft
2024-05-12;162,40;Geprueft
2024-05-13;162,37;Geprueft
2024-05-14;162,37;Geprueft
2024-05-15;162,37;Geprueft
2024-05-16;162,37;Geprueft
2024-05-17;162,36;Geprueft
2024-05-18;162,35;Geprueft
2024-05-19;162,34;Geprueft
2024-05-20;162,32;Geprueft
2024-05-21;162,30;Geprueft
2024-05-22;162,28;Geprueft
2024-05-23;162,25;Geprueft
2024-05-24;162,27;Geprueft
2024-05-25;162,46;Geprueft
2024-05-26;162,59;Geprueft
2024-05-27;162,63;Geprueft
2024-05-28;162,63;Geprueft
2024-05-29;162,60;Geprueft
2024-05-30;162,60;Geprueft
2024-05-31;162,66;Geprueft
2024-06-01;162,76;Geprueft
2024-06-02;163,13;Geprueft
2024-06-03;163,52;Geprueft
2024-06-04;163,65;Geprueft
2024-06-05;163,62;Geprueft
2024-06-06;163,52;Geprueft
2024-06-07;163,37;Geprueft
2024-06-08;163,24;Geprueft
2024-06-09;163,15;Geprueft
2024-06-10;163,08;Geprueft
2024-06-11;163,02;Geprueft
2024-06-12;162,96;Geprueft
2024-06-13;162,90;Geprueft
2024-06-14;162,86;Geprueft
2024-06-15;162,82;Geprueft
2024-06-16;162,79;Geprueft
2024-06-17;162,74;Geprueft
2024-06-18;162,70;Geprueft
2024-06-19;162,64;Geprueft
2024-06-20;162,59;Geprueft
2024-06-21;162,55;Geprueft
2024-06-22;162,51;Geprueft
2024-06-23;162,47;Geprueft
2024-06-24;162,42;Geprueft
2024-06-25;162,38;Geprueft
2024-06-26;162,35;Geprueft
2024-06-27;162,32;Geprueft
2024-06-28;162,30;Geprueft
2024-06-29;162,29;Geprueft
2024-06-30;162,27;Geprueft
2024-07-01;162,36;Geprueft
2024-07-02;162,47;Geprueft
2024-07-03;162,54;Geprueft
2024-07-04;162,57;Geprueft
2024-07-05;162,59;Geprueft
2024-07-06;162,59;Geprueft
2024-07-07;162,57;Geprueft
2024-07-08;162,54;Geprueft
2024-07-09;162,49;Geprueft
2024-07-10;162,44;Geprueft
2024-07-11;162,40;Geprueft
2024-07-12;162,40;Geprueft
2024-07-13;162,43;Geprueft
2024-07-14;162,43;Geprueft
2024-07-15;162,40;Geprueft
2024-07-16;162,39;Geprueft
2024-07-17;162,37;Geprueft
2024-07-18;162,33;Geprueft
2024-07-19;162,29;Geprueft
2024-07-20;162,27;Geprueft
2024-07-21;162,25;Geprueft
2024-07-22;162,23;Geprueft
2024-07-23;162,20;Geprueft
2024-07-24;162,17;Geprueft
2024-07-25;162,14;Geprueft
2024-07-26;162,12;Geprueft
2024-07-27;162,14;Geprueft
2024-07-28;162,20;Geprueft
2024-07-29;162,21;Geprueft
2024-07-30;162,21;Geprueft
2024-07-31;162,20;Geprueft
2024-08-01;162,19;Geprueft
2024-08-02;162,19;Geprueft
2024-08-03;162,18;Geprueft
2024-08-04;162,17;Geprueft
2024-08-05;162,15;Geprueft
2024-08-06;162,12;Geprueft
2024-08-07;162,11;Geprueft
2024-08-08;162,13;Geprueft
2024-08-09;162,13;Geprueft
2024-08-10;162,12;Geprueft
2024-08-11;162,10;Geprueft
2024-08-12;162,08;Geprueft
2024-08-13;162,06;Geprueft
2024-08-14;162,09;Geprueft
2024-08-15;162,09;Geprueft
2024-08-16;162,07;Geprueft
2024-08-17;162,06;Geprueft
2024-08-18;162,06;Geprueft
2024-08-19;162,05;Geprueft
2024-08-20;162,03;Geprueft
2024-08-21;162,00;Geprueft
2024-08-22;161,97;Geprueft
2024-08-23;161,95;Geprueft
2024-08-24;161,91;Geprueft
2024-08-25;161,89;Geprueft
2024-08-26;161,86;Geprueft
2024-08-27;161,81;Geprueft
2024-08-28;161,78;Geprueft
2024-08-29;161,76;Geprueft
2024-08-30;161,75;Geprueft
2024-08-31;161,73;Geprueft
2024-09-01;161,72;Rohdaten
2024-09-02;161,71;Rohdaten
2024-09-03;161,70;Rohdaten
2024-09-04;161,60;Rohdaten
2024-09-05;161,50;Rohdaten
2024-09-06;161,49;Rohdaten
2024-09-07;161,51;Rohdaten
2024-09-08;161,52;Rohdaten
2024-09-09;161,53;Rohdaten
2024-09-10;161,46;Rohdaten
2024-09-11;161,46;Rohdaten
2024-09-12;161,47;Rohdaten
2024-09-13;161,47;Rohdaten
2024-09-14;161,47;Rohdaten
2024-09-15;161,46;Rohdaten
2024-09-16;161,46;Rohdaten
2024-09-17;161,46;Rohdaten
2024-09-18;161,45;Rohdaten
2024-09-19;161,46;Rohdaten
2024-09-20;161,45;Rohdaten
2024-09-21;161,45;Rohdaten
2024-09-22;161,45;Rohdaten
2024-09-23;161,46;Rohdaten
2024-09-24;161,46;Rohdaten
2024-09-25;161,47;Rohdaten
2024-09-26;161,50;Rohdaten
2024-09-27;161,54;Rohdaten
2024-09-28;161,56;Rohdaten
2024-09-29;161,55;Rohdaten
2024-09-30;161,53;Rohdaten
