﻿Quelle:;"Bayerisches Landesamt für Umwelt, www.gkd.bayern.de"
Datenbankabfrage:;"08.10.2024 21:51"
Zeitbezug:;MEZ
Messstellen-Name:;"ALZENAU-TRAFOST. 94AA"
Messstellen-Nr.:;4147
Ostwert:;503752;Nordwert:;5547449;"ETRS89 / UTM Zone 32N"

Datum;"Grundwasserstand [m ü. NN]";Prüfstatus
2024-01-01;109,17;Geprueft
2024-01-02;109,18;Geprueft
2024-01-03;109,18;Geprueft
2024-01-04;109,19;Geprueft
2024-01-05;109,19;Geprueft
2024-01-06;109,19;Geprueft
2024-01-07;109,19;Geprueft
2024-01-08;109,19;Geprueft
2024-01-09;109,20;Geprueft
2024-01-10;109,20;Geprueft
2024-01-11;109,20;Geprueft
2024-01-12;109,21;Geprueft
2024-01-13;109,22;Geprueft
2024-01-14;109,23;Geprueft
2024-01-15;109,24;Geprueft
2024-01-16;109,24;Geprueft
2024-01-17;109,26;Geprueft
2024-01-18;109,27;Geprueft
2024-01-19;109,27;Geprueft
2024-01-20;109,27;Geprueft
2024-01-21;109,27;Geprueft
2024-01-22;109,28;Geprueft
2024-01-23;109,28;Geprueft
2024-01-24;109,28;Geprueft
2024-01-25;109,28;Geprueft
2024-01-26;109,29;Geprueft
2024-01-27;109,29;Geprueft
2024-01-28;109,30;Geprueft
2024-01-29;109,31;Geprueft
2024-01-30;109,31;Geprueft
2024-01-31;109,32;Geprueft
2024-02-01;109,33;Geprueft
2024-02-02;109,33;Geprueft
2024-02-03;109,34;Geprueft
2024-02-04;109,34;Geprueft
2024-02-05;109,35;Geprueft
2024-02-06;109,35;Geprueft
2024-02-07;109,36;Geprueft
2024-02-08;109,37;Geprueft
2024-02-09;109,38;Geprueft
2024-02-10;109,39;Geprueft
2024-02-11;109,39;Geprueft
2024-02-12;109,39;Geprueft
2024-02-13;109,39;Geprueft
2024-02-14;109,39;Geprueft
2024-02-15;109,39;Geprueft
2024-02-16;109,40;Geprueft
2024-02-17;109,40;Geprueft
2024-02-18;109,40;Geprueft
2024-02-19;109,40;Geprueft
2024-02-20;109,41;Geprueft
2024-02-21;109,42;Geprueft
2024-02-22;109,44;Geprueft
2024-02-23;109,45;Geprueft
2024-02-24;109,45;Geprueft
2024-02-25;109,45;Geprueft
2024-02-26;109,45;Geprueft
2024-02-27;109,45;Geprueft
2024-02-28;109,45;Geprueft
2024-02-29;109,46;Geprueft
2024-03-01;109,47;Geprueft
2024-03-02;109,49;Geprueft
2024-03-03;109,49;Geprueft
2024-03-04;109,50;Geprueft
2024-03-05;109,50;Geprueft
2024-03-06;109,50;Geprueft
2024-03-07;109,51;Geprueft
2024-03-08;109,52;Geprueft
2024-03-09;109,53;Geprueft
2024-03-10;109,54;Geprueft
2024-03-11;109,54;Geprueft
2024-03-12;109,54;Geprueft
2024-03-13;109,54;Geprueft
2024-03-14;109,55;Geprueft
2024-03-15;109,56;Geprueft
2024-03-16;109,57;Geprueft
2024-03-17;109,57;Geprueft
2024-03-18;109,58;Geprueft
2024-03-19;109,58;Geprueft
2024-03-20;109,59;Geprueft
2024-03-21;109,59;Geprueft
2024-03-22;109,60;Geprueft
2024-03-23;109,61;Geprueft
2024-03-24;109,62;Geprueft
2024-03-25;109,62;Geprueft
2024-03-26;109,63;Geprueft
2024-03-27;109,65;Geprueft
2024-03-28;109,65;Geprueft
2024-03-29;109,65;Geprueft
2024-03-30;109,65;Geprueft
2024-03-31;109,65;Geprueft
2024-04-01;109,66;Geprueft
2024-04-02;109,66;Geprueft
2024-04-03;109,66;Geprueft
2024-04-04;109,66;Geprueft
2024-04-05;109,66;Geprueft
2024-04-06;109,66;Geprueft
2024-04-07;109,66;Geprueft
2024-04-08;109,67;Geprueft
2024-04-09;109,68;Geprueft
2024-04-10;109,67;Geprueft
2024-04-11;109,67;Geprueft
2024-04-12;109,67;Geprueft
2024-04-13;109,68;Geprueft
2024-04-14;109,68;Geprueft
2024-04-15;109,69;Geprueft
2024-04-16;109,70;Geprueft
2024-04-17;109,70;Geprueft
2024-04-18;109,70;Geprueft
2024-04-19;109,70;Geprueft
2024-04-20;109,70;Geprueft
2024-04-21;109,70;Geprueft
2024-04-22;109,70;Geprueft
2024-04-23;109,70;Geprueft
2024-04-24;109,71;Geprueft
2024-04-25;109,71;Geprueft
2024-04-26;109,71;Geprueft
2024-04-27;109,71;Geprueft
2024-04-28;109,71;Geprueft
2024-04-29;109,71;Geprueft
2024-04-30;109,71;Geprueft
2024-05-01;109,72;Rohdaten
2024-05-02;109,73;Rohdaten
2024-05-03;109,73;Rohdaten
2024-05-04;109,73;Rohdaten
2024-05-05;109,73;Rohdaten
2024-05-06;109,73;Rohdaten
2024-05-07;109,73;Rohdaten
2024-05-08;109,73;Rohdaten
2024-05-09;109,73;Rohdaten
2024-05-10;109,73;Rohdaten
2024-05-11;109,73;Rohdaten
2024-05-12;109,73;Rohdaten
2024-05-13;109,74;Rohdaten
2024-05-14;109,74;Rohdaten
2024-05-15;109,74;Rohdaten
2024-05-16;109,75;Rohdaten
2024-05-17;109,75;Rohdaten
2024-05-18;109,75;Rohdaten
2024-05-19;109,75;Rohdaten
2024-05-20;109,75;Rohdaten
2024-05-21;109,76;Rohdaten
2024-05-22;109,76;Rohdaten
2024-05-23;109,76;Rohdaten
2024-05-24;109,76;Rohdaten
2024-05-25;109,76;Rohdaten
2024-05-26;109,76;Rohdaten
2024-05-27;109,76;Rohdaten
2024-05-28;109,76;Rohdaten
2024-05-29;109,77;Rohdaten
2024-05-30;109,78;Rohdaten
2024-05-31;109,78;Rohdaten
2024-06-01;109,78;Rohdaten
2024-06-02;109,78;Rohdaten
2024-06-03;109,78;Rohdaten
2024-06-04;109,78;Rohdaten
2024-06-05;109,79;Rohdaten
2024-06-06;109,79;Rohdaten
2024-06-07;109,79;Rohdaten
2024-06-08;109,79;Rohdaten
2024-06-09;109,80;Rohdaten
2024-06-10;109,80;Rohdaten
2024-06-11;109,80;Rohdaten
2024-06-12;109,80;Rohdaten
2024-06-13;109,81;Rohdaten
2024-06-14;109,81;Rohdaten
2024-06-15;109,81;Rohdaten
2024-06-16;109,81;Rohdaten
2024-06-17;109,81;Rohdaten
2024-06-18;109,81;Rohdaten
2024-06-19;109,81;Rohdaten
2024-06-20;109,81;Rohdaten
2024-06-21;109,81;Rohdaten
2024-06-22;109,81;Rohdaten
2024-06-23;109,81;Rohdaten
2024-06-24;109,81;Rohdaten
2024-06-25;109,82;Rohdaten
2024-06-26;109,82;Rohdaten
2024-06-27;109,82;Rohdaten
2024-06-28;109,83;Rohdaten
2024-06-29;109,83;Rohdaten
2024-06-30;109,83;Rohdaten
2024-07-01;109,83;Rohdaten
