﻿Quelle:;"Bayerisches Landesamt für Umwelt, www.gkd.bayern.de"
Datenbankabfrage:;"08.10.2024 21:51"
Zeitbezug:;MEZ
Messstellen-Name:;"ALZENAU 227"
Messstellen-Nr.:;4154
Ostwert:;503384;Nordwert:;5550359;"ETRS89 / UTM Zone 32N"

Datum;"Grundwasserstand [m ü. NN]";Prüfstatus
2024-01-01;114,41;Geprueft
2024-01-02;114,45;Geprueft
2024-01-03;114,44;Geprueft
2024-01-04;114,38;Geprueft
2024-01-05;114,41;Geprueft
2024-01-06;114,38;Geprueft
2024-01-07;114,36;Geprueft
2024-01-08;114,36;Geprueft
2024-01-09;114,39;Geprueft
2024-01-10;114,41;Geprueft
2024-01-11;114,40;Geprueft
2024-01-12;114,41;Geprueft
2024-01-13;114,45;Geprueft
2024-01-14;114,47;Geprueft
2024-01-15;114,46;Geprueft
2024-01-16;114,40;Geprueft
2024-01-17;114,46;Geprueft
2024-01-18;114,41;Geprueft
2024-01-19;114,35;Geprueft
2024-01-20;114,37;Geprueft
2024-01-21;114,41;Geprueft
2024-01-22;114,46;Geprueft
2024-01-23;114,39;Geprueft
2024-01-24;114,42;Geprueft
2024-01-25;114,39;Geprueft
2024-01-26;114,42;Geprueft
2024-01-27;114,37;Geprueft
2024-01-28;114,42;Geprueft
2024-01-29;114,43;Geprueft
2024-01-30;114,42;Geprueft
2024-01-31;114,41;Geprueft
2024-02-01;114,42;Geprueft
2024-02-02;114,42;Geprueft
2024-02-03;114,43;Geprueft
2024-02-04;114,44;Geprueft
2024-02-05;114,43;Geprueft
2024-02-06;114,45;Geprueft
2024-02-07;114,47;Geprueft
2024-02-08;114,46;Geprueft
2024-02-09;114,47;Geprueft
2024-02-10;114,45;Geprueft
2024-02-11;114,40;Geprueft
2024-02-12;114,35;Geprueft
2024-02-13;114,34;Geprueft
2024-02-14;114,38;Geprueft
2024-02-15;114,42;Geprueft
2024-02-16;114,43;Geprueft
2024-02-17;114,36;Geprueft
2024-02-18;114,41;Geprueft
2024-02-19;114,43;Geprueft
2024-02-20;114,42;Geprueft
2024-02-21;114,47;Geprueft
2024-02-22;114,53;Geprueft
2024-02-23;114,46;Geprueft
2024-02-24;114,40;Geprueft
2024-02-25;114,41;Geprueft
2024-02-26;114,42;Geprueft
2024-02-27;114,37;Geprueft
2024-02-28;114,37;Geprueft
2024-02-29;114,44;Geprueft
2024-03-01;114,47;Geprueft
2024-03-02;114,46;Geprueft
2024-03-03;114,45;Geprueft
2024-03-04;114,39;Geprueft
2024-03-05;114,39;Geprueft
2024-03-06;114,38;Geprueft
2024-03-07;114,42;Geprueft
2024-03-08;114,47;Geprueft
2024-03-09;114,49;Geprueft
2024-03-10;114,49;Geprueft
2024-03-11;114,41;Geprueft
2024-03-12;114,38;Geprueft
2024-03-13;114,41;Geprueft
2024-03-14;114,44;Geprueft
2024-03-15;114,45;Geprueft
2024-03-16;114,41;Geprueft
2024-03-17;114,42;Geprueft
2024-03-18;114,46;Geprueft
2024-03-19;114,44;Geprueft
2024-03-20;114,45;Geprueft
2024-03-21;114,43;Geprueft
2024-03-22;114,47;Geprueft
2024-03-23;114,49;Geprueft
2024-03-24;114,48;Geprueft
2024-03-25;114,47;Geprueft
2024-03-26;114,51;Geprueft
2024-03-27;114,50;Geprueft
2024-03-28;114,45;Geprueft
2024-03-29;114,42;Geprueft
2024-03-30;114,44;Geprueft
2024-03-31;114,46;Geprueft
2024-04-01;114,45;Geprueft
2024-04-02;114,40;Geprueft
2024-04-03;114,44;Geprueft
2024-04-04;114,44;Geprueft
2024-04-05;114,44;Geprueft
2024-04-06;114,46;Geprueft
2024-04-07;114,46;Geprueft
2024-04-08;114,50;Geprueft
2024-04-09;114,45;Geprueft
2024-04-10;114,40;Geprueft
2024-04-11;114,42;Geprueft
2024-04-12;114,46;Geprueft
2024-04-13;114,50;Geprueft
2024-04-14;114,52;Geprueft
2024-04-15;114,54;Geprueft
2024-04-16;114,52;Geprueft
2024-04-17;114,47;Geprueft
2024-04-18;114,44;Geprueft
2024-04-19;114,50;Geprueft
2024-04-20;114,45;Geprueft
2024-04-21;114,46;Geprueft
2024-04-22;114,47;Geprueft
2024-04-23;114,51;Geprueft
2024-04-24;114,53;Geprueft
2024-04-25;114,52;Geprueft
2024-04-26;114,50;Geprueft
2024-04-27;114,49;Geprueft
2024-04-28;114,46;Geprueft
2024-04-29;114,45;Geprueft
2024-04-30;114,51;Geprueft
2024-05-01;114,55;Rohdaten
2024-05-02;114,54;Rohdaten
2024-05-03;114,45;Rohdaten
2024-05-04;114,48;Rohdaten
2024-05-05;114,51;Rohdaten
2024-05-06;114,52;Rohdaten
2024-05-07;114,47;Rohdaten
2024-05-08;114,45;Rohdaten
2024-05-09;114,49;Rohdaten
2024-05-10;114,52;Rohdaten
2024-05-11;114,52;Rohdaten
2024-05-12;114,54;Rohdaten
2024-05-13;114,55;Rohdaten
2024-05-14;114,55;Rohdaten
2024-05-15;114,54;Rohdaten
2024-05-16;114,53;Rohdaten
2024-05-17;114,52;Rohdaten
2024-05-18;114,50;Rohdaten
2024-05-19;114,51;Rohdaten
2024-05-20;114,52;Rohdaten
2024-05-21;114,54;Rohdaten
2024-05-22;114,51;Rohdaten
2024-05-23;114,50;Rohdaten
2024-05-24;114,51;Rohdaten
2024-05-25;114,52;Rohdaten
2024-05-26;114,53;Rohdaten
2024-05-27;114,53;Rohdaten
2024-05-28;114,52;Rohdaten
2024-05-29;114,56;Rohdaten
2024-05-30;114,58;Rohdaten
2024-05-31;114,53;Rohdaten
2024-06-01;114,52;Rohdaten
2024-06-02;114,51;Rohdaten
2024-06-03;114,53;Rohdaten
2024-06-04;114,57;Rohdaten
2024-06-05;114,56;Rohdaten
2024-06-06;114,54;Rohdaten
2024-06-07;114,54;Rohdaten
2024-06-08;114,58;Rohdaten
2024-06-09;114,58;Rohdaten
2024-06-10;114,57;Rohdaten
2024-06-11;114,52;Rohdaten
2024-06-12;114,53;Rohdaten
2024-06-13;114,56;Rohdaten
2024-06-14;114,59;Rohdaten
2024-06-15;114,59;Rohdaten
2024-06-16;114,56;Rohdaten
2024-06-17;114,55;Rohdaten
2024-06-18;114,57;Rohdaten
2024-06-19;114,55;Rohdaten
2024-06-20;114,56;Rohdaten
2024-06-21;114,60;Rohdaten
2024-06-22;114,57;Rohdaten
2024-06-23;114,55;Rohdaten
2024-06-24;114,57;Rohdaten
2024-06-25;114,60;Rohdaten
2024-06-26;114,61;Rohdaten
2024-06-27;114,60;Rohdaten
2024-06-28;114,56;Rohdaten
2024-06-29;114,60;Rohdaten
2024-06-30;114,60;Rohdaten
2024-07-01;114,57;Rohdaten
