﻿Quelle:;"Bayerisches Landesamt für Umwelt, www.gkd.bayern.de"
Datenbankabfrage:;"08.10.2024 21:51"
Zeitbezug:;MEZ
Messstellen-Name:;"GROSSWELZHEIM 1"
Messstellen-Nr.:;4155
Ostwert:;499099;Nordwert:;5543595;"ETRS89 / UTM Zone 32N"

Datum;"Grundwasserstand [m ü. NN]";Prüfstatus
2024-01-01;102,78;Rohdaten
2024-01-02;102,78;Rohdaten
2024-01-03;102,79;Rohdaten
2024-01-04;102,82;Rohdaten
2024-01-05;102,88;Rohdaten
2024-01-06;102,93;Rohdaten
2024-01-07;102,97;Rohdaten
2024-01-08;103,01;Rohdaten
2024-01-09;103,01;Rohdaten
2024-01-10;103,00;Rohdaten
2024-01-11;102,97;Rohdaten
2024-01-12;102,95;Rohdaten
2024-01-13;102,94;Rohdaten
2024-01-14;102,92;Rohdaten
2024-01-15;102,91;Rohdaten
2024-01-16;102,89;Rohdaten
2024-01-17;102,88;Rohdaten
2024-01-18;102,87;Rohdaten
2024-01-19;102,85;Rohdaten
2024-01-20;102,83;Rohdaten
2024-01-21;102,83;Rohdaten
2024-01-22;102,82;Rohdaten
2024-01-23;102,81;Rohdaten
2024-01-24;102,81;Rohdaten
2024-01-25;102,81;Rohdaten
2024-01-26;102,82;Rohdaten
2024-01-27;102,82;Rohdaten
2024-01-28;102,83;Rohdaten
2024-01-29;102,83;Rohdaten
2024-01-30;102,82;Rohdaten
2024-01-31;102,81;Rohdaten
2024-02-01;102,80;Rohdaten
2024-02-02;102,79;Rohdaten
2024-02-03;102,79;Rohdaten
2024-02-04;102,78;Rohdaten
2024-02-05;102,78;Rohdaten
2024-02-06;102,77;Rohdaten
2024-02-07;102,77;Rohdaten
2024-02-08;102,79;Rohdaten
2024-02-09;102,83;Rohdaten
2024-02-10;102,88;Rohdaten
2024-02-11;102,92;Rohdaten
2024-02-12;102,96;Rohdaten
2024-02-13;103,00;Rohdaten
2024-02-14;103,03;Rohdaten
2024-02-15;103,04;Rohdaten
2024-02-16;103,04;Rohdaten
2024-02-17;103,02;Rohdaten
2024-02-18;103,01;Rohdaten
2024-02-19;103,00;Rohdaten
2024-02-20;102,99;Rohdaten
2024-02-21;102,99;Rohdaten
2024-02-22;103,01;Rohdaten
2024-02-23;103,01;Rohdaten
2024-02-24;103,02;Rohdaten
2024-02-25;103,03;Rohdaten
2024-02-26;103,04;Rohdaten
2024-02-27;103,03;Rohdaten
2024-02-28;103,01;Rohdaten
2024-02-29;103,01;Rohdaten
2024-03-01;103,00;Rohdaten
2024-03-02;102,99;Rohdaten
2024-03-03;102,97;Rohdaten
2024-03-04;102,96;Rohdaten
2024-03-05;102,94;Rohdaten
2024-03-06;102,93;Rohdaten
2024-03-07;102,91;Rohdaten
2024-03-08;102,91;Rohdaten
2024-03-09;102,90;Rohdaten
2024-03-10;102,89;Rohdaten
2024-03-11;102,88;Rohdaten
2024-03-12;102,87;Rohdaten
2024-03-13;102,86;Rohdaten
2024-03-14;102,85;Rohdaten
2024-03-15;102,84;Rohdaten
2024-03-16;102,83;Rohdaten
2024-03-17;102,82;Rohdaten
2024-03-18;102,81;Rohdaten
2024-03-19;102,80;Rohdaten
2024-03-20;102,79;Rohdaten
2024-03-21;102,78;Rohdaten
2024-03-22;102,78;Rohdaten
2024-03-23;102,77;Rohdaten
2024-03-24;102,77;Rohdaten
2024-03-25;102,77;Rohdaten
2024-03-26;102,76;Rohdaten
2024-03-27;102,76;Rohdaten
2024-03-28;102,75;Rohdaten
2024-03-29;102,74;Rohdaten
2024-03-30;102,74;Rohdaten
2024-03-31;102,74;Rohdaten
2024-04-01;102,74;Rohdaten
2024-04-02;102,73;Rohdaten
2024-04-03;102,72;Rohdaten
2024-04-04;102,72;Rohdaten
2024-04-05;102,71;Rohdaten
2024-04-06;102,71;Rohdaten
2024-04-07;102,71;Rohdaten
2024-04-08;102,71;Rohdaten
2024-04-09;102,70;Rohdaten
2024-04-10;102,69;Rohdaten
2024-04-11;102,68;Rohdaten
2024-04-12;102,68;Rohdaten
2024-04-13;102,68;Rohdaten
2024-04-14;102,67;Rohdaten
2024-04-15;102,67;Rohdaten
2024-04-16;102,67;Rohdaten
2024-04-17;102,66;Rohdaten
2024-04-18;102,66;Rohdaten
2024-04-19;102,66;Rohdaten
2024-04-20;102,65;Rohdaten
2024-04-21;102,66;Rohdaten
2024-04-22;102,67;Rohdaten
2024-04-23;102,67;Rohdaten
2024-04-24;102,68;Rohdaten
2024-04-25;102,68;Rohdaten
2024-04-26;102,67;Rohdaten
2024-04-27;102,66;Rohdaten
2024-04-28;102,65;Rohdaten
2024-04-29;102,64;Rohdaten
2024-04-30;102,64;Rohdaten
2024-05-01;102,64;Rohdaten
2024-05-02;102,64;Rohdaten
2024-05-03;102,68;Rohdaten
2024-05-04;102,68;Rohdaten
2024-05-05;102,68;Rohdaten
2024-05-06;102,68;Rohdaten
2024-05-07;102,68;Rohdaten
2024-05-08;102,67;Rohdaten
2024-05-09;102,66;Rohdaten
2024-05-10;102,66;Rohdaten
2024-05-15;102,62;Rohdaten
