﻿Quelle:;"Bayerisches Landesamt für Umwelt, www.gkd.bayern.de"
Datenbankabfrage:;"08.10.2024 21:51"
Zeitbezug:;MEZ
Messstellen-Name:;"N.OESTL. KAHL A. MAIN 3"
Messstellen-Nr.:;4157
Ostwert:;501995;Nordwert:;5548940;"ETRS89 / UTM Zone 32N"

Datum;"Grundwasserstand [m ü. NN]";Prüfstatus
2024-01-01;110,69;Geprueft
2024-01-02;110,70;Geprueft
2024-01-03;110,70;Geprueft
2024-01-04;110,69;Geprueft
2024-01-05;110,70;Geprueft
2024-01-06;110,70;Geprueft
2024-01-07;110,70;Geprueft
2024-01-08;110,70;Geprueft
2024-01-09;110,70;Geprueft
2024-01-10;110,71;Geprueft
2024-01-11;110,71;Geprueft
2024-01-12;110,71;Geprueft
2024-01-13;110,72;Geprueft
2024-01-14;110,72;Geprueft
2024-01-15;110,73;Geprueft
2024-01-16;110,73;Geprueft
2024-01-17;110,74;Geprueft
2024-01-18;110,74;Geprueft
2024-01-19;110,73;Geprueft
2024-01-20;110,74;Geprueft
2024-01-21;110,74;Geprueft
2024-01-22;110,75;Geprueft
2024-01-23;110,75;Geprueft
2024-01-24;110,76;Geprueft
2024-01-25;110,76;Geprueft
2024-01-26;110,77;Geprueft
2024-01-27;110,77;Geprueft
2024-01-28;110,78;Geprueft
2024-01-29;110,78;Geprueft
2024-01-30;110,79;Geprueft
2024-01-31;110,79;Geprueft
2024-02-01;110,80;Geprueft
2024-02-02;110,80;Geprueft
2024-02-03;110,80;Geprueft
2024-02-04;110,81;Geprueft
2024-02-05;110,81;Geprueft
2024-02-06;110,82;Geprueft
2024-02-07;110,83;Geprueft
2024-02-08;110,83;Geprueft
2024-02-09;110,84;Geprueft
2024-02-10;110,84;Geprueft
2024-02-11;110,84;Geprueft
2024-02-12;110,85;Geprueft
2024-02-13;110,85;Geprueft
2024-02-14;110,85;Geprueft
2024-02-15;110,86;Geprueft
2024-02-16;110,86;Geprueft
2024-02-17;110,86;Geprueft
2024-02-18;110,87;Geprueft
2024-02-19;110,87;Geprueft
2024-02-20;110,88;Geprueft
2024-02-21;110,89;Geprueft
2024-02-22;110,90;Geprueft
2024-02-23;110,90;Geprueft
2024-02-24;110,90;Geprueft
2024-02-25;110,90;Geprueft
2024-02-26;110,91;Geprueft
2024-02-27;110,91;Geprueft
2024-02-28;110,91;Geprueft
2024-02-29;110,92;Geprueft
2024-03-01;110,93;Geprueft
2024-03-02;110,93;Geprueft
2024-03-03;110,94;Geprueft
2024-03-04;110,94;Geprueft
2024-03-05;110,94;Geprueft
2024-03-06;110,95;Geprueft
2024-03-07;110,95;Geprueft
2024-03-08;110,96;Geprueft
2024-03-09;110,97;Geprueft
2024-03-10;110,98;Geprueft
2024-03-11;110,98;Geprueft
2024-03-12;110,98;Geprueft
2024-03-13;110,99;Geprueft
2024-03-14;111,00;Geprueft
2024-03-15;111,01;Geprueft
2024-03-16;111,01;Geprueft
2024-03-17;111,02;Geprueft
2024-03-18;111,02;Geprueft
2024-03-19;111,03;Geprueft
2024-03-20;111,04;Geprueft
2024-03-21;111,04;Geprueft
2024-03-22;111,05;Geprueft
2024-03-23;111,06;Geprueft
2024-03-24;111,06;Geprueft
2024-03-25;111,07;Geprueft
2024-03-26;111,08;Geprueft
2024-03-27;111,09;Geprueft
2024-03-28;111,09;Geprueft
2024-03-29;111,10;Geprueft
2024-03-30;111,10;Geprueft
2024-03-31;111,11;Geprueft
2024-04-01;111,11;Geprueft
2024-04-02;111,11;Geprueft
2024-04-03;111,12;Geprueft
2024-04-04;111,13;Geprueft
2024-04-05;111,13;Geprueft
2024-04-06;111,13;Geprueft
2024-04-07;111,14;Geprueft
2024-04-08;111,15;Geprueft
2024-04-09;111,15;Geprueft
2024-04-10;111,15;Geprueft
2024-04-11;111,15;Geprueft
2024-04-12;111,16;Geprueft
2024-04-13;111,16;Geprueft
2024-04-14;111,17;Geprueft
2024-04-15;111,17;Geprueft
2024-04-16;111,18;Geprueft
2024-04-17;111,18;Geprueft
2024-04-18;111,18;Geprueft
2024-04-19;111,19;Geprueft
2024-04-20;111,19;Geprueft
2024-04-21;111,19;Geprueft
2024-04-22;111,19;Geprueft
2024-04-23;111,20;Geprueft
2024-04-24;111,20;Geprueft
2024-04-25;111,21;Geprueft
2024-04-26;111,21;Geprueft
2024-04-27;111,21;Geprueft
2024-04-28;111,21;Geprueft
2024-04-29;111,21;Geprueft
2024-04-30;111,22;Geprueft
2024-05-01;111,22;Geprueft
2024-05-02;111,22;Geprueft
2024-05-03;111,21;Geprueft
2024-05-04;111,22;Geprueft
2024-05-05;111,23;Geprueft
2024-05-06;111,23;Geprueft
2024-05-07;111,22;Geprueft
2024-05-08;111,22;Geprueft
2024-05-09;111,23;Geprueft
2024-05-10;111,23;Geprueft
2024-05-11;111,23;Geprueft
2024-05-12;111,24;Geprueft
2024-05-13;111,24;Geprueft
2024-05-14;111,24;Geprueft
2024-05-15;111,24;Geprueft
2024-05-16;111,24;Geprueft
2024-05-17;111,24;Geprueft
2024-05-18;111,24;Geprueft
2024-05-19;111,24;Geprueft
2024-05-20;111,25;Geprueft
2024-05-21;111,25;Geprueft
2024-05-22;111,25;Geprueft
2024-05-23;111,25;Geprueft
2024-05-24;111,25;Geprueft
2024-05-25;111,25;Geprueft
2024-05-26;111,25;Geprueft
2024-05-27;111,25;Geprueft
2024-05-28;111,25;Geprueft
2024-05-29;111,26;Geprueft
2024-05-30;111,26;Geprueft
2024-05-31;111,26;Geprueft
2024-06-01;111,26;Geprueft
2024-06-02;111,26;Geprueft
2024-06-03;111,26;Geprueft
2024-06-04;111,26;Geprueft
2024-06-05;111,26;Geprueft
2024-06-06;111,26;Geprueft
2024-06-07;111,27;Geprueft
2024-06-08;111,27;Geprueft
2024-06-09;111,27;Geprueft
2024-06-10;111,27;Geprueft
2024-06-11;111,27;Geprueft
2024-06-12;111,27;Geprueft
2024-06-13;111,27;Geprueft
2024-06-14;111,28;Geprueft
2024-06-15;111,28;Geprueft
2024-06-16;111,28;Geprueft
2024-06-17;111,28;Geprueft
2024-06-18;111,28;Geprueft
2024-06-19;111,28;Geprueft
2024-06-20;111,28;Geprueft
2024-06-21;111,28;Geprueft
2024-06-22;111,28;Geprueft
2024-06-23;111,28;Geprueft
2024-06-24;111,28;Geprueft
2024-06-25;111,29;Geprueft
2024-06-26;111,29;Geprueft
2024-06-27;111,29;Geprueft
2024-06-28;111,29;Geprueft
2024-06-29;111,29;Geprueft
2024-06-30;111,29;Geprueft
2024-07-01;111,29;Geprueft
2024-07-02;111,30;Geprueft
2024-07-03;111,31;Geprueft
2024-07-04;111,31;Geprueft
2024-07-05;111,31;Geprueft
2024-07-06;111,31;Geprueft
2024-07-07;111,30;Geprueft
2024-07-08;111,30;Geprueft
2024-07-09;111,31;Geprueft
2024-07-10;111,31;Geprueft
2024-07-11;111,31;Geprueft
2024-07-12;111,32;Geprueft
2024-07-13;111,31;Geprueft
2024-07-14;111,31;Geprueft
2024-07-15;111,32;Geprueft
2024-07-16;111,31;Geprueft
2024-07-17;111,31;Geprueft
2024-07-18;111,31;Geprueft
2024-07-19;111,32;Geprueft
2024-07-20;111,32;Geprueft
2024-07-21;111,32;Geprueft
2024-07-22;111,31;Geprueft
2024-07-23;111,31;Geprueft
2024-07-24;111,31;Geprueft
2024-07-25;111,32;Geprueft
2024-07-26;111,32;Geprueft
2024-07-27;111,32;Geprueft
2024-07-28;111,31;Geprueft
2024-07-29;111,31;Geprueft
2024-07-30;111,32;Geprueft
2024-07-31;111,32;Geprueft
2024-08-01;111,32;Geprueft
2024-08-02;111,32;Geprueft
2024-08-03;111,32;Geprueft
2024-08-04;111,32;Geprueft
2024-08-05;111,32;Geprueft
2024-08-06;111,32;Geprueft
2024-08-07;111,32;Geprueft
2024-08-08;111,32;Geprueft
2024-08-09;111,32;Geprueft
2024-08-10;111,32;Geprueft
2024-08-11;111,32;Geprueft
2024-08-12;111,32;Geprueft
2024-08-13;111,33;Geprueft
2024-08-14;111,32;Geprueft
2024-08-15;111,32;Geprueft
2024-08-16;111,32;Geprueft
2024-08-17;111,32;Geprueft
2024-08-18;111,33;Geprueft
2024-08-19;111,32;Geprueft
2024-08-20;111,32;Geprueft
2024-08-21;111,32;Geprueft
2024-08-22;111,32;Geprueft
2024-08-23;111,32;Geprueft
2024-08-24;111,32;Geprueft
2024-08-25;111,31;Geprueft
2024-08-26;111,31;Geprueft
2024-08-27;111,31;Geprueft
2024-08-28;111,32;Geprueft
2024-08-29;111,32;Geprueft
2024-08-30;111,31;Geprueft
2024-08-31;111,31;Geprueft
2024-09-01;111,32;Rohdaten
2024-09-02;111,32;Rohdaten
2024-09-03;111,31;Rohdaten
2024-09-04;111,31;Rohdaten
2024-09-05;111,32;Rohdaten
2024-09-06;111,31;Rohdaten
2024-09-07;111,31;Rohdaten
2024-09-08;111,31;Rohdaten
2024-09-09;111,31;Rohdaten
2024-09-10;111,30;Rohdaten
2024-09-11;111,31;Rohdaten
2024-09-12;111,30;Rohdaten
2024-09-13;111,29;Rohdaten
2024-09-14;111,28;Rohdaten
2024-09-15;111,28;Rohdaten
2024-09-16;111,29;Rohdaten
2024-09-17;111,28;Rohdaten
2024-09-18;111,28;Rohdaten
2024-09-19;111,28;Rohdaten
2024-09-20;111,28;Rohdaten
2024-09-21;111,28;Rohdaten
2024-09-22;111,28;Rohdaten
2024-09-23;111,28;Rohdaten
2024-09-24;111,28;Rohdaten
2024-09-25;111,28;Rohdaten
2024-09-26;111,29;Rohdaten
2024-09-27;111,28;Rohdaten
2024-09-28;111,26;Rohdaten
2024-09-29;111,25;Rohdaten
2024-09-30;111,27;Rohdaten
