﻿Quelle:;"Bayerisches Landesamt für Umwelt, www.gkd.bayern.de"
Datenbankabfrage:;"08.10.2024 21:51"
Zeitbezug:;MEZ
Messstellen-Name:;"KLEINOSTHEIM 13"
Messstellen-Nr.:;4164
Ostwert:;504753;Nordwert:;5539273;"ETRS89 / UTM Zone 32N"

Datum;"Grundwasserstand [m ü. NN]";Prüfstatus
2024-01-01;109,87;Geprueft
2024-01-02;109,90;Geprueft
2024-01-03;110,03;Geprueft
2024-01-04;110,16;Geprueft
2024-01-05;110,24;Geprueft
2024-01-06;110,20;Geprueft
2024-01-07;110,17;Geprueft
2024-01-08;110,13;Geprueft
2024-01-09;110,11;Geprueft
2024-01-10;110,10;Geprueft
2024-01-11;110,07;Geprueft
2024-01-12;110,04;Geprueft
2024-01-13;110,04;Geprueft
2024-01-14;110,04;Geprueft
2024-01-15;110,02;Geprueft
2024-01-16;109,99;Geprueft
2024-01-17;110,01;Geprueft
2024-01-18;110,01;Geprueft
2024-01-19;109,98;Geprueft
2024-01-20;109,97;Geprueft
2024-01-21;109,97;Geprueft
2024-01-22;110,00;Geprueft
2024-01-23;109,99;Geprueft
2024-01-24;110,01;Geprueft
2024-01-25;110,01;Geprueft
2024-01-26;110,01;Geprueft
2024-01-27;110,00;Geprueft
2024-01-28;110,01;Geprueft
2024-01-29;110,01;Geprueft
2024-01-30;110,00;Geprueft
2024-01-31;109,98;Geprueft
2024-02-01;109,98;Geprueft
2024-02-02;109,97;Geprueft
2024-02-03;109,97;Geprueft
2024-02-04;109,97;Geprueft
2024-02-05;109,96;Geprueft
2024-02-06;109,96;Geprueft
2024-02-07;109,98;Geprueft
2024-02-08;110,14;Geprueft
2024-02-09;110,26;Geprueft
2024-02-10;110,29;Geprueft
2024-02-11;110,28;Geprueft
2024-02-12;110,24;Geprueft
2024-02-13;110,21;Geprueft
2024-02-14;110,20;Geprueft
2024-02-15;110,19;Geprueft
2024-02-16;110,17;Geprueft
2024-02-17;110,13;Geprueft
2024-02-18;110,13;Geprueft
2024-02-19;110,13;Geprueft
2024-02-20;110,12;Geprueft
2024-02-21;110,13;Geprueft
2024-02-22;110,22;Geprueft
2024-02-23;110,31;Geprueft
2024-02-24;110,30;Geprueft
2024-02-25;110,29;Geprueft
2024-02-26;110,27;Geprueft
2024-02-27;110,23;Geprueft
2024-02-28;110,20;Geprueft
2024-02-29;110,21;Geprueft
2024-03-01;110,20;Geprueft
2024-03-02;110,18;Geprueft
2024-03-03;110,16;Geprueft
2024-03-04;110,12;Geprueft
2024-03-05;110,10;Geprueft
2024-03-06;110,08;Geprueft
2024-03-07;110,07;Geprueft
2024-03-08;110,07;Geprueft
2024-03-09;110,07;Geprueft
2024-03-10;110,06;Geprueft
2024-03-11;110,03;Geprueft
2024-03-12;110,00;Geprueft
2024-03-13;110,00;Geprueft
2024-03-14;110,01;Geprueft
2024-03-15;110,00;Geprueft
2024-03-16;109,98;Geprueft
2024-03-17;109,97;Geprueft
2024-03-18;109,98;Geprueft
2024-03-19;109,97;Geprueft
2024-03-20;109,97;Geprueft
2024-03-21;109,95;Geprueft
2024-03-22;109,95;Geprueft
2024-03-23;109,96;Geprueft
2024-03-24;109,96;Geprueft
2024-03-25;109,97;Geprueft
2024-03-26;109,99;Geprueft
2024-03-27;109,98;Geprueft
2024-03-28;109,95;Geprueft
2024-03-29;109,94;Geprueft
2024-03-30;109,95;Geprueft
2024-03-31;109,95;Geprueft
2024-04-01;109,95;Geprueft
2024-04-02;109,93;Geprueft
2024-04-03;109,94;Geprueft
2024-04-04;109,93;Geprueft
2024-04-05;109,91;Geprueft
2024-04-06;109,89;Geprueft
2024-04-07;109,89;Geprueft
2024-04-08;109,90;Geprueft
2024-04-09;109,87;Geprueft
2024-04-10;109,84;Geprueft
2024-04-11;109,84;Geprueft
2024-04-12;109,84;Geprueft
2024-04-13;109,84;Geprueft
2024-04-14;109,85;Geprueft
2024-04-15;109,86;Geprueft
2024-04-16;109,84;Geprueft
2024-04-17;109,83;Geprueft
2024-04-18;109,81;Geprueft
2024-04-19;109,83;Geprueft
2024-04-20;109,82;Geprueft
2024-04-21;109,84;Geprueft
2024-04-22;109,86;Geprueft
2024-04-23;109,86;Geprueft
2024-04-24;109,87;Geprueft
2024-04-25;109,86;Geprueft
2024-04-26;109,85;Geprueft
2024-04-27;109,83;Geprueft
2024-04-28;109,81;Geprueft
2024-04-29;109,79;Rohdaten
2024-04-30;109,80;Rohdaten
2024-05-01;109,81;Rohdaten
2024-05-02;109,81;Rohdaten
2024-05-03;109,86;Rohdaten
2024-05-04;109,89;Rohdaten
2024-05-05;109,92;Rohdaten
2024-05-06;109,99;Rohdaten
2024-05-07;110,05;Rohdaten
2024-05-08;110,03;Rohdaten
2024-05-09;110,02;Rohdaten
2024-05-10;110,00;Rohdaten
2024-05-11;109,98;Rohdaten
2024-05-12;109,96;Rohdaten
2024-05-13;109,94;Rohdaten
2024-05-14;109,93;Rohdaten
2024-05-15;109,90;Rohdaten
2024-05-16;109,88;Rohdaten
2024-05-17;109,87;Rohdaten
2024-05-18;109,84;Rohdaten
2024-05-19;109,84;Rohdaten
2024-05-20;109,85;Rohdaten
2024-05-21;109,85;Rohdaten
2024-05-22;109,82;Rohdaten
2024-05-23;109,80;Rohdaten
2024-05-24;109,86;Rohdaten
2024-05-25;109,91;Rohdaten
2024-05-26;109,91;Rohdaten
2024-05-27;109,89;Rohdaten
2024-05-28;109,86;Rohdaten
2024-05-29;109,87;Rohdaten
2024-05-30;109,97;Rohdaten
2024-05-31;110,15;Rohdaten
2024-06-01;110,14;Rohdaten
2024-06-02;110,28;Rohdaten
2024-06-03;110,29;Rohdaten
2024-06-04;110,24;Rohdaten
2024-06-05;110,19;Rohdaten
2024-06-06;110,15;Rohdaten
2024-06-07;110,11;Rohdaten
2024-06-08;110,09;Rohdaten
2024-06-09;110,06;Rohdaten
2024-06-10;110,02;Rohdaten
2024-06-11;109,98;Rohdaten
2024-06-12;109,95;Rohdaten
2024-06-13;109,94;Rohdaten
2024-06-14;109,94;Rohdaten
2024-06-15;109,92;Rohdaten
2024-06-16;109,89;Rohdaten
2024-06-17;109,87;Rohdaten
2024-06-18;109,86;Rohdaten
2024-06-19;109,84;Rohdaten
2024-06-20;109,84;Rohdaten
2024-06-21;109,88;Rohdaten
2024-06-22;109,94;Rohdaten
2024-06-23;109,91;Rohdaten
2024-06-24;109,89;Rohdaten
2024-06-25;109,88;Rohdaten
2024-06-26;109,86;Rohdaten
2024-06-27;109,84;Rohdaten
2024-06-28;109,84;Rohdaten
2024-06-29;109,85;Rohdaten
2024-06-30;109,85;Rohdaten
2024-07-01;109,88;Rohdaten
