﻿Quelle:;"Bayerisches Landesamt für Umwelt, www.gkd.bayern.de"
Datenbankabfrage:;"08.10.2024 21:51"
Zeitbezug:;MEZ
Messstellen-Name:;"GROSSOSTHEIM BRAUEREI"
Messstellen-Nr.:;4165
Ostwert:;505346;Nordwert:;5530057;"ETRS89 / UTM Zone 32N"

Datum;"Grundwasserstand [m ü. NN]";Prüfstatus
2024-01-01;114,67;Geprueft
2024-01-02;114,68;Geprueft
2024-01-03;114,67;Geprueft
2024-01-04;114,66;Geprueft
2024-01-05;114,67;Geprueft
2024-01-06;114,67;Geprueft
2024-01-07;114,67;Geprueft
2024-01-08;114,67;Geprueft
2024-01-09;114,67;Geprueft
2024-01-10;114,67;Geprueft
2024-01-11;114,67;Geprueft
2024-01-12;114,67;Geprueft
2024-01-13;114,69;Geprueft
2024-01-14;114,70;Geprueft
2024-01-15;114,69;Geprueft
2024-01-16;114,69;Geprueft
2024-01-17;114,70;Geprueft
2024-01-18;114,67;Geprueft
2024-01-19;114,67;Geprueft
2024-01-20;114,68;Geprueft
2024-01-21;114,69;Geprueft
2024-01-22;114,70;Geprueft
2024-01-23;114,68;Geprueft
2024-01-24;114,68;Geprueft
2024-01-25;114,69;Geprueft
2024-01-26;114,69;Geprueft
2024-01-27;114,69;Geprueft
2024-01-28;114,71;Geprueft
2024-01-29;114,70;Geprueft
2024-01-30;114,69;Geprueft
2024-01-31;114,69;Geprueft
2024-02-01;114,70;Geprueft
2024-02-02;114,70;Geprueft
2024-02-03;114,71;Geprueft
2024-02-04;114,71;Geprueft
2024-02-05;114,71;Geprueft
2024-02-06;114,71;Geprueft
2024-02-07;114,71;Geprueft
2024-02-08;114,72;Geprueft
2024-02-09;114,72;Geprueft
2024-02-10;114,73;Geprueft
2024-02-11;114,72;Geprueft
2024-02-12;114,72;Geprueft
2024-02-13;114,72;Geprueft
2024-02-14;114,73;Geprueft
2024-02-15;114,73;Geprueft
2024-02-16;114,73;Geprueft
2024-02-17;114,72;Geprueft
2024-02-18;114,74;Geprueft
2024-02-19;114,74;Geprueft
2024-02-20;114,73;Geprueft
2024-02-21;114,74;Geprueft
2024-02-22;114,75;Geprueft
2024-02-23;114,74;Geprueft
2024-02-24;114,74;Geprueft
2024-02-25;114,75;Geprueft
2024-02-26;114,75;Geprueft
2024-02-27;114,74;Geprueft
2024-02-28;114,75;Geprueft
2024-02-29;114,76;Geprueft
2024-03-01;114,76;Geprueft
2024-03-02;114,76;Geprueft
2024-03-03;114,77;Geprueft
2024-03-04;114,75;Geprueft
2024-03-05;114,75;Geprueft
2024-03-06;114,75;Geprueft
2024-03-07;114,76;Geprueft
2024-03-08;114,77;Geprueft
2024-03-09;114,78;Geprueft
2024-03-10;114,78;Geprueft
2024-03-11;114,77;Geprueft
2024-03-12;114,76;Geprueft
2024-03-13;114,77;Geprueft
2024-03-14;114,77;Geprueft
2024-03-15;114,77;Geprueft
2024-03-16;114,77;Geprueft
2024-03-17;114,78;Geprueft
2024-03-18;114,78;Geprueft
2024-03-19;114,78;Geprueft
2024-03-20;114,78;Geprueft
2024-03-21;114,78;Geprueft
2024-03-22;114,80;Geprueft
2024-03-23;114,80;Geprueft
2024-03-24;114,80;Rohdaten
2024-03-25;114,80;Rohdaten
2024-03-26;114,81;Rohdaten
2024-03-27;114,80;Rohdaten
2024-03-28;114,80;Rohdaten
2024-03-29;114,80;Rohdaten
2024-03-30;114,81;Rohdaten
2024-03-31;114,81;Rohdaten
2024-04-01;114,81;Rohdaten
2024-04-02;114,81;Rohdaten
2024-04-03;114,82;Rohdaten
2024-04-04;114,82;Rohdaten
2024-04-05;114,82;Rohdaten
2024-04-06;114,83;Rohdaten
2024-04-07;114,83;Rohdaten
2024-04-08;114,83;Rohdaten
2024-04-09;114,81;Rohdaten
2024-04-10;114,81;Rohdaten
2024-04-11;114,81;Rohdaten
2024-04-12;114,82;Rohdaten
2024-04-13;114,83;Rohdaten
2024-04-14;114,84;Rohdaten
2024-04-15;114,84;Rohdaten
2024-04-16;114,84;Rohdaten
2024-04-17;114,83;Rohdaten
2024-04-18;114,83;Rohdaten
2024-04-19;114,85;Rohdaten
2024-04-20;114,84;Rohdaten
2024-04-21;114,85;Rohdaten
2024-04-22;114,85;Rohdaten
2024-04-23;114,85;Rohdaten
2024-04-24;114,85;Rohdaten
2024-04-25;114,84;Rohdaten
2024-04-26;114,85;Rohdaten
2024-04-27;114,85;Rohdaten
2024-04-28;114,85;Rohdaten
2024-04-29;114,84;Rohdaten
2024-04-30;114,85;Rohdaten
2024-05-01;114,85;Rohdaten
2024-05-02;114,86;Rohdaten
2024-05-03;114,85;Rohdaten
2024-05-04;114,86;Rohdaten
2024-05-05;114,87;Rohdaten
2024-05-06;114,86;Rohdaten
2024-05-07;114,84;Rohdaten
2024-05-08;114,84;Rohdaten
2024-05-09;114,86;Rohdaten
2024-05-10;114,87;Rohdaten
2024-05-11;114,87;Rohdaten
2024-05-12;114,88;Rohdaten
2024-05-13;114,87;Rohdaten
2024-05-14;114,87;Rohdaten
2024-05-15;114,86;Rohdaten
2024-05-16;114,86;Rohdaten
2024-05-17;114,87;Rohdaten
2024-05-18;114,87;Rohdaten
2024-05-19;114,88;Rohdaten
2024-05-20;114,88;Rohdaten
2024-05-21;114,89;Rohdaten
2024-05-22;114,87;Rohdaten
2024-05-23;114,87;Rohdaten
2024-05-24;114,87;Rohdaten
2024-05-25;114,88;Rohdaten
2024-05-26;114,89;Rohdaten
2024-05-27;114,89;Rohdaten
2024-05-28;114,88;Rohdaten
2024-05-29;114,88;Rohdaten
2024-05-30;114,89;Rohdaten
2024-05-31;114,89;Rohdaten
2024-06-01;114,89;Rohdaten
2024-06-02;114,90;Rohdaten
2024-06-03;114,90;Rohdaten
2024-06-04;114,89;Rohdaten
2024-06-05;114,89;Rohdaten
2024-06-06;114,89;Rohdaten
2024-06-07;114,90;Rohdaten
2024-06-08;114,91;Rohdaten
2024-06-09;114,91;Rohdaten
2024-06-10;114,91;Rohdaten
2024-06-11;114,90;Rohdaten
2024-06-12;114,90;Rohdaten
2024-06-13;114,90;Rohdaten
2024-06-14;114,91;Rohdaten
2024-06-15;114,92;Rohdaten
2024-06-16;114,92;Rohdaten
2024-06-17;114,92;Rohdaten
2024-06-18;114,91;Rohdaten
2024-06-19;114,90;Rohdaten
2024-06-20;114,91;Rohdaten
2024-06-21;114,92;Rohdaten
2024-06-22;114,92;Rohdaten
2024-06-23;114,92;Rohdaten
2024-06-24;114,92;Rohdaten
2024-06-25;114,92;Rohdaten
2024-06-26;114,91;Rohdaten
2024-06-27;114,91;Rohdaten
