﻿Quelle:;"Bayerisches Landesamt für Umwelt, www.gkd.bayern.de"
Datenbankabfrage:;"08.10.2024 21:51"
Zeitbezug:;MEZ
Messstellen-Name:;"NIEDERNBERG FB"
Messstellen-Nr.:;4166
Ostwert:;508503;Nordwert:;5527774;"ETRS89 / UTM Zone 32N"

Datum;"Grundwasserstand [m ü. NN]";Prüfstatus
2024-01-01;113,73;Geprueft
2024-01-02;113,72;Geprueft
2024-01-03;113,73;Geprueft
2024-01-04;113,73;Geprueft
2024-01-05;113,73;Geprueft
2024-01-06;113,74;Geprueft
2024-01-07;113,74;Geprueft
2024-01-08;113,75;Geprueft
2024-01-09;113,75;Geprueft
2024-01-10;113,75;Geprueft
2024-01-11;113,76;Geprueft
2024-01-12;113,77;Geprueft
2024-01-13;113,77;Geprueft
2024-01-14;113,78;Geprueft
2024-01-15;113,79;Geprueft
2024-01-16;113,79;Geprueft
2024-01-17;113,80;Geprueft
2024-01-18;113,81;Geprueft
2024-01-19;113,82;Geprueft
2024-01-20;113,83;Geprueft
2024-01-21;113,83;Geprueft
2024-01-22;113,84;Geprueft
2024-01-23;113,85;Geprueft
2024-01-24;113,86;Geprueft
2024-01-25;113,87;Geprueft
2024-01-26;113,88;Geprueft
2024-01-27;113,88;Geprueft
2024-01-28;113,89;Geprueft
2024-01-29;113,90;Geprueft
2024-01-30;113,91;Geprueft
2024-01-31;113,91;Geprueft
2024-02-01;113,92;Geprueft
2024-02-02;113,92;Geprueft
2024-02-03;113,93;Geprueft
2024-02-04;113,93;Geprueft
2024-02-05;113,94;Geprueft
2024-02-06;113,94;Geprueft
2024-02-07;113,95;Geprueft
2024-02-08;113,95;Geprueft
2024-02-09;113,96;Geprueft
2024-02-10;113,96;Geprueft
2024-02-11;113,97;Geprueft
2024-02-12;113,97;Geprueft
2024-02-13;113,97;Geprueft
2024-02-14;113,97;Geprueft
2024-02-15;113,98;Geprueft
2024-02-16;113,98;Geprueft
2024-02-17;113,98;Geprueft
2024-02-18;113,99;Geprueft
2024-02-19;113,99;Geprueft
2024-02-20;113,99;Geprueft
2024-02-21;114,00;Geprueft
2024-02-22;114,00;Geprueft
2024-02-23;114,00;Geprueft
2024-02-24;114,01;Geprueft
2024-02-25;114,01;Geprueft
2024-02-26;114,01;Geprueft
2024-02-27;114,02;Geprueft
2024-02-28;114,02;Geprueft
2024-02-29;114,02;Geprueft
2024-03-01;114,03;Geprueft
2024-03-02;114,03;Geprueft
2024-03-03;114,04;Geprueft
2024-03-04;114,04;Geprueft
2024-03-05;114,05;Geprueft
2024-03-06;114,05;Geprueft
2024-03-07;114,06;Geprueft
2024-03-08;114,07;Geprueft
2024-03-09;114,07;Geprueft
2024-03-10;114,08;Geprueft
2024-03-11;114,09;Geprueft
2024-03-12;114,10;Geprueft
2024-03-13;114,11;Geprueft
2024-03-14;114,12;Geprueft
2024-03-15;114,12;Geprueft
2024-03-16;114,13;Geprueft
2024-03-17;114,13;Geprueft
2024-03-18;114,14;Geprueft
2024-03-19;114,15;Geprueft
2024-03-20;114,15;Geprueft
2024-03-21;114,16;Geprueft
2024-03-22;114,16;Geprueft
2024-03-23;114,17;Geprueft
2024-03-24;114,18;Geprueft
2024-03-25;114,18;Geprueft
2024-03-26;114,19;Geprueft
2024-03-27;114,19;Geprueft
2024-03-28;114,19;Geprueft
2024-03-29;114,20;Geprueft
2024-03-30;114,20;Geprueft
2024-03-31;114,20;Geprueft
2024-04-01;114,21;Geprueft
2024-04-02;114,21;Geprueft
2024-04-03;114,21;Geprueft
2024-04-04;114,21;Geprueft
2024-04-05;114,21;Geprueft
2024-04-06;114,22;Geprueft
2024-04-07;114,22;Geprueft
2024-04-08;114,22;Geprueft
2024-04-09;114,21;Geprueft
2024-04-10;114,20;Geprueft
2024-04-11;114,21;Geprueft
2024-04-12;114,21;Geprueft
2024-04-13;114,21;Geprueft
2024-04-14;114,21;Geprueft
2024-04-15;114,22;Geprueft
2024-04-16;114,22;Geprueft
2024-04-17;114,22;Geprueft
2024-04-18;114,21;Geprueft
2024-04-19;114,22;Geprueft
2024-04-20;114,21;Geprueft
2024-04-21;114,21;Geprueft
2024-04-22;114,22;Geprueft
2024-04-23;114,22;Geprueft
2024-04-24;114,22;Geprueft
2024-04-25;114,22;Geprueft
2024-04-26;114,22;Geprueft
2024-04-27;114,22;Geprueft
2024-04-28;114,22;Geprueft
2024-04-29;114,21;Geprueft
2024-04-30;114,22;Geprueft
2024-05-01;114,22;Geprueft
2024-05-02;114,22;Geprueft
2024-05-03;114,21;Geprueft
2024-05-04;114,21;Geprueft
2024-05-05;114,21;Geprueft
2024-05-06;114,21;Geprueft
2024-05-07;114,21;Geprueft
2024-05-08;114,21;Geprueft
2024-05-09;114,21;Geprueft
2024-05-10;114,21;Geprueft
2024-05-11;114,21;Geprueft
2024-05-12;114,22;Geprueft
2024-05-13;114,22;Geprueft
2024-05-14;114,22;Geprueft
2024-05-15;114,22;Geprueft
2024-05-16;114,21;Geprueft
2024-05-17;114,21;Geprueft
2024-05-18;114,21;Geprueft
2024-05-19;114,21;Geprueft
2024-05-20;114,21;Geprueft
2024-05-21;114,21;Geprueft
2024-05-22;114,20;Geprueft
2024-05-23;114,20;Geprueft
2024-05-24;114,20;Geprueft
2024-05-25;114,20;Geprueft
2024-05-26;114,20;Geprueft
2024-05-27;114,20;Geprueft
2024-05-28;114,20;Geprueft
2024-05-29;114,20;Geprueft
2024-05-30;114,21;Geprueft
2024-05-31;114,20;Geprueft
2024-06-01;114,20;Geprueft
2024-06-02;114,20;Geprueft
2024-06-03;114,21;Geprueft
2024-06-04;114,21;Geprueft
2024-06-05;114,21;Geprueft
2024-06-06;114,21;Geprueft
2024-06-07;114,21;Geprueft
2024-06-08;114,22;Geprueft
2024-06-09;114,22;Geprueft
2024-06-10;114,22;Geprueft
2024-06-11;114,22;Geprueft
2024-06-12;114,22;Geprueft
2024-06-13;114,22;Geprueft
2024-06-14;114,22;Geprueft
2024-06-15;114,22;Geprueft
2024-06-16;114,22;Geprueft
2024-06-17;114,22;Geprueft
2024-06-18;114,22;Geprueft
2024-06-19;114,22;Geprueft
2024-06-20;114,22;Geprueft
2024-06-21;114,22;Geprueft
2024-06-22;114,22;Geprueft
2024-06-23;114,22;Geprueft
2024-06-24;114,22;Geprueft
2024-06-25;114,22;Geprueft
2024-06-26;114,23;Geprueft
2024-06-27;114,23;Geprueft
2024-06-28;114,22;Geprueft
2024-06-29;114,23;Geprueft
2024-06-30;114,23;Geprueft
2024-07-01;114,23;Rohdaten
2024-07-02;114,23;Rohdaten
2024-07-03;114,23;Rohdaten
2024-07-04;114,23;Rohdaten
2024-07-05;114,23;Rohdaten
2024-07-06;114,23;Rohdaten
2024-07-07;114,23;Rohdaten
2024-07-08;114,23;Rohdaten
2024-07-09;114,23;Rohdaten
2024-07-10;114,23;Rohdaten
2024-07-11;114,23;Rohdaten
2024-07-12;114,23;Rohdaten
2024-07-13;114,23;Rohdaten
2024-07-14;114,23;Rohdaten
2024-07-15;114,24;Rohdaten
2024-07-16;114,23;Rohdaten
2024-07-17;114,23;Rohdaten
2024-07-18;114,23;Rohdaten
2024-07-19;114,23;Rohdaten
2024-07-20;114,23;Rohdaten
2024-07-21;114,23;Rohdaten
2024-07-22;114,23;Rohdaten
2024-07-23;114,23;Rohdaten
2024-07-24;114,23;Rohdaten
2024-07-25;114,23;Rohdaten
2024-07-26;114,23;Rohdaten
2024-07-27;114,22;Rohdaten
2024-07-28;114,22;Rohdaten
2024-07-29;114,22;Rohdaten
2024-07-30;114,22;Rohdaten
2024-07-31;114,23;Rohdaten
2024-08-01;114,23;Rohdaten
2024-08-02;114,23;Rohdaten
2024-08-03;114,23;Rohdaten
2024-08-04;114,23;Rohdaten
2024-08-05;114,23;Rohdaten
2024-08-06;114,23;Rohdaten
2024-08-07;114,23;Rohdaten
2024-08-08;114,23;Rohdaten
2024-08-09;114,22;Rohdaten
2024-08-10;114,22;Rohdaten
2024-08-11;114,22;Rohdaten
2024-08-12;114,22;Rohdaten
2024-08-13;114,22;Rohdaten
2024-08-14;114,22;Rohdaten
2024-08-15;114,21;Rohdaten
2024-08-16;114,21;Rohdaten
2024-08-17;114,21;Rohdaten
2024-08-18;114,21;Rohdaten
2024-08-19;114,20;Rohdaten
2024-08-20;114,20;Rohdaten
2024-08-21;114,20;Rohdaten
2024-08-22;114,20;Rohdaten
2024-08-23;114,20;Rohdaten
2024-08-24;114,19;Rohdaten
2024-08-25;114,19;Rohdaten
2024-08-26;114,18;Rohdaten
2024-08-27;114,18;Rohdaten
2024-08-28;114,18;Rohdaten
2024-08-29;114,18;Rohdaten
2024-08-30;114,18;Rohdaten
2024-08-31;114,17;Rohdaten
2024-09-01;114,17;Rohdaten
2024-09-02;114,17;Rohdaten
2024-09-03;114,17;Rohdaten
2024-09-04;114,17;Rohdaten
2024-09-05;114,17;Rohdaten
2024-09-06;114,16;Rohdaten
2024-09-07;114,16;Rohdaten
2024-09-08;114,16;Rohdaten
2024-09-09;114,16;Rohdaten
2024-09-10;114,16;Rohdaten
2024-09-11;114,16;Rohdaten
2024-09-12;114,15;Rohdaten
2024-09-13;114,15;Rohdaten
2024-09-14;114,15;Rohdaten
2024-09-15;114,15;Rohdaten
2024-09-16;114,14;Rohdaten
2024-09-17;114,14;Rohdaten
2024-09-18;114,14;Rohdaten
2024-09-19;114,14;Rohdaten
2024-09-20;114,14;Rohdaten
2024-09-21;114,14;Rohdaten
2024-09-22;114,14;Rohdaten
2024-09-23;114,14;Rohdaten
2024-09-24;114,13;Rohdaten
2024-09-25;114,13;Rohdaten
2024-09-26;114,13;Rohdaten
2024-09-27;114,13;Rohdaten
2024-09-28;114,13;Rohdaten
2024-09-29;114,12;Rohdaten
2024-09-30;114,12;Rohdaten
