﻿Quelle:;"Bayerisches Landesamt für Umwelt, www.gkd.bayern.de"
Datenbankabfrage:;"08.10.2024 21:51"
Zeitbezug:;MEZ
Messstellen-Name:;"Dammbach S 2"
Messstellen-Nr.:;4170
Ostwert:;523149;Nordwert:;5521910;"ETRS89 / UTM Zone 32N"

Datum;"Grundwasserstand [m ü. NN]";Prüfstatus
2024-01-01;266,57;Geprueft
2024-01-02;266,64;Geprueft
2024-01-03;266,65;Geprueft
2024-01-04;266,59;Geprueft
2024-01-05;266,61;Geprueft
2024-01-06;266,58;Geprueft
2024-01-07;266,53;Geprueft
2024-01-08;266,51;Geprueft
2024-01-09;266,53;Geprueft
2024-01-10;266,56;Geprueft
2024-01-11;266,56;Geprueft
2024-01-12;266,57;Geprueft
2024-01-13;266,64;Geprueft
2024-01-14;266,72;Geprueft
2024-01-15;266,73;Geprueft
2024-01-16;266,68;Geprueft
2024-01-17;266,80;Geprueft
2024-01-18;266,73;Geprueft
2024-01-19;266,57;Geprueft
2024-01-20;266,54;Geprueft
2024-01-21;266,60;Geprueft
2024-01-22;266,69;Geprueft
2024-01-23;266,62;Geprueft
2024-01-24;266,66;Geprueft
2024-01-25;266,62;Geprueft
2024-01-26;266,65;Geprueft
2024-01-27;266,59;Geprueft
2024-01-28;266,64;Geprueft
2024-01-29;266,66;Geprueft
2024-01-30;266,67;Geprueft
2024-01-31;266,66;Geprueft
2024-02-01;266,69;Geprueft
2024-02-02;266,68;Geprueft
2024-02-03;266,70;Geprueft
2024-02-04;266,72;Geprueft
2024-02-05;266,73;Geprueft
2024-02-06;266,76;Geprueft
2024-02-07;266,82;Geprueft
2024-02-08;266,84;Geprueft
2024-02-09;266,87;Geprueft
2024-02-10;266,87;Geprueft
2024-02-11;266,80;Geprueft
2024-02-12;266,71;Geprueft
2024-02-13;266,64;Geprueft
2024-02-14;266,66;Geprueft
2024-02-15;266,71;Geprueft
2024-02-16;266,73;Geprueft
2024-02-17;266,64;Geprueft
2024-02-18;266,69;Geprueft
2024-02-19;266,73;Geprueft
2024-02-20;266,73;Geprueft
2024-02-21;266,80;Geprueft
2024-02-22;266,95;Geprueft
2024-02-23;266,90;Geprueft
2024-02-24;266,83;Geprueft
2024-02-25;266,83;Geprueft
2024-02-26;266,84;Geprueft
2024-02-27;266,76;Geprueft
2024-02-28;266,73;Geprueft
2024-02-29;266,81;Geprueft
2024-03-01;266,85;Geprueft
2024-03-02;266,87;Geprueft
2024-03-03;266,89;Geprueft
2024-03-04;266,82;Geprueft
2024-03-05;266,79;Geprueft
2024-03-06;266,77;Geprueft
2024-03-07;266,79;Geprueft
2024-03-08;266,87;Geprueft
2024-03-09;266,93;Geprueft
2024-03-10;266,96;Geprueft
2024-03-11;266,87;Geprueft
2024-03-12;266,80;Geprueft
2024-03-13;266,81;Geprueft
2024-03-14;266,85;Geprueft
2024-03-15;266,87;Geprueft
2024-03-16;266,82;Geprueft
2024-03-17;266,81;Geprueft
2024-03-18;266,87;Geprueft
2024-03-19;266,85;Geprueft
2024-03-20;266,85;Geprueft
2024-03-21;266,84;Geprueft
2024-03-22;266,88;Geprueft
2024-03-23;266,93;Geprueft
2024-03-24;266,93;Geprueft
2024-03-25;266,92;Geprueft
2024-03-26;267,00;Geprueft
2024-03-27;267,02;Geprueft
2024-03-28;266,95;Geprueft
2024-03-29;266,91;Geprueft
2024-03-30;266,92;Geprueft
2024-03-31;266,92;Geprueft
2024-04-01;266,91;Geprueft
2024-04-02;266,84;Geprueft
2024-04-03;266,86;Geprueft
2024-04-04;266,86;Geprueft
2024-04-05;266,85;Geprueft
2024-04-06;266,85;Geprueft
2024-04-07;266,87;Geprueft
2024-04-08;266,91;Geprueft
2024-04-09;266,88;Geprueft
2024-04-10;266,78;Geprueft
2024-04-11;266,77;Geprueft
2024-04-12;266,82;Geprueft
2024-04-13;266,87;Geprueft
2024-04-14;266,92;Geprueft
2024-04-15;266,98;Geprueft
2024-04-16;266,98;Geprueft
2024-04-17;266,94;Geprueft
2024-04-18;266,88;Geprueft
2024-04-19;266,93;Geprueft
2024-04-20;266,88;Geprueft
2024-04-21;266,88;Geprueft
2024-04-22;266,87;Geprueft
2024-04-23;266,91;Geprueft
2024-04-24;266,97;Geprueft
2024-04-25;266,96;Geprueft
2024-04-26;266,95;Geprueft
2024-04-27;266,93;Geprueft
2024-04-28;266,90;Geprueft
2024-04-29;266,85;Geprueft
2024-04-30;266,91;Geprueft
2024-05-01;266,98;Geprueft
2024-05-02;267,00;Geprueft
2024-05-03;266,89;Geprueft
2024-05-04;266,90;Geprueft
2024-05-05;266,94;Geprueft
2024-05-06;266,95;Geprueft
2024-05-07;266,89;Geprueft
2024-05-08;266,84;Geprueft
2024-05-09;266,86;Geprueft
2024-05-10;266,90;Geprueft
2024-05-11;266,92;Geprueft
2024-05-12;266,94;Geprueft
2024-05-13;266,97;Geprueft
2024-05-14;266,99;Geprueft
2024-05-15;266,99;Geprueft
2024-05-16;266,99;Geprueft
2024-05-17;266,98;Geprueft
2024-05-18;266,94;Geprueft
2024-05-19;266,94;Geprueft
2024-05-20;266,94;Geprueft
2024-05-21;266,98;Geprueft
2024-05-22;266,94;Geprueft
2024-05-23;266,91;Geprueft
2024-05-24;266,91;Geprueft
2024-05-25;266,92;Geprueft
2024-05-26;266,93;Geprueft
2024-05-27;266,94;Geprueft
2024-05-28;266,93;Geprueft
2024-05-29;266,98;Geprueft
2024-05-30;267,02;Geprueft
2024-05-31;266,98;Geprueft
2024-06-01;266,95;Geprueft
2024-06-02;266,93;Geprueft
2024-06-03;266,94;Geprueft
2024-06-04;266,98;Geprueft
2024-06-05;266,97;Geprueft
2024-06-06;266,95;Geprueft
2024-06-07;266,96;Geprueft
2024-06-08;267,00;Geprueft
2024-06-09;267,02;Geprueft
2024-06-10;267,02;Geprueft
2024-06-11;266,96;Geprueft
2024-06-12;266,95;Geprueft
2024-06-13;266,97;Geprueft
2024-06-14;267,03;Geprueft
2024-06-15;267,04;Geprueft
2024-06-16;267,01;Geprueft
2024-06-17;267,00;Geprueft
2024-06-18;267,01;Geprueft
2024-06-19;266,99;Geprueft
2024-06-20;266,98;Geprueft
2024-06-21;267,03;Geprueft
2024-06-22;267,03;Geprueft
2024-06-23;267,00;Geprueft
2024-06-24;267,01;Geprueft
2024-06-25;267,06;Geprueft
2024-06-26;267,08;Geprueft
2024-06-27;267,08;Geprueft
2024-06-28;267,04;Geprueft
2024-06-29;267,08;Geprueft
2024-06-30;267,10;Geprueft
2024-07-01;267,06;Geprueft
2024-07-02;267,07;Geprueft
2024-07-03;267,10;Geprueft
2024-07-04;267,11;Geprueft
2024-07-05;267,09;Geprueft
2024-07-06;267,14;Geprueft
2024-07-07;267,08;Geprueft
2024-07-08;267,08;Geprueft
2024-07-09;267,11;Geprueft
2024-07-10;267,11;Geprueft
2024-07-11;267,11;Geprueft
2024-07-12;267,16;Rohdaten
2024-07-13;267,14;Rohdaten
2024-07-14;267,14;Rohdaten
2024-07-15;267,15;Rohdaten
2024-07-16;267,12;Rohdaten
2024-07-17;267,08;Rohdaten
2024-07-18;267,09;Rohdaten
2024-07-19;267,13;Rohdaten
2024-07-20;267,19;Rohdaten
2024-07-21;267,19;Rohdaten
2024-07-22;267,13;Rohdaten
2024-07-23;267,13;Rohdaten
2024-07-24;267,13;Rohdaten
2024-07-25;267,16;Rohdaten
2024-07-26;267,18;Rohdaten
2024-07-27;267,16;Rohdaten
2024-07-28;267,10;Rohdaten
2024-07-29;267,13;Rohdaten
2024-07-30;267,18;Rohdaten
2024-07-31;267,20;Rohdaten
2024-08-01;267,21;Rohdaten
2024-08-02;267,20;Rohdaten
2024-08-03;267,19;Rohdaten
2024-08-04;267,18;Rohdaten
2024-08-05;267,18;Rohdaten
2024-08-06;267,21;Rohdaten
2024-08-07;267,21;Rohdaten
2024-08-08;267,18;Rohdaten
2024-08-09;267,18;Rohdaten
2024-08-10;267,17;Rohdaten
2024-08-11;267,18;Rohdaten
2024-08-12;267,23;Rohdaten
2024-08-13;267,24;Rohdaten
2024-08-14;267,23;Rohdaten
2024-08-15;267,20;Rohdaten
2024-08-16;267,21;Rohdaten
2024-08-17;267,24;Rohdaten
2024-08-18;267,26;Rohdaten
2024-08-19;267,20;Rohdaten
2024-08-20;267,24;Rohdaten
2024-08-21;267,18;Rohdaten
2024-08-22;267,18;Rohdaten
2024-08-23;267,19;Rohdaten
2024-08-24;267,20;Rohdaten
2024-08-25;267,13;Rohdaten
2024-08-26;267,14;Rohdaten
2024-08-27;267,17;Rohdaten
2024-08-28;267,19;Rohdaten
2024-08-29;267,19;Rohdaten
2024-08-30;267,19;Rohdaten
2024-08-31;267,18;Rohdaten
2024-09-01;267,21;Rohdaten
2024-09-02;267,23;Rohdaten
2024-09-03;267,22;Rohdaten
2024-09-04;267,22;Rohdaten
2024-09-05;267,27;Rohdaten
2024-09-06;267,23;Rohdaten
2024-09-07;267,22;Rohdaten
2024-09-08;267,24;Rohdaten
2024-09-09;267,28;Rohdaten
2024-09-10;267,23;Rohdaten
2024-09-11;267,26;Rohdaten
2024-09-12;267,22;Rohdaten
2024-09-13;267,18;Rohdaten
2024-09-14;267,16;Rohdaten
2024-09-15;267,20;Rohdaten
2024-09-16;267,23;Rohdaten
2024-09-17;267,22;Rohdaten
2024-09-18;267,23;Rohdaten
2024-09-19;267,26;Rohdaten
2024-09-20;267,26;Rohdaten
2024-09-21;267,26;Rohdaten
2024-09-22;267,30;Rohdaten
2024-09-23;267,33;Rohdaten
2024-09-24;267,34;Rohdaten
2024-09-25;267,33;Rohdaten
2024-09-26;267,39;Rohdaten
2024-09-27;267,33;Rohdaten
2024-09-28;267,22;Rohdaten
2024-09-29;267,20;Rohdaten
2024-09-30;267,30;Rohdaten
