﻿Quelle:;"Bayerisches Landesamt für Umwelt, www.gkd.bayern.de"
Datenbankabfrage:;"08.10.2024 21:51"
Zeitbezug:;MEZ
Messstellen-Name:;"Mömlingen S 3"
Messstellen-Nr.:;4171
Ostwert:;506539;Nordwert:;5524053;"ETRS89 / UTM Zone 32N"

Datum;"Grundwasserstand [m ü. NN]";Prüfstatus
2024-01-01;150,13;Geprueft
2024-01-02;150,28;Geprueft
2024-01-03;150,37;Geprueft
2024-01-04;150,27;Geprueft
2024-01-05;150,32;Geprueft
2024-01-06;150,34;Geprueft
2024-01-07;150,29;Geprueft
2024-01-08;150,26;Geprueft
2024-01-09;150,32;Geprueft
2024-01-10;150,44;Geprueft
2024-01-11;150,50;Geprueft
2024-01-12;150,56;Geprueft
2024-01-13;150,74;Geprueft
2024-01-14;150,98;Geprueft
2024-01-15;151,14;Geprueft
2024-01-16;151,09;Geprueft
2024-01-17;151,37;Geprueft
2024-01-18;151,38;Geprueft
2024-01-19;151,06;Geprueft
2024-01-20;150,98;Geprueft
2024-01-21;151,13;Geprueft
2024-01-22;151,37;Geprueft
2024-01-23;151,32;Geprueft
2024-01-24;151,42;Geprueft
2024-01-25;151,40;Geprueft
2024-01-26;151,51;Geprueft
2024-01-27;151,44;Geprueft
2024-01-28;151,57;Geprueft
2024-01-29;151,66;Geprueft
2024-01-30;151,71;Geprueft
2024-01-31;151,74;Geprueft
2024-02-01;151,84;Geprueft
2024-02-02;151,87;Geprueft
2024-02-03;151,97;Geprueft
2024-02-04;152,07;Geprueft
2024-02-05;152,15;Geprueft
2024-02-06;152,26;Geprueft
2024-02-07;152,46;Geprueft
2024-02-08;152,59;Geprueft
2024-02-09;152,74;Geprueft
2024-02-10;152,83;Geprueft
2024-02-11;152,83;Geprueft
2024-02-12;152,71;Geprueft
2024-02-13;152,55;Geprueft
2024-02-14;152,61;Geprueft
2024-02-15;152,72;Geprueft
2024-02-16;152,84;Geprueft
2024-02-17;152,71;Geprueft
2024-02-18;152,78;Geprueft
2024-02-19;152,93;Geprueft
2024-02-20;152,97;Geprueft
2024-02-21;153,15;Geprueft
2024-02-22;153,54;Geprueft
2024-02-23;153,62;Geprueft
2024-02-24;153,58;Geprueft
2024-02-25;153,60;Geprueft
2024-02-26;153,71;Geprueft
2024-02-27;153,60;Geprueft
2024-02-28;153,55;Geprueft
2024-02-29;153,71;Geprueft
2024-03-01;153,91;Geprueft
2024-03-02;154,01;Geprueft
2024-03-03;154,12;Geprueft
2024-03-04;154,06;Geprueft
2024-03-05;154,03;Geprueft
2024-03-06;154,01;Geprueft
2024-03-07;154,05;Geprueft
2024-03-08;154,24;Geprueft
2024-03-09;154,43;Geprueft
2024-03-10;154,58;Geprueft
2024-03-11;154,52;Geprueft
2024-03-12;154,39;Geprueft
2024-03-13;154,40;Geprueft
2024-03-14;154,48;Geprueft
2024-03-15;154,57;Geprueft
2024-03-16;154,54;Geprueft
2024-03-17;154,49;Geprueft
2024-03-18;154,61;Geprueft
2024-03-19;154,63;Geprueft
2024-03-20;154,65;Geprueft
2024-03-21;154,65;Geprueft
2024-03-22;154,70;Geprueft
2024-03-23;154,87;Geprueft
2024-03-24;154,92;Geprueft
2024-03-25;154,95;Geprueft
2024-03-26;155,07;Geprueft
2024-03-27;155,25;Geprueft
2024-03-28;155,25;Geprueft
2024-03-29;155,16;Geprueft
2024-03-30;155,16;Geprueft
2024-03-31;155,17;Geprueft
2024-04-01;155,22;Geprueft
2024-04-02;155,10;Geprueft
2024-04-03;155,07;Geprueft
2024-04-04;155,08;Geprueft
2024-04-05;155,06;Geprueft
2024-04-06;155,05;Geprueft
2024-04-07;155,06;Geprueft
2024-04-08;155,13;Geprueft
2024-04-09;155,17;Geprueft
2024-04-10;155,02;Geprueft
2024-04-11;154,90;Geprueft
2024-04-12;154,89;Geprueft
2024-04-13;154,95;Geprueft
2024-04-14;155,07;Geprueft
2024-04-15;155,22;Geprueft
2024-04-16;155,34;Geprueft
2024-04-17;155,34;Geprueft
2024-04-18;155,26;Geprueft
2024-04-19;155,23;Geprueft
2024-04-20;155,23;Geprueft
2024-04-21;155,16;Geprueft
2024-04-22;155,11;Geprueft
2024-04-23;155,15;Geprueft
2024-04-24;155,26;Geprueft
2024-04-25;155,32;Geprueft
2024-04-26;155,34;Geprueft
2024-04-27;155,32;Geprueft
2024-04-28;155,29;Geprueft
2024-04-29;155,14;Geprueft
2024-04-30;155,15;Geprueft
2024-05-01;155,27;Geprueft
2024-05-02;155,38;Geprueft
2024-05-03;155,31;Geprueft
2024-05-04;155,16;Geprueft
2024-05-05;155,21;Geprueft
2024-05-06;155,23;Geprueft
2024-05-07;155,16;Geprueft
2024-05-08;155,02;Geprueft
2024-05-09;154,94;Geprueft
2024-05-10;154,96;Geprueft
2024-05-11;154,98;Geprueft
2024-05-12;155,01;Geprueft
2024-05-13;155,07;Geprueft
2024-05-14;155,14;Geprueft
2024-05-15;155,17;Geprueft
2024-05-16;155,17;Geprueft
2024-05-17;155,18;Geprueft
2024-05-18;155,10;Geprueft
2024-05-19;155,06;Geprueft
2024-05-20;155,04;Geprueft
2024-05-21;155,07;Geprueft
2024-05-22;155,05;Geprueft
2024-05-23;154,96;Geprueft
2024-05-24;154,90;Geprueft
2024-05-25;154,88;Geprueft
2024-05-26;154,87;Geprueft
2024-05-27;154,86;Geprueft
2024-05-28;154,83;Geprueft
2024-05-29;154,87;Geprueft
2024-05-30;154,97;Geprueft
2024-05-31;154,96;Geprueft
2024-06-01;154,89;Geprueft
2024-06-02;154,81;Geprueft
2024-06-03;154,78;Geprueft
2024-06-04;154,83;Geprueft
2024-06-05;154,90;Geprueft
2024-06-06;154,87;Geprueft
2024-06-07;154,86;Geprueft
2024-06-08;154,93;Geprueft
2024-06-09;155,00;Geprueft
2024-06-10;155,03;Geprueft
2024-06-11;154,98;Geprueft
2024-06-12;154,89;Geprueft
2024-06-13;154,88;Geprueft
2024-06-14;154,95;Geprueft
2024-06-15;155,02;Geprueft
2024-06-16;155,01;Geprueft
2024-06-17;154,98;Geprueft
2024-06-18;154,94;Geprueft
2024-06-19;154,94;Geprueft
2024-06-20;154,85;Geprueft
2024-06-21;154,90;Geprueft
2024-06-22;154,91;Geprueft
2024-06-23;154,85;Geprueft
2024-06-24;154,81;Geprueft
2024-06-25;154,85;Geprueft
2024-06-26;154,91;Geprueft
2024-06-27;154,92;Geprueft
2024-06-28;154,85;Geprueft
2024-06-29;154,82;Geprueft
2024-06-30;154,91;Geprueft
2024-07-01;154,82;Geprueft
2024-07-02;154,77;Geprueft
2024-07-03;154,82;Geprueft
2024-07-04;154,85;Geprueft
2024-07-05;154,81;Geprueft
2024-07-06;154,87;Geprueft
2024-07-07;154,79;Geprueft
2024-07-08;154,72;Geprueft
2024-07-09;154,74;Geprueft
2024-07-10;154,74;Geprueft
2024-07-11;154,71;Geprueft
2024-07-12;154,79;Geprueft
2024-07-13;154,75;Geprueft
2024-07-14;154,72;Geprueft
2024-07-15;154,73;Geprueft
2024-07-16;154,71;Geprueft
2024-07-17;154,60;Geprueft
2024-07-18;154,56;Geprueft
2024-07-19;154,60;Geprueft
2024-07-20;154,71;Geprueft
2024-07-21;154,75;Geprueft
2024-07-22;154,63;Geprueft
2024-07-23;154,58;Geprueft
2024-07-24;154,55;Geprueft
2024-07-25;154,59;Geprueft
2024-07-26;154,63;Geprueft
2024-07-27;154,60;Geprueft
2024-07-28;154,46;Geprueft
2024-07-29;154,42;Geprueft
2024-07-30;154,50;Geprueft
2024-07-31;154,55;Geprueft
2024-08-01;154,58;Geprueft
2024-08-02;154,57;Geprueft
2024-08-03;154,55;Geprueft
2024-08-04;154,51;Geprueft
2024-08-05;154,48;Geprueft
2024-08-06;154,51;Geprueft
2024-08-07;154,51;Geprueft
2024-08-08;154,43;Geprueft
2024-08-09;154,40;Geprueft
2024-08-10;154,35;Geprueft
2024-08-11;154,34;Geprueft
2024-08-12;154,43;Geprueft
2024-08-13;154,47;Geprueft
2024-08-14;154,44;Geprueft
2024-08-15;154,34;Geprueft
2024-08-16;154,33;Geprueft
2024-08-17;154,37;Geprueft
2024-08-18;154,41;Geprueft
2024-08-19;154,29;Geprueft
2024-08-20;154,33;Geprueft
2024-08-21;154,29;Rohdaten
2024-08-22;154,30;Rohdaten
2024-08-23;154,33;Rohdaten
2024-08-24;154,32;Rohdaten
2024-08-25;154,21;Rohdaten
2024-08-26;154,15;Rohdaten
2024-08-27;154,17;Rohdaten
2024-08-28;154,22;Rohdaten
2024-08-29;154,22;Rohdaten
2024-08-30;154,19;Rohdaten
2024-08-31;154,16;Rohdaten
2024-09-01;154,20;Rohdaten
2024-09-02;154,23;Rohdaten
2024-09-03;154,20;Rohdaten
2024-09-04;154,19;Rohdaten
2024-09-05;154,26;Rohdaten
2024-09-06;154,21;Rohdaten
2024-09-07;154,17;Rohdaten
2024-09-08;154,19;Rohdaten
2024-09-09;154,23;Rohdaten
2024-09-10;154,13;Rohdaten
2024-09-11;154,18;Rohdaten
2024-09-12;154,12;Rohdaten
2024-09-13;154,01;Rohdaten
2024-09-14;153,90;Rohdaten
2024-09-15;153,90;Rohdaten
2024-09-16;153,94;Rohdaten
2024-09-17;153,91;Rohdaten
2024-09-18;153,89;Rohdaten
2024-09-19;153,91;Rohdaten
2024-09-20;153,91;Rohdaten
2024-09-21;153,90;Rohdaten
2024-09-22;153,95;Rohdaten
2024-09-23;154,00;Rohdaten
2024-09-24;154,04;Rohdaten
2024-09-25;154,02;Rohdaten
2024-09-26;154,14;Rohdaten
2024-09-27;154,06;Rohdaten
2024-09-28;153,83;Rohdaten
2024-09-29;153,66;Rohdaten
2024-09-30;153,80;Rohdaten
