﻿Quelle:;"Bayerisches Landesamt für Umwelt, www.gkd.bayern.de"
Datenbankabfrage:;"08.10.2024 21:51"
Zeitbezug:;MEZ
Messstellen-Name:;"Weibersbrunn S 4"
Messstellen-Nr.:;4172
Ostwert:;528420;Nordwert:;5531409;"ETRS89 / UTM Zone 32N"

Datum;"Grundwasserstand [m ü. NN]";Prüfstatus
2024-01-01;296,21;Geprueft
2024-01-02;296,16;Geprueft
2024-01-03;296,33;Geprueft
2024-01-04;296,74;Geprueft
2024-01-05;297,09;Geprueft
2024-01-06;297,12;Geprueft
2024-01-07;296,97;Geprueft
2024-01-08;296,77;Geprueft
2024-01-09;296,57;Geprueft
2024-01-10;296,41;Geprueft
2024-01-11;296,29;Geprueft
2024-01-12;296,18;Geprueft
2024-01-13;296,12;Geprueft
2024-01-14;296,12;Geprueft
2024-01-15;296,11;Geprueft
2024-01-16;296,02;Geprueft
2024-01-17;296,01;Geprueft
2024-01-18;295,97;Geprueft
2024-01-19;295,81;Geprueft
2024-01-20;295,69;Geprueft
2024-01-21;295,65;Geprueft
2024-01-22;295,66;Geprueft
2024-01-23;295,63;Geprueft
2024-01-24;295,61;Geprueft
2024-01-25;295,58;Geprueft
2024-01-26;295,60;Geprueft
2024-01-27;295,61;Geprueft
2024-01-28;295,65;Geprueft
2024-01-29;295,71;Geprueft
2024-01-30;295,74;Geprueft
2024-01-31;295,75;Geprueft
2024-02-01;295,76;Geprueft
2024-02-02;295,75;Geprueft
2024-02-03;295,75;Geprueft
2024-02-04;295,76;Geprueft
2024-02-05;295,77;Geprueft
2024-02-06;295,78;Geprueft
2024-02-07;295,82;Geprueft
2024-02-08;295,86;Geprueft
2024-02-09;295,98;Geprueft
2024-02-10;296,23;Geprueft
2024-02-11;296,47;Geprueft
2024-02-12;296,51;Geprueft
2024-02-13;296,37;Geprueft
2024-02-14;296,27;Geprueft
2024-02-15;296,25;Geprueft
2024-02-16;296,25;Geprueft
2024-02-17;296,16;Geprueft
2024-02-18;296,09;Geprueft
2024-02-19;296,09;Geprueft
2024-02-20;296,07;Geprueft
2024-02-21;296,09;Geprueft
2024-02-22;296,22;Geprueft
2024-02-23;296,50;Geprueft
2024-02-24;296,78;Geprueft
2024-02-25;296,82;Geprueft
2024-02-26;296,80;Geprueft
2024-02-27;296,66;Geprueft
2024-02-28;296,44;Geprueft
2024-02-29;296,33;Geprueft
2024-03-01;296,31;Geprueft
2024-03-02;296,25;Geprueft
2024-03-03;296,19;Geprueft
2024-03-04;296,07;Geprueft
2024-03-05;295,96;Geprueft
2024-03-06;295,88;Geprueft
2024-03-07;295,83;Geprueft
2024-03-08;295,84;Geprueft
2024-03-09;295,86;Geprueft
2024-03-10;295,86;Geprueft
2024-03-11;295,81;Geprueft
2024-03-12;295,71;Geprueft
2024-03-13;295,65;Geprueft
2024-03-14;295,62;Geprueft
2024-03-15;295,61;Geprueft
2024-03-16;295,58;Geprueft
2024-03-17;295,53;Geprueft
2024-03-18;295,52;Geprueft
2024-03-19;295,49;Geprueft
2024-03-20;295,47;Geprueft
2024-03-21;295,44;Geprueft
2024-03-22;295,44;Geprueft
2024-03-23;295,46;Geprueft
2024-03-24;295,46;Geprueft
2024-03-25;295,45;Geprueft
2024-03-26;295,47;Geprueft
2024-03-27;295,50;Geprueft
2024-03-28;295,48;Geprueft
2024-03-29;295,42;Geprueft
2024-03-30;295,38;Geprueft
2024-03-31;295,37;Geprueft
2024-04-01;295,36;Geprueft
2024-04-02;295,32;Geprueft
2024-04-03;295,30;Geprueft
2024-04-04;295,29;Geprueft
2024-04-05;295,29;Geprueft
2024-04-06;295,29;Geprueft
2024-04-07;295,32;Geprueft
2024-04-08;295,38;Geprueft
2024-04-09;295,42;Geprueft
2024-04-10;295,38;Geprueft
2024-04-11;295,34;Geprueft
2024-04-12;295,35;Geprueft
2024-04-13;295,39;Geprueft
2024-04-14;295,45;Geprueft
2024-04-15;295,51;Geprueft
2024-04-16;295,55;Geprueft
2024-04-17;295,54;Geprueft
2024-04-18;295,48;Geprueft
2024-04-19;295,46;Geprueft
2024-04-20;295,51;Geprueft
2024-04-21;295,64;Geprueft
2024-04-22;295,76;Geprueft
2024-04-23;295,89;Geprueft
2024-04-24;296,01;Geprueft
2024-04-25;296,06;Geprueft
2024-04-26;296,05;Geprueft
2024-04-27;296,01;Geprueft
2024-04-28;295,97;Geprueft
2024-04-29;295,88;Geprueft
2024-04-30;295,86;Geprueft
2024-05-01;295,89;Geprueft
2024-05-02;295,90;Geprueft
2024-05-03;295,82;Geprueft
2024-05-04;295,76;Geprueft
2024-05-05;295,74;Geprueft
2024-05-06;295,73;Geprueft
2024-05-07;295,69;Geprueft
2024-05-08;295,62;Geprueft
2024-05-09;295,59;Geprueft
2024-05-10;295,61;Geprueft
2024-05-11;295,62;Geprueft
2024-05-12;295,63;Geprueft
2024-05-13;295,64;Geprueft
2024-05-14;295,64;Geprueft
2024-05-15;295,63;Geprueft
2024-05-16;295,60;Geprueft
2024-05-17;295,57;Geprueft
2024-05-18;295,52;Geprueft
2024-05-19;295,48;Geprueft
2024-05-20;295,45;Geprueft
2024-05-21;295,44;Geprueft
2024-05-22;295,41;Geprueft
2024-05-23;295,36;Geprueft
2024-05-24;295,34;Geprueft
2024-05-25;295,31;Geprueft
2024-05-26;295,30;Geprueft
2024-05-27;295,28;Rohdaten
2024-05-28;295,27;Rohdaten
2024-05-29;295,27;Rohdaten
2024-05-30;295,29;Rohdaten
2024-05-31;295,27;Rohdaten
2024-06-01;295,25;Rohdaten
2024-06-02;295,22;Rohdaten
2024-06-03;295,21;Rohdaten
2024-06-04;295,22;Rohdaten
2024-06-05;295,23;Rohdaten
2024-06-06;295,23;Rohdaten
2024-06-07;295,22;Rohdaten
2024-06-08;295,24;Rohdaten
2024-06-09;295,25;Rohdaten
2024-06-10;295,25;Rohdaten
2024-06-11;295,21;Rohdaten
2024-06-12;295,18;Rohdaten
2024-06-13;295,16;Rohdaten
2024-06-14;295,17;Rohdaten
2024-06-15;295,17;Rohdaten
2024-06-16;295,16;Rohdaten
2024-06-17;295,13;Rohdaten
2024-06-18;295,11;Rohdaten
2024-06-19;295,10;Rohdaten
2024-06-20;295,09;Rohdaten
2024-06-21;295,08;Rohdaten
2024-06-22;295,07;Rohdaten
2024-06-23;295,05;Rohdaten
2024-06-24;295,03;Rohdaten
2024-06-25;295,03;Rohdaten
2024-06-26;295,03;Rohdaten
2024-06-27;295,02;Rohdaten
2024-06-28;295,00;Rohdaten
2024-06-29;294,99;Rohdaten
2024-06-30;294,98;Rohdaten
2024-07-01;294,96;Rohdaten
2024-07-02;294,95;Rohdaten
2024-07-03;294,94;Rohdaten
2024-07-04;294,93;Rohdaten
2024-07-05;294,91;Rohdaten
2024-07-06;294,91;Rohdaten
2024-07-07;294,88;Rohdaten
2024-07-08;294,86;Rohdaten
2024-07-09;294,83;Rohdaten
2024-07-10;294,81;Rohdaten
2024-07-11;294,80;Rohdaten
2024-07-12;294,80;Rohdaten
2024-07-13;294,79;Rohdaten
2024-07-14;294,78;Rohdaten
2024-07-15;294,77;Rohdaten
2024-07-16;294,75;Rohdaten
2024-07-17;294,72;Rohdaten
2024-07-18;294,69;Rohdaten
2024-07-19;294,67;Rohdaten
2024-07-20;294,68;Rohdaten
2024-07-21;294,69;Rohdaten
2024-07-22;294,67;Rohdaten
2024-07-23;294,65;Rohdaten
2024-07-24;294,61;Rohdaten
2024-07-25;294,58;Rohdaten
2024-07-26;294,56;Rohdaten
2024-07-27;294,55;Rohdaten
2024-07-28;294,52;Rohdaten
2024-07-29;294,50;Rohdaten
2024-07-30;294,48;Rohdaten
2024-07-31;294,47;Rohdaten
2024-08-01;294,48;Rohdaten
2024-08-02;294,49;Rohdaten
2024-08-03;294,48;Rohdaten
2024-08-04;294,46;Rohdaten
2024-08-05;294,44;Rohdaten
2024-08-06;294,42;Rohdaten
2024-08-07;294,39;Rohdaten
2024-08-08;294,36;Rohdaten
2024-08-09;294,34;Rohdaten
2024-08-10;294,30;Rohdaten
2024-08-11;294,28;Rohdaten
2024-08-12;294,27;Rohdaten
2024-08-13;294,25;Rohdaten
2024-08-14;294,24;Rohdaten
2024-08-15;294,21;Rohdaten
2024-08-16;294,19;Rohdaten
2024-08-17;294,17;Rohdaten
2024-08-18;294,15;Rohdaten
2024-08-19;294,12;Rohdaten
2024-08-20;294,10;Rohdaten
2024-08-21;294,06;Rohdaten
2024-08-22;294,04;Rohdaten
2024-08-23;294,02;Rohdaten
2024-08-24;294,00;Rohdaten
2024-08-25;293,95;Rohdaten
2024-08-26;293,91;Rohdaten
2024-08-27;293,88;Rohdaten
2024-08-28;293,84;Rohdaten
2024-08-29;293,80;Rohdaten
2024-08-30;293,77;Rohdaten
2024-08-31;293,73;Rohdaten
2024-09-01;293,71;Rohdaten
2024-09-02;293,68;Rohdaten
2024-09-03;293,65;Rohdaten
2024-09-04;293,63;Rohdaten
2024-09-05;293,62;Rohdaten
2024-09-06;293,59;Rohdaten
2024-09-07;293,56;Rohdaten
2024-09-08;293,54;Rohdaten
2024-09-09;293,53;Rohdaten
2024-09-10;293,50;Rohdaten
2024-09-11;293,50;Rohdaten
2024-09-12;293,46;Rohdaten
2024-09-13;293,41;Rohdaten
2024-09-14;293,35;Rohdaten
2024-09-15;293,29;Rohdaten
2024-09-16;293,24;Rohdaten
2024-09-17;293,19;Rohdaten
2024-09-18;293,15;Rohdaten
2024-09-19;293,12;Rohdaten
2024-09-20;293,09;Rohdaten
2024-09-21;293,06;Rohdaten
2024-09-22;293,05;Rohdaten
2024-09-23;293,05;Rohdaten
2024-09-24;293,06;Rohdaten
2024-09-25;293,07;Rohdaten
2024-09-26;293,11;Rohdaten
2024-09-27;293,13;Rohdaten
2024-09-28;293,10;Rohdaten
2024-09-29;293,06;Rohdaten
2024-09-30;293,05;Rohdaten
