﻿Quelle:;"Bayerisches Landesamt für Umwelt, www.gkd.bayern.de"
Datenbankabfrage:;"08.10.2024 21:51"
Zeitbezug:;MEZ
Messstellen-Name:;"Heinrichsthal S 7"
Messstellen-Nr.:;4174
Ostwert:;526040;Nordwert:;5547810;"ETRS89 / UTM Zone 32N"

Datum;"Grundwasserstand [m ü. NN]";Prüfstatus
2024-01-01;378,33;Geprueft
2024-01-02;378,31;Geprueft
2024-01-03;378,43;Geprueft
2024-01-04;378,58;Geprueft
2024-01-05;378,68;Geprueft
2024-01-06;378,70;Geprueft
2024-01-07;378,66;Geprueft
2024-01-08;378,58;Geprueft
2024-01-09;378,51;Geprueft
2024-01-10;378,44;Geprueft
2024-01-11;378,36;Geprueft
2024-01-12;378,30;Geprueft
2024-01-13;378,24;Geprueft
2024-01-14;378,19;Geprueft
2024-01-15;378,15;Geprueft
2024-01-16;378,08;Geprueft
2024-01-17;378,03;Geprueft
2024-01-18;377,97;Geprueft
2024-01-19;377,88;Geprueft
2024-01-20;377,79;Geprueft
2024-01-21;377,71;Geprueft
2024-01-22;377,65;Geprueft
2024-01-23;377,60;Geprueft
2024-01-24;377,58;Geprueft
2024-01-25;377,57;Geprueft
2024-01-26;377,59;Geprueft
2024-01-27;377,62;Geprueft
2024-01-28;377,67;Geprueft
2024-01-29;377,72;Geprueft
2024-01-30;377,77;Geprueft
2024-01-31;377,80;Geprueft
2024-02-01;377,83;Geprueft
2024-02-02;377,84;Geprueft
2024-02-03;377,83;Geprueft
2024-02-04;377,82;Geprueft
2024-02-05;377,81;Geprueft
2024-02-06;377,79;Geprueft
2024-02-07;377,79;Geprueft
2024-02-08;377,83;Geprueft
2024-02-09;377,96;Geprueft
2024-02-10;378,16;Geprueft
2024-02-11;378,31;Geprueft
2024-02-12;378,37;Geprueft
2024-02-13;378,39;Geprueft
2024-02-14;378,38;Geprueft
2024-02-15;378,37;Geprueft
2024-02-16;378,35;Geprueft
2024-02-17;378,32;Geprueft
2024-02-18;378,29;Geprueft
2024-02-19;378,28;Geprueft
2024-02-20;378,26;Geprueft
2024-02-21;378,25;Geprueft
2024-02-22;378,30;Geprueft
2024-02-23;378,48;Geprueft
2024-02-24;378,59;Geprueft
2024-02-25;378,61;Geprueft
2024-02-26;378,58;Geprueft
2024-02-27;378,53;Geprueft
2024-02-28;378,46;Geprueft
2024-02-29;378,39;Geprueft
2024-03-01;378,34;Geprueft
2024-03-02;378,28;Geprueft
2024-03-03;378,23;Geprueft
2024-03-04;378,16;Geprueft
2024-03-05;378,11;Geprueft
2024-03-06;378,03;Geprueft
2024-03-07;377,95;Geprueft
2024-03-08;377,88;Geprueft
2024-03-09;377,82;Geprueft
2024-03-10;377,78;Geprueft
2024-03-11;377,73;Geprueft
2024-03-12;377,67;Geprueft
2024-03-13;377,62;Geprueft
2024-03-14;377,57;Geprueft
2024-03-15;377,53;Geprueft
2024-03-16;377,49;Geprueft
2024-03-17;377,44;Geprueft
2024-03-18;377,41;Geprueft
2024-03-19;377,37;Geprueft
2024-03-20;377,34;Geprueft
2024-03-21;377,31;Geprueft
2024-03-22;377,29;Geprueft
2024-03-23;377,27;Geprueft
2024-03-24;377,27;Geprueft
2024-03-25;377,26;Geprueft
2024-03-26;377,26;Geprueft
2024-03-27;377,26;Geprueft
2024-03-28;377,26;Geprueft
2024-03-29;377,25;Geprueft
2024-03-30;377,25;Geprueft
2024-03-31;377,25;Geprueft
2024-04-01;377,25;Geprueft
2024-04-02;377,24;Geprueft
2024-04-03;377,23;Geprueft
2024-04-04;377,24;Geprueft
2024-04-05;377,25;Geprueft
2024-04-06;377,26;Geprueft
2024-04-07;377,27;Geprueft
2024-04-08;377,29;Geprueft
2024-04-09;377,30;Geprueft
2024-04-10;377,30;Geprueft
2024-04-11;377,30;Geprueft
2024-04-12;377,29;Geprueft
2024-04-13;377,28;Geprueft
2024-04-14;377,28;Geprueft
2024-04-15;377,28;Geprueft
2024-04-16;377,29;Geprueft
2024-04-17;377,28;Geprueft
2024-04-18;377,27;Geprueft
2024-04-19;377,28;Geprueft
2024-04-20;377,32;Geprueft
2024-04-21;377,33;Geprueft
2024-04-22;377,36;Geprueft
2024-04-23;377,40;Geprueft
2024-04-24;377,45;Geprueft
2024-04-25;377,49;Geprueft
2024-04-26;377,52;Geprueft
2024-04-27;377,54;Geprueft
2024-04-28;377,55;Geprueft
2024-04-29;377,54;Geprueft
2024-04-30;377,53;Geprueft
2024-05-01;377,52;Geprueft
2024-05-02;377,51;Geprueft
2024-05-03;377,48;Geprueft
2024-05-04;377,45;Geprueft
2024-05-05;377,45;Geprueft
2024-05-06;377,42;Geprueft
2024-05-07;377,42;Geprueft
2024-05-08;377,41;Geprueft
2024-05-09;377,42;Geprueft
2024-05-10;377,45;Geprueft
2024-05-11;377,47;Geprueft
2024-05-12;377,49;Geprueft
2024-05-13;377,51;Geprueft
2024-05-14;377,52;Geprueft
2024-05-15;377,52;Geprueft
2024-05-16;377,52;Geprueft
2024-05-17;377,50;Geprueft
2024-05-18;377,46;Geprueft
2024-05-19;377,43;Geprueft
2024-05-20;377,40;Geprueft
2024-05-21;377,37;Geprueft
2024-05-22;377,33;Geprueft
2024-05-23;377,30;Geprueft
2024-05-24;377,27;Geprueft
2024-05-25;377,25;Geprueft
2024-05-26;377,22;Geprueft
2024-05-27;377,20;Geprueft
2024-05-28;377,18;Geprueft
2024-05-29;377,17;Geprueft
2024-05-30;377,17;Geprueft
2024-05-31;377,17;Geprueft
2024-06-01;377,16;Geprueft
2024-06-02;377,23;Geprueft
2024-06-03;377,27;Geprueft
2024-06-04;377,30;Geprueft
2024-06-05;377,33;Geprueft
2024-06-06;377,34;Geprueft
2024-06-07;377,34;Geprueft
2024-06-08;377,35;Geprueft
2024-06-09;377,34;Geprueft
2024-06-10;377,34;Geprueft
2024-06-11;377,31;Geprueft
2024-06-12;377,28;Geprueft
2024-06-13;377,26;Geprueft
2024-06-14;377,23;Geprueft
2024-06-15;377,21;Geprueft
2024-06-16;377,17;Geprueft
2024-06-17;377,14;Geprueft
2024-06-18;377,11;Geprueft
2024-06-19;377,08;Geprueft
2024-06-20;377,04;Geprueft
2024-06-21;377,02;Geprueft
2024-06-22;376,99;Geprueft
2024-06-23;376,96;Geprueft
2024-06-24;376,92;Geprueft
2024-06-25;376,89;Geprueft
2024-06-26;376,86;Geprueft
2024-06-27;376,84;Geprueft
2024-06-28;376,80;Geprueft
2024-06-29;376,77;Geprueft
2024-06-30;376,75;Geprueft
2024-07-01;376,73;Geprueft
2024-07-02;376,70;Geprueft
2024-07-03;376,68;Geprueft
2024-07-04;376,66;Geprueft
2024-07-05;376,65;Geprueft
2024-07-06;376,64;Geprueft
2024-07-07;376,63;Geprueft
2024-07-08;376,62;Geprueft
2024-07-09;376,61;Geprueft
2024-07-10;376,60;Geprueft
2024-07-11;376,67;Geprueft
2024-07-12;376,68;Geprueft
2024-07-13;376,69;Geprueft
2024-07-14;376,68;Geprueft
2024-07-15;376,68;Geprueft
2024-07-16;376,67;Geprueft
2024-07-17;376,65;Geprueft
2024-07-18;376,63;Geprueft
2024-07-19;376,61;Geprueft
2024-07-20;376,59;Geprueft
2024-07-21;376,58;Geprueft
2024-07-22;376,55;Geprueft
2024-07-23;376,53;Geprueft
2024-07-24;376,51;Geprueft
2024-07-25;376,47;Geprueft
2024-07-26;376,44;Geprueft
2024-07-27;376,43;Geprueft
2024-07-28;376,51;Geprueft
2024-07-29;376,57;Geprueft
2024-07-30;376,61;Geprueft
2024-07-31;376,64;Geprueft
2024-08-01;376,67;Rohdaten
2024-08-02;376,67;Rohdaten
2024-08-03;376,67;Rohdaten
2024-08-04;376,67;Rohdaten
2024-08-05;376,65;Rohdaten
2024-08-06;376,64;Rohdaten
2024-08-07;376,61;Rohdaten
2024-08-08;376,58;Rohdaten
2024-08-09;376,54;Rohdaten
2024-08-10;376,49;Rohdaten
2024-08-11;376,44;Rohdaten
2024-08-12;376,40;Rohdaten
2024-08-13;376,38;Rohdaten
2024-08-14;376,35;Rohdaten
2024-08-15;376,32;Rohdaten
2024-08-16;376,28;Rohdaten
2024-08-17;376,23;Rohdaten
2024-08-18;376,19;Rohdaten
2024-08-19;376,15;Rohdaten
2024-08-20;376,11;Rohdaten
2024-08-21;376,07;Rohdaten
2024-08-22;376,02;Rohdaten
2024-08-23;375,97;Rohdaten
2024-08-24;375,92;Rohdaten
2024-08-25;375,87;Rohdaten
2024-08-26;375,81;Rohdaten
2024-08-27;375,74;Rohdaten
2024-08-28;375,65;Rohdaten
2024-08-29;375,56;Rohdaten
2024-08-30;375,45;Rohdaten
2024-08-31;375,33;Rohdaten
2024-09-01;375,22;Rohdaten
2024-09-02;375,11;Rohdaten
2024-09-03;375,01;Rohdaten
2024-09-04;374,92;Rohdaten
2024-09-05;374,85;Rohdaten
2024-09-06;374,78;Rohdaten
2024-09-07;374,71;Rohdaten
2024-09-08;374,65;Rohdaten
2024-09-09;374,59;Rohdaten
2024-09-10;374,54;Rohdaten
2024-09-11;374,48;Rohdaten
2024-09-12;374,42;Rohdaten
2024-09-13;374,35;Rohdaten
2024-09-14;374,25;Rohdaten
2024-09-15;374,16;Rohdaten
2024-09-16;374,06;Rohdaten
2024-09-17;373,97;Rohdaten
2024-09-18;373,85;Rohdaten
2024-09-19;373,75;Rohdaten
2024-09-20;373,67;Rohdaten
2024-09-21;373,59;Rohdaten
2024-09-22;373,54;Rohdaten
2024-09-23;373,50;Rohdaten
2024-09-24;373,48;Rohdaten
2024-09-25;373,47;Rohdaten
2024-09-26;373,56;Rohdaten
2024-09-27;373,79;Rohdaten
2024-09-28;373,79;Rohdaten
2024-09-29;373,71;Rohdaten
2024-09-30;373,62;Rohdaten
