﻿Quelle:;"Bayerisches Landesamt für Umwelt, www.gkd.bayern.de"
Datenbankabfrage:;"08.10.2024 21:51"
Zeitbezug:;MEZ
Messstellen-Name:;"Rohrbrunn S 1"
Messstellen-Nr.:;4175
Ostwert:;528116;Nordwert:;5525167;"ETRS89 / UTM Zone 32N"

Datum;"Grundwasserstand [m ü. NN]";Prüfstatus
2024-01-01;371,00;Geprueft
2024-01-02;371,20;Geprueft
2024-01-03;371,32;Geprueft
2024-01-04;371,37;Geprueft
2024-01-05;371,50;Geprueft
2024-01-06;371,59;Geprueft
2024-01-07;371,64;Geprueft
2024-01-08;371,73;Geprueft
2024-01-09;371,86;Geprueft
2024-01-10;372,01;Geprueft
2024-01-11;372,13;Geprueft
2024-01-12;372,25;Geprueft
2024-01-13;372,43;Geprueft
2024-01-14;372,63;Geprueft
2024-01-15;372,76;Geprueft
2024-01-16;372,79;Geprueft
2024-01-17;373,01;Geprueft
2024-01-18;373,04;Geprueft
2024-01-19;372,93;Geprueft
2024-01-20;372,95;Geprueft
2024-01-21;373,07;Geprueft
2024-01-22;373,23;Geprueft
2024-01-23;373,22;Geprueft
2024-01-24;373,30;Geprueft
2024-01-25;373,30;Geprueft
2024-01-26;373,36;Geprueft
2024-01-27;373,32;Geprueft
2024-01-28;373,40;Geprueft
2024-01-29;373,46;Geprueft
2024-01-30;373,49;Geprueft
2024-01-31;373,52;Geprueft
2024-02-01;373,58;Geprueft
2024-02-02;373,61;Geprueft
2024-02-03;373,67;Geprueft
2024-02-04;373,74;Geprueft
2024-02-05;373,79;Geprueft
2024-02-06;373,86;Geprueft
2024-02-07;373,98;Geprueft
2024-02-08;374,06;Geprueft
2024-02-09;374,14;Geprueft
2024-02-10;374,19;Geprueft
2024-02-11;374,19;Geprueft
2024-02-12;374,14;Geprueft
2024-02-13;374,09;Geprueft
2024-02-14;374,17;Geprueft
2024-02-15;374,28;Geprueft
2024-02-16;374,37;Geprueft
2024-02-17;374,34;Geprueft
2024-02-18;374,44;Geprueft
2024-02-19;374,55;Geprueft
2024-02-20;374,61;Geprueft
2024-02-21;374,75;Geprueft
2024-02-22;374,99;Geprueft
2024-02-23;375,02;Geprueft
2024-02-24;375,02;Geprueft
2024-02-25;375,07;Geprueft
2024-02-26;375,16;Geprueft
2024-02-27;375,14;Geprueft
2024-02-28;375,17;Geprueft
2024-02-29;375,31;Geprueft
2024-03-01;375,45;Geprueft
2024-03-02;375,54;Geprueft
2024-03-03;375,63;Geprueft
2024-03-04;375,62;Geprueft
2024-03-05;375,63;Geprueft
2024-03-06;375,64;Geprueft
2024-03-07;375,69;Geprueft
2024-03-08;375,82;Geprueft
2024-03-09;375,92;Geprueft
2024-03-10;376,00;Geprueft
2024-03-11;375,94;Geprueft
2024-03-12;375,87;Geprueft
2024-03-13;375,88;Geprueft
2024-03-14;375,92;Geprueft
2024-03-15;375,95;Geprueft
2024-03-16;375,91;Geprueft
2024-03-17;375,89;Geprueft
2024-03-18;375,94;Geprueft
2024-03-19;375,92;Geprueft
2024-03-20;375,91;Geprueft
2024-03-21;375,89;Geprueft
2024-03-22;375,92;Geprueft
2024-03-23;375,99;Geprueft
2024-03-24;375,99;Geprueft
2024-03-25;375,98;Geprueft
2024-03-26;376,05;Geprueft
2024-03-27;376,07;Geprueft
2024-03-28;376,00;Geprueft
2024-03-29;375,93;Geprueft
2024-03-30;375,91;Geprueft
2024-03-31;375,91;Geprueft
2024-04-01;375,89;Geprueft
2024-04-02;375,78;Geprueft
2024-04-03;375,77;Geprueft
2024-04-04;375,74;Geprueft
2024-04-05;375,70;Geprueft
2024-04-06;375,68;Geprueft
2024-04-07;375,66;Geprueft
2024-04-08;375,69;Geprueft
2024-04-09;375,64;Geprueft
2024-04-10;375,50;Geprueft
2024-04-11;375,45;Geprueft
2024-04-12;375,45;Geprueft
2024-04-13;375,48;Geprueft
2024-04-14;375,52;Geprueft
2024-04-15;375,59;Geprueft
2024-04-16;375,59;Geprueft
2024-04-17;375,53;Geprueft
2024-04-18;375,45;Geprueft
2024-04-19;375,48;Geprueft
2024-04-20;375,41;Geprueft
2024-04-21;375,39;Geprueft
2024-04-22;375,37;Geprueft
2024-04-23;375,42;Geprueft
2024-04-24;375,49;Geprueft
2024-04-25;375,52;Geprueft
2024-04-26;375,54;Geprueft
2024-04-27;375,54;Geprueft
2024-04-28;375,53;Geprueft
2024-04-29;375,50;Geprueft
2024-04-30;375,58;Geprueft
2024-05-01;375,69;Geprueft
2024-05-02;375,75;Geprueft
2024-05-03;375,66;Geprueft
2024-05-04;375,67;Geprueft
2024-05-05;375,72;Geprueft
2024-05-06;375,75;Geprueft
2024-05-07;375,70;Geprueft
2024-05-08;375,64;Geprueft
2024-05-09;375,65;Geprueft
2024-05-10;375,69;Geprueft
2024-05-11;375,71;Geprueft
2024-05-12;375,74;Geprueft
2024-05-13;375,78;Geprueft
2024-05-14;375,81;Geprueft
2024-05-15;375,82;Geprueft
2024-05-16;375,81;Geprueft
2024-05-17;375,81;Geprueft
2024-05-18;375,75;Geprueft
2024-05-19;375,74;Geprueft
2024-05-20;375,73;Geprueft
2024-05-21;375,76;Geprueft
2024-05-22;375,71;Geprueft
2024-05-23;375,65;Geprueft
2024-05-24;375,63;Geprueft
2024-05-25;375,62;Geprueft
2024-05-26;375,60;Geprueft
2024-05-27;375,58;Geprueft
2024-05-28;375,55;Geprueft
2024-05-29;375,58;Geprueft
2024-05-30;375,62;Geprueft
2024-05-31;375,55;Geprueft
2024-06-01;375,49;Geprueft
2024-06-02;375,43;Geprueft
2024-06-03;375,42;Geprueft
2024-06-04;375,44;Geprueft
2024-06-05;375,43;Geprueft
2024-06-06;375,40;Geprueft
2024-06-07;375,39;Geprueft
2024-06-08;375,43;Geprueft
2024-06-09;375,45;Geprueft
2024-06-10;375,46;Geprueft
2024-06-11;375,40;Geprueft
2024-06-12;375,37;Geprueft
2024-06-13;375,38;Geprueft
2024-06-14;375,43;Geprueft
2024-06-15;375,44;Geprueft
2024-06-16;375,41;Geprueft
2024-06-17;375,37;Geprueft
2024-06-18;375,36;Geprueft
2024-06-19;375,33;Geprueft
2024-06-20;375,30;Geprueft
2024-06-21;375,33;Geprueft
2024-06-22;375,30;Geprueft
2024-06-23;375,24;Geprueft
2024-06-24;375,22;Geprueft
2024-06-25;375,24;Geprueft
2024-06-26;375,24;Geprueft
2024-06-27;375,21;Geprueft
2024-06-28;375,13;Geprueft
2024-06-29;375,13;Geprueft
2024-06-30;375,12;Geprueft
2024-07-01;375,04;Geprueft
2024-07-02;375,01;Geprueft
2024-07-03;375,01;Geprueft
2024-07-04;374,98;Geprueft
2024-07-05;374,92;Geprueft
2024-07-06;374,93;Geprueft
2024-07-07;374,83;Geprueft
2024-07-08;374,77;Geprueft
2024-07-09;374,75;Geprueft
2024-07-10;374,71;Geprueft
2024-07-11;374,67;Geprueft
2024-07-12;374,69;Geprueft
2024-07-13;374,62;Geprueft
2024-07-14;374,57;Geprueft
2024-07-15;374,55;Geprueft
2024-07-16;374,49;Geprueft
2024-07-17;374,39;Geprueft
2024-07-18;374,34;Geprueft
2024-07-19;374,34;Geprueft
2024-07-20;374,36;Geprueft
2024-07-21;374,32;Geprueft
2024-07-22;374,21;Geprueft
2024-07-23;374,15;Geprueft
2024-07-24;374,10;Geprueft
2024-07-25;374,09;Geprueft
2024-07-26;374,06;Geprueft
2024-07-27;374,00;Geprueft
2024-07-28;373,88;Geprueft
2024-07-29;373,85;Geprueft
2024-07-30;373,85;Geprueft
2024-07-31;373,84;Geprueft
2024-08-01;373,80;Geprueft
2024-08-02;373,75;Geprueft
2024-08-03;373,70;Geprueft
2024-08-04;373,63;Geprueft
2024-08-05;373,59;Geprueft
2024-08-06;373,57;Geprueft
2024-08-07;373,52;Geprueft
2024-08-08;373,44;Geprueft
2024-08-09;373,40;Geprueft
2024-08-10;373,33;Geprueft
2024-08-11;373,30;Geprueft
2024-08-12;373,31;Geprueft
2024-08-13;373,29;Geprueft
2024-08-14;373,23;Geprueft
2024-08-15;373,14;Geprueft
2024-08-16;373,11;Geprueft
2024-08-17;373,10;Geprueft
2024-08-18;373,08;Geprueft
2024-08-19;372,98;Geprueft
2024-08-20;372,97;Rohdaten
2024-08-21;372,90;Rohdaten
2024-08-22;372,87;Rohdaten
2024-08-23;372,84;Rohdaten
2024-08-24;372,80;Rohdaten
2024-08-25;372,68;Rohdaten
2024-08-26;372,63;Rohdaten
2024-08-27;372,61;Rohdaten
2024-08-28;372,60;Rohdaten
2024-08-29;372,55;Rohdaten
2024-08-30;372,50;Rohdaten
2024-08-31;372,45;Rohdaten
2024-09-01;372,43;Rohdaten
2024-09-02;372,41;Rohdaten
2024-09-03;372,34;Rohdaten
2024-09-04;372,30;Rohdaten
2024-09-05;372,30;Rohdaten
2024-09-06;372,22;Rohdaten
2024-09-07;372,16;Rohdaten
2024-09-08;372,13;Rohdaten
2024-09-09;372,12;Rohdaten
2024-09-10;372,02;Rohdaten
2024-09-11;372,01;Rohdaten
2024-09-12;371,92;Rohdaten
2024-09-13;371,82;Rohdaten
2024-09-14;371,73;Rohdaten
2024-09-15;371,73;Rohdaten
2024-09-16;371,72;Rohdaten
2024-09-17;371,66;Rohdaten
2024-09-18;371,62;Rohdaten
2024-09-19;371,60;Rohdaten
2024-09-20;371,55;Rohdaten
2024-09-21;371,51;Rohdaten
2024-09-22;371,50;Rohdaten
2024-09-23;371,49;Rohdaten
2024-09-24;371,45;Rohdaten
2024-09-25;371,39;Rohdaten
2024-09-26;371,41;Rohdaten
2024-09-27;371,31;Rohdaten
2024-09-28;371,14;Rohdaten
2024-09-29;371,06;Rohdaten
2024-09-30;371,12;Rohdaten
