﻿Quelle:;"Bayerisches Landesamt für Umwelt, www.gkd.bayern.de"
Datenbankabfrage:;"08.10.2024 21:51"
Zeitbezug:;MEZ
Messstellen-Name:;"Wenschdorf S 8"
Messstellen-Nr.:;4176
Ostwert:;522412;Nordwert:;5503357;"ETRS89 / UTM Zone 32N"

Datum;"Grundwasserstand [m ü. NN]";Prüfstatus
2024-01-01;321,81;Geprueft
2024-01-02;321,88;Geprueft
2024-01-03;321,90;Geprueft
2024-01-04;321,84;Geprueft
2024-01-05;321,85;Geprueft
2024-01-06;321,82;Geprueft
2024-01-07;321,75;Geprueft
2024-01-08;321,68;Geprueft
2024-01-09;321,65;Geprueft
2024-01-10;321,66;Geprueft
2024-01-11;321,64;Geprueft
2024-01-12;321,63;Geprueft
2024-01-13;321,69;Geprueft
2024-01-14;321,79;Geprueft
2024-01-15;321,86;Geprueft
2024-01-16;321,83;Geprueft
2024-01-17;321,96;Geprueft
2024-01-18;321,94;Geprueft
2024-01-19;321,75;Geprueft
2024-01-20;321,65;Geprueft
2024-01-21;321,67;Geprueft
2024-01-22;321,74;Geprueft
2024-01-23;321,68;Geprueft
2024-01-24;321,70;Geprueft
2024-01-25;321,65;Geprueft
2024-01-26;321,67;Geprueft
2024-01-27;321,60;Geprueft
2024-01-28;321,63;Geprueft
2024-01-29;321,65;Geprueft
2024-01-30;321,65;Geprueft
2024-01-31;321,64;Geprueft
2024-02-01;321,67;Geprueft
2024-02-02;321,67;Geprueft
2024-02-03;321,69;Geprueft
2024-02-04;321,72;Geprueft
2024-02-05;321,75;Geprueft
2024-02-06;321,80;Geprueft
2024-02-07;321,89;Geprueft
2024-02-08;321,96;Geprueft
2024-02-09;322,03;Geprueft
2024-02-10;322,06;Geprueft
2024-02-11;322,03;Geprueft
2024-02-12;321,93;Geprueft
2024-02-13;321,81;Geprueft
2024-02-14;321,79;Geprueft
2024-02-15;321,81;Geprueft
2024-02-16;321,82;Geprueft
2024-02-17;321,72;Geprueft
2024-02-18;321,72;Geprueft
2024-02-19;321,75;Geprueft
2024-02-20;321,74;Geprueft
2024-02-21;321,82;Geprueft
2024-02-22;322,01;Geprueft
2024-02-23;322,02;Geprueft
2024-02-24;321,98;Geprueft
2024-02-25;321,97;Geprueft
2024-02-26;322,00;Geprueft
2024-02-27;321,91;Geprueft
2024-02-28;321,84;Geprueft
2024-02-29;321,89;Geprueft
2024-03-01;321,96;Geprueft
2024-03-02;321,99;Geprueft
2024-03-03;322,02;Geprueft
2024-03-04;321,96;Geprueft
2024-03-05;321,91;Geprueft
2024-03-06;321,86;Geprueft
2024-03-07;321,86;Geprueft
2024-03-08;321,93;Geprueft
2024-03-09;322,01;Geprueft
2024-03-10;322,08;Geprueft
2024-03-11;322,02;Geprueft
2024-03-12;321,93;Geprueft
2024-03-13;321,91;Geprueft
2024-03-14;321,93;Geprueft
2024-03-15;321,95;Geprueft
2024-03-16;321,91;Geprueft
2024-03-17;321,88;Geprueft
2024-03-18;321,92;Geprueft
2024-03-19;321,91;Geprueft
2024-03-20;321,91;Geprueft
2024-03-21;321,90;Geprueft
2024-03-22;321,93;Geprueft
2024-03-23;322,01;Geprueft
2024-03-24;322,04;Geprueft
2024-03-25;322,06;Geprueft
2024-03-26;322,16;Geprueft
2024-03-27;322,22;Geprueft
2024-03-28;322,19;Geprueft
2024-03-29;322,14;Geprueft
2024-03-30;322,14;Geprueft
2024-03-31;322,14;Geprueft
2024-04-01;322,15;Geprueft
2024-04-02;322,06;Geprueft
2024-04-03;322,05;Geprueft
2024-04-04;322,03;Geprueft
2024-04-05;322,01;Geprueft
2024-04-06;322,00;Geprueft
2024-04-07;322,00;Geprueft
2024-04-08;322,05;Geprueft
2024-04-09;322,04;Geprueft
2024-04-10;321,92;Geprueft
2024-04-11;321,87;Geprueft
2024-04-12;321,88;Geprueft
2024-04-13;321,92;Geprueft
2024-04-14;321,99;Geprueft
2024-04-15;322,09;Geprueft
2024-04-16;322,13;Geprueft
2024-04-17;322,11;Geprueft
2024-04-18;322,06;Geprueft
2024-04-19;322,10;Geprueft
2024-04-20;322,06;Geprueft
2024-04-21;322,05;Geprueft
2024-04-22;322,02;Geprueft
2024-04-23;322,06;Geprueft
2024-04-24;322,13;Geprueft
2024-04-25;322,16;Geprueft
2024-04-26;322,17;Geprueft
2024-04-27;322,15;Geprueft
2024-04-28;322,12;Geprueft
2024-04-29;322,05;Geprueft
2024-04-30;322,10;Geprueft
2024-05-01;322,18;Geprueft
2024-05-02;322,23;Geprueft
2024-05-03;322,14;Geprueft
2024-05-04;322,12;Geprueft
2024-05-05;322,15;Geprueft
2024-05-06;322,17;Geprueft
2024-05-07;322,12;Geprueft
2024-05-08;322,05;Geprueft
2024-05-09;322,03;Geprueft
2024-05-10;322,06;Geprueft
2024-05-11;322,07;Geprueft
2024-05-12;322,11;Geprueft
2024-05-13;322,15;Geprueft
2024-05-14;322,19;Geprueft
2024-05-15;322,22;Geprueft
2024-05-16;322,23;Geprueft
2024-05-17;322,24;Geprueft
2024-05-18;322,20;Geprueft
2024-05-19;322,19;Geprueft
2024-05-20;322,19;Geprueft
2024-05-21;322,23;Geprueft
2024-05-22;322,20;Geprueft
2024-05-23;322,16;Geprueft
2024-05-24;322,15;Geprueft
2024-05-25;322,15;Geprueft
2024-05-26;322,15;Geprueft
2024-05-27;322,15;Geprueft
2024-05-28;322,14;Geprueft
2024-05-29;322,19;Geprueft
2024-05-30;322,26;Geprueft
2024-05-31;322,23;Geprueft
2024-06-01;322,20;Geprueft
2024-06-02;322,16;Geprueft
2024-06-03;322,16;Geprueft
2024-06-04;322,20;Geprueft
2024-06-05;322,21;Geprueft
2024-06-06;;Geprueft
2024-06-07;;Geprueft
2024-06-08;;Geprueft
2024-06-09;;Geprueft
2024-06-10;;Geprueft
2024-06-11;;Geprueft
2024-06-12;;Geprueft
2024-06-13;;Geprueft
2024-06-14;;Geprueft
2024-06-15;;Geprueft
2024-06-16;;Geprueft
2024-06-17;;Geprueft
2024-06-18;;Geprueft
2024-06-19;;Geprueft
2024-06-20;322,21;Geprueft
2024-06-21;322,25;Geprueft
2024-06-22;322,24;Geprueft
2024-06-23;322,21;Geprueft
2024-06-24;322,21;Geprueft
2024-06-25;322,25;Geprueft
2024-06-26;322,28;Geprueft
2024-06-27;322,29;Geprueft
2024-06-28;322,26;Geprueft
2024-06-29;322,28;Geprueft
2024-06-30;322,31;Geprueft
2024-07-01;322,28;Geprueft
2024-07-02;322,27;Geprueft
2024-07-03;322,31;Geprueft
2024-07-04;322,32;Geprueft
2024-07-05;322,30;Geprueft
2024-07-06;322,34;Geprueft
2024-07-07;322,29;Geprueft
2024-07-08;322,26;Geprueft
2024-07-09;322,27;Geprueft
2024-07-10;322,27;Geprueft
2024-07-11;322,27;Geprueft
2024-07-12;322,33;Geprueft
2024-07-13;322,31;Geprueft
2024-07-14;322,31;Geprueft
2024-07-15;322,32;Geprueft
2024-07-16;322,31;Geprueft
2024-07-17;322,26;Geprueft
2024-07-18;322,24;Geprueft
2024-07-19;322,27;Geprueft
2024-07-20;322,34;Geprueft
2024-07-21;322,36;Geprueft
2024-07-22;322,30;Geprueft
2024-07-23;322,29;Geprueft
2024-07-24;322,28;Geprueft
2024-07-25;322,31;Geprueft
2024-07-26;322,34;Geprueft
2024-07-27;322,33;Geprueft
2024-07-28;322,26;Geprueft
2024-07-29;322,26;Geprueft
2024-07-30;322,31;Geprueft
2024-07-31;322,34;Geprueft
2024-08-01;322,36;Geprueft
2024-08-02;322,37;Geprueft
2024-08-03;322,37;Geprueft
2024-08-04;322,35;Geprueft
2024-08-05;322,34;Geprueft
2024-08-06;322,37;Geprueft
2024-08-07;322,37;Geprueft
2024-08-08;322,34;Geprueft
2024-08-09;322,33;Geprueft
2024-08-10;322,30;Geprueft
2024-08-11;322,31;Geprueft
2024-08-12;322,36;Geprueft
2024-08-13;322,39;Geprueft
2024-08-14;322,39;Geprueft
2024-08-15;322,34;Geprueft
2024-08-16;322,35;Geprueft
2024-08-17;322,38;Geprueft
2024-08-18;322,41;Geprueft
2024-08-19;322,35;Geprueft
2024-08-20;322,38;Geprueft
2024-08-21;322,36;Geprueft
2024-08-22;322,38;Geprueft
2024-08-23;322,40;Geprueft
2024-08-24;322,40;Geprueft
2024-08-25;322,34;Geprueft
2024-08-26;322,32;Geprueft
2024-08-27;322,33;Geprueft
2024-08-28;322,37;Geprueft
2024-08-29;322,37;Geprueft
2024-08-30;322,37;Geprueft
2024-08-31;322,35;Geprueft
2024-09-01;322,38;Rohdaten
2024-09-02;322,41;Rohdaten
2024-09-03;322,40;Rohdaten
2024-09-04;322,41;Rohdaten
2024-09-05;322,47;Rohdaten
2024-09-06;322,44;Rohdaten
2024-09-07;322,43;Rohdaten
2024-09-08;322,45;Rohdaten
2024-09-09;322,49;Rohdaten
2024-09-10;322,44;Rohdaten
2024-09-11;322,48;Rohdaten
2024-09-12;322,44;Rohdaten
2024-09-13;322,38;Rohdaten
2024-09-14;322,32;Rohdaten
2024-09-15;322,33;Rohdaten
2024-09-16;322,36;Rohdaten
2024-09-17;322,35;Rohdaten
2024-09-18;322,35;Rohdaten
2024-09-19;322,37;Rohdaten
2024-09-20;322,37;Rohdaten
2024-09-21;322,38;Rohdaten
2024-09-22;322,42;Rohdaten
2024-09-23;322,46;Rohdaten
2024-09-24;322,50;Rohdaten
2024-09-25;322,50;Rohdaten
2024-09-26;322,58;Rohdaten
2024-09-27;322,54;Rohdaten
2024-09-28;322,42;Rohdaten
2024-09-29;322,35;Rohdaten
2024-09-30;322,42;Rohdaten
