﻿Quelle:;"Bayerisches Landesamt für Umwelt, www.gkd.bayern.de"
Datenbankabfrage:;"08.10.2024 21:51"
Zeitbezug:;MEZ
Messstellen-Name:;"Faulbach Q 1"
Messstellen-Nr.:;4177
Ostwert:;531920;Nordwert:;5515092;"ETRS89 / UTM Zone 32N"

Datum;"Grundwasserstand [m ü. NN]";Prüfstatus
2024-01-01;138,85;Geprueft
2024-01-02;138,87;Geprueft
2024-01-03;138,87;Geprueft
2024-01-04;138,86;Geprueft
2024-01-05;138,89;Geprueft
2024-01-06;138,90;Geprueft
2024-01-07;138,91;Geprueft
2024-01-08;138,92;Geprueft
2024-01-09;138,93;Geprueft
2024-01-10;138,95;Geprueft
2024-01-11;138,96;Geprueft
2024-01-12;138,96;Geprueft
2024-01-13;138,98;Geprueft
2024-01-14;138,99;Geprueft
2024-01-15;139,00;Geprueft
2024-01-16;138,98;Geprueft
2024-01-17;139,01;Geprueft
2024-01-18;138,97;Geprueft
2024-01-19;138,92;Geprueft
2024-01-20;138,90;Geprueft
2024-01-21;138,91;Geprueft
2024-01-22;138,93;Geprueft
2024-01-23;138,89;Geprueft
2024-01-24;138,90;Geprueft
2024-01-25;138,87;Geprueft
2024-01-26;138,87;Geprueft
2024-01-27;138,85;Geprueft
2024-01-28;138,85;Geprueft
2024-01-29;138,84;Geprueft
2024-01-30;138,84;Geprueft
2024-01-31;138,83;Geprueft
2024-02-01;138,83;Geprueft
2024-02-02;138,82;Geprueft
2024-02-03;138,82;Geprueft
2024-02-04;138,81;Geprueft
2024-02-05;138,81;Geprueft
2024-02-06;138,81;Geprueft
2024-02-07;138,83;Geprueft
2024-02-08;138,83;Geprueft
2024-02-09;138,84;Geprueft
2024-02-10;138,84;Geprueft
2024-02-11;138,83;Geprueft
2024-02-12;138,81;Geprueft
2024-02-13;138,80;Geprueft
2024-02-14;138,83;Geprueft
2024-02-15;138,86;Geprueft
2024-02-16;138,88;Geprueft
2024-02-17;138,87;Geprueft
2024-02-18;138,89;Geprueft
2024-02-19;138,90;Geprueft
2024-02-20;138,91;Geprueft
2024-02-21;138,93;Geprueft
2024-02-22;138,97;Geprueft
2024-02-23;138,97;Geprueft
2024-02-24;138,97;Geprueft
2024-02-25;138,98;Geprueft
2024-02-26;139,00;Geprueft
2024-02-27;138,99;Geprueft
2024-02-28;138,99;Geprueft
2024-02-29;139,02;Geprueft
2024-03-01;139,04;Geprueft
2024-03-02;139,05;Geprueft
2024-03-03;139,07;Geprueft
2024-03-04;139,06;Geprueft
2024-03-05;139,06;Geprueft
2024-03-06;139,05;Geprueft
2024-03-07;139,06;Geprueft
2024-03-08;139,08;Geprueft
2024-03-09;139,09;Geprueft
2024-03-10;139,10;Geprueft
2024-03-11;139,07;Geprueft
2024-03-12;139,04;Geprueft
2024-03-13;139,04;Geprueft
2024-03-14;139,04;Geprueft
2024-03-15;139,04;Geprueft
2024-03-16;139,02;Geprueft
2024-03-17;139,01;Geprueft
2024-03-18;139,01;Geprueft
2024-03-19;139,00;Geprueft
2024-03-20;138,99;Geprueft
2024-03-21;138,98;Geprueft
2024-03-22;138,99;Geprueft
2024-03-23;139,00;Geprueft
2024-03-24;138,99;Geprueft
2024-03-25;138,99;Geprueft
2024-03-26;139,01;Geprueft
2024-03-27;139,02;Geprueft
2024-03-28;138,99;Geprueft
2024-03-29;138,97;Geprueft
2024-03-30;138,97;Geprueft
2024-03-31;138,98;Geprueft
2024-04-01;138,98;Geprueft
2024-04-02;138,95;Geprueft
2024-04-03;138,95;Geprueft
2024-04-04;138,94;Geprueft
2024-04-05;138,94;Geprueft
2024-04-06;138,94;Geprueft
2024-04-07;138,94;Geprueft
2024-04-08;138,96;Geprueft
2024-04-09;138,95;Geprueft
2024-04-10;138,91;Geprueft
2024-04-11;138,91;Geprueft
2024-04-12;138,91;Geprueft
2024-04-13;138,93;Geprueft
2024-04-14;138,94;Geprueft
2024-04-15;138,95;Geprueft
2024-04-16;138,94;Geprueft
2024-04-17;138,92;Geprueft
2024-04-18;138,90;Geprueft
2024-04-19;138,92;Geprueft
2024-04-20;138,89;Geprueft
2024-04-21;138,89;Geprueft
2024-04-22;138,90;Geprueft
2024-04-23;138,92;Geprueft
2024-04-24;138,95;Geprueft
2024-04-25;138,96;Geprueft
2024-04-26;138,96;Geprueft
2024-04-27;138,97;Geprueft
2024-04-28;138,96;Geprueft
2024-04-29;138,96;Geprueft
2024-04-30;138,98;Geprueft
2024-05-01;139,00;Geprueft
2024-05-02;139,01;Geprueft
2024-05-03;138,98;Geprueft
2024-05-04;138,99;Geprueft
2024-05-05;139,01;Geprueft
2024-05-06;139,01;Geprueft
2024-05-07;138,99;Geprueft
2024-05-08;138,97;Geprueft
2024-05-09;138,97;Geprueft
2024-05-10;138,99;Geprueft
2024-05-11;138,99;Geprueft
2024-05-12;138,99;Geprueft
2024-05-13;138,99;Geprueft
2024-05-14;139,00;Geprueft
2024-05-15;138,99;Geprueft
2024-05-16;138,98;Geprueft
2024-05-17;138,97;Geprueft
2024-05-18;138,95;Geprueft
2024-05-19;138,94;Geprueft
2024-05-20;138,93;Geprueft
2024-05-21;138,93;Geprueft
2024-05-22;138,92;Geprueft
2024-05-23;138,90;Geprueft
2024-05-24;138,89;Geprueft
2024-05-25;138,89;Geprueft
2024-05-26;138,88;Geprueft
2024-05-27;138,88;Geprueft
2024-05-28;138,87;Geprueft
2024-05-29;138,88;Geprueft
2024-05-30;138,89;Geprueft
2024-05-31;138,87;Geprueft
2024-06-01;138,86;Geprueft
2024-06-02;138,86;Geprueft
2024-06-03;138,89;Geprueft
2024-06-04;138,92;Geprueft
2024-06-05;138,94;Geprueft
2024-06-06;138,96;Geprueft
2024-06-07;138,98;Geprueft
2024-06-08;139,02;Geprueft
2024-06-09;139,05;Geprueft
2024-06-10;139,09;Geprueft
2024-06-11;139,11;Geprueft
2024-06-12;139,15;Geprueft
2024-06-13;139,18;Geprueft
2024-06-14;139,21;Geprueft
2024-06-15;139,23;Geprueft
2024-06-16;139,22;Geprueft
2024-06-17;139,20;Geprueft
2024-06-18;139,19;Geprueft
2024-06-19;139,17;Geprueft
2024-06-20;139,15;Geprueft
2024-06-21;139,15;Geprueft
2024-06-22;139,12;Geprueft
2024-06-23;139,10;Geprueft
2024-06-24;139,09;Geprueft
2024-06-25;139,09;Geprueft
2024-06-26;139,09;Geprueft
2024-06-27;139,07;Geprueft
2024-06-28;139,05;Geprueft
2024-06-29;139,04;Geprueft
2024-06-30;139,03;Geprueft
2024-07-01;139,00;Geprueft
2024-07-02;139,01;Rohdaten
2024-07-03;139,02;Rohdaten
2024-07-04;139,02;Rohdaten
2024-07-05;139,00;Rohdaten
2024-07-06;139,01;Rohdaten
2024-07-07;138,98;Rohdaten
2024-07-08;138,97;Rohdaten
2024-07-09;138,97;Rohdaten
2024-07-10;138,96;Rohdaten
2024-07-11;138,95;Rohdaten
2024-07-12;138,95;Rohdaten
2024-07-13;138,93;Rohdaten
2024-07-14;138,92;Rohdaten
2024-07-15;138,92;Rohdaten
2024-07-16;138,91;Rohdaten
2024-07-17;138,89;Rohdaten
2024-07-18;138,88;Rohdaten
2024-07-19;138,88;Rohdaten
2024-07-20;138,89;Rohdaten
2024-07-21;138,88;Rohdaten
2024-07-22;138,86;Rohdaten
2024-07-23;138,85;Rohdaten
2024-07-24;138,84;Rohdaten
2024-07-25;138,84;Rohdaten
2024-07-26;138,83;Rohdaten
2024-07-27;138,82;Rohdaten
2024-07-28;138,80;Rohdaten
2024-07-29;138,80;Rohdaten
2024-07-30;138,80;Rohdaten
2024-07-31;138,79;Rohdaten
2024-08-01;138,79;Rohdaten
2024-08-02;138,78;Rohdaten
2024-08-03;138,77;Rohdaten
2024-08-04;138,77;Rohdaten
2024-08-05;138,76;Rohdaten
2024-08-06;138,76;Rohdaten
2024-08-07;138,75;Rohdaten
2024-08-08;138,74;Rohdaten
2024-08-09;138,74;Rohdaten
2024-08-10;138,73;Rohdaten
2024-08-11;138,73;Rohdaten
2024-08-12;138,74;Rohdaten
2024-08-13;138,73;Rohdaten
2024-08-14;138,72;Rohdaten
2024-08-15;138,71;Rohdaten
2024-08-16;138,71;Rohdaten
2024-08-17;138,70;Rohdaten
2024-08-18;138,70;Rohdaten
2024-08-19;138,69;Rohdaten
2024-08-20;138,69;Rohdaten
2024-08-21;138,67;Rohdaten
2024-08-22;138,67;Rohdaten
2024-08-23;138,67;Rohdaten
2024-08-24;138,67;Rohdaten
2024-08-25;138,64;Rohdaten
2024-08-26;138,64;Rohdaten
2024-08-27;138,64;Rohdaten
2024-08-28;138,64;Rohdaten
2024-08-29;138,63;Rohdaten
2024-08-30;138,62;Rohdaten
2024-08-31;138,62;Rohdaten
2024-09-01;138,61;Rohdaten
2024-09-02;138,61;Rohdaten
2024-09-03;138,60;Rohdaten
2024-09-04;138,59;Rohdaten
2024-09-05;138,60;Rohdaten
2024-09-06;138,58;Rohdaten
2024-09-07;138,58;Rohdaten
2024-09-08;138,57;Rohdaten
2024-09-09;138,57;Rohdaten
2024-09-10;138,55;Rohdaten
2024-09-11;138,55;Rohdaten
2024-09-12;138,55;Rohdaten
2024-09-13;138,55;Rohdaten
2024-09-14;138,55;Rohdaten
2024-09-15;138,55;Rohdaten
2024-09-16;138,55;Rohdaten
2024-09-17;138,55;Rohdaten
2024-09-18;138,53;Rohdaten
2024-09-19;138,50;Rohdaten
2024-09-20;138,50;Rohdaten
2024-09-21;138,50;Rohdaten
2024-09-22;138,50;Rohdaten
2024-09-23;138,50;Rohdaten
2024-09-24;138,50;Rohdaten
2024-09-25;138,50;Rohdaten
2024-09-26;138,50;Rohdaten
2024-09-27;138,50;Rohdaten
2024-09-28;138,50;Rohdaten
2024-09-29;138,50;Rohdaten
2024-09-30;138,50;Rohdaten
