﻿Quelle:;"Bayerisches Landesamt für Umwelt, www.gkd.bayern.de"
Datenbankabfrage:;"08.10.2024 21:51"
Zeitbezug:;MEZ
Messstellen-Name:;"Kleinheubach Q 2"
Messstellen-Nr.:;4178
Ostwert:;515322;Nordwert:;5506499;"ETRS89 / UTM Zone 32N"

Datum;"Grundwasserstand [m ü. NN]";Prüfstatus
2024-01-01;125,72;Geprueft
2024-01-02;125,77;Geprueft
2024-01-03;125,78;Geprueft
2024-01-04;125,77;Geprueft
2024-01-05;125,78;Geprueft
2024-01-06;125,77;Geprueft
2024-01-07;125,72;Geprueft
2024-01-08;125,62;Geprueft
2024-01-09;125,71;Geprueft
2024-01-10;125,75;Geprueft
2024-01-11;125,75;Geprueft
2024-01-12;125,76;Geprueft
2024-01-13;125,80;Geprueft
2024-01-14;125,81;Geprueft
2024-01-15;125,79;Geprueft
2024-01-16;125,79;Geprueft
2024-01-17;125,80;Geprueft
2024-01-18;125,76;Geprueft
2024-01-19;125,73;Geprueft
2024-01-20;125,71;Geprueft
2024-01-21;125,69;Geprueft
2024-01-22;125,69;Geprueft
2024-01-23;125,67;Geprueft
2024-01-24;125,65;Geprueft
2024-01-25;125,63;Geprueft
2024-01-26;125,66;Geprueft
2024-01-27;;Geprueft
2024-01-28;;Geprueft
2024-01-29;;Geprueft
2024-01-30;;Geprueft
2024-01-31;;Geprueft
2024-02-01;;Geprueft
2024-02-02;;Geprueft
2024-02-03;;Geprueft
2024-02-04;;Geprueft
2024-02-05;;Geprueft
2024-02-06;;Geprueft
2024-02-07;;Geprueft
2024-02-08;;Geprueft
2024-02-09;;Geprueft
2024-02-10;;Geprueft
2024-02-11;;Geprueft
2024-02-12;125,92;Geprueft
2024-02-13;125,94;Geprueft
2024-02-14;125,96;Geprueft
2024-02-15;125,97;Geprueft
2024-02-16;125,96;Geprueft
2024-02-17;125,94;Geprueft
2024-02-18;125,96;Geprueft
2024-02-19;125,97;Geprueft
2024-02-20;125,97;Geprueft
2024-02-21;125,97;Geprueft
2024-02-22;125,99;Geprueft
2024-02-23;125,97;Geprueft
2024-02-24;125,97;Geprueft
2024-02-25;125,97;Geprueft
2024-02-26;125,97;Geprueft
2024-02-27;125,96;Geprueft
2024-02-28;125,95;Geprueft
2024-02-29;125,96;Geprueft
2024-03-01;125,96;Geprueft
2024-03-02;125,97;Geprueft
2024-03-03;125,98;Geprueft
2024-03-04;125,97;Geprueft
2024-03-05;125,97;Geprueft
2024-03-06;125,97;Geprueft
2024-03-07;125,98;Geprueft
2024-03-08;125,99;Geprueft
2024-03-09;125,99;Geprueft
2024-03-10;125,99;Geprueft
2024-03-11;125,97;Geprueft
2024-03-12;125,96;Geprueft
2024-03-13;125,96;Geprueft
2024-03-14;125,97;Geprueft
2024-03-15;125,99;Geprueft
2024-03-16;125,99;Geprueft
2024-03-17;126,00;Geprueft
2024-03-18;126,02;Geprueft
2024-03-19;126,02;Geprueft
2024-03-20;126,03;Geprueft
2024-03-21;126,03;Geprueft
2024-03-22;126,05;Geprueft
2024-03-23;126,05;Geprueft
2024-03-24;126,06;Geprueft
2024-03-25;126,07;Geprueft
2024-03-26;126,09;Geprueft
2024-03-27;126,09;Geprueft
2024-03-28;126,08;Geprueft
2024-03-29;126,08;Geprueft
2024-03-30;126,10;Geprueft
2024-03-31;126,11;Geprueft
2024-04-01;126,12;Geprueft
2024-04-02;126,12;Geprueft
2024-04-03;126,13;Geprueft
2024-04-04;126,13;Geprueft
2024-04-05;126,13;Geprueft
2024-04-06;126,13;Geprueft
2024-04-07;126,14;Geprueft
2024-04-08;126,15;Geprueft
2024-04-09;126,14;Geprueft
2024-04-10;126,12;Geprueft
2024-04-11;126,13;Geprueft
2024-04-12;126,14;Geprueft
2024-04-13;126,14;Geprueft
2024-04-14;126,15;Geprueft
2024-04-15;126,16;Geprueft
2024-04-16;126,16;Geprueft
2024-04-17;126,16;Geprueft
2024-04-18;126,15;Geprueft
2024-04-19;126,17;Geprueft
2024-04-20;126,15;Geprueft
2024-04-21;126,16;Geprueft
2024-04-22;126,17;Geprueft
2024-04-23;126,18;Geprueft
2024-04-24;126,19;Geprueft
2024-04-25;126,20;Geprueft
2024-04-26;126,20;Geprueft
2024-04-27;126,20;Geprueft
2024-04-28;126,19;Geprueft
2024-04-29;126,19;Geprueft
2024-04-30;126,20;Geprueft
2024-05-01;126,21;Geprueft
2024-05-02;126,22;Geprueft
2024-05-03;126,19;Geprueft
2024-05-04;126,21;Geprueft
2024-05-05;126,22;Geprueft
2024-05-06;126,22;Geprueft
2024-05-07;126,21;Geprueft
2024-05-08;126,21;Geprueft
2024-05-09;126,22;Geprueft
2024-05-10;126,23;Geprueft
2024-05-11;126,24;Geprueft
2024-05-12;126,24;Geprueft
2024-05-13;126,25;Geprueft
2024-05-14;126,25;Geprueft
2024-05-15;126,24;Geprueft
2024-05-16;126,25;Geprueft
2024-05-17;126,25;Geprueft
2024-05-18;126,24;Geprueft
2024-05-19;126,25;Geprueft
2024-05-20;126,26;Geprueft
2024-05-21;126,28;Geprueft
2024-05-22;126,27;Geprueft
2024-05-23;126,27;Geprueft
2024-05-24;126,27;Geprueft
2024-05-25;126,27;Geprueft
2024-05-26;126,28;Geprueft
2024-05-27;126,29;Geprueft
2024-05-28;126,29;Geprueft
2024-05-29;126,30;Geprueft
2024-05-30;126,31;Geprueft
2024-05-31;126,31;Geprueft
2024-06-01;126,31;Rohdaten
2024-06-02;126,31;Rohdaten
2024-06-03;126,32;Rohdaten
2024-06-04;126,33;Rohdaten
2024-06-05;126,32;Rohdaten
2024-06-06;126,32;Rohdaten
2024-06-07;126,31;Rohdaten
2024-06-08;126,32;Rohdaten
2024-06-09;126,32;Rohdaten
2024-06-10;126,32;Rohdaten
2024-06-11;126,30;Rohdaten
2024-06-12;126,29;Rohdaten
2024-06-13;126,30;Rohdaten
2024-06-14;126,31;Rohdaten
2024-06-15;126,31;Rohdaten
2024-06-16;126,31;Rohdaten
2024-06-17;126,32;Rohdaten
2024-06-18;126,33;Rohdaten
2024-06-19;126,32;Rohdaten
2024-06-20;126,32;Rohdaten
2024-06-21;126,33;Rohdaten
2024-06-22;126,33;Rohdaten
2024-06-23;126,32;Rohdaten
2024-06-24;126,33;Rohdaten
2024-06-25;126,33;Rohdaten
2024-06-26;126,33;Rohdaten
2024-06-27;126,33;Rohdaten
2024-06-28;126,31;Rohdaten
2024-06-29;126,31;Rohdaten
2024-06-30;126,30;Rohdaten
2024-07-01;126,31;Rohdaten
2024-07-02;126,32;Rohdaten
2024-07-03;126,34;Rohdaten
2024-07-04;126,34;Rohdaten
2024-07-05;126,34;Rohdaten
2024-07-06;126,35;Rohdaten
2024-07-07;126,34;Rohdaten
2024-07-08;126,34;Rohdaten
2024-07-09;126,35;Rohdaten
2024-07-10;126,34;Rohdaten
2024-07-11;126,33;Rohdaten
2024-07-12;126,34;Rohdaten
2024-07-13;126,34;Rohdaten
2024-07-14;126,34;Rohdaten
2024-07-15;126,35;Rohdaten
2024-07-16;126,34;Rohdaten
2024-07-17;126,34;Rohdaten
2024-07-18;126,34;Rohdaten
2024-07-19;126,35;Rohdaten
2024-07-20;126,35;Rohdaten
2024-07-21;126,35;Rohdaten
2024-07-22;126,33;Rohdaten
2024-07-23;126,34;Rohdaten
2024-07-24;126,34;Rohdaten
2024-07-25;126,34;Rohdaten
2024-07-26;126,34;Rohdaten
2024-07-27;126,33;Rohdaten
2024-07-28;126,33;Rohdaten
2024-07-29;126,35;Rohdaten
2024-07-30;126,36;Rohdaten
2024-07-31;126,36;Rohdaten
2024-08-01;126,35;Rohdaten
2024-08-02;126,35;Rohdaten
2024-08-03;126,34;Rohdaten
2024-08-04;126,34;Rohdaten
2024-08-05;126,35;Rohdaten
2024-08-06;126,36;Rohdaten
2024-08-07;126,35;Rohdaten
2024-08-08;126,34;Rohdaten
2024-08-09;126,34;Rohdaten
2024-08-10;126,33;Rohdaten
2024-08-11;126,33;Rohdaten
2024-08-12;126,35;Rohdaten
2024-08-13;126,35;Rohdaten
2024-08-14;126,33;Rohdaten
2024-09-11;126,30;Rohdaten
2024-09-12;126,29;Rohdaten
2024-09-13;126,27;Rohdaten
2024-09-14;126,28;Rohdaten
2024-09-15;126,29;Rohdaten
2024-09-16;126,30;Rohdaten
2024-09-17;126,30;Rohdaten
2024-09-18;126,30;Rohdaten
2024-09-19;126,30;Rohdaten
2024-09-20;126,30;Rohdaten
2024-09-21;126,30;Rohdaten
2024-09-22;126,31;Rohdaten
2024-09-23;126,32;Rohdaten
2024-09-24;126,33;Rohdaten
2024-09-25;126,33;Rohdaten
2024-09-26;126,34;Rohdaten
2024-09-27;126,33;Rohdaten
2024-09-28;126,31;Rohdaten
2024-09-29;126,32;Rohdaten
2024-09-30;126,35;Rohdaten
