﻿Quelle:;"Bayerisches Landesamt für Umwelt, www.gkd.bayern.de"
Datenbankabfrage:;"08.10.2024 21:51"
Zeitbezug:;MEZ
Messstellen-Name:;"MAINASCHAFF MA 1"
Messstellen-Nr.:;4615
Ostwert:;505013;Nordwert:;5536819;"ETRS89 / UTM Zone 32N"

Datum;"Grundwasserstand [m ü. NN]";Prüfstatus
2024-01-01;109,19;Rohdaten
2024-01-02;109,19;Rohdaten
2024-01-03;109,21;Rohdaten
2024-01-04;109,22;Rohdaten
2024-01-05;109,24;Rohdaten
2024-01-06;109,25;Rohdaten
2024-01-07;109,26;Rohdaten
2024-01-08;109,26;Rohdaten
2024-01-09;109,26;Rohdaten
2024-01-10;109,26;Rohdaten
2024-01-11;109,25;Rohdaten
2024-01-12;109,24;Rohdaten
2024-01-13;109,23;Rohdaten
2024-01-14;109,22;Rohdaten
2024-01-15;109,22;Rohdaten
2024-01-16;109,21;Rohdaten
2024-01-17;109,21;Rohdaten
2024-01-18;109,21;Rohdaten
2024-01-19;109,21;Rohdaten
2024-01-20;109,20;Rohdaten
2024-01-21;109,20;Rohdaten
2024-01-22;109,20;Rohdaten
2024-01-23;109,21;Rohdaten
2024-01-24;109,21;Rohdaten
2024-01-25;109,21;Rohdaten
2024-01-26;109,21;Rohdaten
2024-01-27;109,21;Rohdaten
2024-01-28;109,22;Rohdaten
2024-01-29;109,22;Rohdaten
2024-01-30;109,21;Rohdaten
2024-01-31;109,21;Rohdaten
2024-02-01;109,21;Rohdaten
2024-02-02;109,21;Rohdaten
2024-02-03;109,21;Rohdaten
2024-02-04;109,21;Rohdaten
2024-02-05;109,21;Rohdaten
2024-02-06;109,21;Rohdaten
2024-02-07;109,21;Rohdaten
2024-02-08;109,25;Rohdaten
2024-02-09;109,27;Rohdaten
2024-02-10;109,28;Rohdaten
2024-02-11;109,29;Rohdaten
2024-02-12;109,29;Rohdaten
2024-02-13;109,30;Rohdaten
2024-02-14;109,30;Rohdaten
2024-02-15;109,31;Rohdaten
2024-02-16;109,31;Rohdaten
2024-02-17;109,30;Rohdaten
2024-02-18;109,29;Rohdaten
2024-02-19;109,29;Rohdaten
2024-02-20;109,29;Rohdaten
2024-02-21;109,29;Rohdaten
2024-02-22;109,31;Rohdaten
2024-02-23;109,33;Rohdaten
2024-02-24;109,33;Rohdaten
2024-02-25;109,34;Rohdaten
2024-02-26;109,34;Rohdaten
2024-02-27;109,34;Rohdaten
2024-02-28;109,33;Rohdaten
2024-02-29;109,33;Rohdaten
2024-03-01;109,32;Rohdaten
2024-03-02;109,32;Rohdaten
2024-03-03;109,32;Rohdaten
2024-03-04;109,31;Rohdaten
2024-03-05;109,30;Rohdaten
2024-03-06;109,30;Rohdaten
2024-03-07;109,29;Rohdaten
2024-03-08;109,29;Rohdaten
2024-03-09;109,29;Rohdaten
2024-03-10;109,29;Rohdaten
2024-03-11;109,29;Rohdaten
2024-03-12;109,28;Rohdaten
2024-03-13;109,28;Rohdaten
2024-03-14;109,28;Rohdaten
2024-03-15;109,27;Rohdaten
2024-03-16;109,27;Rohdaten
2024-03-17;109,27;Rohdaten
2024-03-18;109,27;Rohdaten
2024-03-19;109,27;Rohdaten
2024-03-20;109,27;Rohdaten
2024-03-21;109,26;Rohdaten
2024-03-22;109,26;Rohdaten
2024-03-23;109,26;Rohdaten
2024-03-24;109,26;Rohdaten
2024-03-25;109,27;Rohdaten
2024-03-26;109,27;Rohdaten
2024-03-27;109,27;Rohdaten
2024-03-28;109,27;Rohdaten
2024-03-29;109,27;Rohdaten
2024-03-30;109,26;Rohdaten
2024-03-31;109,27;Rohdaten
2024-04-01;109,27;Rohdaten
2024-04-02;109,26;Rohdaten
2024-04-03;109,26;Rohdaten
2024-04-04;109,26;Rohdaten
2024-04-05;109,26;Rohdaten
2024-04-06;109,27;Rohdaten
2024-04-07;109,27;Rohdaten
2024-04-08;109,27;Rohdaten
2024-04-09;109,27;Rohdaten
2024-04-10;109,26;Rohdaten
2024-04-11;109,26;Rohdaten
2024-04-12;109,27;Rohdaten
2024-04-13;109,27;Rohdaten
2024-04-14;109,27;Rohdaten
2024-04-15;109,28;Rohdaten
2024-04-16;109,28;Rohdaten
2024-04-17;109,29;Rohdaten
2024-04-18;109,29;Rohdaten
2024-04-19;109,29;Rohdaten
2024-04-20;109,29;Rohdaten
2024-04-21;109,29;Rohdaten
2024-04-22;109,30;Rohdaten
2024-04-23;109,30;Rohdaten
2024-04-24;109,30;Rohdaten
2024-04-25;109,30;Rohdaten
2024-04-26;109,30;Rohdaten
2024-04-27;109,30;Rohdaten
2024-04-28;109,29;Rohdaten
2024-04-29;109,29;Rohdaten
2024-04-30;109,28;Rohdaten
2024-05-01;109,28;Rohdaten
2024-05-02;109,28;Rohdaten
2024-05-03;109,29;Rohdaten
2024-05-04;109,29;Rohdaten
2024-05-05;109,29;Rohdaten
2024-05-06;109,30;Rohdaten
2024-05-07;109,31;Rohdaten
2024-05-08;109,31;Rohdaten
2024-05-09;109,32;Rohdaten
2024-05-10;109,32;Rohdaten
2024-05-11;109,31;Rohdaten
2024-05-12;109,31;Rohdaten
2024-05-13;109,31;Rohdaten
2024-05-14;109,30;Rohdaten
2024-05-15;109,30;Rohdaten
2024-05-16;109,30;Rohdaten
2024-05-17;109,29;Rohdaten
2024-05-18;109,29;Rohdaten
2024-05-19;109,29;Rohdaten
2024-05-20;109,29;Rohdaten
2024-05-21;109,29;Rohdaten
2024-05-22;109,28;Rohdaten
2024-05-23;109,28;Rohdaten
2024-05-24;109,29;Rohdaten
2024-05-25;109,30;Rohdaten
2024-05-26;109,31;Rohdaten
2024-05-27;109,31;Rohdaten
2024-05-28;109,31;Rohdaten
2024-05-29;109,31;Rohdaten
2024-05-30;109,31;Rohdaten
2024-05-31;109,33;Rohdaten
2024-06-01;109,35;Rohdaten
2024-06-02;109,36;Rohdaten
2024-06-03;109,38;Rohdaten
2024-06-04;109,39;Rohdaten
2024-06-05;109,39;Rohdaten
2024-06-06;109,39;Rohdaten
2024-06-07;109,39;Rohdaten
2024-06-08;109,39;Rohdaten
2024-06-09;109,38;Rohdaten
2024-06-10;109,37;Rohdaten
2024-06-11;109,37;Rohdaten
2024-06-12;109,36;Rohdaten
2024-06-13;109,35;Rohdaten
2024-06-14;109,35;Rohdaten
2024-06-15;109,34;Rohdaten
2024-06-16;109,34;Rohdaten
2024-06-17;109,33;Rohdaten
2024-06-18;109,33;Rohdaten
2024-06-19;109,33;Rohdaten
2024-06-20;109,32;Rohdaten
2024-06-21;109,32;Rohdaten
2024-06-22;109,33;Rohdaten
2024-06-23;109,33;Rohdaten
2024-06-24;109,33;Rohdaten
2024-06-25;109,32;Rohdaten
2024-06-26;109,32;Rohdaten
2024-06-27;109,32;Rohdaten
2024-06-28;109,32;Rohdaten
2024-06-29;109,32;Rohdaten
2024-06-30;109,32;Rohdaten
2024-07-01;109,31;Rohdaten
2024-07-02;109,31;Rohdaten
2024-07-03;109,32;Rohdaten
2024-07-04;109,32;Rohdaten
2024-07-05;109,32;Rohdaten
2024-07-06;109,32;Rohdaten
2024-07-07;109,31;Rohdaten
2024-07-08;109,31;Rohdaten
2024-07-09;109,31;Rohdaten
2024-07-10;109,30;Rohdaten
2024-07-11;109,30;Rohdaten
2024-07-12;109,31;Rohdaten
2024-07-13;109,31;Rohdaten
2024-07-14;109,31;Rohdaten
2024-07-15;109,31;Rohdaten
2024-07-16;109,31;Rohdaten
2024-07-17;109,31;Rohdaten
2024-07-18;109,30;Rohdaten
2024-07-19;109,30;Rohdaten
2024-07-20;109,30;Rohdaten
2024-07-21;109,29;Rohdaten
2024-07-22;109,29;Rohdaten
2024-07-23;109,29;Rohdaten
2024-07-24;109,29;Rohdaten
2024-07-25;109,28;Rohdaten
2024-07-26;109,28;Rohdaten
2024-07-27;109,28;Rohdaten
2024-07-28;109,30;Rohdaten
2024-07-29;109,30;Rohdaten
2024-07-30;109,31;Rohdaten
2024-07-31;109,31;Rohdaten
2024-08-01;109,31;Rohdaten
2024-08-02;109,31;Rohdaten
2024-08-03;109,31;Rohdaten
2024-08-04;109,30;Rohdaten
2024-08-05;109,30;Rohdaten
2024-08-06;109,30;Rohdaten
2024-08-07;109,30;Rohdaten
2024-08-08;109,30;Rohdaten
2024-08-09;109,29;Rohdaten
2024-08-10;109,29;Rohdaten
2024-08-11;109,29;Rohdaten
2024-08-12;109,28;Rohdaten
2024-08-13;109,28;Rohdaten
2024-08-14;109,28;Rohdaten
2024-08-15;109,27;Rohdaten
2024-08-16;109,27;Rohdaten
2024-08-17;109,26;Rohdaten
2024-08-18;109,26;Rohdaten
2024-08-19;109,26;Rohdaten
2024-08-20;109,26;Rohdaten
2024-08-21;109,26;Rohdaten
2024-08-22;109,26;Rohdaten
2024-08-23;109,25;Rohdaten
2024-08-24;109,25;Rohdaten
2024-08-25;109,24;Rohdaten
2024-08-26;109,24;Rohdaten
2024-08-27;109,24;Rohdaten
2024-08-28;109,23;Rohdaten
2024-08-29;109,23;Rohdaten
2024-08-30;109,23;Rohdaten
2024-08-31;109,22;Rohdaten
2024-09-01;109,22;Rohdaten
2024-09-02;109,22;Rohdaten
2024-09-03;109,21;Rohdaten
2024-09-04;109,21;Rohdaten
2024-09-05;109,21;Rohdaten
2024-09-06;109,21;Rohdaten
2024-09-07;109,20;Rohdaten
2024-09-08;109,20;Rohdaten
2024-09-09;109,20;Rohdaten
2024-09-10;109,20;Rohdaten
2024-09-11;109,20;Rohdaten
2024-09-12;109,20;Rohdaten
2024-09-13;109,20;Rohdaten
2024-09-14;109,20;Rohdaten
2024-09-15;109,20;Rohdaten
2024-09-16;109,19;Rohdaten
2024-09-17;109,19;Rohdaten
2024-09-18;109,19;Rohdaten
2024-09-19;109,19;Rohdaten
2024-09-20;109,19;Rohdaten
2024-09-21;109,18;Rohdaten
2024-09-22;109,18;Rohdaten
2024-09-23;109,18;Rohdaten
2024-09-24;109,18;Rohdaten
2024-09-25;109,18;Rohdaten
2024-09-26;109,18;Rohdaten
2024-09-27;109,19;Rohdaten
2024-09-28;109,19;Rohdaten
2024-09-29;109,19;Rohdaten
2024-09-30;109,19;Rohdaten
