﻿Quelle:;"Bayerisches Landesamt für Umwelt, www.gkd.bayern.de"
Datenbankabfrage:;"08.10.2024 21:51"
Zeitbezug:;MEZ
Messstellen-Name:;Miltenberg-Brücke
Messstellen-Nr.:;4621
Ostwert:;518516;Nordwert:;5505554;"ETRS89 / UTM Zone 32N"

Datum;"Grundwasserstand [m ü. NN]";Prüfstatus
2024-01-01;124,25;Geprueft
2024-01-02;124,30;Geprueft
2024-01-03;124,42;Geprueft
2024-01-04;124,49;Geprueft
2024-01-05;124,51;Geprueft
2024-01-06;124,48;Geprueft
2024-01-07;124,46;Geprueft
2024-01-08;124,41;Geprueft
2024-01-09;124,34;Geprueft
2024-01-10;124,30;Geprueft
2024-01-11;124,26;Geprueft
2024-01-12;124,23;Geprueft
2024-01-13;124,24;Geprueft
2024-01-14;124,23;Geprueft
2024-01-15;124,22;Geprueft
2024-01-16;124,21;Geprueft
2024-01-17;124,22;Geprueft
2024-01-18;124,21;Geprueft
2024-01-19;124,21;Geprueft
2024-01-20;124,22;Geprueft
2024-01-21;124,21;Geprueft
2024-01-22;124,23;Geprueft
2024-01-23;124,26;Geprueft
2024-01-24;124,27;Geprueft
2024-01-25;124,28;Geprueft
2024-01-26;124,28;Geprueft
2024-01-27;124,27;Geprueft
2024-01-28;124,26;Geprueft
2024-01-29;124,25;Geprueft
2024-01-30;124,24;Geprueft
2024-01-31;124,23;Geprueft
2024-02-01;124,23;Geprueft
2024-02-02;124,23;Geprueft
2024-02-03;124,23;Geprueft
2024-02-04;124,23;Geprueft
2024-02-05;124,23;Geprueft
2024-02-06;124,24;Geprueft
2024-02-07;124,25;Geprueft
2024-02-08;124,30;Geprueft
2024-02-09;124,36;Geprueft
2024-02-10;124,40;Geprueft
2024-02-11;124,43;Geprueft
2024-02-12;124,44;Geprueft
2024-02-13;124,42;Geprueft
2024-02-14;124,39;Geprueft
2024-02-15;124,36;Geprueft
2024-02-16;124,33;Geprueft
2024-02-17;124,31;Geprueft
2024-02-18;124,30;Geprueft
2024-02-19;124,29;Geprueft
2024-02-20;124,28;Geprueft
2024-02-21;124,29;Geprueft
2024-02-22;124,37;Geprueft
2024-02-23;124,37;Geprueft
2024-02-24;124,35;Geprueft
2024-02-25;124,34;Geprueft
2024-02-26;124,32;Geprueft
2024-02-27;124,29;Geprueft
2024-02-28;124,27;Geprueft
2024-02-29;124,27;Geprueft
2024-03-01;124,26;Geprueft
2024-03-02;124,26;Geprueft
2024-03-03;124,25;Geprueft
2024-03-04;124,24;Geprueft
2024-03-05;124,24;Geprueft
2024-03-06;124,23;Geprueft
2024-03-07;124,23;Geprueft
2024-03-08;124,23;Geprueft
2024-03-09;124,24;Geprueft
2024-03-10;124,24;Geprueft
2024-03-11;124,24;Geprueft
2024-03-12;124,23;Geprueft
2024-03-13;124,23;Geprueft
2024-03-14;124,23;Geprueft
2024-03-15;124,22;Geprueft
2024-03-16;124,22;Geprueft
2024-03-17;124,22;Geprueft
2024-03-18;124,22;Geprueft
2024-03-19;124,22;Geprueft
2024-03-20;124,23;Geprueft
2024-03-21;124,21;Geprueft
2024-03-22;124,23;Geprueft
2024-03-23;124,22;Geprueft
2024-03-24;124,21;Geprueft
2024-03-25;124,22;Geprueft
2024-03-26;124,23;Geprueft
2024-03-27;124,22;Geprueft
2024-03-28;124,22;Geprueft
2024-03-29;124,23;Geprueft
2024-03-30;124,24;Geprueft
2024-03-31;124,23;Geprueft
2024-04-01;124,23;Geprueft
2024-04-02;124,23;Geprueft
2024-04-03;124,23;Geprueft
2024-04-04;124,22;Geprueft
2024-04-05;124,24;Geprueft
2024-04-06;124,24;Geprueft
2024-04-07;124,23;Geprueft
2024-04-08;124,23;Geprueft
2024-04-09;124,22;Geprueft
2024-04-10;124,21;Geprueft
2024-04-11;124,21;Geprueft
2024-04-12;124,21;Geprueft
2024-04-13;124,21;Geprueft
2024-04-14;124,21;Geprueft
2024-04-15;124,21;Geprueft
2024-04-16;124,22;Geprueft
2024-04-17;124,23;Geprueft
2024-04-18;124,22;Geprueft
2024-04-19;124,24;Geprueft
2024-04-20;124,26;Geprueft
2024-04-21;124,27;Geprueft
2024-04-22;124,28;Geprueft
2024-04-23;124,26;Geprueft
2024-04-24;124,26;Geprueft
2024-04-25;124,25;Geprueft
2024-04-26;124,24;Geprueft
2024-04-27;124,23;Geprueft
2024-04-28;124,22;Geprueft
2024-04-29;124,22;Geprueft
2024-04-30;124,23;Geprueft
2024-05-01;124,24;Geprueft
2024-05-02;124,23;Geprueft
2024-05-03;124,23;Geprueft
2024-05-04;124,23;Geprueft
2024-05-05;124,24;Geprueft
2024-05-06;124,23;Geprueft
2024-05-07;124,23;Geprueft
2024-05-08;124,23;Geprueft
2024-05-09;124,23;Geprueft
2024-05-10;124,23;Geprueft
2024-05-11;124,23;Geprueft
2024-05-12;124,23;Geprueft
2024-05-13;124,23;Geprueft
2024-05-14;124,23;Geprueft
2024-05-15;124,23;Geprueft
2024-05-16;124,22;Geprueft
2024-05-17;124,22;Geprueft
2024-05-18;124,23;Geprueft
2024-05-19;124,23;Geprueft
2024-05-20;124,23;Geprueft
2024-05-21;124,23;Geprueft
2024-05-22;124,23;Geprueft
2024-05-23;124,23;Geprueft
2024-05-24;124,28;Geprueft
2024-05-25;124,26;Geprueft
2024-05-26;124,25;Geprueft
2024-05-27;124,24;Geprueft
2024-05-28;124,23;Geprueft
2024-05-29;124,23;Geprueft
2024-05-30;124,25;Geprueft
2024-05-31;124,24;Geprueft
2024-06-01;124,28;Geprueft
2024-06-02;124,35;Geprueft
2024-06-03;124,36;Geprueft
2024-06-04;124,36;Geprueft
2024-06-05;124,35;Geprueft
2024-06-06;124,31;Geprueft
2024-06-07;124,28;Geprueft
2024-06-08;124,27;Geprueft
2024-06-09;124,25;Geprueft
2024-06-10;124,24;Geprueft
2024-06-11;124,24;Geprueft
2024-06-12;124,24;Geprueft
2024-06-13;124,24;Geprueft
2024-06-14;124,24;Geprueft
2024-06-15;124,24;Geprueft
2024-06-16;124,24;Geprueft
2024-06-17;124,24;Geprueft
2024-06-18;124,23;Geprueft
2024-06-19;124,23;Geprueft
2024-06-20;124,24;Geprueft
2024-06-21;124,25;Geprueft
2024-06-22;124,23;Geprueft
2024-06-23;124,23;Geprueft
2024-06-24;124,24;Geprueft
2024-06-25;124,23;Geprueft
2024-06-26;124,23;Geprueft
2024-06-27;124,24;Geprueft
2024-06-28;124,23;Geprueft
2024-06-29;124,22;Geprueft
2024-06-30;124,26;Geprueft
2024-07-01;124,30;Geprueft
2024-07-02;124,29;Geprueft
2024-07-03;124,28;Geprueft
2024-07-04;124,29;Geprueft
2024-07-05;124,26;Geprueft
2024-07-06;124,26;Geprueft
2024-07-07;124,24;Geprueft
2024-07-08;124,25;Geprueft
2024-07-09;124,25;Geprueft
2024-07-10;124,24;Geprueft
2024-07-11;124,25;Geprueft
2024-07-12;124,28;Geprueft
2024-07-13;124,27;Geprueft
2024-07-14;124,26;Geprueft
2024-07-15;124,25;Geprueft
2024-07-16;124,26;Geprueft
2024-07-17;124,25;Geprueft
2024-07-18;124,24;Geprueft
2024-07-19;124,26;Geprueft
2024-07-20;124,25;Geprueft
2024-07-21;124,25;Geprueft
2024-07-22;124,24;Geprueft
2024-07-23;124,25;Geprueft
2024-07-24;124,24;Geprueft
2024-07-25;124,24;Geprueft
2024-07-26;124,25;Geprueft
2024-07-27;124,29;Geprueft
2024-07-28;124,28;Geprueft
2024-07-29;124,27;Geprueft
2024-07-30;124,26;Geprueft
2024-07-31;124,26;Geprueft
2024-08-01;124,26;Geprueft
2024-08-02;124,26;Geprueft
2024-08-03;124,26;Geprueft
2024-08-04;124,26;Geprueft
2024-08-05;124,25;Geprueft
2024-08-06;124,25;Geprueft
2024-08-07;124,25;Geprueft
2024-08-08;124,25;Geprueft
2024-08-09;124,25;Geprueft
2024-08-10;124,25;Geprueft
2024-08-11;124,24;Rohdaten
2024-08-12;124,25;Rohdaten
2024-08-13;124,26;Rohdaten
2024-08-14;124,25;Rohdaten
2024-08-15;124,26;Rohdaten
2024-08-16;124,25;Rohdaten
2024-08-17;124,24;Rohdaten
2024-08-18;124,26;Rohdaten
2024-08-19;124,26;Rohdaten
2024-08-20;124,25;Rohdaten
2024-08-21;124,25;Rohdaten
2024-08-22;124,25;Rohdaten
2024-08-23;124,25;Rohdaten
2024-08-24;124,25;Rohdaten
2024-08-25;124,25;Rohdaten
2024-08-26;124,25;Rohdaten
2024-08-27;124,25;Rohdaten
2024-08-28;124,26;Rohdaten
2024-08-29;124,25;Rohdaten
2024-08-30;124,25;Rohdaten
2024-08-31;124,25;Rohdaten
2024-09-01;124,25;Rohdaten
2024-09-02;124,25;Rohdaten
2024-09-03;124,25;Rohdaten
2024-09-04;124,25;Rohdaten
2024-09-05;124,24;Rohdaten
2024-09-06;124,23;Rohdaten
2024-09-07;124,25;Rohdaten
2024-09-08;124,25;Rohdaten
2024-09-09;124,26;Rohdaten
2024-09-10;124,27;Rohdaten
2024-09-11;124,26;Rohdaten
2024-09-12;124,26;Rohdaten
2024-09-13;124,26;Rohdaten
2024-09-14;124,25;Rohdaten
2024-09-15;124,26;Rohdaten
2024-09-16;124,26;Rohdaten
2024-09-17;124,26;Rohdaten
2024-09-18;124,27;Rohdaten
2024-09-19;124,26;Rohdaten
2024-09-20;124,26;Rohdaten
2024-09-21;124,26;Rohdaten
2024-09-22;124,25;Rohdaten
2024-09-23;124,25;Rohdaten
2024-09-24;124,26;Rohdaten
2024-09-25;124,25;Rohdaten
2024-09-26;124,28;Rohdaten
2024-09-27;124,28;Rohdaten
2024-09-28;124,27;Rohdaten
2024-09-29;124,28;Rohdaten
2024-09-30;124,27;Rohdaten
