﻿Quelle:;"Bayerisches Landesamt für Umwelt, www.gkd.bayern.de"
Datenbankabfrage:;"08.10.2024 21:51"
Zeitbezug:;MEZ
Messstellen-Name:;"Miltenberg-West PB2"
Messstellen-Nr.:;4626
Ostwert:;516375;Nordwert:;5505548;"ETRS89 / UTM Zone 32N"

Datum;"Grundwasserstand [m ü. NN]";Prüfstatus
2024-01-01;126,00;Geprueft
2024-01-02;126,03;Geprueft
2024-01-03;126,22;Geprueft
2024-01-04;126,31;Geprueft
2024-01-05;126,28;Geprueft
2024-01-06;126,21;Geprueft
2024-01-07;126,16;Geprueft
2024-01-08;126,12;Geprueft
2024-01-09;126,09;Geprueft
2024-01-10;126,07;Geprueft
2024-01-11;126,04;Geprueft
2024-01-12;126,02;Geprueft
2024-01-13;126,01;Geprueft
2024-01-14;125,99;Geprueft
2024-01-15;125,98;Geprueft
2024-01-16;125,96;Geprueft
2024-01-17;125,96;Geprueft
2024-01-18;125,96;Geprueft
2024-01-19;125,95;Geprueft
2024-01-20;125,94;Geprueft
2024-01-21;125,94;Geprueft
2024-01-22;125,94;Geprueft
2024-01-23;125,97;Geprueft
2024-01-24;125,99;Geprueft
2024-01-25;126,00;Geprueft
2024-01-26;126,00;Geprueft
2024-01-27;125,99;Geprueft
2024-01-28;125,99;Geprueft
2024-01-29;125,98;Geprueft
2024-01-30;125,97;Geprueft
2024-01-31;125,96;Geprueft
2024-02-01;125,95;Rohdaten
2024-02-02;125,94;Rohdaten
2024-02-03;125,94;Rohdaten
2024-02-04;125,93;Rohdaten
2024-04-09;125,88;Rohdaten
2024-06-05;125,99;Rohdaten
