﻿Quelle:;"Bayerisches Landesamt für Umwelt, www.gkd.bayern.de"
Datenbankabfrage:;"08.10.2024 21:51"
Zeitbezug:;MEZ
Messstellen-Name:;"STAFFELSTEIN 33B"
Messstellen-Nr.:;5007
Ostwert:;642153;Nordwert:;5552472;"ETRS89 / UTM Zone 32N"

Datum;"Grundwasserstand [m ü. NN]";Prüfstatus
2024-01-01;257,92;Geprueft
2024-01-02;257,93;Geprueft
2024-01-03;257,98;Geprueft
2024-01-04;258,02;Geprueft
2024-01-05;258,02;Geprueft
2024-01-06;258,02;Geprueft
2024-01-07;258,01;Geprueft
2024-01-08;258,00;Geprueft
2024-01-09;257,98;Geprueft
2024-01-10;257,97;Geprueft
2024-01-11;257,95;Geprueft
2024-01-12;257,94;Geprueft
2024-01-13;257,92;Geprueft
2024-01-14;257,91;Geprueft
2024-01-15;257,89;Geprueft
2024-01-16;257,87;Geprueft
2024-01-17;257,86;Geprueft
2024-01-18;257,87;Geprueft
2024-01-19;257,84;Geprueft
2024-01-20;257,83;Geprueft
2024-01-21;257,82;Geprueft
2024-01-22;257,82;Geprueft
2024-01-23;257,82;Geprueft
2024-01-24;257,83;Geprueft
2024-01-25;257,83;Geprueft
2024-01-26;257,83;Geprueft
2024-01-27;257,82;Geprueft
2024-01-28;257,82;Geprueft
2024-01-29;257,82;Geprueft
2024-01-30;257,81;Geprueft
2024-01-31;257,81;Geprueft
2024-02-01;257,81;Geprueft
2024-02-02;257,80;Geprueft
2024-02-03;257,80;Geprueft
2024-02-04;257,80;Geprueft
2024-02-05;257,80;Geprueft
2024-02-06;257,79;Geprueft
2024-02-07;257,79;Geprueft
2024-02-08;257,81;Geprueft
2024-02-09;257,86;Geprueft
2024-02-10;257,92;Geprueft
2024-02-11;257,97;Geprueft
2024-02-12;258,00;Geprueft
2024-02-13;258,01;Geprueft
2024-02-14;258,01;Geprueft
2024-02-15;258,00;Geprueft
2024-02-16;257,99;Geprueft
2024-02-17;257,99;Geprueft
2024-02-18;257,98;Geprueft
2024-02-19;257,97;Geprueft
2024-02-20;257,96;Geprueft
2024-02-21;257,97;Geprueft
2024-02-22;257,99;Geprueft
2024-02-23;258,01;Geprueft
2024-02-24;257,99;Geprueft
2024-02-25;257,98;Geprueft
2024-02-26;257,97;Geprueft
2024-02-27;257,94;Geprueft
2024-02-28;257,92;Geprueft
2024-02-29;257,89;Geprueft
2024-03-01;257,87;Geprueft
2024-03-02;257,88;Geprueft
2024-03-03;257,87;Geprueft
2024-03-04;257,85;Geprueft
2024-03-05;257,84;Geprueft
2024-03-06;257,83;Geprueft
2024-03-07;257,82;Geprueft
2024-03-08;257,81;Geprueft
2024-03-09;257,80;Geprueft
2024-03-10;257,80;Geprueft
2024-03-11;257,79;Geprueft
2024-03-12;257,74;Geprueft
2024-03-13;257,71;Geprueft
2024-03-14;257,72;Geprueft
2024-03-15;257,73;Geprueft
2024-03-16;257,74;Geprueft
2024-03-17;257,75;Geprueft
2024-03-18;257,75;Geprueft
2024-03-19;257,75;Geprueft
2024-03-20;257,75;Geprueft
2024-03-21;257,74;Geprueft
2024-03-22;257,74;Geprueft
2024-03-23;257,74;Geprueft
2024-03-24;257,74;Geprueft
2024-03-25;257,74;Geprueft
2024-03-26;257,74;Geprueft
2024-03-27;257,74;Geprueft
2024-03-28;257,76;Geprueft
2024-03-29;257,76;Geprueft
2024-03-30;257,76;Geprueft
2024-03-31;257,75;Geprueft
2024-04-01;257,75;Geprueft
2024-04-02;257,74;Geprueft
2024-04-03;257,74;Geprueft
2024-04-04;257,75;Geprueft
2024-04-05;257,76;Geprueft
2024-04-06;257,75;Geprueft
2024-04-07;257,75;Geprueft
2024-04-08;257,75;Geprueft
2024-04-09;257,74;Geprueft
2024-04-10;257,73;Geprueft
2024-04-11;257,73;Geprueft
2024-04-12;257,72;Geprueft
2024-04-13;257,72;Geprueft
2024-04-14;257,72;Geprueft
2024-04-15;257,71;Geprueft
2024-04-16;257,71;Geprueft
2024-04-17;257,72;Geprueft
2024-04-18;257,71;Geprueft
2024-04-19;257,72;Geprueft
2024-04-20;257,74;Geprueft
2024-04-21;257,76;Geprueft
2024-04-22;257,76;Geprueft
2024-04-23;257,76;Geprueft
2024-04-24;257,75;Geprueft
2024-04-25;257,75;Geprueft
2024-04-26;257,74;Geprueft
2024-04-27;257,74;Geprueft
2024-04-28;257,74;Geprueft
2024-04-29;257,73;Geprueft
2024-04-30;257,73;Geprueft
2024-05-01;257,73;Rohdaten
2024-05-02;257,73;Rohdaten
2024-05-03;257,73;Rohdaten
2024-05-04;257,73;Rohdaten
2024-05-05;257,73;Rohdaten
2024-05-06;257,73;Rohdaten
2024-05-07;257,73;Rohdaten
2024-05-08;257,73;Rohdaten
2024-05-09;257,72;Rohdaten
2024-05-10;257,72;Rohdaten
2024-05-11;257,72;Rohdaten
2024-05-12;257,71;Rohdaten
2024-05-13;257,71;Rohdaten
2024-05-14;257,71;Rohdaten
2024-05-15;257,70;Rohdaten
2024-05-16;257,70;Rohdaten
2024-05-17;257,72;Rohdaten
2024-05-18;257,71;Rohdaten
2024-05-19;257,72;Rohdaten
2024-05-20;257,73;Rohdaten
2024-05-21;257,75;Rohdaten
2024-05-22;257,88;Rohdaten
2024-05-23;257,88;Rohdaten
2024-05-24;257,87;Rohdaten
2024-05-25;257,87;Rohdaten
2024-05-26;257,87;Rohdaten
2024-05-27;257,86;Rohdaten
2024-05-28;257,88;Rohdaten
2024-05-29;257,86;Rohdaten
2024-05-30;257,85;Rohdaten
2024-05-31;257,84;Rohdaten
2024-06-01;257,89;Rohdaten
2024-06-02;258,06;Rohdaten
2024-06-03;258,10;Rohdaten
2024-06-04;258,06;Rohdaten
2024-06-05;258,03;Rohdaten
2024-06-06;258,01;Rohdaten
2024-06-07;257,99;Rohdaten
2024-06-08;257,97;Rohdaten
2024-06-09;257,95;Rohdaten
2024-06-10;257,92;Rohdaten
2024-06-11;257,90;Rohdaten
2024-06-12;257,88;Rohdaten
2024-06-13;257,87;Rohdaten
2024-06-14;257,85;Rohdaten
2024-06-15;257,85;Rohdaten
2024-06-16;257,84;Rohdaten
2024-06-17;257,83;Rohdaten
2024-06-18;257,82;Rohdaten
2024-06-19;257,81;Rohdaten
2024-06-20;257,81;Rohdaten
2024-06-21;257,80;Rohdaten
2024-06-22;257,80;Rohdaten
2024-06-23;257,79;Rohdaten
2024-06-24;257,78;Rohdaten
2024-06-25;257,78;Rohdaten
2024-06-26;257,77;Rohdaten
2024-06-27;257,77;Rohdaten
2024-06-28;257,76;Rohdaten
2024-06-29;257,76;Rohdaten
2024-06-30;257,76;Rohdaten
2024-07-01;257,78;Rohdaten
2024-07-02;257,77;Rohdaten
2024-07-03;257,77;Rohdaten
2024-07-04;257,78;Rohdaten
2024-07-05;257,77;Rohdaten
2024-07-06;257,77;Rohdaten
2024-07-07;257,76;Rohdaten
2024-07-08;257,76;Rohdaten
2024-07-09;257,75;Rohdaten
2024-07-10;257,75;Rohdaten
2024-07-11;257,78;Rohdaten
2024-07-12;257,78;Rohdaten
2024-07-13;257,77;Rohdaten
2024-07-14;257,76;Rohdaten
2024-07-15;257,76;Rohdaten
2024-07-16;257,76;Rohdaten
2024-07-17;257,75;Rohdaten
2024-07-18;257,74;Rohdaten
2024-07-19;257,74;Rohdaten
2024-07-20;257,74;Rohdaten
2024-07-21;257,74;Rohdaten
2024-07-22;257,73;Rohdaten
2024-07-23;257,73;Rohdaten
2024-07-24;257,73;Rohdaten
2024-07-25;257,72;Rohdaten
2024-07-26;257,72;Rohdaten
2024-07-27;257,73;Rohdaten
2024-07-28;257,74;Rohdaten
2024-07-29;257,73;Rohdaten
2024-07-30;257,73;Rohdaten
2024-07-31;257,72;Rohdaten
2024-08-01;257,72;Rohdaten
2024-08-02;257,72;Rohdaten
2024-08-03;257,72;Rohdaten
2024-08-04;257,72;Rohdaten
2024-08-05;257,71;Rohdaten
2024-08-06;257,71;Rohdaten
2024-08-07;257,70;Rohdaten
2024-08-08;257,70;Rohdaten
2024-08-09;257,69;Rohdaten
2024-08-10;257,69;Rohdaten
2024-08-11;257,68;Rohdaten
2024-08-12;257,68;Rohdaten
2024-08-13;257,68;Rohdaten
2024-08-14;257,67;Rohdaten
2024-08-15;257,67;Rohdaten
2024-08-16;257,66;Rohdaten
2024-08-17;257,66;Rohdaten
2024-08-18;257,67;Rohdaten
2024-08-19;257,69;Rohdaten
2024-08-20;257,68;Rohdaten
2024-08-21;257,67;Rohdaten
2024-08-22;257,67;Rohdaten
2024-08-23;257,67;Rohdaten
2024-08-24;257,66;Rohdaten
2024-08-25;257,66;Rohdaten
2024-08-26;257,66;Rohdaten
2024-08-27;257,65;Rohdaten
2024-08-28;257,65;Rohdaten
2024-08-29;257,64;Rohdaten
2024-08-30;257,64;Rohdaten
2024-08-31;257,64;Rohdaten
2024-09-01;257,63;Rohdaten
2024-09-02;257,63;Rohdaten
2024-09-03;257,63;Rohdaten
2024-09-04;257,63;Rohdaten
2024-09-05;257,62;Rohdaten
2024-09-06;257,62;Rohdaten
2024-09-07;257,61;Rohdaten
2024-09-08;257,61;Rohdaten
2024-09-09;257,65;Rohdaten
2024-09-10;257,64;Rohdaten
2024-09-11;257,64;Rohdaten
2024-09-12;257,64;Rohdaten
2024-09-13;257,63;Rohdaten
2024-09-14;257,63;Rohdaten
2024-09-15;257,62;Rohdaten
2024-09-16;257,63;Rohdaten
2024-09-17;257,64;Rohdaten
2024-09-18;257,63;Rohdaten
2024-09-19;257,62;Rohdaten
2024-09-20;257,62;Rohdaten
2024-09-21;257,62;Rohdaten
2024-09-22;257,62;Rohdaten
2024-09-23;257,62;Rohdaten
2024-09-24;257,63;Rohdaten
2024-09-25;257,63;Rohdaten
2024-09-26;257,66;Rohdaten
2024-09-27;257,67;Rohdaten
2024-09-28;257,67;Rohdaten
2024-09-29;257,66;Rohdaten
2024-09-30;257,65;Rohdaten
