﻿Quelle:;"Bayerisches Landesamt für Umwelt, www.gkd.bayern.de"
Datenbankabfrage:;"08.10.2024 21:51"
Zeitbezug:;MEZ
Messstellen-Name:;"STRULLENDORF 63B"
Messstellen-Nr.:;5123
Ostwert:;640129;Nordwert:;5522571;"ETRS89 / UTM Zone 32N"

Datum;"Grundwasserstand [m ü. NN]";Prüfstatus
2024-01-01;239,18;Geprueft
2024-01-02;239,20;Geprueft
2024-01-03;239,21;Geprueft
2024-01-04;239,22;Geprueft
2024-01-05;239,23;Geprueft
2024-01-06;239,25;Geprueft
2024-01-07;239,26;Geprueft
2024-01-08;239,27;Geprueft
2024-01-09;239,29;Geprueft
2024-01-10;239,30;Geprueft
2024-01-11;239,31;Geprueft
2024-01-12;239,33;Geprueft
2024-01-13;239,34;Geprueft
2024-01-14;239,35;Geprueft
2024-01-15;239,36;Geprueft
2024-01-16;239,37;Geprueft
2024-01-17;239,38;Geprueft
2024-01-18;239,38;Geprueft
2024-01-19;239,37;Geprueft
2024-01-20;239,37;Geprueft
2024-01-21;239,38;Geprueft
2024-01-22;239,38;Geprueft
2024-01-23;239,38;Geprueft
2024-01-24;239,38;Geprueft
2024-01-25;239,38;Geprueft
2024-01-26;239,38;Geprueft
2024-01-27;239,38;Geprueft
2024-01-28;239,38;Geprueft
2024-01-29;239,39;Geprueft
2024-01-30;239,39;Geprueft
2024-01-31;239,39;Geprueft
2024-02-01;239,39;Geprueft
2024-02-02;239,39;Geprueft
2024-02-03;239,39;Geprueft
2024-02-04;239,39;Geprueft
2024-02-05;239,39;Geprueft
2024-02-06;239,39;Geprueft
2024-02-07;239,40;Geprueft
2024-02-08;239,40;Geprueft
2024-02-09;239,40;Geprueft
2024-02-10;239,40;Geprueft
2024-02-11;239,40;Geprueft
2024-02-12;239,40;Geprueft
2024-02-13;239,41;Geprueft
2024-02-14;239,42;Geprueft
2024-02-15;239,43;Geprueft
2024-02-16;239,44;Geprueft
2024-02-17;239,45;Geprueft
2024-02-18;239,46;Geprueft
2024-02-19;239,47;Geprueft
2024-02-20;239,48;Geprueft
2024-02-21;239,49;Geprueft
2024-02-22;239,50;Geprueft
2024-02-23;239,51;Geprueft
2024-02-24;239,52;Geprueft
2024-02-25;239,52;Geprueft
2024-02-26;239,53;Geprueft
2024-02-27;239,53;Geprueft
2024-02-28;239,53;Geprueft
2024-02-29;239,54;Geprueft
2024-03-01;239,54;Geprueft
2024-03-02;239,55;Geprueft
2024-03-03;239,55;Geprueft
2024-03-04;239,54;Geprueft
2024-03-05;239,54;Geprueft
2024-03-06;239,54;Geprueft
2024-03-07;239,54;Geprueft
2024-03-08;239,54;Geprueft
2024-03-09;239,54;Geprueft
2024-03-10;239,54;Geprueft
2024-03-11;239,52;Geprueft
2024-03-12;239,51;Geprueft
2024-03-13;239,51;Geprueft
2024-03-14;239,50;Geprueft
2024-03-15;239,50;Geprueft
2024-03-16;239,49;Geprueft
2024-03-17;239,49;Geprueft
2024-03-18;239,48;Geprueft
2024-03-19;239,47;Geprueft
2024-03-20;239,47;Geprueft
2024-03-21;239,46;Geprueft
2024-03-22;239,46;Geprueft
2024-03-23;239,46;Geprueft
2024-03-24;239,45;Geprueft
2024-03-25;239,45;Geprueft
2024-03-26;239,44;Geprueft
2024-03-27;239,44;Geprueft
2024-03-28;239,43;Geprueft
2024-03-29;239,43;Geprueft
2024-03-30;239,42;Geprueft
2024-03-31;239,41;Geprueft
2024-04-01;239,41;Geprueft
2024-04-02;239,40;Geprueft
2024-04-03;239,39;Geprueft
2024-04-04;239,39;Geprueft
2024-04-05;239,38;Geprueft
2024-04-06;239,37;Geprueft
2024-04-07;239,37;Geprueft
2024-04-08;239,36;Geprueft
2024-04-09;239,36;Geprueft
2024-04-10;239,35;Geprueft
2024-04-11;239,34;Geprueft
2024-04-12;239,34;Geprueft
2024-04-13;239,34;Geprueft
2024-04-14;239,33;Geprueft
2024-04-15;239,33;Geprueft
2024-04-16;239,33;Geprueft
2024-04-17;239,32;Geprueft
2024-04-18;239,31;Geprueft
2024-04-19;239,31;Geprueft
2024-04-20;239,30;Geprueft
2024-04-21;239,30;Geprueft
2024-04-22;239,29;Geprueft
2024-04-23;239,29;Geprueft
2024-04-24;239,28;Geprueft
2024-04-25;239,28;Geprueft
2024-04-26;239,27;Geprueft
2024-04-27;239,27;Geprueft
2024-04-28;239,26;Geprueft
2024-04-29;239,26;Geprueft
2024-04-30;239,25;Geprueft
2024-05-01;239,25;Rohdaten
2024-05-02;239,25;Rohdaten
2024-05-03;239,25;Rohdaten
2024-05-04;239,24;Rohdaten
2024-05-05;239,24;Rohdaten
2024-05-06;239,24;Rohdaten
2024-05-07;239,23;Rohdaten
2024-05-08;239,23;Rohdaten
2024-05-09;239,22;Rohdaten
2024-05-10;239,22;Rohdaten
2024-05-11;239,21;Rohdaten
2024-05-12;239,21;Rohdaten
2024-05-13;239,21;Rohdaten
2024-05-14;239,21;Rohdaten
2024-05-15;239,21;Rohdaten
2024-05-16;239,21;Rohdaten
2024-05-17;239,20;Rohdaten
2024-05-18;239,20;Rohdaten
2024-05-19;239,20;Rohdaten
2024-05-20;239,19;Rohdaten
2024-05-21;239,19;Rohdaten
2024-05-22;239,19;Rohdaten
2024-05-23;239,19;Rohdaten
2024-05-24;239,21;Rohdaten
2024-05-25;239,21;Rohdaten
2024-05-26;239,22;Rohdaten
2024-05-27;239,23;Rohdaten
2024-05-28;239,23;Rohdaten
2024-05-29;239,24;Rohdaten
2024-05-30;239,24;Rohdaten
2024-05-31;239,24;Rohdaten
2024-06-01;239,25;Rohdaten
2024-06-02;239,24;Rohdaten
2024-06-03;239,25;Rohdaten
2024-06-04;239,25;Rohdaten
2024-06-05;239,26;Rohdaten
2024-06-06;239,26;Rohdaten
2024-06-07;239,27;Rohdaten
2024-06-08;239,28;Rohdaten
2024-06-09;239,29;Rohdaten
2024-06-10;239,30;Rohdaten
2024-06-11;239,30;Rohdaten
2024-06-12;239,31;Rohdaten
2024-06-13;239,32;Rohdaten
2024-06-14;239,33;Rohdaten
2024-06-15;239,33;Rohdaten
2024-06-16;239,34;Rohdaten
2024-06-17;239,34;Rohdaten
2024-06-18;239,34;Rohdaten
2024-06-19;239,34;Rohdaten
2024-06-20;239,34;Rohdaten
2024-06-21;239,34;Rohdaten
2024-06-22;239,34;Rohdaten
2024-06-23;239,33;Rohdaten
2024-06-24;239,33;Rohdaten
2024-06-25;239,33;Rohdaten
2024-06-26;239,32;Rohdaten
2024-06-27;239,32;Rohdaten
2024-06-28;239,31;Rohdaten
2024-06-29;239,31;Rohdaten
2024-06-30;239,31;Rohdaten
2024-07-01;239,30;Rohdaten
2024-07-02;239,30;Rohdaten
2024-07-03;239,30;Rohdaten
2024-07-04;239,29;Rohdaten
2024-07-05;239,29;Rohdaten
2024-07-06;239,28;Rohdaten
2024-07-07;239,28;Rohdaten
2024-07-08;239,27;Rohdaten
2024-07-09;239,27;Rohdaten
2024-07-10;239,27;Rohdaten
2024-07-11;239,26;Rohdaten
2024-07-12;239,26;Rohdaten
2024-07-13;239,26;Rohdaten
2024-07-14;239,25;Rohdaten
2024-07-15;239,25;Rohdaten
2024-07-16;239,25;Rohdaten
2024-07-17;239,24;Rohdaten
2024-07-18;239,24;Rohdaten
2024-07-19;239,24;Rohdaten
2024-07-20;239,24;Rohdaten
2024-07-21;239,23;Rohdaten
2024-07-22;239,23;Rohdaten
2024-07-23;239,22;Rohdaten
2024-07-24;239,22;Rohdaten
2024-07-25;239,22;Rohdaten
2024-07-26;239,22;Rohdaten
2024-07-27;239,21;Rohdaten
2024-07-28;239,21;Rohdaten
2024-07-29;239,21;Rohdaten
2024-07-30;239,21;Rohdaten
2024-07-31;239,20;Rohdaten
2024-08-01;239,20;Rohdaten
2024-08-02;239,20;Rohdaten
2024-08-03;239,19;Rohdaten
2024-08-04;239,19;Rohdaten
2024-08-05;239,19;Rohdaten
2024-08-06;239,19;Rohdaten
2024-08-07;239,18;Rohdaten
2024-08-08;239,18;Rohdaten
2024-08-09;239,17;Rohdaten
2024-08-10;239,17;Rohdaten
2024-08-11;239,17;Rohdaten
2024-08-12;239,17;Rohdaten
2024-08-13;239,16;Rohdaten
2024-08-14;239,16;Rohdaten
2024-08-15;239,16;Rohdaten
2024-08-16;239,16;Rohdaten
2024-08-17;239,15;Rohdaten
2024-08-18;239,15;Rohdaten
2024-08-19;239,15;Rohdaten
2024-08-20;239,15;Rohdaten
2024-08-21;239,14;Rohdaten
2024-08-22;239,14;Rohdaten
2024-08-23;239,14;Rohdaten
2024-08-24;239,13;Rohdaten
2024-08-25;239,13;Rohdaten
2024-08-26;239,13;Rohdaten
2024-08-27;239,13;Rohdaten
2024-08-28;239,12;Rohdaten
2024-08-29;239,12;Rohdaten
2024-08-30;239,12;Rohdaten
2024-08-31;239,11;Rohdaten
2024-09-01;239,11;Rohdaten
2024-09-02;239,11;Rohdaten
2024-09-03;239,10;Rohdaten
2024-09-04;239,10;Rohdaten
2024-09-05;239,10;Rohdaten
2024-09-06;239,09;Rohdaten
2024-09-07;239,09;Rohdaten
2024-09-08;239,09;Rohdaten
2024-09-09;239,09;Rohdaten
2024-09-10;239,09;Rohdaten
2024-09-11;239,08;Rohdaten
2024-09-12;239,08;Rohdaten
2024-09-13;239,08;Rohdaten
2024-09-14;239,07;Rohdaten
2024-09-15;239,07;Rohdaten
2024-09-16;239,07;Rohdaten
2024-09-17;239,07;Rohdaten
2024-09-18;239,06;Rohdaten
2024-09-19;239,06;Rohdaten
2024-09-20;239,06;Rohdaten
2024-09-21;239,06;Rohdaten
2024-09-22;239,06;Rohdaten
2024-09-23;239,06;Rohdaten
2024-09-24;239,05;Rohdaten
2024-09-25;239,05;Rohdaten
2024-09-26;239,05;Rohdaten
2024-09-27;239,05;Rohdaten
2024-09-28;239,04;Rohdaten
2024-09-29;239,04;Rohdaten
2024-09-30;239,04;Rohdaten
