﻿Quelle:;"Bayerisches Landesamt für Umwelt, www.gkd.bayern.de"
Datenbankabfrage:;"08.10.2024 21:51"
Zeitbezug:;MEZ
Messstellen-Name:;"RATTELSDORF 136"
Messstellen-Nr.:;5126
Ostwert:;637325;Nordwert:;5543774;"ETRS89 / UTM Zone 32N"

Datum;"Grundwasserstand [m ü. NN]";Prüfstatus
2024-01-01;242,56;Geprueft
2024-01-02;242,74;Geprueft
2024-01-03;242,92;Geprueft
2024-01-04;243,04;Geprueft
2024-01-05;243,18;Geprueft
2024-01-06;243,30;Geprueft
2024-01-07;243,40;Geprueft
2024-01-08;243,50;Geprueft
2024-01-09;243,61;Geprueft
2024-01-10;243,64;Geprueft
2024-01-11;243,62;Geprueft
2024-01-12;243,60;Geprueft
2024-01-13;243,61;Geprueft
2024-01-14;243,64;Geprueft
2024-01-15;243,61;Geprueft
2024-01-16;243,47;Geprueft
2024-01-17;243,53;Geprueft
2024-01-18;243,44;Geprueft
2024-01-19;243,25;Geprueft
2024-01-20;243,18;Geprueft
2024-01-21;243,21;Geprueft
2024-01-22;243,29;Geprueft
2024-01-23;243,26;Geprueft
2024-01-24;243,32;Geprueft
2024-01-25;243,32;Geprueft
2024-01-26;243,39;Geprueft
2024-01-27;243,38;Geprueft
2024-01-28;243,45;Geprueft
2024-01-29;243,51;Geprueft
2024-01-30;243,53;Geprueft
2024-01-31;243,55;Geprueft
2024-02-01;243,59;Geprueft
2024-02-02;243,60;Geprueft
2024-02-03;243,62;Geprueft
2024-02-04;243,65;Geprueft
2024-02-05;243,66;Geprueft
2024-02-06;243,69;Geprueft
2024-02-07;243,75;Geprueft
2024-02-08;243,79;Geprueft
2024-02-09;243,86;Geprueft
2024-02-10;243,93;Geprueft
2024-02-11;243,96;Geprueft
2024-02-12;243,96;Geprueft
2024-02-13;243,95;Geprueft
2024-02-14;244,03;Geprueft
2024-02-15;244,11;Geprueft
2024-02-16;244,16;Geprueft
2024-02-17;244,10;Geprueft
2024-02-18;244,14;Geprueft
2024-02-19;244,17;Geprueft
2024-02-20;244,12;Geprueft
2024-02-21;244,14;Geprueft
2024-02-22;244,25;Geprueft
2024-02-23;244,29;Geprueft
2024-02-24;244,24;Geprueft
2024-02-25;244,19;Geprueft
2024-02-26;244,15;Geprueft
2024-02-27;244,03;Geprueft
2024-02-28;243,94;Geprueft
2024-02-29;243,95;Geprueft
2024-03-01;243,93;Geprueft
2024-03-02;243,86;Geprueft
2024-03-03;243,81;Geprueft
2024-03-04;243,67;Geprueft
2024-03-05;243,57;Geprueft
2024-03-06;243,46;Geprueft
2024-03-07;243,40;Geprueft
2024-03-08;243,41;Geprueft
2024-03-09;243,40;Geprueft
2024-03-10;243,37;Geprueft
2024-03-11;243,22;Geprueft
2024-03-12;243,10;Geprueft
2024-03-13;243,05;Geprueft
2024-03-14;243,03;Geprueft
2024-03-15;243,00;Geprueft
2024-03-16;242,92;Geprueft
2024-03-17;242,87;Geprueft
2024-03-18;242,87;Geprueft
2024-03-19;242,82;Geprueft
2024-03-20;242,79;Geprueft
2024-03-21;242,75;Geprueft
2024-03-22;242,75;Geprueft
2024-03-23;242,76;Geprueft
2024-03-24;242,73;Geprueft
2024-03-25;242,69;Geprueft
2024-03-26;242,72;Geprueft
2024-03-27;242,70;Geprueft
2024-03-28;242,62;Geprueft
2024-03-29;242,59;Geprueft
2024-03-30;242,59;Geprueft
2024-03-31;242,58;Geprueft
2024-04-01;242,55;Geprueft
2024-04-02;242,49;Geprueft
2024-04-03;242,48;Geprueft
2024-04-04;242,46;Geprueft
2024-04-05;242,46;Geprueft
2024-04-06;242,47;Geprueft
2024-04-07;242,46;Geprueft
2024-04-08;242,47;Geprueft
2024-04-09;242,42;Geprueft
2024-04-10;242,36;Geprueft
2024-04-11;242,35;Geprueft
2024-04-12;242,35;Geprueft
2024-04-13;242,35;Geprueft
2024-04-14;242,35;Geprueft
2024-04-15;242,37;Geprueft
2024-04-16;242,34;Geprueft
2024-04-17;242,31;Geprueft
2024-04-18;242,28;Geprueft
2024-04-19;242,30;Geprueft
2024-04-20;242,26;Geprueft
2024-04-21;242,27;Geprueft
2024-04-22;242,28;Geprueft
2024-04-23;242,31;Geprueft
2024-04-24;242,33;Geprueft
2024-04-25;242,31;Geprueft
2024-04-26;242,29;Geprueft
2024-04-27;242,27;Geprueft
2024-04-28;242,24;Geprueft
2024-04-29;242,22;Geprueft
2024-04-30;242,23;Geprueft
2024-05-01;242,24;Geprueft
2024-05-02;242,22;Geprueft
2024-05-03;242,19;Geprueft
2024-05-04;242,21;Geprueft
2024-05-05;242,22;Geprueft
2024-05-06;242,21;Geprueft
2024-05-07;242,18;Geprueft
2024-05-08;242,17;Geprueft
2024-05-09;242,18;Geprueft
2024-05-10;242,18;Geprueft
2024-05-11;242,17;Geprueft
2024-05-12;242,17;Geprueft
2024-05-13;242,16;Geprueft
2024-05-14;242,16;Geprueft
2024-05-15;242,15;Geprueft
2024-05-16;242,13;Geprueft
2024-05-17;242,12;Geprueft
2024-05-18;242,11;Geprueft
2024-05-19;242,10;Geprueft
2024-05-20;242,09;Geprueft
2024-05-21;242,09;Geprueft
2024-05-22;242,11;Geprueft
2024-05-23;242,16;Geprueft
2024-05-24;242,18;Geprueft
2024-05-25;242,17;Geprueft
2024-05-26;242,16;Geprueft
2024-05-27;242,15;Geprueft
2024-05-28;242,14;Geprueft
2024-05-29;242,14;Geprueft
2024-05-30;242,14;Geprueft
2024-05-31;242,12;Geprueft
2024-06-01;242,11;Geprueft
2024-06-02;242,21;Geprueft
2024-06-03;242,37;Geprueft
2024-06-04;242,45;Geprueft
2024-06-05;242,45;Geprueft
2024-06-06;242,42;Geprueft
2024-06-07;242,40;Geprueft
2024-06-08;242,40;Geprueft
2024-06-09;242,38;Geprueft
2024-06-10;242,36;Geprueft
2024-06-11;242,32;Geprueft
2024-06-12;242,30;Geprueft
2024-06-13;242,29;Geprueft
2024-06-14;242,30;Geprueft
2024-06-15;242,29;Geprueft
2024-06-16;242,27;Geprueft
2024-06-17;242,25;Geprueft
2024-06-18;242,24;Geprueft
2024-06-19;242,22;Geprueft
2024-06-20;242,21;Geprueft
2024-06-21;242,21;Geprueft
2024-06-22;242,19;Geprueft
2024-06-23;242,17;Geprueft
2024-06-24;242,16;Geprueft
2024-06-25;242,16;Geprueft
2024-06-26;242,15;Geprueft
2024-06-27;242,14;Geprueft
2024-06-28;242,12;Geprueft
2024-06-29;242,12;Geprueft
2024-06-30;242,11;Geprueft
2024-07-01;242,09;Geprueft
2024-07-02;242,09;Geprueft
2024-07-03;242,08;Geprueft
2024-07-04;242,07;Geprueft
2024-07-05;242,06;Geprueft
2024-07-06;242,06;Geprueft
2024-07-07;242,04;Geprueft
2024-07-08;242,03;Geprueft
2024-07-09;242,03;Geprueft
2024-07-10;242,02;Geprueft
2024-07-11;242,01;Geprueft
2024-07-12;242,01;Geprueft
2024-07-13;242,00;Geprueft
2024-07-14;241,99;Geprueft
2024-07-15;241,98;Geprueft
2024-07-16;241,97;Geprueft
2024-07-17;241,96;Geprueft
2024-07-18;241,95;Geprueft
2024-07-19;241,95;Geprueft
2024-07-20;241,95;Geprueft
2024-07-21;241,94;Geprueft
2024-07-22;241,93;Geprueft
2024-07-23;241,92;Geprueft
2024-07-24;241,91;Geprueft
2024-07-25;241,91;Geprueft
2024-07-26;241,90;Geprueft
2024-07-27;241,89;Geprueft
2024-07-28;241,88;Geprueft
2024-07-29;241,87;Geprueft
2024-07-30;241,87;Geprueft
2024-07-31;241,87;Geprueft
2024-08-01;241,86;Geprueft
2024-08-02;241,85;Geprueft
2024-08-03;241,84;Geprueft
2024-08-04;241,84;Geprueft
2024-08-05;241,83;Geprueft
2024-08-06;241,82;Geprueft
2024-08-07;241,82;Geprueft
2024-08-08;241,81;Geprueft
2024-08-09;241,80;Geprueft
2024-08-10;241,79;Geprueft
2024-08-11;241,79;Geprueft
2024-08-12;241,78;Geprueft
2024-08-13;241,78;Geprueft
2024-08-14;241,77;Geprueft
2024-08-15;241,76;Geprueft
2024-08-16;241,76;Geprueft
2024-08-17;241,75;Geprueft
2024-08-18;241,75;Geprueft
2024-08-19;241,74;Geprueft
2024-08-20;241,73;Geprueft
2024-08-21;241,72;Geprueft
2024-08-22;241,72;Geprueft
2024-08-23;241,71;Geprueft
2024-08-24;241,71;Geprueft
2024-08-25;241,70;Geprueft
2024-08-26;241,69;Geprueft
2024-08-27;241,69;Geprueft
2024-08-28;241,68;Geprueft
2024-08-29;241,68;Geprueft
2024-08-30;241,67;Geprueft
2024-08-31;241,66;Geprueft
2024-09-01;241,66;Rohdaten
2024-09-02;241,65;Rohdaten
2024-09-03;241,65;Rohdaten
2024-09-04;241,64;Rohdaten
