﻿Quelle:;"Bayerisches Landesamt für Umwelt, www.gkd.bayern.de"
Datenbankabfrage:;"08.10.2024 21:51"
Zeitbezug:;MEZ
Messstellen-Name:;"Viereth, Hut 193 A"
Messstellen-Nr.:;5141
Ostwert:;627113;Nordwert:;5532800;"ETRS89 / UTM Zone 32N"

Datum;"Grundwasserstand [m ü. NN]";Prüfstatus
2024-01-01;226,58;Geprueft
2024-01-02;226,58;Geprueft
2024-01-03;226,59;Geprueft
2024-01-04;226,60;Geprueft
2024-01-05;226,60;Geprueft
2024-01-06;226,61;Geprueft
2024-01-07;226,62;Geprueft
2024-01-08;226,63;Geprueft
2024-01-09;226,65;Geprueft
2024-01-10;226,65;Geprueft
2024-01-11;226,66;Geprueft
2024-01-12;226,67;Geprueft
2024-01-13;226,69;Geprueft
2024-01-14;226,70;Geprueft
2024-01-15;226,72;Geprueft
2024-01-16;226,72;Geprueft
2024-01-17;226,74;Geprueft
2024-01-18;226,75;Geprueft
2024-01-19;226,76;Geprueft
2024-01-20;226,76;Geprueft
2024-01-21;226,77;Geprueft
2024-01-22;226,79;Geprueft
2024-01-23;226,80;Geprueft
2024-01-24;226,81;Geprueft
2024-01-25;226,82;Geprueft
2024-01-26;226,82;Geprueft
2024-01-27;226,83;Geprueft
2024-01-28;226,84;Geprueft
2024-01-29;226,85;Geprueft
2024-01-30;226,85;Geprueft
2024-01-31;226,86;Geprueft
2024-02-01;226,87;Geprueft
2024-02-02;226,87;Geprueft
2024-02-03;226,88;Geprueft
2024-02-04;226,89;Geprueft
2024-02-05;226,90;Geprueft
2024-02-06;226,90;Geprueft
2024-02-07;226,91;Geprueft
2024-02-08;226,92;Geprueft
2024-02-09;226,92;Geprueft
2024-02-10;226,93;Geprueft
2024-02-11;226,93;Geprueft
2024-02-12;226,94;Geprueft
2024-02-13;226,95;Geprueft
2024-02-14;226,96;Geprueft
2024-02-15;226,97;Geprueft
2024-02-16;226,98;Geprueft
2024-02-17;226,99;Geprueft
2024-02-18;227,00;Geprueft
2024-02-19;227,01;Geprueft
2024-02-20;227,02;Geprueft
2024-02-21;227,03;Geprueft
2024-02-22;227,05;Geprueft
2024-02-23;227,06;Geprueft
2024-02-24;227,06;Geprueft
2024-02-25;227,07;Geprueft
2024-02-26;227,08;Geprueft
2024-02-27;227,09;Geprueft
2024-02-28;227,09;Geprueft
2024-02-29;227,11;Geprueft
2024-03-01;227,12;Geprueft
2024-03-02;227,13;Geprueft
2024-03-03;227,14;Geprueft
2024-03-04;227,14;Geprueft
2024-03-05;227,15;Geprueft
2024-03-06;227,15;Geprueft
2024-03-07;227,16;Geprueft
2024-03-08;227,16;Geprueft
2024-03-09;227,17;Geprueft
2024-03-10;227,18;Geprueft
2024-03-11;227,18;Geprueft
2024-03-12;227,18;Geprueft
2024-03-13;227,18;Geprueft
2024-03-14;227,18;Geprueft
2024-03-15;227,19;Geprueft
2024-03-16;227,18;Geprueft
2024-03-17;227,18;Geprueft
2024-03-18;227,19;Geprueft
2024-03-19;227,18;Geprueft
2024-03-20;227,18;Geprueft
2024-03-21;227,18;Geprueft
2024-03-22;227,18;Geprueft
2024-03-23;227,18;Geprueft
2024-03-24;227,18;Geprueft
2024-03-25;227,18;Geprueft
2024-03-26;227,18;Geprueft
2024-03-27;227,19;Geprueft
2024-03-28;227,17;Geprueft
2024-03-29;227,16;Geprueft
2024-03-30;227,16;Geprueft
2024-03-31;227,16;Geprueft
2024-04-01;227,16;Geprueft
2024-04-02;227,14;Geprueft
2024-04-03;227,14;Geprueft
2024-04-04;227,14;Geprueft
2024-04-05;227,14;Geprueft
2024-04-06;227,13;Geprueft
2024-04-07;227,13;Geprueft
2024-04-08;227,13;Geprueft
2024-04-09;227,13;Geprueft
2024-04-10;227,12;Geprueft
2024-04-11;227,11;Geprueft
2024-04-12;227,11;Geprueft
2024-04-13;227,11;Geprueft
2024-04-14;227,11;Geprueft
2024-04-15;227,12;Geprueft
2024-04-16;227,12;Geprueft
2024-04-17;227,11;Geprueft
2024-04-18;227,10;Geprueft
2024-04-19;227,10;Geprueft
2024-04-20;227,09;Geprueft
2024-04-21;227,09;Geprueft
2024-04-22;227,09;Geprueft
2024-04-23;227,09;Geprueft
2024-04-24;227,10;Geprueft
2024-04-25;227,10;Geprueft
2024-04-26;227,10;Geprueft
2024-04-27;227,09;Geprueft
2024-04-28;227,09;Geprueft
2024-04-29;227,09;Geprueft
2024-04-30;227,09;Geprueft
2024-05-01;227,10;Geprueft
2024-05-02;227,10;Geprueft
2024-05-03;227,08;Geprueft
2024-05-04;227,08;Geprueft
2024-05-05;227,08;Geprueft
2024-05-06;227,08;Geprueft
2024-05-07;227,07;Geprueft
2024-05-08;227,07;Geprueft
2024-05-09;227,06;Geprueft
2024-05-10;227,06;Geprueft
2024-05-11;227,06;Geprueft
2024-05-12;227,06;Geprueft
2024-05-13;227,06;Geprueft
2024-05-14;227,06;Geprueft
2024-05-15;227,06;Geprueft
2024-05-16;227,06;Geprueft
2024-05-17;227,05;Geprueft
2024-05-18;227,05;Geprueft
2024-05-19;227,05;Geprueft
2024-05-20;227,04;Geprueft
2024-05-21;227,04;Geprueft
2024-05-22;227,04;Geprueft
2024-05-23;227,04;Geprueft
2024-05-24;227,04;Geprueft
2024-05-25;227,04;Geprueft
2024-05-26;227,04;Geprueft
2024-05-27;227,04;Geprueft
2024-05-28;227,04;Geprueft
2024-05-29;227,05;Geprueft
2024-05-30;227,05;Geprueft
2024-05-31;227,05;Geprueft
2024-06-01;227,04;Geprueft
2024-06-02;227,04;Geprueft
2024-06-03;227,07;Geprueft
2024-06-04;227,09;Geprueft
2024-06-05;227,10;Geprueft
2024-06-06;227,11;Geprueft
2024-06-07;227,11;Geprueft
2024-06-08;227,12;Geprueft
2024-06-09;227,12;Geprueft
2024-06-10;227,13;Geprueft
2024-06-11;227,13;Geprueft
2024-06-12;227,13;Geprueft
2024-06-13;227,13;Geprueft
2024-06-14;227,13;Geprueft
2024-06-15;227,14;Geprueft
2024-06-16;227,14;Geprueft
2024-06-17;227,13;Geprueft
2024-06-18;227,14;Geprueft
2024-06-19;227,13;Geprueft
2024-06-20;227,13;Geprueft
2024-06-21;227,13;Geprueft
2024-06-22;227,13;Geprueft
2024-06-23;227,12;Geprueft
2024-06-24;227,12;Geprueft
2024-06-25;227,12;Geprueft
2024-06-26;227,12;Geprueft
2024-06-27;227,11;Geprueft
2024-06-28;227,11;Geprueft
2024-06-29;227,11;Geprueft
2024-06-30;227,10;Geprueft
2024-07-01;227,10;Geprueft
2024-07-02;227,09;Geprueft
2024-07-03;227,09;Geprueft
2024-07-04;227,09;Geprueft
2024-07-05;227,08;Geprueft
2024-07-06;227,08;Geprueft
2024-07-07;227,08;Geprueft
2024-07-08;227,07;Geprueft
2024-07-09;227,07;Geprueft
2024-07-10;227,07;Geprueft
2024-07-11;227,07;Geprueft
2024-07-12;227,07;Geprueft
2024-07-13;227,06;Geprueft
2024-07-14;227,06;Geprueft
2024-07-15;227,05;Geprueft
2024-07-16;227,05;Geprueft
2024-07-17;227,05;Geprueft
2024-07-18;227,04;Geprueft
2024-07-19;227,04;Geprueft
2024-07-20;227,04;Geprueft
2024-07-21;227,04;Geprueft
2024-07-22;227,03;Geprueft
2024-07-23;227,03;Geprueft
2024-07-24;227,02;Geprueft
2024-07-25;227,01;Rohdaten
2024-07-26;227,01;Rohdaten
2024-07-27;227,01;Rohdaten
2024-07-28;227,00;Rohdaten
2024-07-29;227,00;Rohdaten
2024-07-30;227,00;Rohdaten
2024-07-31;227,00;Rohdaten
2024-08-01;227,00;Rohdaten
2024-08-02;227,00;Rohdaten
2024-08-03;226,99;Rohdaten
2024-08-04;226,99;Rohdaten
2024-08-05;226,99;Rohdaten
2024-08-06;226,98;Rohdaten
2024-08-07;226,98;Rohdaten
2024-08-08;226,98;Rohdaten
2024-08-09;226,97;Rohdaten
2024-08-10;226,97;Rohdaten
2024-08-11;226,97;Rohdaten
2024-08-12;226,96;Rohdaten
2024-08-13;226,96;Rohdaten
2024-08-14;226,96;Rohdaten
2024-08-15;226,95;Rohdaten
2024-08-16;226,95;Rohdaten
2024-08-17;226,95;Rohdaten
2024-08-18;226,95;Rohdaten
2024-08-19;226,94;Rohdaten
2024-08-20;226,93;Rohdaten
2024-08-21;226,93;Rohdaten
2024-08-22;226,93;Rohdaten
2024-08-23;226,93;Rohdaten
2024-08-24;226,92;Rohdaten
2024-08-25;226,92;Rohdaten
2024-08-26;226,91;Rohdaten
2024-08-27;226,91;Rohdaten
2024-08-28;226,91;Rohdaten
2024-08-29;226,90;Rohdaten
2024-08-30;226,90;Rohdaten
2024-08-31;226,90;Rohdaten
2024-09-01;226,89;Rohdaten
2024-09-02;226,89;Rohdaten
2024-09-03;226,88;Rohdaten
2024-09-04;226,88;Rohdaten
2024-09-05;226,88;Rohdaten
2024-09-06;226,87;Rohdaten
2024-09-07;226,87;Rohdaten
2024-09-08;226,87;Rohdaten
2024-09-09;226,86;Rohdaten
2024-09-10;226,86;Rohdaten
2024-09-11;226,85;Rohdaten
2024-09-12;226,85;Rohdaten
2024-09-13;226,84;Rohdaten
2024-09-14;226,84;Rohdaten
2024-09-15;226,84;Rohdaten
2024-09-16;226,83;Rohdaten
2024-09-17;226,83;Rohdaten
2024-09-18;226,82;Rohdaten
2024-09-19;226,82;Rohdaten
2024-09-20;226,82;Rohdaten
2024-09-21;226,82;Rohdaten
2024-09-22;226,81;Rohdaten
2024-09-23;226,81;Rohdaten
2024-09-24;226,81;Rohdaten
2024-09-25;226,80;Rohdaten
2024-09-26;226,80;Rohdaten
2024-09-27;226,80;Rohdaten
2024-09-28;226,79;Rohdaten
2024-09-29;226,78;Rohdaten
2024-09-30;226,78;Rohdaten
