﻿Quelle:;"Bayerisches Landesamt für Umwelt, www.gkd.bayern.de"
Datenbankabfrage:;"08.10.2024 21:51"
Zeitbezug:;MEZ
Messstellen-Name:;"KALTENBRUNN 214"
Messstellen-Nr.:;5142
Ostwert:;633646;Nordwert:;5554049;"ETRS89 / UTM Zone 32N"

Datum;"Grundwasserstand [m ü. NN]";Prüfstatus
2024-01-01;254,93;Rohdaten
2024-01-02;255,02;Rohdaten
2024-01-03;255,21;Rohdaten
2024-01-04;255,29;Rohdaten
2024-01-05;255,26;Rohdaten
2024-01-06;255,18;Rohdaten
2024-01-07;255,10;Rohdaten
2024-01-08;254,99;Rohdaten
2024-01-09;254,87;Rohdaten
2024-01-10;254,76;Rohdaten
2024-01-11;254,68;Rohdaten
2024-01-12;254,61;Rohdaten
2024-01-13;254,60;Rohdaten
2024-01-14;254,58;Rohdaten
2024-01-15;254,54;Rohdaten
2024-01-16;254,50;Rohdaten
2024-01-17;254,50;Rohdaten
2024-01-18;254,77;Rohdaten
2024-01-19;254,70;Rohdaten
2024-01-20;254,62;Rohdaten
2024-01-21;254,56;Rohdaten
2024-01-22;254,60;Rohdaten
2024-01-23;254,93;Rohdaten
2024-01-24;255,06;Rohdaten
2024-01-25;255,05;Rohdaten
2024-01-26;255,00;Rohdaten
2024-01-27;254,97;Rohdaten
2024-01-28;254,90;Rohdaten
2024-01-29;254,84;Rohdaten
2024-01-30;254,80;Rohdaten
2024-01-31;254,79;Rohdaten
2024-02-01;254,82;Rohdaten
2024-02-02;254,79;Rohdaten
2024-02-03;254,75;Rohdaten
2024-02-04;254,74;Rohdaten
2024-02-05;254,78;Rohdaten
2024-02-06;254,78;Rohdaten
2024-02-07;254,80;Rohdaten
2024-02-08;255,09;Rohdaten
2024-02-09;255,18;Rohdaten
2024-02-10;255,20;Rohdaten
2024-02-11;255,18;Rohdaten
2024-02-12;255,15;Rohdaten
2024-02-13;255,09;Rohdaten
2024-02-14;255,02;Rohdaten
2024-02-15;255,02;Rohdaten
2024-02-16;254,98;Rohdaten
2024-02-17;254,98;Rohdaten
2024-02-18;254,95;Rohdaten
2024-02-19;254,95;Rohdaten
2024-02-20;254,92;Rohdaten
2024-02-21;254,90;Rohdaten
2024-02-22;254,99;Rohdaten
2024-02-23;255,06;Rohdaten
2024-02-24;254,99;Rohdaten
2024-02-25;254,94;Rohdaten
2024-02-26;254,89;Rohdaten
2024-02-27;254,83;Rohdaten
2024-02-28;254,78;Rohdaten
2024-02-29;254,75;Rohdaten
2024-03-01;254,72;Rohdaten
2024-03-02;254,69;Rohdaten
2024-03-03;254,66;Rohdaten
2024-03-04;254,61;Rohdaten
2024-03-05;254,57;Rohdaten
2024-03-06;254,54;Rohdaten
2024-03-07;254,51;Rohdaten
2024-03-08;254,48;Rohdaten
2024-03-09;254,46;Rohdaten
2024-03-10;254,43;Rohdaten
2024-03-11;254,39;Rohdaten
2024-03-12;254,35;Rohdaten
2024-03-13;254,33;Rohdaten
2024-03-14;254,32;Rohdaten
2024-03-15;254,30;Rohdaten
2024-03-16;254,27;Rohdaten
2024-03-17;254,26;Rohdaten
2024-03-18;254,24;Rohdaten
2024-03-19;254,22;Rohdaten
2024-03-20;254,20;Rohdaten
2024-03-21;254,18;Rohdaten
2024-03-22;254,17;Rohdaten
2024-03-23;254,16;Rohdaten
2024-03-24;254,15;Rohdaten
2024-03-25;254,15;Rohdaten
2024-03-26;254,15;Rohdaten
2024-03-27;254,13;Rohdaten
2024-03-28;254,28;Rohdaten
2024-03-29;254,37;Rohdaten
2024-03-30;254,38;Rohdaten
2024-03-31;254,35;Rohdaten
2024-04-01;254,30;Rohdaten
2024-04-02;254,25;Rohdaten
2024-04-03;254,23;Rohdaten
2024-04-04;254,27;Rohdaten
2024-04-05;254,40;Rohdaten
2024-04-06;254,36;Rohdaten
2024-04-07;254,31;Rohdaten
2024-04-08;254,27;Rohdaten
2024-04-09;254,23;Rohdaten
2024-04-10;254,18;Rohdaten
2024-04-11;254,15;Rohdaten
2024-04-12;254,12;Rohdaten
2024-04-13;254,11;Rohdaten
2024-04-14;254,09;Rohdaten
2024-04-15;254,08;Rohdaten
2024-04-16;254,07;Rohdaten
2024-04-17;254,08;Rohdaten
2024-04-18;254,06;Rohdaten
2024-04-19;254,08;Rohdaten
2024-04-20;254,23;Rohdaten
2024-04-21;254,33;Rohdaten
2024-04-22;254,35;Rohdaten
2024-04-23;254,31;Rohdaten
2024-04-24;254,27;Rohdaten
2024-04-25;254,24;Rohdaten
2024-04-26;254,22;Rohdaten
2024-04-27;254,18;Rohdaten
2024-04-28;254,13;Rohdaten
2024-04-29;254,10;Rohdaten
2024-04-30;254,08;Rohdaten
2024-05-01;254,07;Rohdaten
2024-05-02;254,05;Rohdaten
2024-05-03;254,08;Rohdaten
2024-05-04;254,05;Rohdaten
2024-05-05;254,04;Rohdaten
2024-05-06;254,04;Rohdaten
2024-05-07;254,03;Rohdaten
2024-05-08;254,03;Rohdaten
2024-05-09;254,00;Rohdaten
2024-05-10;253,99;Rohdaten
2024-05-11;253,98;Rohdaten
2024-05-12;253,97;Rohdaten
2024-05-13;253,95;Rohdaten
2024-05-14;253,94;Rohdaten
2024-05-15;253,93;Rohdaten
2024-05-16;253,91;Rohdaten
2024-05-17;253,95;Rohdaten
2024-05-18;253,93;Rohdaten
2024-05-19;253,92;Rohdaten
2024-05-20;253,95;Rohdaten
2024-05-21;253,97;Rohdaten
2024-05-22;254,43;Rohdaten
2024-05-23;254,46;Rohdaten
2024-05-24;254,34;Rohdaten
2024-05-25;254,29;Rohdaten
2024-05-26;254,20;Rohdaten
2024-05-27;254,14;Rohdaten
2024-05-28;254,10;Rohdaten
2024-05-29;254,07;Rohdaten
2024-05-30;254,09;Rohdaten
2024-05-31;254,17;Rohdaten
2024-06-01;254,39;Rohdaten
2024-06-02;255,24;Rohdaten
2024-06-03;255,14;Rohdaten
2024-06-04;254,94;Rohdaten
2024-06-05;254,81;Rohdaten
2024-06-06;254,71;Rohdaten
2024-06-07;254,61;Rohdaten
2024-06-08;254,53;Rohdaten
2024-06-09;254,45;Rohdaten
2024-06-10;254,38;Rohdaten
2024-06-11;254,30;Rohdaten
2024-06-12;254,24;Rohdaten
2024-06-13;254,19;Rohdaten
2024-06-14;254,15;Rohdaten
2024-06-15;254,14;Rohdaten
2024-06-16;254,11;Rohdaten
2024-06-17;254,08;Rohdaten
2024-06-18;254,06;Rohdaten
2024-06-19;254,05;Rohdaten
2024-06-20;254,07;Rohdaten
2024-06-21;254,04;Rohdaten
2024-06-22;254,00;Rohdaten
2024-06-23;253,97;Rohdaten
2024-06-24;253,94;Rohdaten
2024-06-25;253,92;Rohdaten
2024-06-26;253,90;Rohdaten
2024-06-27;253,89;Rohdaten
2024-06-28;253,88;Rohdaten
2024-06-29;253,88;Rohdaten
2024-06-30;253,91;Rohdaten
2024-07-01;254,09;Rohdaten
2024-07-02;254,07;Rohdaten
2024-07-03;254,03;Rohdaten
2024-07-04;254,02;Rohdaten
2024-07-05;254,00;Rohdaten
2024-07-06;253,98;Rohdaten
2024-07-07;253,96;Rohdaten
2024-07-08;253,93;Rohdaten
2024-07-09;253,90;Rohdaten
2024-07-10;253,89;Rohdaten
2024-07-11;253,97;Rohdaten
2024-07-12;253,96;Rohdaten
2024-07-13;253,99;Rohdaten
2024-07-14;253,94;Rohdaten
2024-07-15;253,90;Rohdaten
2024-07-16;253,89;Rohdaten
2024-07-17;253,86;Rohdaten
2024-07-18;253,84;Rohdaten
2024-07-19;253,83;Rohdaten
2024-07-20;253,82;Rohdaten
2024-07-21;253,80;Rohdaten
2024-07-22;253,82;Rohdaten
2024-07-23;253,79;Rohdaten
2024-07-24;253,77;Rohdaten
2024-07-25;253,76;Rohdaten
2024-07-26;253,75;Rohdaten
2024-07-27;253,80;Rohdaten
2024-07-28;253,86;Rohdaten
2024-07-29;253,83;Rohdaten
2024-07-30;253,79;Rohdaten
2024-07-31;253,77;Rohdaten
2024-08-01;253,79;Rohdaten
2024-08-02;253,83;Rohdaten
2024-08-03;253,84;Rohdaten
2024-08-04;253,83;Rohdaten
2024-08-05;253,81;Rohdaten
2024-08-06;253,78;Rohdaten
2024-08-07;253,75;Rohdaten
2024-08-08;253,73;Rohdaten
2024-08-09;253,71;Rohdaten
2024-08-10;253,70;Rohdaten
2024-08-11;253,68;Rohdaten
2024-08-12;253,68;Rohdaten
2024-08-13;253,67;Rohdaten
2024-08-14;253,65;Rohdaten
2024-08-15;253,64;Rohdaten
2024-08-16;253,63;Rohdaten
2024-08-17;253,62;Rohdaten
2024-08-18;253,64;Rohdaten
2024-08-19;253,68;Rohdaten
2024-08-20;253,66;Rohdaten
2024-08-21;253,64;Rohdaten
2024-08-22;253,63;Rohdaten
2024-08-23;253,62;Rohdaten
2024-08-24;253,61;Rohdaten
2024-08-25;253,59;Rohdaten
2024-08-26;253,59;Rohdaten
2024-08-27;253,58;Rohdaten
2024-08-28;253,58;Rohdaten
2024-08-29;253,57;Rohdaten
