﻿Quelle:;"Bayerisches Landesamt für Umwelt, www.gkd.bayern.de"
Datenbankabfrage:;"08.10.2024 21:51"
Zeitbezug:;MEZ
Messstellen-Name:;"BURGEBRACH 232"
Messstellen-Nr.:;5143
Ostwert:;625953;Nordwert:;5521027;"ETRS89 / UTM Zone 32N"

Datum;"Grundwasserstand [m ü. NN]";Prüfstatus
2024-01-01;265,26;Geprueft
2024-01-02;265,31;Geprueft
2024-01-03;265,47;Geprueft
2024-01-04;265,53;Geprueft
2024-01-05;265,51;Geprueft
2024-01-06;265,45;Geprueft
2024-01-07;265,40;Geprueft
2024-01-08;265,35;Geprueft
2024-01-09;265,31;Geprueft
2024-01-10;265,29;Geprueft
2024-01-11;265,25;Geprueft
2024-01-12;265,23;Geprueft
2024-01-13;265,22;Geprueft
2024-01-14;265,22;Geprueft
2024-01-15;265,22;Geprueft
2024-01-16;265,20;Geprueft
2024-01-17;265,20;Geprueft
2024-01-18;265,21;Geprueft
2024-01-19;265,18;Geprueft
2024-01-20;265,17;Geprueft
2024-01-21;265,17;Geprueft
2024-01-22;265,19;Geprueft
2024-01-23;265,19;Geprueft
2024-01-24;265,24;Geprueft
2024-01-25;265,25;Geprueft
2024-01-26;265,25;Geprueft
2024-01-27;265,24;Geprueft
2024-01-28;265,24;Geprueft
2024-01-29;265,23;Geprueft
2024-01-30;265,20;Geprueft
2024-01-31;265,20;Geprueft
2024-02-01;265,19;Geprueft
2024-02-02;265,18;Geprueft
2024-02-03;265,18;Geprueft
2024-02-04;265,18;Geprueft
2024-02-05;265,18;Geprueft
2024-02-06;265,17;Geprueft
2024-02-07;265,18;Geprueft
2024-02-08;265,26;Geprueft
2024-02-09;265,37;Geprueft
2024-02-10;265,46;Geprueft
2024-02-11;265,45;Geprueft
2024-02-12;265,42;Geprueft
2024-02-13;265,38;Geprueft
2024-02-14;265,36;Geprueft
2024-02-15;265,35;Geprueft
2024-02-16;265,34;Geprueft
2024-02-17;265,31;Geprueft
2024-02-18;265,31;Geprueft
2024-02-19;265,31;Geprueft
2024-02-20;265,29;Geprueft
2024-02-21;265,29;Geprueft
2024-02-22;265,33;Geprueft
2024-02-23;265,36;Geprueft
2024-02-24;265,34;Geprueft
2024-02-25;265,33;Geprueft
2024-02-26;265,31;Geprueft
2024-02-27;265,28;Geprueft
2024-02-28;265,25;Geprueft
2024-02-29;265,24;Geprueft
2024-03-01;265,23;Geprueft
2024-03-02;265,23;Geprueft
2024-03-03;265,23;Geprueft
2024-03-04;265,20;Geprueft
2024-03-05;265,18;Geprueft
2024-03-06;265,17;Geprueft
2024-03-07;265,15;Geprueft
2024-03-08;265,15;Geprueft
2024-03-09;265,15;Geprueft
2024-03-10;265,16;Geprueft
2024-03-11;265,14;Geprueft
2024-03-12;265,11;Geprueft
2024-03-13;265,11;Geprueft
2024-03-14;265,11;Geprueft
2024-03-15;265,11;Geprueft
2024-03-16;265,10;Geprueft
2024-03-17;265,09;Geprueft
2024-03-18;265,09;Geprueft
2024-03-19;265,08;Geprueft
2024-03-20;265,08;Geprueft
2024-03-21;265,08;Geprueft
2024-03-22;265,08;Geprueft
2024-03-23;265,09;Geprueft
2024-03-24;265,08;Geprueft
2024-03-25;265,08;Geprueft
2024-03-26;265,09;Geprueft
2024-03-27;265,08;Geprueft
2024-03-28;265,13;Geprueft
2024-03-29;265,15;Geprueft
2024-03-30;265,16;Geprueft
2024-03-31;265,17;Geprueft
2024-04-01;265,16;Geprueft
2024-04-02;265,13;Rohdaten
2024-04-03;265,13;Rohdaten
2024-04-04;265,13;Rohdaten
2024-04-05;265,17;Rohdaten
2024-04-06;265,18;Rohdaten
2024-04-07;265,19;Rohdaten
2024-04-08;265,19;Rohdaten
2024-04-09;265,17;Rohdaten
2024-04-10;265,14;Rohdaten
2024-04-11;265,13;Rohdaten
2024-04-12;265,13;Rohdaten
2024-04-13;265,13;Rohdaten
2024-04-14;265,14;Rohdaten
2024-04-15;265,14;Rohdaten
2024-04-16;265,12;Rohdaten
2024-04-17;265,13;Rohdaten
2024-04-18;265,11;Rohdaten
2024-04-19;265,12;Rohdaten
2024-04-20;265,14;Rohdaten
2024-04-21;265,19;Rohdaten
2024-04-22;265,23;Rohdaten
2024-04-23;265,23;Rohdaten
2024-04-24;265,22;Rohdaten
2024-04-25;265,20;Rohdaten
2024-04-26;265,20;Rohdaten
2024-04-27;265,18;Rohdaten
2024-04-28;265,18;Rohdaten
2024-04-29;265,16;Rohdaten
2024-04-30;265,15;Rohdaten
2024-05-01;265,16;Rohdaten
2024-05-02;265,16;Rohdaten
2024-05-03;265,16;Rohdaten
2024-05-04;265,15;Rohdaten
2024-05-05;265,16;Rohdaten
2024-05-06;265,17;Rohdaten
2024-05-07;265,15;Rohdaten
2024-05-08;265,13;Rohdaten
2024-05-09;265,13;Rohdaten
2024-05-10;265,13;Rohdaten
2024-05-11;265,11;Rohdaten
2024-05-12;265,11;Rohdaten
2024-05-13;265,04;Rohdaten
2024-05-14;265,09;Rohdaten
2024-05-15;265,08;Rohdaten
2024-05-16;265,03;Rohdaten
2024-05-17;265,08;Rohdaten
2024-05-18;265,10;Rohdaten
2024-05-19;265,12;Rohdaten
2024-05-20;265,12;Rohdaten
2024-05-21;265,12;Rohdaten
2024-05-22;265,13;Rohdaten
2024-05-23;265,13;Rohdaten
2024-05-24;265,15;Rohdaten
2024-05-25;265,17;Rohdaten
2024-05-26;265,17;Rohdaten
2024-05-27;265,17;Rohdaten
2024-05-28;265,16;Rohdaten
2024-05-29;265,15;Rohdaten
2024-05-30;265,16;Rohdaten
2024-05-31;265,16;Rohdaten
2024-06-01;265,23;Rohdaten
2024-06-02;265,42;Rohdaten
2024-06-03;265,44;Rohdaten
2024-06-04;265,42;Rohdaten
2024-06-05;265,39;Rohdaten
2024-06-06;265,36;Rohdaten
2024-06-07;265,33;Rohdaten
2024-06-08;265,31;Rohdaten
2024-06-09;265,30;Rohdaten
2024-06-10;265,28;Rohdaten
2024-06-11;265,25;Rohdaten
2024-06-12;265,22;Rohdaten
2024-06-13;265,17;Rohdaten
2024-06-14;265,12;Rohdaten
2024-06-15;265,12;Rohdaten
2024-06-16;265,16;Rohdaten
2024-06-17;265,09;Rohdaten
2024-06-18;265,10;Rohdaten
2024-06-19;265,05;Rohdaten
2024-06-20;265,08;Rohdaten
2024-06-21;265,10;Rohdaten
2024-06-22;265,09;Rohdaten
2024-06-23;265,01;Rohdaten
2024-06-24;264,99;Rohdaten
2024-06-25;265,04;Rohdaten
2024-06-26;264,96;Rohdaten
2024-06-27;264,94;Rohdaten
2024-06-28;265,00;Rohdaten
2024-06-29;265,00;Rohdaten
2024-06-30;264,93;Rohdaten
2024-07-01;264,96;Rohdaten
2024-07-02;265,03;Rohdaten
2024-07-03;264,97;Rohdaten
2024-07-04;265,04;Rohdaten
2024-07-05;265,09;Rohdaten
2024-07-06;265,12;Rohdaten
2024-07-07;265,16;Rohdaten
2024-07-08;265,07;Rohdaten
2024-07-09;265,09;Rohdaten
2024-07-10;265,08;Rohdaten
2024-07-11;265,12;Rohdaten
2024-07-12;265,14;Rohdaten
2024-07-13;265,13;Rohdaten
2024-07-14;265,11;Rohdaten
2024-07-15;265,01;Rohdaten
2024-07-16;264,98;Rohdaten
2024-07-17;265,02;Rohdaten
2024-07-18;264,96;Rohdaten
2024-07-19;264,93;Rohdaten
2024-07-20;264,97;Rohdaten
2024-07-21;264,91;Rohdaten
2024-07-22;264,87;Rohdaten
2024-07-23;264,93;Rohdaten
2024-07-24;264,95;Rohdaten
2024-07-25;264,89;Rohdaten
2024-07-26;264,86;Rohdaten
2024-07-27;264,92;Rohdaten
2024-07-28;264,87;Rohdaten
2024-07-29;264,85;Rohdaten
2024-07-30;264,91;Rohdaten
2024-07-31;264,89;Rohdaten
2024-08-01;264,86;Rohdaten
2024-08-02;264,99;Rohdaten
2024-08-03;265,00;Rohdaten
2024-08-04;264,95;Rohdaten
2024-08-05;264,91;Rohdaten
2024-08-06;264,96;Rohdaten
2024-08-07;264,93;Rohdaten
2024-08-08;264,86;Rohdaten
2024-08-09;264,84;Rohdaten
2024-08-10;264,89;Rohdaten
2024-08-11;264,84;Rohdaten
2024-08-12;264,81;Rohdaten
2024-08-13;264,86;Rohdaten
2024-08-14;264,79;Rohdaten
2024-08-15;264,78;Rohdaten
2024-08-16;264,84;Rohdaten
2024-08-17;264,78;Rohdaten
2024-08-18;264,81;Rohdaten
2024-08-19;264,93;Rohdaten
2024-08-20;264,97;Rohdaten
2024-08-21;264,97;Rohdaten
2024-08-22;264,97;Rohdaten
2024-08-23;264,88;Rohdaten
2024-08-24;264,92;Rohdaten
2024-08-25;264,85;Rohdaten
2024-08-26;264,90;Rohdaten
2024-08-27;264,82;Rohdaten
2024-08-28;264,87;Rohdaten
2024-08-29;264,80;Rohdaten
2024-08-30;264,76;Rohdaten
2024-08-31;264,82;Rohdaten
2024-09-01;264,78;Rohdaten
2024-09-02;264,83;Rohdaten
2024-09-03;264,76;Rohdaten
2024-09-04;264,82;Rohdaten
2024-09-05;264,77;Rohdaten
2024-09-06;264,72;Rohdaten
2024-09-07;264,80;Rohdaten
2024-09-08;264,76;Rohdaten
2024-09-09;264,85;Rohdaten
2024-09-10;264,87;Rohdaten
2024-09-11;264,88;Rohdaten
2024-09-12;264,89;Rohdaten
2024-09-13;264,89;Rohdaten
2024-09-14;264,89;Rohdaten
2024-09-15;264,89;Rohdaten
2024-09-16;264,90;Rohdaten
2024-09-17;264,92;Rohdaten
2024-09-18;264,92;Rohdaten
2024-09-19;264,87;Rohdaten
2024-09-20;264,90;Rohdaten
2024-09-21;264,91;Rohdaten
2024-09-22;264,92;Rohdaten
2024-09-23;264,92;Rohdaten
2024-09-24;264,93;Rohdaten
2024-09-25;264,94;Rohdaten
2024-09-26;265,00;Rohdaten
2024-09-27;265,03;Rohdaten
2024-09-28;265,01;Rohdaten
2024-09-29;265,00;Rohdaten
2024-09-30;265,00;Rohdaten
