﻿Quelle:;"Bayerisches Landesamt für Umwelt, www.gkd.bayern.de"
Datenbankabfrage:;"08.10.2024 21:51"
Zeitbezug:;MEZ
Messstellen-Name:;"STEGAURACH 236"
Messstellen-Nr.:;5144
Ostwert:;632177;Nordwert:;5524807;"ETRS89 / UTM Zone 32N"

Datum;"Grundwasserstand [m ü. NN]";Prüfstatus
2024-01-01;257,94;Geprueft
2024-01-02;257,96;Geprueft
2024-01-03;258,22;Geprueft
2024-01-04;258,36;Geprueft
2024-01-05;258,37;Geprueft
2024-01-06;258,34;Geprueft
2024-01-07;258,28;Geprueft
2024-01-08;258,18;Geprueft
2024-01-09;258,08;Geprueft
2024-01-10;258,00;Geprueft
2024-01-11;257,94;Geprueft
2024-01-12;257,92;Geprueft
2024-01-13;257,92;Geprueft
2024-01-14;257,91;Geprueft
2024-01-15;257,89;Geprueft
2024-01-16;257,88;Geprueft
2024-01-17;257,91;Geprueft
2024-01-18;257,99;Geprueft
2024-01-19;258,03;Geprueft
2024-01-20;257,98;Geprueft
2024-01-21;257,93;Geprueft
2024-01-22;257,92;Geprueft
2024-01-23;258,01;Geprueft
2024-01-24;258,11;Geprueft
2024-01-25;258,16;Geprueft
2024-01-26;258,11;Geprueft
2024-01-27;258,07;Geprueft
2024-01-28;258,05;Geprueft
2024-01-29;257,99;Geprueft
2024-01-30;257,97;Geprueft
2024-01-31;257,97;Geprueft
2024-02-01;257,97;Geprueft
2024-02-02;257,96;Geprueft
2024-02-03;257,95;Geprueft
2024-02-04;257,94;Geprueft
2024-02-05;257,96;Geprueft
2024-02-06;257,96;Geprueft
2024-02-07;257,97;Geprueft
2024-02-08;258,08;Geprueft
2024-02-09;258,30;Geprueft
2024-02-10;258,42;Geprueft
2024-02-11;258,41;Geprueft
2024-02-12;258,40;Geprueft
2024-02-13;258,37;Geprueft
2024-02-14;258,33;Geprueft
2024-02-15;258,27;Geprueft
2024-02-16;258,21;Geprueft
2024-02-17;258,17;Geprueft
2024-02-18;258,14;Geprueft
2024-02-19;258,11;Geprueft
2024-02-20;258,11;Geprueft
2024-02-21;258,10;Geprueft
2024-02-22;258,13;Geprueft
2024-02-23;258,27;Geprueft
2024-02-24;258,36;Geprueft
2024-02-25;258,29;Geprueft
2024-02-26;258,20;Geprueft
2024-02-27;258,16;Geprueft
2024-02-28;258,11;Geprueft
2024-02-29;258,10;Geprueft
2024-03-01;258,09;Geprueft
2024-03-02;258,07;Geprueft
2024-03-03;258,05;Geprueft
2024-03-04;258,03;Geprueft
2024-03-05;258,02;Geprueft
2024-03-06;258,00;Geprueft
2024-03-07;257,99;Geprueft
2024-03-08;257,98;Geprueft
2024-03-09;257,98;Geprueft
2024-03-10;257,98;Geprueft
2024-03-11;257,96;Geprueft
2024-03-12;257,95;Geprueft
2024-03-13;257,94;Geprueft
2024-03-14;257,94;Geprueft
2024-03-15;257,94;Geprueft
2024-03-16;257,95;Geprueft
2024-03-17;257,94;Geprueft
2024-03-18;257,92;Geprueft
2024-03-19;257,92;Geprueft
2024-03-20;257,91;Geprueft
2024-03-21;257,90;Geprueft
2024-03-22;257,90;Geprueft
2024-03-23;257,92;Geprueft
2024-03-24;257,91;Geprueft
2024-03-25;257,93;Geprueft
2024-03-26;257,93;Geprueft
2024-03-27;257,92;Geprueft
2024-03-28;258,00;Geprueft
2024-03-29;258,00;Geprueft
2024-03-30;257,99;Geprueft
2024-03-31;257,97;Geprueft
2024-04-01;257,96;Geprueft
2024-04-02;257,94;Geprueft
2024-04-03;257,94;Geprueft
2024-04-04;257,97;Geprueft
2024-04-05;257,98;Geprueft
2024-04-06;257,95;Geprueft
2024-04-07;257,92;Geprueft
2024-04-08;257,90;Geprueft
2024-04-09;257,88;Geprueft
2024-04-10;257,87;Geprueft
2024-04-11;257,85;Geprueft
2024-04-12;257,84;Geprueft
2024-04-13;257,82;Geprueft
2024-04-14;257,82;Geprueft
2024-04-15;257,83;Geprueft
2024-04-16;257,85;Geprueft
2024-04-17;257,87;Geprueft
2024-04-18;257,85;Geprueft
2024-04-19;257,88;Geprueft
2024-04-20;257,90;Geprueft
2024-04-21;257,95;Geprueft
2024-04-22;258,03;Geprueft
2024-04-23;258,16;Geprueft
2024-04-24;258,09;Geprueft
2024-04-25;257,99;Geprueft
2024-04-26;257,96;Geprueft
2024-04-27;257,91;Geprueft
2024-04-28;257,86;Geprueft
2024-04-29;257,84;Geprueft
2024-04-30;257,81;Geprueft
2024-05-01;257,78;Geprueft
2024-05-02;257,77;Geprueft
2024-05-03;257,79;Geprueft
2024-05-04;257,76;Geprueft
2024-05-05;257,78;Geprueft
2024-05-06;257,80;Geprueft
2024-05-07;257,81;Geprueft
2024-05-08;257,79;Geprueft
2024-05-09;257,76;Geprueft
2024-05-10;257,72;Geprueft
2024-05-11;257,71;Geprueft
2024-05-12;257,70;Geprueft
2024-05-13;257,68;Geprueft
2024-05-14;257,66;Geprueft
2024-05-15;257,66;Geprueft
2024-05-16;257,66;Geprueft
2024-05-17;257,72;Geprueft
2024-05-18;257,74;Geprueft
2024-05-19;257,75;Geprueft
2024-05-20;257,76;Geprueft
2024-05-21;257,76;Geprueft
2024-05-22;257,84;Geprueft
2024-05-23;257,81;Geprueft
2024-05-24;257,82;Geprueft
2024-05-25;257,80;Geprueft
2024-05-26;257,77;Geprueft
2024-05-27;257,75;Geprueft
2024-05-28;257,73;Geprueft
2024-05-29;257,73;Geprueft
2024-05-30;257,78;Geprueft
2024-05-31;257,81;Geprueft
2024-06-01;257,87;Rohdaten
2024-06-02;258,23;Rohdaten
2024-06-03;258,34;Rohdaten
2024-06-04;258,38;Rohdaten
2024-06-05;258,32;Rohdaten
2024-06-06;258,15;Rohdaten
2024-06-07;257,99;Rohdaten
2024-06-08;257,92;Rohdaten
2024-06-09;257,86;Rohdaten
2024-06-10;257,84;Rohdaten
2024-06-11;257,81;Rohdaten
2024-06-12;257,80;Rohdaten
2024-06-13;257,77;Rohdaten
2024-06-14;257,78;Rohdaten
2024-06-15;257,80;Rohdaten
2024-06-16;257,78;Rohdaten
2024-06-17;257,77;Rohdaten
2024-06-18;257,75;Rohdaten
2024-06-19;257,74;Rohdaten
2024-06-20;257,73;Rohdaten
2024-06-21;257,74;Rohdaten
2024-06-22;257,70;Rohdaten
2024-06-23;257,69;Rohdaten
2024-06-24;257,68;Rohdaten
2024-06-25;257,66;Rohdaten
2024-06-26;257,66;Rohdaten
2024-06-27;257,65;Rohdaten
2024-06-28;257,65;Rohdaten
2024-06-29;257,64;Rohdaten
2024-06-30;257,65;Rohdaten
2024-07-01;257,71;Rohdaten
2024-07-02;257,74;Rohdaten
2024-07-03;257,75;Rohdaten
2024-07-04;257,77;Rohdaten
2024-07-05;257,82;Rohdaten
2024-07-06;257,83;Rohdaten
2024-07-07;257,86;Rohdaten
2024-07-08;257,82;Rohdaten
2024-07-09;257,78;Rohdaten
2024-07-10;257,75;Rohdaten
2024-07-11;257,78;Rohdaten
2024-07-12;257,78;Rohdaten
2024-07-13;257,73;Rohdaten
2024-07-14;257,71;Rohdaten
2024-07-15;257,69;Rohdaten
2024-07-16;257,70;Rohdaten
2024-07-17;257,69;Rohdaten
2024-07-18;257,68;Rohdaten
2024-07-19;257,66;Rohdaten
2024-07-20;257,64;Rohdaten
2024-07-21;257,66;Rohdaten
2024-07-22;257,67;Rohdaten
2024-07-23;257,67;Rohdaten
2024-07-24;257,67;Rohdaten
2024-07-25;257,66;Rohdaten
2024-07-26;257,66;Rohdaten
2024-07-27;257,67;Rohdaten
2024-07-28;257,70;Rohdaten
2024-07-29;257,68;Rohdaten
2024-07-30;257,65;Rohdaten
2024-07-31;257,63;Rohdaten
2024-08-01;257,66;Rohdaten
2024-08-02;257,72;Rohdaten
2024-08-03;257,71;Rohdaten
2024-08-04;257,73;Rohdaten
2024-08-05;257,70;Rohdaten
2024-08-06;257,68;Rohdaten
2024-08-07;257,66;Rohdaten
2024-08-08;257,66;Rohdaten
2024-08-09;257,65;Rohdaten
2024-08-10;257,63;Rohdaten
2024-08-11;257,62;Rohdaten
2024-08-12;257,61;Rohdaten
2024-08-13;257,60;Rohdaten
2024-08-14;257,60;Rohdaten
2024-08-15;257,60;Rohdaten
2024-08-16;257,59;Rohdaten
2024-08-17;257,57;Rohdaten
2024-08-18;257,59;Rohdaten
2024-08-19;257,63;Rohdaten
2024-08-20;257,65;Rohdaten
2024-08-21;257,65;Rohdaten
2024-08-22;257,64;Rohdaten
2024-08-23;257,63;Rohdaten
2024-08-24;257,60;Rohdaten
2024-08-25;257,61;Rohdaten
2024-08-26;257,61;Rohdaten
2024-08-27;257,60;Rohdaten
2024-08-28;257,58;Rohdaten
2024-08-29;257,56;Rohdaten
2024-08-30;257,55;Rohdaten
2024-08-31;257,53;Rohdaten
2024-09-01;257,53;Rohdaten
2024-09-02;257,55;Rohdaten
2024-09-03;257,56;Rohdaten
2024-09-04;257,56;Rohdaten
2024-09-05;257,56;Rohdaten
2024-09-06;257,54;Rohdaten
2024-09-07;257,54;Rohdaten
2024-09-08;257,55;Rohdaten
2024-09-09;257,62;Rohdaten
2024-09-10;257,63;Rohdaten
2024-09-11;257,64;Rohdaten
2024-09-12;257,66;Rohdaten
2024-09-13;257,67;Rohdaten
2024-09-14;257,65;Rohdaten
2024-09-15;257,63;Rohdaten
2024-09-16;257,66;Rohdaten
2024-09-17;257,67;Rohdaten
2024-09-18;257,66;Rohdaten
2024-09-19;257,65;Rohdaten
2024-09-20;257,63;Rohdaten
2024-09-21;257,61;Rohdaten
2024-09-22;257,61;Rohdaten
2024-09-23;257,62;Rohdaten
2024-09-24;257,65;Rohdaten
2024-09-25;257,68;Rohdaten
2024-09-26;257,73;Rohdaten
2024-09-27;257,74;Rohdaten
2024-09-28;257,71;Rohdaten
2024-09-29;257,70;Rohdaten
2024-09-30;257,69;Rohdaten
