﻿Quelle:;"Bayerisches Landesamt für Umwelt, www.gkd.bayern.de"
Datenbankabfrage:;"08.10.2024 21:51"
Zeitbezug:;MEZ
Messstellen-Name:;"Heiligenstadt 9"
Messstellen-Nr.:;5155
Ostwert:;656802;Nordwert:;5530134;"ETRS89 / UTM Zone 32N"

Datum;"Grundwasserstand [m ü. NN]";Prüfstatus
2024-01-01;452,05;Geprueft
2024-01-02;452,09;Geprueft
2024-01-03;452,13;Geprueft
2024-01-04;452,21;Geprueft
2024-01-05;452,43;Geprueft
2024-01-06;452,65;Geprueft
2024-01-07;452,81;Geprueft
2024-01-08;452,93;Geprueft
2024-01-09;453,02;Geprueft
2024-01-10;453,09;Geprueft
2024-01-11;453,12;Geprueft
2024-01-12;453,12;Geprueft
2024-01-13;453,12;Geprueft
2024-01-14;453,13;Geprueft
2024-01-15;453,10;Geprueft
2024-01-16;452,99;Geprueft
2024-01-17;452,95;Geprueft
2024-01-18;452,84;Geprueft
2024-01-19;452,62;Geprueft
2024-01-20;452,42;Geprueft
2024-01-21;452,27;Geprueft
2024-01-22;452,16;Geprueft
2024-01-23;452,03;Geprueft
2024-01-24;451,95;Geprueft
2024-01-25;451,83;Geprueft
2024-01-26;451,74;Geprueft
2024-01-27;451,60;Geprueft
2024-01-28;451,49;Geprueft
2024-01-29;451,39;Geprueft
2024-01-30;451,28;Geprueft
2024-01-31;451,18;Geprueft
2024-02-01;451,08;Geprueft
2024-02-02;450,98;Geprueft
2024-02-03;450,89;Geprueft
2024-02-04;450,80;Geprueft
2024-02-05;450,72;Geprueft
2024-02-06;450,65;Geprueft
2024-02-07;450,61;Geprueft
2024-02-08;450,57;Geprueft
2024-02-09;450,58;Geprueft
2024-02-10;450,72;Geprueft
2024-02-11;450,97;Geprueft
2024-02-12;451,13;Geprueft
2024-02-13;451,27;Geprueft
2024-02-14;451,44;Geprueft
2024-02-15;451,64;Geprueft
2024-02-16;451,83;Geprueft
2024-02-17;451,96;Geprueft
2024-02-18;452,08;Geprueft
2024-02-19;452,21;Geprueft
2024-02-20;452,30;Geprueft
2024-02-21;452,40;Geprueft
2024-02-22;452,56;Geprueft
2024-02-23;452,64;Geprueft
2024-02-24;452,68;Geprueft
2024-02-25;452,72;Geprueft
2024-02-26;452,76;Geprueft
2024-02-27;452,74;Geprueft
2024-02-28;452,71;Geprueft
2024-02-29;452,72;Geprueft
2024-03-01;452,75;Geprueft
2024-03-02;452,75;Geprueft
2024-03-03;452,75;Geprueft
2024-03-04;452,69;Geprueft
2024-03-05;452,62;Geprueft
2024-03-06;452,53;Geprueft
2024-03-07;452,46;Geprueft
2024-03-08;452,42;Geprueft
2024-03-09;452,41;Geprueft
2024-03-10;452,38;Geprueft
2024-03-11;452,28;Geprueft
2024-03-12;452,16;Geprueft
2024-03-13;452,05;Geprueft
2024-03-14;451,97;Geprueft
2024-03-15;451,88;Geprueft
2024-03-16;451,77;Geprueft
2024-03-17;451,64;Geprueft
2024-03-18;451,54;Geprueft
2024-03-19;451,41;Geprueft
2024-03-20;451,28;Geprueft
2024-03-21;451,15;Geprueft
2024-03-22;451,03;Geprueft
2024-03-23;450,92;Geprueft
2024-03-24;450,79;Geprueft
2024-03-25;450,65;Geprueft
2024-03-26;450,56;Geprueft
2024-03-27;450,47;Geprueft
2024-03-28;450,33;Geprueft
2024-03-29;450,19;Geprueft
2024-03-30;450,08;Geprueft
2024-03-31;449,96;Geprueft
2024-04-01;449,85;Geprueft
2024-04-02;449,68;Geprueft
2024-04-03;449,54;Geprueft
2024-04-04;449,38;Geprueft
2024-04-05;449,28;Geprueft
2024-04-06;449,27;Geprueft
2024-04-07;449,25;Geprueft
2024-04-08;449,25;Geprueft
2024-04-09;449,23;Geprueft
2024-04-10;449,16;Geprueft
2024-04-11;449,10;Geprueft
2024-04-12;449,06;Geprueft
2024-04-13;449,00;Geprueft
2024-04-14;448,94;Geprueft
2024-04-15;448,88;Geprueft
2024-04-16;448,80;Geprueft
2024-04-17;448,69;Geprueft
2024-04-18;448,56;Geprueft
2024-04-19;448,46;Geprueft
2024-04-20;448,37;Geprueft
2024-04-21;448,33;Geprueft
2024-04-22;448,33;Geprueft
2024-04-23;448,37;Geprueft
2024-04-24;448,42;Geprueft
2024-04-25;448,44;Geprueft
2024-04-26;448,44;Geprueft
2024-04-27;448,43;Geprueft
2024-04-28;448,41;Geprueft
2024-04-29;448,38;Geprueft
2024-04-30;448,39;Geprueft
2024-05-01;448,40;Geprueft
2024-05-02;448,40;Geprueft
2024-05-03;448,33;Geprueft
2024-05-04;448,27;Geprueft
2024-05-05;448,22;Geprueft
2024-05-06;448,14;Geprueft
2024-05-07;448,04;Geprueft
2024-05-08;447,92;Geprueft
2024-05-09;447,83;Geprueft
2024-05-10;447,76;Geprueft
2024-05-11;447,68;Geprueft
2024-05-12;447,62;Geprueft
2024-05-13;447,56;Geprueft
2024-05-14;447,50;Geprueft
2024-05-15;447,43;Geprueft
2024-05-16;447,36;Geprueft
2024-05-17;447,28;Geprueft
2024-05-18;447,17;Geprueft
2024-05-19;447,08;Geprueft
2024-05-20;446,98;Geprueft
2024-05-21;446,91;Geprueft
2024-05-22;447,05;Geprueft
2024-05-23;447,40;Geprueft
2024-05-24;447,67;Geprueft
2024-05-25;447,86;Geprueft
2024-05-26;448,01;Geprueft
2024-05-27;448,16;Geprueft
2024-05-28;448,27;Geprueft
2024-05-29;448,38;Geprueft
2024-05-30;448,49;Geprueft
2024-05-31;448,55;Geprueft
2024-06-01;448,60;Rohdaten
2024-06-02;448,63;Rohdaten
2024-06-03;448,67;Rohdaten
2024-06-04;448,74;Rohdaten
2024-06-05;448,81;Rohdaten
2024-06-06;448,86;Rohdaten
2024-06-07;448,92;Rohdaten
2024-06-08;448,99;Rohdaten
2024-06-09;449,06;Rohdaten
2024-06-10;449,12;Rohdaten
2024-06-11;449,14;Rohdaten
2024-06-12;449,16;Rohdaten
2024-06-13;449,18;Rohdaten
2024-06-14;449,21;Rohdaten
2024-06-15;449,24;Rohdaten
2024-06-16;449,24;Rohdaten
2024-06-17;449,23;Rohdaten
2024-06-18;449,20;Rohdaten
2024-06-19;449,16;Rohdaten
2024-06-20;449,07;Rohdaten
2024-06-21;449,01;Rohdaten
2024-06-22;448,92;Rohdaten
2024-06-23;448,80;Rohdaten
2024-06-24;448,70;Rohdaten
2024-06-25;448,62;Rohdaten
2024-06-26;448,53;Rohdaten
2024-06-27;448,44;Rohdaten
2024-06-28;448,32;Rohdaten
2024-06-29;448,24;Rohdaten
2024-06-30;448,16;Rohdaten
2024-07-01;448,05;Rohdaten
2024-07-02;447,96;Rohdaten
2024-07-03;447,88;Rohdaten
2024-07-04;447,80;Rohdaten
2024-07-05;447,73;Rohdaten
2024-07-06;447,69;Rohdaten
2024-07-07;447,61;Rohdaten
2024-07-08;447,54;Rohdaten
2024-07-09;447,47;Rohdaten
2024-07-10;447,40;Rohdaten
2024-07-11;447,31;Rohdaten
2024-07-12;447,25;Rohdaten
2024-07-13;447,15;Rohdaten
2024-07-14;447,05;Rohdaten
2024-07-15;446,96;Rohdaten
2024-07-16;446,87;Rohdaten
2024-07-17;446,77;Rohdaten
2024-07-18;446,67;Rohdaten
2024-07-19;446,60;Rohdaten
2024-07-20;446,53;Rohdaten
2024-07-21;446,45;Rohdaten
2024-07-22;446,35;Rohdaten
2024-07-23;446,27;Rohdaten
2024-07-24;446,19;Rohdaten
2024-07-25;446,12;Rohdaten
2024-07-26;446,05;Rohdaten
2024-07-27;445,97;Rohdaten
2024-07-28;445,88;Rohdaten
2024-07-29;445,82;Rohdaten
2024-07-30;445,76;Rohdaten
2024-07-31;445,71;Rohdaten
2024-08-01;445,65;Rohdaten
2024-08-02;445,60;Rohdaten
2024-08-03;445,55;Rohdaten
2024-08-04;445,50;Rohdaten
2024-08-05;445,45;Rohdaten
2024-08-06;445,40;Rohdaten
2024-08-07;445,35;Rohdaten
2024-08-08;445,29;Rohdaten
2024-08-09;445,23;Rohdaten
2024-08-10;445,17;Rohdaten
2024-08-11;445,12;Rohdaten
2024-08-12;445,09;Rohdaten
2024-08-13;445,03;Rohdaten
2024-08-14;444,97;Rohdaten
2024-08-15;444,91;Rohdaten
2024-08-16;444,86;Rohdaten
2024-08-17;444,81;Rohdaten
2024-08-18;444,77;Rohdaten
2024-08-19;444,71;Rohdaten
2024-08-20;444,67;Rohdaten
2024-08-21;444,62;Rohdaten
2024-08-22;444,58;Rohdaten
2024-08-23;444,53;Rohdaten
2024-08-24;444,50;Rohdaten
2024-08-25;444,44;Rohdaten
2024-08-26;444,41;Rohdaten
2024-08-27;444,37;Rohdaten
2024-08-28;444,33;Rohdaten
2024-08-29;444,30;Rohdaten
2024-08-30;444,26;Rohdaten
2024-08-31;444,22;Rohdaten
2024-09-01;444,19;Rohdaten
2024-09-02;444,16;Rohdaten
2024-09-03;444,12;Rohdaten
2024-09-04;444,09;Rohdaten
2024-09-05;444,06;Rohdaten
2024-09-06;444,02;Rohdaten
2024-09-07;444,00;Rohdaten
2024-09-08;443,97;Rohdaten
2024-09-09;443,95;Rohdaten
2024-09-10;443,93;Rohdaten
2024-09-11;443,92;Rohdaten
2024-09-12;443,90;Rohdaten
2024-09-13;443,87;Rohdaten
2024-09-14;443,84;Rohdaten
2024-09-15;443,82;Rohdaten
2024-09-16;443,79;Rohdaten
2024-09-17;443,76;Rohdaten
2024-09-18;443,74;Rohdaten
2024-09-19;443,71;Rohdaten
2024-09-20;443,69;Rohdaten
2024-09-21;443,67;Rohdaten
2024-09-22;443,65;Rohdaten
2024-09-23;443,62;Rohdaten
2024-09-24;443,60;Rohdaten
2024-09-25;443,57;Rohdaten
2024-09-26;443,56;Rohdaten
2024-09-27;443,53;Rohdaten
2024-09-28;443,50;Rohdaten
2024-09-29;443,48;Rohdaten
2024-09-30;443,47;Rohdaten
