﻿Quelle:;"Bayerisches Landesamt für Umwelt, www.gkd.bayern.de"
Datenbankabfrage:;"08.10.2024 21:51"
Zeitbezug:;MEZ
Messstellen-Name:;"WINGERSDORF 13"
Messstellen-Nr.:;5156
Ostwert:;634542;Nordwert:;5515703;"ETRS89 / UTM Zone 32N"

Datum;"Grundwasserstand [m ü. NN]";Prüfstatus
2024-01-01;262,24;Geprueft
2024-01-02;262,25;Geprueft
2024-01-03;262,33;Geprueft
2024-01-04;262,39;Geprueft
2024-01-05;262,42;Geprueft
2024-01-06;262,41;Geprueft
2024-01-07;262,38;Geprueft
2024-01-08;262,35;Geprueft
2024-01-09;262,32;Geprueft
2024-01-10;262,30;Geprueft
2024-01-11;262,28;Geprueft
2024-01-12;262,27;Geprueft
2024-01-13;262,27;Geprueft
2024-01-14;262,29;Geprueft
2024-01-15;262,28;Geprueft
2024-01-16;262,25;Geprueft
2024-01-17;262,27;Geprueft
2024-01-18;262,26;Geprueft
2024-01-19;262,20;Geprueft
2024-01-20;262,17;Geprueft
2024-01-21;262,18;Geprueft
2024-01-22;262,20;Geprueft
2024-01-23;262,19;Geprueft
2024-01-24;262,23;Geprueft
2024-01-25;262,27;Geprueft
2024-01-26;262,30;Geprueft
2024-01-27;262,30;Geprueft
2024-01-28;262,31;Geprueft
2024-01-29;262,31;Geprueft
2024-01-30;262,30;Geprueft
2024-01-31;262,29;Geprueft
2024-02-01;262,29;Geprueft
2024-02-02;262,29;Geprueft
2024-02-03;262,29;Geprueft
2024-02-04;262,29;Geprueft
2024-02-05;262,29;Geprueft
2024-02-06;262,29;Geprueft
2024-02-07;262,30;Geprueft
2024-02-08;262,34;Geprueft
2024-02-09;262,44;Geprueft
2024-02-10;262,52;Geprueft
2024-02-11;262,54;Geprueft
2024-02-12;262,53;Geprueft
2024-02-13;262,49;Geprueft
2024-02-14;262,48;Geprueft
2024-02-15;262,47;Geprueft
2024-02-16;262,47;Geprueft
2024-02-17;262,43;Geprueft
2024-02-18;262,42;Geprueft
2024-02-19;262,43;Geprueft
2024-02-20;262,43;Geprueft
2024-02-21;262,45;Geprueft
2024-02-22;262,50;Geprueft
2024-02-23;262,53;Geprueft
2024-02-24;262,54;Geprueft
2024-02-25;262,53;Geprueft
2024-02-26;262,52;Geprueft
2024-02-27;262,48;Geprueft
2024-02-28;262,44;Geprueft
2024-02-29;262,44;Geprueft
2024-03-01;262,44;Geprueft
2024-03-02;262,42;Geprueft
2024-03-03;262,42;Geprueft
2024-03-04;262,38;Geprueft
2024-03-05;262,35;Geprueft
2024-03-06;262,33;Geprueft
2024-03-07;262,32;Geprueft
2024-03-08;262,33;Geprueft
2024-03-09;262,34;Geprueft
2024-03-10;262,35;Geprueft
2024-03-11;262,31;Geprueft
2024-03-12;262,27;Geprueft
2024-03-13;262,26;Geprueft
2024-03-14;262,26;Geprueft
2024-03-15;262,25;Geprueft
2024-03-16;262,24;Geprueft
2024-03-17;262,22;Geprueft
2024-03-18;262,23;Geprueft
2024-03-19;262,21;Geprueft
2024-03-20;262,20;Geprueft
2024-03-21;262,20;Geprueft
2024-03-22;262,20;Geprueft
2024-03-23;262,21;Geprueft
2024-03-24;262,21;Geprueft
2024-03-25;262,20;Geprueft
2024-03-26;262,22;Geprueft
2024-03-27;262,22;Geprueft
2024-03-28;262,21;Geprueft
2024-03-29;262,20;Geprueft
2024-03-30;262,21;Geprueft
2024-03-31;262,21;Geprueft
2024-04-01;262,21;Geprueft
2024-04-02;262,18;Geprueft
2024-04-03;262,18;Geprueft
2024-04-04;262,17;Geprueft
2024-04-05;262,17;Geprueft
2024-04-06;262,17;Geprueft
2024-04-07;262,17;Geprueft
2024-04-08;262,18;Geprueft
2024-04-09;262,17;Geprueft
2024-04-10;262,13;Geprueft
2024-04-11;262,12;Geprueft
2024-04-12;262,12;Geprueft
2024-04-13;262,12;Geprueft
2024-04-14;262,13;Geprueft
2024-04-15;262,15;Geprueft
2024-04-16;262,15;Geprueft
2024-04-17;262,13;Geprueft
2024-04-18;262,11;Geprueft
2024-04-19;262,11;Geprueft
2024-04-20;262,10;Geprueft
2024-04-21;262,10;Geprueft
2024-04-22;262,11;Geprueft
2024-04-23;262,14;Geprueft
2024-04-24;262,16;Geprueft
2024-04-25;262,16;Geprueft
2024-04-26;262,15;Geprueft
2024-04-27;262,14;Geprueft
2024-04-28;262,12;Geprueft
2024-04-29;262,09;Geprueft
2024-04-30;262,10;Geprueft
2024-05-01;262,11;Rohdaten
2024-05-02;262,11;Rohdaten
2024-05-03;262,07;Rohdaten
2024-05-04;262,06;Rohdaten
2024-05-05;262,07;Rohdaten
2024-05-06;262,08;Rohdaten
2024-05-07;262,06;Rohdaten
2024-05-08;262,04;Rohdaten
2024-05-09;262,03;Rohdaten
2024-05-10;262,03;Rohdaten
2024-05-11;262,03;Rohdaten
2024-05-12;262,03;Rohdaten
2024-05-13;262,02;Rohdaten
2024-05-14;262,02;Rohdaten
2024-05-15;262,01;Rohdaten
2024-05-16;262,00;Rohdaten
2024-05-17;262,00;Rohdaten
2024-05-18;261,99;Rohdaten
2024-05-19;261,99;Rohdaten
2024-05-20;261,99;Rohdaten
2024-05-21;262,00;Rohdaten
2024-05-22;262,00;Rohdaten
2024-05-23;262,00;Rohdaten
2024-05-24;262,01;Rohdaten
2024-05-25;262,02;Rohdaten
2024-05-26;262,02;Rohdaten
2024-05-27;262,02;Rohdaten
2024-05-28;262,01;Rohdaten
2024-05-29;262,01;Rohdaten
2024-05-30;262,02;Rohdaten
2024-05-31;262,02;Rohdaten
2024-06-01;262,02;Rohdaten
2024-06-02;262,07;Rohdaten
2024-06-03;262,20;Rohdaten
2024-06-04;262,27;Rohdaten
2024-06-05;262,30;Rohdaten
2024-06-06;262,30;Rohdaten
2024-06-07;262,28;Rohdaten
2024-06-08;262,27;Rohdaten
2024-06-09;262,26;Rohdaten
2024-06-10;262,25;Rohdaten
2024-06-11;262,21;Rohdaten
2024-06-12;262,18;Rohdaten
2024-06-13;262,17;Rohdaten
2024-06-14;262,16;Rohdaten
2024-06-15;262,16;Rohdaten
2024-06-16;262,14;Rohdaten
2024-06-17;262,12;Rohdaten
2024-06-18;262,10;Rohdaten
2024-06-19;262,08;Rohdaten
2024-06-20;262,06;Rohdaten
2024-06-21;262,06;Rohdaten
2024-06-22;262,04;Rohdaten
2024-06-23;262,02;Rohdaten
2024-06-24;262,01;Rohdaten
2024-06-25;262,00;Rohdaten
2024-06-26;261,99;Rohdaten
2024-06-27;261,98;Rohdaten
2024-06-28;261,95;Rohdaten
2024-06-29;261,95;Rohdaten
2024-06-30;261,94;Rohdaten
2024-07-01;261,92;Rohdaten
2024-07-02;261,91;Rohdaten
2024-07-03;261,90;Rohdaten
2024-07-04;261,90;Rohdaten
2024-07-05;261,90;Rohdaten
2024-07-06;261,91;Rohdaten
2024-07-07;261,89;Rohdaten
2024-07-08;261,88;Rohdaten
2024-07-09;261,87;Rohdaten
2024-07-10;261,86;Rohdaten
2024-07-11;261,87;Rohdaten
2024-07-12;261,90;Rohdaten
2024-07-13;261,90;Rohdaten
2024-07-14;261,89;Rohdaten
2024-07-15;261,88;Rohdaten
2024-07-16;261,87;Rohdaten
2024-07-17;261,86;Rohdaten
2024-07-18;261,84;Rohdaten
2024-07-19;261,84;Rohdaten
2024-07-20;261,85;Rohdaten
2024-07-21;261,84;Rohdaten
2024-07-22;261,81;Rohdaten
2024-07-23;261,79;Rohdaten
2024-07-24;261,78;Rohdaten
2024-07-25;261,78;Rohdaten
2024-07-26;261,78;Rohdaten
2024-07-27;261,76;Rohdaten
2024-07-28;261,74;Rohdaten
2024-07-29;261,74;Rohdaten
2024-07-30;261,74;Rohdaten
2024-07-31;261,74;Rohdaten
2024-08-01;261,74;Rohdaten
2024-08-02;261,74;Rohdaten
2024-08-03;261,73;Rohdaten
2024-08-04;261,73;Rohdaten
2024-08-05;261,72;Rohdaten
2024-08-06;261,72;Rohdaten
2024-08-07;261,71;Rohdaten
2024-08-08;261,69;Rohdaten
2024-08-09;261,69;Rohdaten
2024-08-10;261,67;Rohdaten
2024-08-11;261,67;Rohdaten
2024-08-12;261,67;Rohdaten
2024-08-13;261,66;Rohdaten
2024-08-14;261,65;Rohdaten
2024-08-15;261,63;Rohdaten
2024-08-16;261,62;Rohdaten
2024-08-17;261,62;Rohdaten
2024-08-18;261,62;Rohdaten
2024-08-19;261,60;Rohdaten
2024-08-20;261,61;Rohdaten
2024-08-21;261,60;Rohdaten
2024-08-22;261,59;Rohdaten
2024-08-23;261,58;Rohdaten
2024-08-24;261,58;Rohdaten
2024-08-25;261,55;Rohdaten
2024-08-26;261,55;Rohdaten
2024-08-27;261,54;Rohdaten
2024-08-28;261,54;Rohdaten
2024-08-29;261,53;Rohdaten
2024-08-30;261,52;Rohdaten
2024-08-31;261,51;Rohdaten
2024-09-01;261,51;Rohdaten
2024-09-02;261,50;Rohdaten
2024-09-03;261,49;Rohdaten
2024-09-04;261,48;Rohdaten
2024-09-05;261,49;Rohdaten
2024-09-06;261,47;Rohdaten
2024-09-07;261,46;Rohdaten
2024-09-08;261,46;Rohdaten
2024-09-09;261,47;Rohdaten
2024-09-10;261,45;Rohdaten
2024-09-11;261,46;Rohdaten
2024-09-12;261,45;Rohdaten
2024-09-13;261,43;Rohdaten
2024-09-14;261,42;Rohdaten
2024-09-15;261,43;Rohdaten
2024-09-16;261,43;Rohdaten
2024-09-17;261,43;Rohdaten
2024-09-18;261,43;Rohdaten
2024-09-19;261,43;Rohdaten
2024-09-20;261,42;Rohdaten
2024-09-21;261,42;Rohdaten
2024-09-22;261,42;Rohdaten
2024-09-23;261,43;Rohdaten
2024-09-24;261,43;Rohdaten
2024-09-25;261,43;Rohdaten
2024-09-26;261,45;Rohdaten
2024-09-27;261,46;Rohdaten
2024-09-28;261,44;Rohdaten
2024-09-29;261,42;Rohdaten
2024-09-30;261,45;Rohdaten
