﻿Quelle:;"Bayerisches Landesamt für Umwelt, www.gkd.bayern.de"
Datenbankabfrage:;"08.10.2024 21:51"
Zeitbezug:;MEZ
Messstellen-Name:;NEUSES
Messstellen-Nr.:;5158
Ostwert:;657993;Nordwert:;5557621;"ETRS89 / UTM Zone 32N"

Datum;"Grundwasserstand [m ü. NN]";Prüfstatus
2024-01-01;273,30;Geprueft
2024-01-02;273,35;Geprueft
2024-01-03;273,52;Geprueft
2024-01-04;273,75;Geprueft
2024-01-05;273,75;Geprueft
2024-01-06;273,63;Geprueft
2024-01-07;273,49;Geprueft
2024-01-08;273,39;Geprueft
2024-01-09;273,31;Geprueft
2024-01-10;273,25;Geprueft
2024-01-11;273,20;Geprueft
2024-01-12;273,18;Geprueft
2024-01-13;273,19;Geprueft
2024-01-14;273,19;Geprueft
2024-01-15;273,17;Geprueft
2024-01-16;273,14;Geprueft
2024-01-17;273,15;Geprueft
2024-01-18;273,22;Geprueft
2024-01-19;273,19;Geprueft
2024-01-20;273,17;Geprueft
2024-01-21;273,15;Geprueft
2024-01-22;273,19;Geprueft
2024-01-23;273,29;Geprueft
2024-01-24;273,35;Geprueft
2024-01-25;273,34;Geprueft
2024-01-26;273,33;Geprueft
2024-01-27;273,32;Geprueft
2024-01-28;273,30;Geprueft
2024-01-29;273,27;Geprueft
2024-01-30;273,24;Geprueft
2024-01-31;273,23;Geprueft
2024-02-01;273,24;Geprueft
2024-02-02;273,23;Geprueft
2024-02-03;273,21;Geprueft
2024-02-04;273,21;Geprueft
2024-02-05;273,22;Geprueft
2024-02-06;273,22;Geprueft
2024-02-07;273,22;Geprueft
2024-02-08;273,34;Geprueft
2024-02-09;273,49;Geprueft
2024-02-10;273,63;Geprueft
2024-02-11;273,61;Geprueft
2024-02-12;273,55;Geprueft
2024-02-13;273,51;Geprueft
2024-02-14;273,46;Geprueft
2024-02-15;273,43;Geprueft
2024-02-16;273,40;Geprueft
2024-02-17;273,38;Geprueft
2024-02-18;273,37;Geprueft
2024-02-19;273,37;Geprueft
2024-02-20;273,35;Geprueft
2024-02-21;273,35;Geprueft
2024-02-22;273,37;Geprueft
2024-02-23;273,36;Geprueft
2024-02-24;273,33;Geprueft
2024-02-25;273,31;Geprueft
2024-02-26;273,28;Geprueft
2024-02-27;273,24;Geprueft
2024-02-28;273,22;Geprueft
2024-02-29;273,22;Geprueft
2024-03-01;273,21;Geprueft
2024-03-02;273,19;Geprueft
2024-03-03;273,18;Geprueft
2024-03-04;273,15;Geprueft
2024-03-05;273,13;Geprueft
2024-03-06;273,11;Geprueft
2024-03-07;273,10;Geprueft
2024-03-08;273,10;Geprueft
2024-03-09;273,09;Geprueft
2024-03-10;273,07;Geprueft
2024-03-11;273,04;Geprueft
2024-03-12;273,01;Geprueft
2024-03-13;273,02;Geprueft
2024-03-14;273,02;Geprueft
2024-03-15;273,00;Geprueft
2024-03-16;272,98;Geprueft
2024-03-17;272,97;Geprueft
2024-03-18;272,96;Geprueft
2024-03-19;272,94;Geprueft
2024-03-20;272,93;Geprueft
2024-03-21;272,91;Geprueft
2024-03-22;272,91;Geprueft
2024-03-23;272,91;Geprueft
2024-03-24;272,92;Geprueft
2024-03-25;272,91;Geprueft
2024-03-26;272,91;Geprueft
2024-03-27;272,89;Geprueft
2024-03-28;272,92;Geprueft
2024-03-29;272,94;Geprueft
2024-03-30;272,94;Geprueft
2024-03-31;272,92;Geprueft
2024-04-01;272,89;Geprueft
2024-04-02;272,85;Geprueft
2024-04-03;272,85;Geprueft
2024-04-04;272,88;Geprueft
2024-04-05;272,94;Geprueft
2024-04-06;272,92;Geprueft
2024-04-07;272,89;Geprueft
2024-04-08;272,87;Geprueft
2024-04-09;272,83;Geprueft
2024-04-10;272,80;Geprueft
2024-04-11;272,79;Geprueft
2024-04-12;272,79;Geprueft
2024-04-13;272,79;Geprueft
2024-04-14;272,78;Geprueft
2024-04-15;272,79;Geprueft
2024-04-16;272,77;Geprueft
2024-04-17;272,76;Geprueft
2024-04-18;272,77;Geprueft
2024-04-19;272,81;Geprueft
2024-04-20;272,86;Geprueft
2024-04-21;272,96;Geprueft
2024-04-22;272,99;Geprueft
2024-04-23;272,98;Geprueft
2024-04-24;272,94;Geprueft
2024-04-25;272,90;Geprueft
2024-04-26;272,88;Geprueft
2024-04-27;272,85;Geprueft
2024-04-28;272,82;Geprueft
2024-04-29;272,79;Geprueft
2024-04-30;272,79;Geprueft
2024-05-01;272,78;Rohdaten
2024-05-02;272,77;Rohdaten
2024-05-03;272,74;Rohdaten
2024-05-04;272,74;Rohdaten
2024-05-05;272,74;Rohdaten
2024-05-06;272,74;Rohdaten
2024-05-07;272,75;Rohdaten
2024-05-08;272,75;Rohdaten
2024-05-09;272,73;Rohdaten
2024-05-10;272,72;Rohdaten
2024-05-11;272,70;Rohdaten
2024-05-12;272,69;Rohdaten
2024-05-13;272,69;Rohdaten
2024-05-14;272,68;Rohdaten
2024-05-15;272,66;Rohdaten
2024-05-16;272,65;Rohdaten
2024-05-17;272,67;Rohdaten
2024-05-18;272,65;Rohdaten
2024-05-19;272,65;Rohdaten
2024-05-20;272,64;Rohdaten
2024-05-21;272,66;Rohdaten
2024-05-22;272,81;Rohdaten
2024-05-23;272,85;Rohdaten
2024-05-24;272,85;Rohdaten
2024-05-25;272,93;Rohdaten
2024-05-26;272,89;Rohdaten
2024-05-27;272,86;Rohdaten
2024-05-28;272,82;Rohdaten
2024-05-29;272,81;Rohdaten
2024-05-30;272,82;Rohdaten
2024-05-31;272,87;Rohdaten
2024-06-01;272,91;Rohdaten
2024-06-02;273,12;Rohdaten
2024-06-03;273,17;Rohdaten
2024-06-04;273,14;Rohdaten
2024-06-05;273,06;Rohdaten
2024-06-06;273,01;Rohdaten
2024-06-07;272,96;Rohdaten
2024-06-08;272,94;Rohdaten
2024-06-09;272,90;Rohdaten
2024-06-10;272,86;Rohdaten
2024-06-11;272,81;Rohdaten
2024-06-12;272,79;Rohdaten
2024-06-13;272,77;Rohdaten
2024-06-14;272,76;Rohdaten
2024-06-15;272,75;Rohdaten
2024-06-16;272,73;Rohdaten
2024-06-17;272,71;Rohdaten
2024-06-18;272,70;Rohdaten
2024-06-19;272,68;Rohdaten
2024-06-20;272,68;Rohdaten
2024-06-21;272,67;Rohdaten
2024-06-22;272,66;Rohdaten
2024-06-23;272,64;Rohdaten
2024-06-24;272,63;Rohdaten
2024-06-25;272,62;Rohdaten
2024-06-26;272,61;Rohdaten
2024-06-27;272,59;Rohdaten
2024-06-28;272,62;Rohdaten
2024-06-29;272,64;Rohdaten
2024-06-30;272,62;Rohdaten
2024-07-01;272,62;Rohdaten
2024-07-02;272,63;Rohdaten
2024-07-03;272,62;Rohdaten
2024-07-04;272,61;Rohdaten
2024-07-05;272,60;Rohdaten
2024-07-06;272,60;Rohdaten
2024-07-07;272,58;Rohdaten
2024-07-08;272,57;Rohdaten
2024-07-09;272,56;Rohdaten
2024-07-10;272,57;Rohdaten
2024-07-11;272,67;Rohdaten
2024-07-12;272,69;Rohdaten
2024-07-13;272,65;Rohdaten
2024-07-14;272,65;Rohdaten
2024-07-15;272,63;Rohdaten
2024-07-16;272,60;Rohdaten
2024-07-17;272,57;Rohdaten
2024-07-18;272,56;Rohdaten
2024-07-19;272,55;Rohdaten
2024-07-20;272,55;Rohdaten
2024-07-21;272,53;Rohdaten
2024-07-22;272,50;Rohdaten
2024-07-23;272,50;Rohdaten
2024-07-24;272,48;Rohdaten
2024-07-25;272,48;Rohdaten
2024-07-26;272,47;Rohdaten
2024-07-27;272,47;Rohdaten
2024-07-28;272,46;Rohdaten
2024-07-29;272,46;Rohdaten
2024-07-30;272,46;Rohdaten
2024-07-31;272,45;Rohdaten
2024-08-01;272,45;Rohdaten
2024-08-02;272,51;Rohdaten
2024-08-03;272,50;Rohdaten
2024-08-04;272,50;Rohdaten
2024-08-05;272,49;Rohdaten
2024-08-06;272,48;Rohdaten
2024-08-07;272,45;Rohdaten
2024-08-08;272,43;Rohdaten
2024-08-09;272,42;Rohdaten
2024-08-10;272,40;Rohdaten
2024-08-11;272,39;Rohdaten
2024-08-12;272,39;Rohdaten
2024-08-13;272,38;Rohdaten
2024-08-14;272,37;Rohdaten
2024-08-15;272,35;Rohdaten
2024-08-16;272,34;Rohdaten
2024-08-17;272,34;Rohdaten
2024-08-18;272,35;Rohdaten
2024-08-19;272,39;Rohdaten
2024-08-20;272,40;Rohdaten
2024-08-21;272,37;Rohdaten
2024-08-22;272,36;Rohdaten
2024-08-23;272,34;Rohdaten
2024-08-24;272,34;Rohdaten
2024-08-25;272,30;Rohdaten
2024-08-26;272,30;Rohdaten
2024-08-27;272,30;Rohdaten
2024-08-28;272,30;Rohdaten
2024-08-29;272,29;Rohdaten
2024-08-30;272,28;Rohdaten
2024-08-31;272,27;Rohdaten
2024-09-01;272,27;Rohdaten
2024-09-02;272,27;Rohdaten
2024-09-03;272,26;Rohdaten
2024-09-04;272,26;Rohdaten
2024-09-05;272,26;Rohdaten
2024-09-06;272,24;Rohdaten
2024-09-07;272,23;Rohdaten
2024-09-08;272,24;Rohdaten
2024-09-09;272,31;Rohdaten
2024-09-10;272,31;Rohdaten
2024-09-11;272,31;Rohdaten
2024-09-12;272,29;Rohdaten
2024-09-13;272,27;Rohdaten
2024-09-14;272,25;Rohdaten
2024-09-15;272,26;Rohdaten
2024-09-16;272,26;Rohdaten
2024-09-17;272,26;Rohdaten
2024-09-18;272,25;Rohdaten
2024-09-19;272,25;Rohdaten
2024-09-20;272,24;Rohdaten
2024-09-21;272,23;Rohdaten
2024-09-22;272,24;Rohdaten
2024-09-23;272,24;Rohdaten
2024-09-24;272,26;Rohdaten
2024-09-25;272,28;Rohdaten
2024-09-26;272,31;Rohdaten
2024-09-27;272,31;Rohdaten
2024-09-28;272,27;Rohdaten
2024-09-29;272,26;Rohdaten
2024-09-30;272,29;Rohdaten
