﻿Quelle:;"Bayerisches Landesamt für Umwelt, www.gkd.bayern.de"
Datenbankabfrage:;"08.10.2024 21:51"
Zeitbezug:;MEZ
Messstellen-Name:;"Hallstadt 16"
Messstellen-Nr.:;5159
Ostwert:;636681;Nordwert:;5533646;"ETRS89 / UTM Zone 32N"

Datum;"Grundwasserstand [m ü. NN]";Prüfstatus
2024-01-01;241,54;Geprueft
2024-01-02;241,57;Geprueft
2024-01-03;241,60;Geprueft
2024-01-04;241,61;Geprueft
2024-01-05;241,63;Geprueft
2024-01-06;241,63;Geprueft
2024-01-07;241,64;Geprueft
2024-01-08;241,64;Geprueft
2024-01-09;241,64;Geprueft
2024-01-10;241,65;Geprueft
2024-01-11;241,66;Geprueft
2024-01-12;241,67;Geprueft
2024-01-13;241,69;Geprueft
2024-01-14;241,71;Geprueft
2024-01-15;241,73;Geprueft
2024-01-16;241,72;Geprueft
2024-01-17;241,75;Geprueft
2024-01-18;241,75;Geprueft
2024-01-19;241,72;Geprueft
2024-01-20;241,71;Geprueft
2024-01-21;241,72;Geprueft
2024-01-22;241,73;Geprueft
2024-01-23;241,73;Geprueft
2024-01-24;241,74;Geprueft
2024-01-25;241,74;Geprueft
2024-01-26;241,74;Geprueft
2024-01-27;241,74;Geprueft
2024-01-28;241,75;Geprueft
2024-01-29;241,76;Geprueft
2024-01-30;241,76;Geprueft
2024-01-31;241,76;Geprueft
2024-02-01;241,77;Geprueft
2024-02-02;241,78;Geprueft
2024-02-03;241,78;Geprueft
2024-02-04;241,79;Geprueft
2024-02-05;241,80;Geprueft
2024-02-06;241,81;Geprueft
2024-02-07;241,83;Geprueft
2024-02-08;241,85;Geprueft
2024-02-09;241,88;Geprueft
2024-02-10;241,91;Geprueft
2024-02-11;241,92;Geprueft
2024-02-12;241,93;Geprueft
2024-02-13;241,92;Geprueft
2024-02-14;241,93;Geprueft
2024-02-15;241,95;Geprueft
2024-02-16;241,96;Geprueft
2024-02-17;241,96;Geprueft
2024-02-18;241,97;Geprueft
2024-02-19;241,99;Geprueft
2024-02-20;241,99;Geprueft
2024-02-21;242,01;Geprueft
2024-02-22;242,05;Geprueft
2024-02-23;242,07;Geprueft
2024-02-24;242,06;Geprueft
2024-02-25;242,06;Geprueft
2024-02-26;242,07;Geprueft
2024-02-27;242,06;Geprueft
2024-02-28;242,04;Geprueft
2024-02-29;242,05;Geprueft
2024-03-01;242,07;Geprueft
2024-03-02;242,07;Geprueft
2024-03-03;242,07;Geprueft
2024-03-04;242,06;Geprueft
2024-03-05;242,05;Geprueft
2024-03-06;242,04;Geprueft
2024-03-07;242,04;Geprueft
2024-03-08;242,05;Geprueft
2024-03-09;242,06;Geprueft
2024-03-10;242,07;Geprueft
2024-03-11;242,05;Geprueft
2024-03-12;242,03;Geprueft
2024-03-13;242,03;Geprueft
2024-03-14;242,03;Geprueft
2024-03-15;242,03;Geprueft
2024-03-16;242,01;Geprueft
2024-03-17;242,00;Geprueft
2024-03-18;242,01;Geprueft
2024-03-19;242,00;Geprueft
2024-03-20;241,99;Geprueft
2024-03-21;241,99;Geprueft
2024-03-22;242,00;Geprueft
2024-03-23;242,01;Geprueft
2024-03-24;242,01;Geprueft
2024-03-25;242,01;Geprueft
2024-03-26;242,01;Geprueft
2024-03-27;242,02;Geprueft
2024-03-28;242,02;Geprueft
2024-03-29;242,00;Geprueft
2024-03-30;242,00;Geprueft
2024-03-31;241,99;Geprueft
2024-04-01;241,99;Geprueft
2024-04-02;241,97;Geprueft
2024-04-03;241,97;Geprueft
2024-04-04;241,97;Geprueft
2024-04-05;241,96;Geprueft
2024-04-06;241,95;Geprueft
2024-04-07;241,95;Geprueft
2024-04-08;241,95;Geprueft
2024-04-09;241,95;Geprueft
2024-04-10;241,92;Geprueft
2024-04-11;241,91;Geprueft
2024-04-12;241,91;Geprueft
2024-04-13;241,91;Geprueft
2024-04-14;241,92;Geprueft
2024-04-15;241,93;Geprueft
2024-04-16;241,94;Geprueft
2024-04-17;241,93;Geprueft
2024-04-18;241,92;Geprueft
2024-04-19;241,93;Geprueft
2024-04-20;241,92;Geprueft
2024-04-21;241,92;Geprueft
2024-04-22;241,92;Geprueft
2024-04-23;241,92;Geprueft
2024-04-24;241,93;Geprueft
2024-04-25;241,93;Geprueft
2024-04-26;241,92;Geprueft
2024-04-27;241,91;Geprueft
2024-04-28;241,90;Geprueft
2024-04-29;241,89;Geprueft
2024-04-30;241,89;Geprueft
2024-05-01;241,90;Rohdaten
2024-05-02;241,91;Rohdaten
2024-05-03;241,91;Rohdaten
2024-05-04;241,91;Rohdaten
2024-05-05;241,92;Rohdaten
2024-05-06;241,92;Rohdaten
2024-05-07;241,91;Rohdaten
2024-05-08;241,90;Rohdaten
2024-05-09;241,90;Rohdaten
2024-05-10;241,90;Rohdaten
2024-05-11;241,90;Rohdaten
2024-05-12;241,90;Rohdaten
2024-05-13;241,91;Rohdaten
2024-05-14;241,91;Rohdaten
2024-05-15;241,91;Rohdaten
2024-05-16;241,92;Rohdaten
2024-05-17;241,93;Rohdaten
2024-05-18;241,92;Rohdaten
2024-05-19;241,92;Rohdaten
2024-05-20;241,92;Rohdaten
2024-05-21;241,95;Rohdaten
2024-05-22;242,03;Rohdaten
2024-05-23;242,05;Rohdaten
2024-05-24;242,08;Rohdaten
2024-05-25;242,09;Rohdaten
2024-05-26;242,11;Rohdaten
2024-05-27;242,12;Rohdaten
2024-05-28;242,13;Rohdaten
2024-05-29;242,15;Rohdaten
2024-05-30;242,17;Rohdaten
2024-05-31;242,17;Rohdaten
2024-06-01;242,20;Rohdaten
2024-06-02;242,26;Rohdaten
2024-06-03;242,31;Rohdaten
2024-06-04;242,35;Rohdaten
2024-06-05;242,37;Rohdaten
2024-06-06;242,38;Rohdaten
2024-06-07;242,38;Rohdaten
2024-06-08;242,40;Rohdaten
2024-06-09;242,41;Rohdaten
2024-06-10;242,41;Rohdaten
2024-06-11;242,40;Rohdaten
2024-06-12;242,39;Rohdaten
2024-06-13;242,38;Rohdaten
2024-06-14;242,39;Rohdaten
2024-06-15;242,40;Rohdaten
2024-06-16;242,39;Rohdaten
2024-06-17;242,38;Rohdaten
2024-06-18;242,37;Rohdaten
2024-06-19;242,37;Rohdaten
2024-06-20;242,37;Rohdaten
2024-06-21;242,37;Rohdaten
2024-06-22;242,36;Rohdaten
2024-06-23;242,35;Rohdaten
2024-06-24;242,34;Rohdaten
2024-06-25;242,34;Rohdaten
2024-06-26;242,34;Rohdaten
2024-06-27;242,33;Rohdaten
2024-06-28;242,32;Rohdaten
2024-06-29;242,32;Rohdaten
2024-06-30;242,32;Rohdaten
2024-07-01;242,32;Rohdaten
2024-07-02;242,31;Rohdaten
2024-07-03;242,31;Rohdaten
2024-07-04;242,32;Rohdaten
2024-07-05;242,31;Rohdaten
2024-07-06;242,31;Rohdaten
2024-07-07;242,30;Rohdaten
2024-07-08;242,28;Rohdaten
2024-07-09;242,28;Rohdaten
2024-07-10;242,27;Rohdaten
2024-07-11;242,28;Rohdaten
2024-07-12;242,28;Rohdaten
2024-07-13;242,27;Rohdaten
2024-07-14;242,26;Rohdaten
2024-07-15;242,26;Rohdaten
2024-07-16;242,25;Rohdaten
2024-07-17;242,24;Rohdaten
2024-07-18;242,23;Rohdaten
2024-07-19;242,22;Rohdaten
2024-07-20;242,23;Rohdaten
2024-07-21;242,22;Rohdaten
2024-07-22;242,21;Rohdaten
2024-07-23;242,20;Rohdaten
2024-07-24;242,19;Rohdaten
2024-07-25;242,19;Rohdaten
2024-07-26;242,18;Rohdaten
2024-07-27;242,18;Rohdaten
2024-07-28;242,16;Rohdaten
2024-07-29;242,14;Rohdaten
2024-07-30;242,14;Rohdaten
2024-07-31;242,13;Rohdaten
2024-08-01;242,13;Rohdaten
2024-08-02;242,13;Rohdaten
2024-08-03;242,11;Rohdaten
2024-08-04;242,11;Rohdaten
2024-08-05;242,09;Rohdaten
2024-08-06;242,08;Rohdaten
2024-08-07;242,08;Rohdaten
2024-08-08;242,06;Rohdaten
2024-08-09;242,05;Rohdaten
2024-08-10;242,03;Rohdaten
2024-08-11;242,02;Rohdaten
2024-08-12;242,02;Rohdaten
2024-08-13;242,01;Rohdaten
2024-08-14;241,99;Rohdaten
2024-08-15;241,98;Rohdaten
2024-08-16;241,97;Rohdaten
2024-08-17;241,97;Rohdaten
2024-08-18;241,97;Rohdaten
2024-08-19;241,97;Rohdaten
2024-08-20;241,96;Rohdaten
2024-08-21;241,95;Rohdaten
2024-08-22;241,94;Rohdaten
2024-08-23;241,93;Rohdaten
2024-08-24;241,92;Rohdaten
2024-08-25;241,90;Rohdaten
2024-08-26;241,89;Rohdaten
2024-08-27;241,88;Rohdaten
2024-08-28;241,87;Rohdaten
2024-08-29;241,86;Rohdaten
2024-08-30;241,86;Rohdaten
2024-08-31;241,84;Rohdaten
2024-09-01;241,84;Rohdaten
2024-09-02;241,84;Rohdaten
2024-09-03;241,83;Rohdaten
2024-09-04;241,82;Rohdaten
2024-09-05;241,81;Rohdaten
2024-09-06;241,80;Rohdaten
2024-09-07;241,79;Rohdaten
2024-09-08;241,79;Rohdaten
2024-09-09;241,80;Rohdaten
2024-09-10;241,78;Rohdaten
2024-09-11;241,78;Rohdaten
2024-09-12;241,77;Rohdaten
2024-09-13;241,75;Rohdaten
2024-09-14;241,74;Rohdaten
2024-09-15;241,73;Rohdaten
2024-09-16;241,73;Rohdaten
2024-09-17;241,72;Rohdaten
2024-09-18;241,71;Rohdaten
2024-09-19;241,71;Rohdaten
2024-09-20;241,70;Rohdaten
2024-09-21;241,70;Rohdaten
2024-09-22;241,69;Rohdaten
2024-09-23;241,70;Rohdaten
2024-09-24;241,70;Rohdaten
2024-09-25;241,70;Rohdaten
2024-09-26;241,71;Rohdaten
2024-09-27;241,70;Rohdaten
2024-09-28;241,68;Rohdaten
2024-09-29;241,66;Rohdaten
2024-09-30;241,67;Rohdaten
