﻿Quelle:;"Bayerisches Landesamt für Umwelt, www.gkd.bayern.de"
Datenbankabfrage:;"08.10.2024 21:51"
Zeitbezug:;MEZ
Messstellen-Name:;"MICHELAU 1"
Messstellen-Nr.:;5161
Ostwert:;649239;Nordwert:;5558954;"ETRS89 / UTM Zone 32N"

Datum;"Grundwasserstand [m ü. NN]";Prüfstatus
2024-01-01;262,46;Geprueft
2024-01-02;262,62;Geprueft
2024-01-03;263,10;Geprueft
2024-01-04;263,25;Geprueft
2024-01-05;263,18;Geprueft
2024-01-06;263,00;Geprueft
2024-01-07;262,81;Geprueft
2024-01-08;262,64;Geprueft
2024-01-09;262,52;Geprueft
2024-01-10;262,44;Geprueft
2024-01-11;262,38;Geprueft
2024-01-12;262,33;Geprueft
2024-01-13;262,31;Geprueft
2024-01-14;262,29;Geprueft
2024-01-15;262,26;Geprueft
2024-01-16;262,20;Geprueft
2024-01-17;262,24;Geprueft
2024-01-18;262,39;Geprueft
2024-01-19;262,30;Geprueft
2024-01-20;262,25;Geprueft
2024-01-21;262,24;Geprueft
2024-01-22;262,32;Geprueft
2024-01-23;262,59;Geprueft
2024-01-24;262,77;Geprueft
2024-01-25;262,65;Geprueft
2024-01-26;262,60;Geprueft
2024-01-27;262,59;Geprueft
2024-01-28;262,51;Geprueft
2024-01-29;262,44;Geprueft
2024-01-30;262,37;Geprueft
2024-01-31;262,33;Geprueft
2024-02-01;262,32;Geprueft
2024-02-02;262,31;Geprueft
2024-02-03;262,29;Geprueft
2024-02-04;262,30;Geprueft
2024-02-05;262,34;Geprueft
2024-02-06;262,35;Geprueft
2024-02-07;262,36;Geprueft
2024-02-08;262,70;Geprueft
2024-02-09;262,96;Geprueft
2024-02-10;263,05;Geprueft
2024-02-11;262,99;Geprueft
2024-02-12;262,90;Geprueft
2024-02-13;262,77;Geprueft
2024-02-14;262,66;Geprueft
2024-02-15;262,63;Geprueft
2024-02-16;262,57;Geprueft
2024-02-17;262,60;Geprueft
2024-02-18;262,57;Geprueft
2024-02-19;262,54;Geprueft
2024-02-20;262,51;Geprueft
2024-02-21;262,48;Geprueft
2024-02-22;262,52;Geprueft
2024-02-23;262,59;Geprueft
2024-02-24;262,52;Geprueft
2024-02-25;262,46;Geprueft
2024-02-26;262,40;Geprueft
2024-02-27;262,34;Geprueft
2024-02-28;262,30;Geprueft
2024-02-29;262,29;Geprueft
2024-03-01;262,26;Geprueft
2024-03-02;262,24;Geprueft
2024-03-03;262,22;Geprueft
2024-03-04;262,19;Geprueft
2024-03-05;262,16;Geprueft
2024-03-06;262,15;Geprueft
2024-03-07;262,14;Geprueft
2024-03-08;262,14;Geprueft
2024-03-09;262,15;Geprueft
2024-03-10;262,14;Geprueft
2024-03-11;262,11;Geprueft
2024-03-12;262,09;Geprueft
2024-03-13;262,09;Geprueft
2024-03-14;262,09;Geprueft
2024-03-15;262,07;Geprueft
2024-03-16;262,05;Geprueft
2024-03-17;262,05;Geprueft
2024-03-18;262,06;Geprueft
2024-03-19;262,05;Geprueft
2024-03-20;262,04;Geprueft
2024-03-21;262,04;Geprueft
2024-03-22;262,05;Geprueft
2024-03-23;262,05;Geprueft
2024-03-24;262,06;Geprueft
2024-03-25;262,05;Geprueft
2024-03-26;262,05;Geprueft
2024-03-27;262,05;Geprueft
2024-03-28;262,09;Geprueft
2024-03-29;262,11;Geprueft
2024-03-30;262,11;Geprueft
2024-03-31;262,10;Geprueft
2024-04-01;262,08;Geprueft
2024-04-02;262,06;Geprueft
2024-04-03;262,04;Geprueft
2024-04-04;262,06;Geprueft
2024-04-05;262,11;Geprueft
2024-04-06;262,08;Geprueft
2024-04-07;262,06;Geprueft
2024-04-08;262,05;Geprueft
2024-04-09;262,03;Geprueft
2024-04-10;261,99;Geprueft
2024-04-11;261,99;Geprueft
2024-04-12;261,98;Geprueft
2024-04-13;261,98;Geprueft
2024-04-14;261,99;Geprueft
2024-04-15;262,00;Geprueft
2024-04-16;262,00;Geprueft
2024-04-17;262,01;Geprueft
2024-04-18;261,99;Geprueft
2024-04-19;262,03;Geprueft
2024-04-20;262,12;Geprueft
2024-04-21;262,25;Geprueft
2024-04-22;262,23;Geprueft
2024-04-23;262,18;Geprueft
2024-04-24;262,16;Geprueft
2024-04-25;262,12;Geprueft
2024-04-26;262,09;Geprueft
2024-04-27;262,06;Geprueft
2024-04-28;262,03;Geprueft
2024-04-29;262,00;Geprueft
2024-04-30;262,00;Geprueft
2024-05-01;262,00;Geprueft
2024-05-02;261,99;Geprueft
2024-05-03;261,98;Geprueft
2024-05-04;261,97;Geprueft
2024-05-05;261,99;Geprueft
2024-05-06;262,00;Geprueft
2024-05-07;262,00;Geprueft
2024-05-08;261,99;Geprueft
2024-05-09;261,97;Geprueft
2024-05-10;261,97;Geprueft
2024-05-11;261,95;Geprueft
2024-05-12;261,95;Geprueft
2024-05-13;261,94;Geprueft
2024-05-14;261,93;Geprueft
2024-05-15;261,92;Geprueft
2024-05-16;261,96;Geprueft
2024-05-17;262,16;Geprueft
2024-05-18;262,10;Geprueft
2024-05-19;262,09;Geprueft
2024-05-20;262,14;Geprueft
2024-05-21;262,26;Geprueft
2024-05-22;262,96;Geprueft
2024-05-23;262,77;Geprueft
2024-05-24;262,59;Geprueft
2024-05-25;262,50;Geprueft
2024-05-26;262,41;Geprueft
2024-05-27;262,34;Geprueft
2024-05-28;262,28;Geprueft
2024-05-29;262,25;Geprueft
2024-05-30;262,30;Geprueft
2024-05-31;262,40;Geprueft
2024-06-01;262,75;Geprueft
2024-06-02;263,31;Geprueft
2024-06-03;263,10;Geprueft
2024-06-04;262,84;Geprueft
2024-06-05;262,63;Geprueft
2024-06-06;262,49;Geprueft
2024-06-07;262,39;Geprueft
2024-06-08;262,31;Geprueft
2024-06-09;262,26;Geprueft
2024-06-10;262,21;Geprueft
2024-06-11;262,15;Geprueft
2024-06-12;262,12;Geprueft
2024-06-13;262,09;Geprueft
2024-06-14;262,07;Geprueft
2024-06-15;262,09;Geprueft
2024-06-16;262,06;Geprueft
2024-06-17;262,05;Geprueft
2024-06-18;262,03;Geprueft
2024-06-19;262,02;Geprueft
2024-06-20;262,05;Geprueft
2024-06-21;262,02;Geprueft
2024-06-22;262,00;Geprueft
2024-06-23;261,98;Geprueft
2024-06-24;261,96;Geprueft
2024-06-25;261,94;Geprueft
2024-06-26;261,93;Geprueft
2024-06-27;261,95;Geprueft
2024-06-28;262,02;Geprueft
2024-06-29;261,99;Geprueft
2024-06-30;261,98;Geprueft
2024-07-01;262,05;Geprueft
2024-07-02;262,03;Geprueft
2024-07-03;261,99;Geprueft
2024-07-04;262,01;Geprueft
2024-07-05;262,02;Geprueft
2024-07-06;262,01;Geprueft
2024-07-07;262,01;Geprueft
2024-07-08;261,97;Geprueft
2024-07-09;261,93;Geprueft
2024-07-10;261,91;Geprueft
2024-07-11;261,95;Geprueft
2024-07-12;261,93;Geprueft
2024-07-13;261,90;Geprueft
2024-07-14;261,91;Geprueft
2024-07-15;261,89;Geprueft
2024-07-16;261,89;Geprueft
2024-07-17;261,87;Geprueft
2024-07-18;261,86;Geprueft
2024-07-19;261,85;Geprueft
2024-07-20;261,85;Geprueft
2024-07-21;261,84;Geprueft
2024-07-22;261,83;Geprueft
2024-07-23;261,83;Geprueft
2024-07-24;261,82;Geprueft
2024-07-25;261,82;Geprueft
2024-07-26;261,81;Geprueft
2024-07-27;261,86;Geprueft
2024-07-28;261,89;Geprueft
2024-07-29;261,86;Geprueft
2024-07-30;261,84;Geprueft
2024-07-31;261,82;Geprueft
2024-08-01;261,84;Geprueft
2024-08-02;261,87;Geprueft
2024-08-03;261,85;Geprueft
2024-08-04;261,86;Geprueft
2024-08-05;261,85;Geprueft
2024-08-06;261,83;Geprueft
2024-08-07;261,82;Geprueft
2024-08-08;261,81;Geprueft
2024-08-09;261,80;Geprueft
2024-08-10;261,79;Geprueft
2024-08-11;261,79;Geprueft
2024-08-12;261,78;Geprueft
2024-08-13;261,77;Geprueft
2024-08-14;261,77;Geprueft
2024-08-15;261,75;Geprueft
2024-08-16;261,75;Geprueft
2024-08-17;261,75;Geprueft
2024-08-18;261,76;Geprueft
2024-08-19;261,87;Geprueft
2024-08-20;261,82;Geprueft
2024-08-21;261,80;Geprueft
2024-08-22;261,79;Geprueft
2024-08-23;261,78;Geprueft
2024-08-24;261,76;Geprueft
2024-08-25;261,74;Geprueft
2024-08-26;261,75;Geprueft
2024-08-27;261,76;Geprueft
2024-08-28;261,74;Geprueft
2024-08-29;261,73;Geprueft
2024-08-30;261,72;Geprueft
2024-08-31;261,70;Geprueft
2024-09-01;261,71;Geprueft
2024-09-02;261,70;Geprueft
2024-09-03;261,70;Geprueft
2024-09-04;261,70;Geprueft
2024-09-05;261,70;Rohdaten
2024-09-06;261,68;Rohdaten
2024-09-07;261,68;Rohdaten
2024-09-08;261,69;Rohdaten
2024-09-09;261,78;Rohdaten
2024-09-10;261,77;Rohdaten
2024-09-11;261,76;Rohdaten
2024-09-12;261,76;Rohdaten
2024-09-13;261,75;Rohdaten
2024-09-14;261,75;Rohdaten
2024-09-15;261,75;Rohdaten
2024-09-16;261,76;Rohdaten
2024-09-17;261,74;Rohdaten
2024-09-18;261,74;Rohdaten
2024-09-19;261,74;Rohdaten
2024-09-20;261,73;Rohdaten
2024-09-21;261,72;Rohdaten
2024-09-22;261,72;Rohdaten
2024-09-23;261,74;Rohdaten
2024-09-24;261,78;Rohdaten
2024-09-25;261,78;Rohdaten
2024-09-26;261,82;Rohdaten
2024-09-27;261,85;Rohdaten
2024-09-28;261,80;Rohdaten
2024-09-29;261,79;Rohdaten
2024-09-30;261,80;Rohdaten
