﻿Quelle:;"Bayerisches Landesamt für Umwelt, www.gkd.bayern.de"
Datenbankabfrage:;"08.10.2024 21:51"
Zeitbezug:;MEZ
Messstellen-Name:;"LEITENBACH (2)"
Messstellen-Nr.:;5162
Ostwert:;634999;Nordwert:;5533371;"ETRS89 / UTM Zone 32N"

Datum;"Grundwasserstand [m ü. NN]";Prüfstatus
2024-01-01;235,94;Geprueft
2024-01-02;235,97;Geprueft
2024-01-03;236,01;Geprueft
2024-01-04;236,04;Geprueft
2024-01-05;236,08;Geprueft
2024-01-06;236,12;Geprueft
2024-01-07;236,15;Geprueft
2024-01-08;236,18;Geprueft
2024-01-09;236,21;Geprueft
2024-01-10;236,24;Geprueft
2024-01-11;236,26;Geprueft
2024-01-12;236,27;Geprueft
2024-01-13;236,29;Geprueft
2024-01-14;236,30;Geprueft
2024-01-15;236,31;Geprueft
2024-01-16;236,31;Geprueft
2024-01-17;236,32;Geprueft
2024-01-18;236,31;Geprueft
2024-01-19;236,30;Geprueft
2024-01-20;236,30;Geprueft
2024-01-21;236,30;Geprueft
2024-01-22;236,30;Geprueft
2024-01-23;236,29;Geprueft
2024-01-24;236,29;Geprueft
2024-01-25;236,29;Geprueft
2024-01-26;236,29;Geprueft
2024-01-27;236,28;Geprueft
2024-01-28;236,29;Geprueft
2024-01-29;236,28;Geprueft
2024-01-30;236,28;Geprueft
2024-01-31;236,27;Geprueft
2024-02-01;236,27;Geprueft
2024-02-02;236,26;Geprueft
2024-02-03;236,26;Geprueft
2024-02-04;236,25;Geprueft
2024-02-05;236,25;Geprueft
2024-02-06;236,25;Geprueft
2024-02-07;236,25;Geprueft
2024-02-08;236,25;Geprueft
2024-02-09;236,27;Geprueft
2024-02-10;236,29;Geprueft
2024-02-11;236,31;Geprueft
2024-02-12;236,33;Geprueft
2024-02-13;236,35;Geprueft
2024-02-14;236,37;Geprueft
2024-02-15;236,39;Geprueft
2024-02-16;236,41;Geprueft
2024-02-17;236,42;Geprueft
2024-02-18;236,43;Geprueft
2024-02-19;236,45;Geprueft
2024-02-20;236,46;Geprueft
2024-02-21;236,47;Geprueft
2024-02-22;236,48;Geprueft
2024-02-23;236,49;Geprueft
2024-02-24;236,50;Geprueft
2024-02-25;236,50;Geprueft
2024-02-26;236,50;Geprueft
2024-02-27;236,50;Geprueft
2024-02-28;236,49;Geprueft
2024-02-29;236,50;Geprueft
2024-03-01;236,50;Geprueft
2024-03-02;236,49;Geprueft
2024-03-03;236,48;Geprueft
2024-03-04;236,47;Geprueft
2024-03-05;236,45;Geprueft
2024-03-06;236,44;Geprueft
2024-03-07;236,43;Geprueft
2024-03-08;236,43;Geprueft
2024-03-09;236,43;Geprueft
2024-03-10;236,42;Geprueft
2024-03-11;236,40;Geprueft
2024-03-12;236,39;Geprueft
2024-03-13;236,38;Geprueft
2024-03-14;236,37;Geprueft
2024-03-15;236,36;Geprueft
2024-03-16;236,35;Geprueft
2024-03-17;236,34;Geprueft
2024-03-18;236,33;Geprueft
2024-03-19;236,32;Geprueft
2024-03-20;236,31;Geprueft
2024-03-21;236,30;Geprueft
2024-03-22;236,29;Geprueft
2024-03-23;236,29;Geprueft
2024-03-24;236,28;Geprueft
2024-03-25;236,27;Geprueft
2024-03-26;236,26;Geprueft
2024-03-27;236,25;Geprueft
2024-03-28;236,24;Geprueft
2024-03-29;236,23;Geprueft
2024-03-30;236,22;Geprueft
2024-03-31;236,21;Geprueft
2024-04-01;236,20;Geprueft
2024-04-02;236,19;Geprueft
2024-04-03;236,18;Geprueft
2024-04-04;236,17;Geprueft
2024-04-05;236,16;Geprueft
2024-04-06;236,15;Geprueft
2024-04-07;236,15;Geprueft
2024-04-08;236,14;Geprueft
2024-04-09;236,13;Geprueft
2024-04-10;236,12;Geprueft
2024-04-11;236,11;Geprueft
2024-04-12;236,10;Geprueft
2024-04-13;236,10;Geprueft
2024-04-14;236,09;Geprueft
2024-04-15;236,08;Geprueft
2024-04-16;236,08;Geprueft
2024-04-17;236,07;Geprueft
2024-04-18;236,06;Geprueft
2024-04-19;236,06;Geprueft
2024-04-20;236,04;Geprueft
2024-04-21;236,04;Geprueft
2024-04-22;236,04;Geprueft
2024-04-23;236,03;Geprueft
2024-04-24;236,03;Geprueft
2024-04-25;236,02;Geprueft
2024-04-26;236,02;Geprueft
2024-04-27;236,01;Geprueft
2024-04-28;236,00;Geprueft
2024-04-29;235,99;Geprueft
2024-04-30;235,99;Geprueft
2024-05-01;235,98;Rohdaten
2024-05-02;235,98;Rohdaten
2024-05-03;235,98;Rohdaten
2024-05-04;235,98;Rohdaten
2024-05-05;235,97;Rohdaten
2024-05-06;235,97;Rohdaten
2024-05-07;235,97;Rohdaten
2024-05-08;235,96;Rohdaten
2024-05-09;235,96;Rohdaten
2024-05-10;235,95;Rohdaten
2024-05-11;235,95;Rohdaten
2024-05-12;235,94;Rohdaten
2024-05-13;235,94;Rohdaten
2024-05-14;235,94;Rohdaten
2024-05-15;235,93;Rohdaten
2024-05-16;235,93;Rohdaten
2024-05-17;235,93;Rohdaten
2024-05-18;235,92;Rohdaten
2024-05-19;235,92;Rohdaten
2024-05-20;235,91;Rohdaten
2024-05-21;235,93;Rohdaten
2024-05-22;236,00;Rohdaten
2024-05-23;236,04;Rohdaten
2024-05-24;236,09;Rohdaten
2024-05-25;236,13;Rohdaten
2024-05-26;236,17;Rohdaten
2024-05-27;236,20;Rohdaten
2024-05-28;236,21;Rohdaten
2024-05-29;236,23;Rohdaten
2024-05-30;236,24;Rohdaten
2024-05-31;236,25;Rohdaten
2024-06-01;236,25;Rohdaten
2024-06-02;236,27;Rohdaten
2024-06-03;236,30;Rohdaten
2024-06-04;236,34;Rohdaten
2024-06-05;236,38;Rohdaten
2024-06-06;236,42;Rohdaten
2024-06-07;236,44;Rohdaten
2024-06-08;236,46;Rohdaten
2024-06-09;236,47;Rohdaten
2024-06-10;236,47;Rohdaten
2024-06-11;236,47;Rohdaten
2024-06-12;236,46;Rohdaten
2024-06-13;236,45;Rohdaten
2024-06-14;236,44;Rohdaten
2024-06-15;236,43;Rohdaten
2024-06-16;236,42;Rohdaten
2024-06-17;236,40;Rohdaten
2024-06-18;236,38;Rohdaten
2024-06-19;236,37;Rohdaten
2024-06-20;236,36;Rohdaten
2024-06-21;236,35;Rohdaten
2024-06-22;236,34;Rohdaten
2024-06-25;236,30;Rohdaten
2024-06-26;236,29;Rohdaten
2024-06-27;236,28;Rohdaten
2024-06-28;236,26;Rohdaten
2024-06-29;236,25;Rohdaten
2024-06-30;236,24;Rohdaten
2024-07-01;236,24;Rohdaten
2024-07-02;236,22;Rohdaten
2024-07-03;236,22;Rohdaten
2024-07-04;236,21;Rohdaten
2024-07-05;236,20;Rohdaten
2024-07-06;236,19;Rohdaten
2024-07-07;236,18;Rohdaten
2024-07-08;236,17;Rohdaten
2024-07-09;236,16;Rohdaten
2024-07-10;236,14;Rohdaten
2024-07-11;236,14;Rohdaten
2024-07-12;236,13;Rohdaten
2024-07-13;236,12;Rohdaten
2024-07-14;236,11;Rohdaten
2024-07-15;236,10;Rohdaten
2024-07-16;236,09;Rohdaten
2024-07-17;236,08;Rohdaten
2024-07-18;236,07;Rohdaten
2024-07-19;236,05;Rohdaten
2024-07-20;236,04;Rohdaten
2024-07-21;236,03;Rohdaten
2024-07-22;236,03;Rohdaten
2024-07-23;236,02;Rohdaten
2024-07-24;236,01;Rohdaten
2024-07-25;236,00;Rohdaten
2024-07-26;235,99;Rohdaten
2024-07-27;235,98;Rohdaten
2024-07-28;235,97;Rohdaten
2024-07-29;235,96;Rohdaten
2024-07-30;235,95;Rohdaten
2024-07-31;235,94;Rohdaten
2024-08-01;235,93;Rohdaten
2024-08-02;235,92;Rohdaten
2024-08-03;235,91;Rohdaten
2024-08-04;235,91;Rohdaten
2024-08-05;235,90;Rohdaten
2024-08-06;235,89;Rohdaten
2024-08-07;235,88;Rohdaten
2024-08-08;235,87;Rohdaten
2024-08-09;235,86;Rohdaten
2024-08-10;235,85;Rohdaten
2024-08-11;235,84;Rohdaten
2024-08-12;235,83;Rohdaten
2024-08-13;235,83;Rohdaten
2024-08-14;235,82;Rohdaten
2024-08-15;235,81;Rohdaten
2024-08-16;235,80;Rohdaten
2024-08-17;235,79;Rohdaten
2024-08-18;235,79;Rohdaten
2024-08-19;235,78;Rohdaten
2024-08-20;235,78;Rohdaten
2024-08-21;235,77;Rohdaten
2024-08-22;235,76;Rohdaten
2024-08-23;235,75;Rohdaten
2024-08-24;235,75;Rohdaten
2024-08-28;235,72;Rohdaten
2024-08-29;235,71;Rohdaten
2024-08-30;235,70;Rohdaten
2024-08-31;235,69;Rohdaten
2024-09-01;235,69;Rohdaten
2024-09-02;235,68;Rohdaten
2024-09-03;235,67;Rohdaten
2024-09-04;235,67;Rohdaten
2024-09-05;235,66;Rohdaten
2024-09-06;235,65;Rohdaten
2024-09-07;235,65;Rohdaten
2024-09-08;235,64;Rohdaten
2024-09-09;235,64;Rohdaten
2024-09-10;235,63;Rohdaten
2024-09-11;235,63;Rohdaten
2024-09-12;235,62;Rohdaten
2024-09-13;235,62;Rohdaten
2024-09-14;235,61;Rohdaten
2024-09-15;235,61;Rohdaten
2024-09-16;235,60;Rohdaten
2024-09-17;235,60;Rohdaten
2024-09-18;235,59;Rohdaten
2024-09-19;235,58;Rohdaten
2024-09-20;235,58;Rohdaten
2024-09-21;235,57;Rohdaten
2024-09-22;235,57;Rohdaten
2024-09-23;235,56;Rohdaten
2024-09-24;235,56;Rohdaten
2024-09-25;235,55;Rohdaten
2024-09-26;235,55;Rohdaten
2024-09-27;235,55;Rohdaten
2024-09-28;235,55;Rohdaten
2024-09-29;235,54;Rohdaten
2024-09-30;235,54;Rohdaten
