﻿Quelle:;"Bayerisches Landesamt für Umwelt, www.gkd.bayern.de"
Datenbankabfrage:;"08.10.2024 21:51"
Zeitbezug:;MEZ
Messstellen-Name:;"SAMBACH 3"
Messstellen-Nr.:;5163
Ostwert:;632523;Nordwert:;5515504;"ETRS89 / UTM Zone 32N"

Datum;"Grundwasserstand [m ü. NN]";Prüfstatus
2024-01-01;261,85;Geprueft
2024-01-02;261,93;Geprueft
2024-01-03;262,27;Geprueft
2024-01-04;262,37;Geprueft
2024-01-05;262,38;Geprueft
2024-01-06;262,34;Geprueft
2024-01-07;262,28;Geprueft
2024-01-08;262,11;Geprueft
2024-01-09;261,95;Geprueft
2024-01-10;261,85;Geprueft
2024-01-11;261,82;Geprueft
2024-01-12;261,80;Geprueft
2024-01-13;261,80;Geprueft
2024-01-14;261,80;Geprueft
2024-01-15;261,79;Geprueft
2024-01-16;261,77;Geprueft
2024-01-17;261,78;Geprueft
2024-01-18;261,98;Geprueft
2024-01-19;262,13;Geprueft
2024-01-20;261,97;Geprueft
2024-01-21;261,86;Geprueft
2024-01-22;261,85;Geprueft
2024-01-23;262,10;Geprueft
2024-01-24;262,23;Geprueft
2024-01-25;262,16;Geprueft
2024-01-26;262,05;Geprueft
2024-01-27;262,06;Geprueft
2024-01-28;261,99;Geprueft
2024-01-29;261,92;Geprueft
2024-01-30;261,88;Geprueft
2024-01-31;261,87;Geprueft
2024-02-01;261,88;Geprueft
2024-02-02;261,91;Geprueft
2024-02-03;261,87;Geprueft
2024-02-04;261,85;Geprueft
2024-02-05;261,85;Geprueft
2024-02-06;261,83;Geprueft
2024-02-07;261,82;Geprueft
2024-02-08;262,05;Geprueft
2024-02-09;262,26;Geprueft
2024-02-10;262,33;Geprueft
2024-02-11;262,34;Geprueft
2024-02-12;262,32;Geprueft
2024-02-13;262,27;Geprueft
2024-02-14;262,17;Geprueft
2024-02-15;262,06;Geprueft
2024-02-16;262,03;Geprueft
2024-02-17;262,00;Geprueft
2024-02-18;261,98;Geprueft
2024-02-19;262,00;Geprueft
2024-02-20;262,03;Geprueft
2024-02-21;262,00;Geprueft
2024-02-22;262,04;Geprueft
2024-02-23;262,22;Geprueft
2024-02-24;262,29;Geprueft
2024-02-25;262,20;Geprueft
2024-02-26;262,05;Geprueft
2024-02-27;261,98;Geprueft
2024-02-28;261,92;Geprueft
2024-02-29;261,89;Geprueft
2024-03-01;261,88;Geprueft
2024-03-02;261,87;Geprueft
2024-03-03;261,83;Geprueft
2024-03-04;261,81;Geprueft
2024-03-05;261,81;Geprueft
2024-03-06;261,82;Geprueft
2024-03-07;261,79;Geprueft
2024-03-08;261,80;Geprueft
2024-03-09;261,79;Geprueft
2024-03-10;261,76;Geprueft
2024-03-11;261,75;Geprueft
2024-03-12;261,72;Geprueft
2024-03-13;261,75;Geprueft
2024-03-14;261,73;Geprueft
2024-03-15;261,71;Geprueft
2024-03-16;261,73;Geprueft
2024-03-17;261,75;Geprueft
2024-03-18;261,72;Geprueft
2024-03-19;261,69;Geprueft
2024-03-20;261,68;Geprueft
2024-03-21;261,68;Geprueft
2024-03-22;261,69;Geprueft
2024-03-23;261,69;Geprueft
2024-03-24;261,67;Geprueft
2024-03-25;261,71;Geprueft
2024-03-26;261,68;Geprueft
2024-03-27;261,64;Geprueft
2024-03-28;261,87;Geprueft
2024-03-29;262,05;Geprueft
2024-03-30;261,96;Geprueft
2024-03-31;261,87;Geprueft
2024-04-01;261,81;Geprueft
2024-04-02;261,80;Geprueft
2024-04-03;261,77;Geprueft
2024-04-04;261,80;Geprueft
2024-04-05;261,94;Geprueft
2024-04-06;261,89;Geprueft
2024-04-07;261,80;Geprueft
2024-04-08;261,75;Geprueft
2024-04-09;261,69;Geprueft
2024-04-10;261,65;Geprueft
2024-04-11;261,63;Geprueft
2024-04-12;261,60;Geprueft
2024-04-13;261,59;Geprueft
2024-04-14;261,57;Geprueft
2024-04-15;261,55;Geprueft
2024-04-16;261,58;Geprueft
2024-04-17;261,67;Geprueft
2024-04-18;261,62;Geprueft
2024-04-19;261,63;Geprueft
2024-04-20;261,85;Geprueft
2024-04-21;261,92;Geprueft
2024-04-22;262,10;Geprueft
2024-04-23;262,09;Geprueft
2024-04-24;261,89;Geprueft
2024-04-25;261,83;Geprueft
2024-04-26;261,79;Geprueft
2024-04-27;261,73;Geprueft
2024-04-28;261,68;Geprueft
2024-04-29;261,64;Geprueft
2024-04-30;261,60;Geprueft
2024-05-01;261,57;Geprueft
2024-05-02;261,55;Geprueft
2024-05-03;261,59;Geprueft
2024-05-04;261,58;Geprueft
2024-05-05;261,56;Geprueft
2024-05-06;261,68;Geprueft
2024-05-07;261,66;Geprueft
2024-05-08;261,61;Geprueft
2024-05-09;261,57;Geprueft
2024-05-10;261,53;Geprueft
2024-05-11;261,49;Geprueft
2024-05-12;261,46;Geprueft
2024-05-13;261,43;Geprueft
2024-05-14;261,41;Geprueft
2024-05-15;261,39;Geprueft
2024-05-16;261,38;Geprueft
2024-05-17;261,47;Geprueft
2024-05-18;261,53;Geprueft
2024-05-19;261,53;Geprueft
2024-05-20;261,52;Geprueft
2024-05-21;261,47;Geprueft
2024-05-22;261,56;Geprueft
2024-05-23;261,52;Geprueft
2024-05-24;261,63;Geprueft
2024-05-25;261,69;Geprueft
2024-05-26;261,64;Geprueft
2024-05-27;261,52;Geprueft
2024-05-28;261,47;Geprueft
2024-05-29;261,44;Geprueft
2024-05-30;261,51;Geprueft
2024-05-31;261,69;Geprueft
2024-06-01;261,84;Rohdaten
2024-06-02;262,28;Rohdaten
2024-06-03;262,46;Rohdaten
2024-06-04;262,46;Rohdaten
2024-06-05;262,48;Rohdaten
2024-06-06;262,31;Rohdaten
2024-06-07;261,97;Rohdaten
2024-06-08;261,80;Rohdaten
2024-06-09;261,73;Rohdaten
2024-06-10;261,68;Rohdaten
2024-06-11;261,62;Rohdaten
2024-06-12;261,58;Rohdaten
2024-06-13;261,55;Rohdaten
2024-06-14;261,53;Rohdaten
2024-06-15;261,58;Rohdaten
2024-06-16;261,59;Rohdaten
2024-06-17;261,52;Rohdaten
2024-06-18;261,49;Rohdaten
2024-06-19;261,45;Rohdaten
2024-06-20;261,45;Rohdaten
2024-06-21;261,44;Rohdaten
2024-06-22;261,43;Rohdaten
2024-06-23;261,40;Rohdaten
2024-06-24;261,39;Rohdaten
2024-06-25;261,36;Rohdaten
2024-06-26;261,35;Rohdaten
2024-06-27;261,44;Rohdaten
2024-06-28;261,50;Rohdaten
2024-06-29;261,42;Rohdaten
2024-06-30;261,37;Rohdaten
2024-07-01;261,44;Rohdaten
2024-07-02;261,50;Rohdaten
2024-07-03;261,47;Rohdaten
2024-07-04;261,57;Rohdaten
2024-07-05;261,69;Rohdaten
2024-07-06;261,60;Rohdaten
2024-07-07;261,73;Rohdaten
2024-07-08;261,62;Rohdaten
2024-07-09;261,49;Rohdaten
2024-07-10;261,44;Rohdaten
2024-07-11;261,58;Rohdaten
2024-07-12;261,68;Rohdaten
2024-07-13;261,54;Rohdaten
2024-07-14;261,47;Rohdaten
2024-07-15;261,42;Rohdaten
2024-07-16;261,46;Rohdaten
2024-07-17;261,44;Rohdaten
2024-07-18;261,37;Rohdaten
2024-07-19;261,36;Rohdaten
2024-07-20;261,34;Rohdaten
2024-07-21;261,32;Rohdaten
2024-07-22;261,31;Rohdaten
2024-07-23;261,31;Rohdaten
2024-07-24;261,31;Rohdaten
2024-07-25;261,31;Rohdaten
2024-07-26;261,29;Rohdaten
2024-07-27;261,29;Rohdaten
2024-07-28;261,34;Rohdaten
2024-07-29;261,34;Rohdaten
2024-07-30;261,29;Rohdaten
2024-07-31;261,27;Rohdaten
2024-08-01;261,29;Rohdaten
2024-08-02;261,62;Rohdaten
2024-08-03;261,86;Rohdaten
2024-08-04;261,69;Rohdaten
2024-08-05;261,55;Rohdaten
2024-08-06;261,46;Rohdaten
2024-08-07;261,39;Rohdaten
2024-08-08;261,41;Rohdaten
2024-08-09;261,36;Rohdaten
2024-08-10;261,31;Rohdaten
2024-08-11;261,30;Rohdaten
2024-08-12;261,28;Rohdaten
2024-08-13;261,28;Rohdaten
2024-08-14;261,27;Rohdaten
2024-08-15;261,27;Rohdaten
2024-08-16;261,25;Rohdaten
2024-08-17;261,24;Rohdaten
2024-08-18;261,28;Rohdaten
2024-08-19;261,51;Rohdaten
2024-08-20;261,43;Rohdaten
2024-08-21;261,36;Rohdaten
2024-08-22;261,33;Rohdaten
2024-08-23;261,31;Rohdaten
2024-08-24;261,28;Rohdaten
2024-08-25;261,26;Rohdaten
2024-08-26;261,26;Rohdaten
2024-08-27;261,24;Rohdaten
2024-08-28;261,23;Rohdaten
2024-08-29;261,21;Rohdaten
2024-08-30;261,20;Rohdaten
2024-08-31;261,18;Rohdaten
2024-09-01;261,19;Rohdaten
2024-09-02;261,19;Rohdaten
2024-09-03;261,18;Rohdaten
2024-09-04;261,19;Rohdaten
2024-09-05;261,20;Rohdaten
2024-09-06;261,16;Rohdaten
2024-09-07;261,16;Rohdaten
2024-09-08;261,16;Rohdaten
2024-09-09;261,29;Rohdaten
2024-09-10;261,32;Rohdaten
2024-09-11;261,29;Rohdaten
2024-09-12;261,31;Rohdaten
2024-09-13;261,32;Rohdaten
2024-09-14;261,31;Rohdaten
2024-09-15;261,29;Rohdaten
2024-09-16;261,31;Rohdaten
2024-09-17;261,37;Rohdaten
2024-09-18;261,32;Rohdaten
2024-09-19;261,27;Rohdaten
2024-09-20;261,25;Rohdaten
2024-09-21;261,25;Rohdaten
2024-09-22;261,25;Rohdaten
2024-09-23;261,25;Rohdaten
2024-09-24;261,34;Rohdaten
2024-09-25;261,37;Rohdaten
2024-09-26;261,45;Rohdaten
2024-09-27;261,64;Rohdaten
2024-09-28;261,46;Rohdaten
2024-09-29;261,40;Rohdaten
2024-09-30;261,39;Rohdaten
