﻿Quelle:;"Bayerisches Landesamt für Umwelt, www.gkd.bayern.de"
Datenbankabfrage:;"08.10.2024 21:51"
Zeitbezug:;MEZ
Messstellen-Name:;"HALLERNDORF 4"
Messstellen-Nr.:;5164
Ostwert:;641955;Nordwert:;5512852;"ETRS89 / UTM Zone 32N"

Datum;"Grundwasserstand [m ü. NN]";Prüfstatus
2024-01-01;253,26;Geprueft
2024-01-02;253,31;Geprueft
2024-01-03;253,40;Geprueft
2024-01-04;253,42;Geprueft
2024-01-05;253,46;Geprueft
2024-01-06;253,46;Geprueft
2024-01-07;253,41;Geprueft
2024-01-08;253,33;Geprueft
2024-01-09;253,31;Geprueft
2024-01-10;253,29;Geprueft
2024-01-11;253,27;Geprueft
2024-01-12;253,26;Geprueft
2024-01-13;253,27;Geprueft
2024-01-14;253,28;Geprueft
2024-01-15;253,26;Geprueft
2024-01-16;253,24;Geprueft
2024-01-17;253,27;Geprueft
2024-01-18;253,27;Geprueft
2024-01-19;253,26;Geprueft
2024-01-20;253,24;Geprueft
2024-01-21;253,24;Geprueft
2024-01-22;253,26;Geprueft
2024-01-23;253,28;Geprueft
2024-01-24;253,34;Geprueft
2024-01-25;253,33;Geprueft
2024-01-26;253,31;Geprueft
2024-01-27;253,29;Geprueft
2024-01-28;253,29;Geprueft
2024-01-29;253,28;Geprueft
2024-01-30;253,26;Geprueft
2024-01-31;253,26;Geprueft
2024-02-01;253,27;Geprueft
2024-02-02;253,27;Geprueft
2024-02-03;253,26;Geprueft
2024-02-04;253,26;Geprueft
2024-02-05;253,26;Geprueft
2024-02-06;253,26;Geprueft
2024-02-07;253,28;Geprueft
2024-02-08;253,37;Geprueft
2024-02-09;253,46;Geprueft
2024-02-10;253,52;Geprueft
2024-02-11;253,51;Geprueft
2024-02-12;253,52;Geprueft
2024-02-13;253,48;Geprueft
2024-02-14;253,45;Geprueft
2024-02-15;253,41;Geprueft
2024-02-16;253,39;Geprueft
2024-02-17;253,35;Geprueft
2024-02-18;253,36;Geprueft
2024-02-19;253,35;Geprueft
2024-02-20;253,34;Geprueft
2024-02-21;253,36;Geprueft
2024-02-22;253,40;Geprueft
2024-02-23;253,44;Geprueft
2024-02-24;253,41;Geprueft
2024-02-25;253,39;Geprueft
2024-02-26;253,36;Geprueft
2024-02-27;253,33;Geprueft
2024-02-28;253,31;Geprueft
2024-02-29;253,33;Geprueft
2024-03-01;253,32;Geprueft
2024-03-02;253,31;Geprueft
2024-03-03;253,31;Geprueft
2024-03-04;253,28;Geprueft
2024-03-05;253,28;Geprueft
2024-03-06;253,27;Geprueft
2024-03-07;253,27;Geprueft
2024-03-08;253,28;Geprueft
2024-03-09;253,28;Geprueft
2024-03-10;253,28;Geprueft
2024-03-11;253,25;Geprueft
2024-03-12;253,24;Geprueft
2024-03-13;253,24;Geprueft
2024-03-14;253,24;Geprueft
2024-03-15;253,24;Geprueft
2024-03-16;253,23;Geprueft
2024-03-17;253,23;Geprueft
2024-03-18;253,23;Geprueft
2024-03-19;253,22;Geprueft
2024-03-20;253,22;Geprueft
2024-03-21;253,21;Geprueft
2024-03-22;253,22;Geprueft
2024-03-23;253,22;Geprueft
2024-03-24;253,22;Geprueft
2024-03-25;253,22;Geprueft
2024-03-26;253,23;Geprueft
2024-03-27;253,22;Geprueft
2024-03-28;253,25;Geprueft
2024-03-29;253,26;Geprueft
2024-03-30;253,26;Geprueft
2024-03-31;253,25;Geprueft
2024-04-01;253,23;Geprueft
2024-04-02;253,22;Geprueft
2024-04-03;253,22;Geprueft
2024-04-04;253,23;Geprueft
2024-04-05;253,24;Geprueft
2024-04-06;253,24;Geprueft
2024-04-07;253,23;Geprueft
2024-04-08;253,22;Geprueft
2024-04-09;253,20;Geprueft
2024-04-10;253,18;Geprueft
2024-04-11;253,18;Geprueft
2024-04-12;253,18;Geprueft
2024-04-13;253,18;Geprueft
2024-04-14;253,18;Geprueft
2024-04-15;253,19;Geprueft
2024-04-16;253,19;Geprueft
2024-04-17;253,20;Geprueft
2024-04-18;253,19;Geprueft
2024-04-19;253,20;Geprueft
2024-04-20;253,21;Geprueft
2024-04-21;253,24;Geprueft
2024-04-22;253,25;Geprueft
2024-04-23;253,25;Geprueft
2024-04-24;253,24;Geprueft
2024-04-25;253,23;Geprueft
2024-04-26;253,22;Geprueft
2024-04-27;253,20;Geprueft
2024-04-28;253,19;Geprueft
2024-04-29;253,18;Geprueft
2024-04-30;253,18;Geprueft
2024-05-01;253,18;Geprueft
2024-05-02;253,17;Geprueft
2024-05-03;253,18;Geprueft
2024-05-04;253,23;Geprueft
2024-05-05;253,24;Geprueft
2024-05-06;253,26;Geprueft
2024-05-07;253,24;Geprueft
2024-05-08;253,22;Geprueft
2024-05-09;253,21;Geprueft
2024-05-10;253,20;Geprueft
2024-05-11;253,19;Geprueft
2024-05-12;253,18;Geprueft
2024-05-13;253,15;Geprueft
2024-05-14;253,12;Geprueft
2024-05-15;253,11;Geprueft
2024-05-16;253,11;Geprueft
2024-05-17;253,13;Geprueft
2024-05-18;253,18;Geprueft
2024-05-19;253,18;Geprueft
2024-05-20;253,16;Geprueft
2024-05-21;253,13;Geprueft
2024-05-22;253,19;Geprueft
2024-05-23;253,18;Geprueft
2024-05-24;253,21;Geprueft
2024-05-25;253,22;Geprueft
2024-05-26;253,20;Geprueft
2024-05-27;253,18;Geprueft
2024-05-28;253,13;Geprueft
2024-05-29;253,12;Geprueft
2024-05-30;253,14;Geprueft
2024-05-31;253,19;Geprueft
2024-06-01;253,24;Rohdaten
2024-06-02;253,36;Rohdaten
2024-06-03;253,40;Rohdaten
2024-06-04;253,42;Rohdaten
2024-06-05;253,46;Rohdaten
2024-06-06;253,50;Rohdaten
2024-06-07;253,39;Rohdaten
2024-06-08;253,32;Rohdaten
2024-06-09;253,28;Rohdaten
2024-06-10;253,25;Rohdaten
2024-06-11;253,22;Rohdaten
2024-06-12;253,21;Rohdaten
2024-06-13;253,20;Rohdaten
2024-06-14;253,20;Rohdaten
2024-06-15;253,19;Rohdaten
2024-06-16;253,19;Rohdaten
2024-06-17;253,18;Rohdaten
2024-06-18;253,16;Rohdaten
2024-06-19;253,13;Rohdaten
2024-06-20;253,10;Rohdaten
2024-06-21;253,07;Rohdaten
2024-06-22;253,06;Rohdaten
2024-06-23;253,06;Rohdaten
2024-06-24;253,07;Rohdaten
2024-06-25;253,06;Rohdaten
2024-06-26;253,06;Rohdaten
2024-06-27;253,08;Rohdaten
2024-06-28;253,13;Rohdaten
2024-06-29;253,10;Rohdaten
2024-06-30;253,07;Rohdaten
2024-07-01;253,13;Rohdaten
2024-07-02;253,15;Rohdaten
2024-07-03;253,15;Rohdaten
2024-07-04;253,17;Rohdaten
2024-07-05;253,18;Rohdaten
2024-07-06;253,17;Rohdaten
2024-07-07;253,14;Rohdaten
2024-07-08;253,15;Rohdaten
2024-07-09;253,08;Rohdaten
2024-07-10;253,01;Rohdaten
2024-07-11;253,04;Rohdaten
2024-07-12;253,05;Rohdaten
2024-07-13;253,03;Rohdaten
2024-07-14;253,04;Rohdaten
2024-07-15;252,94;Rohdaten
2024-07-16;252,91;Rohdaten
2024-07-17;252,94;Rohdaten
2024-07-18;252,91;Rohdaten
2024-07-19;252,85;Rohdaten
2024-07-20;253,02;Rohdaten
2024-07-21;253,06;Rohdaten
2024-07-22;253,07;Rohdaten
2024-07-23;253,06;Rohdaten
2024-07-24;252,98;Rohdaten
2024-07-25;252,89;Rohdaten
2024-07-26;252,98;Rohdaten
2024-07-27;253,01;Rohdaten
2024-07-28;253,00;Rohdaten
2024-07-29;253,05;Rohdaten
2024-07-30;253,06;Rohdaten
2024-07-31;253,02;Rohdaten
2024-08-01;253,00;Rohdaten
2024-08-02;253,13;Rohdaten
2024-08-03;253,21;Rohdaten
2024-08-04;253,13;Rohdaten
2024-08-05;253,11;Rohdaten
2024-08-06;253,09;Rohdaten
2024-08-07;253,05;Rohdaten
2024-08-08;253,06;Rohdaten
2024-08-09;253,03;Rohdaten
2024-08-10;252,99;Rohdaten
2024-08-11;253,05;Rohdaten
2024-08-12;253,04;Rohdaten
2024-08-13;253,00;Rohdaten
2024-08-14;253,00;Rohdaten
2024-08-15;252,98;Rohdaten
2024-08-16;252,99;Rohdaten
2024-08-17;252,98;Rohdaten
2024-08-18;253,01;Rohdaten
2024-08-19;253,06;Rohdaten
2024-08-20;253,08;Rohdaten
2024-08-21;253,03;Rohdaten
2024-08-22;252,97;Rohdaten
2024-08-23;252,98;Rohdaten
2024-08-24;252,96;Rohdaten
2024-08-25;252,92;Rohdaten
2024-08-26;252,92;Rohdaten
2024-08-27;252,88;Rohdaten
2024-08-28;252,90;Rohdaten
2024-08-29;252,89;Rohdaten
2024-08-30;252,93;Rohdaten
2024-08-31;252,92;Rohdaten
2024-09-01;252,87;Rohdaten
2024-09-02;252,88;Rohdaten
2024-09-03;252,88;Rohdaten
2024-09-04;252,91;Rohdaten
2024-09-05;252,95;Rohdaten
2024-09-06;252,90;Rohdaten
2024-09-07;252,92;Rohdaten
2024-09-08;252,92;Rohdaten
2024-09-09;252,91;Rohdaten
2024-09-10;253,02;Rohdaten
2024-09-11;252,97;Rohdaten
2024-09-12;252,90;Rohdaten
2024-09-13;252,95;Rohdaten
2024-09-14;252,97;Rohdaten
2024-09-15;252,85;Rohdaten
2024-09-16;252,89;Rohdaten
2024-09-17;253,01;Rohdaten
2024-09-18;253,01;Rohdaten
2024-09-19;252,98;Rohdaten
2024-09-20;252,95;Rohdaten
2024-09-21;252,94;Rohdaten
2024-09-22;253,01;Rohdaten
2024-09-23;252,99;Rohdaten
2024-09-24;253,02;Rohdaten
2024-09-25;253,05;Rohdaten
2024-09-26;253,06;Rohdaten
2024-09-27;253,09;Rohdaten
2024-09-28;253,06;Rohdaten
2024-09-29;253,02;Rohdaten
2024-09-30;252,84;Rohdaten
