﻿Quelle:;"Bayerisches Landesamt für Umwelt, www.gkd.bayern.de"
Datenbankabfrage:;"08.10.2024 21:51"
Zeitbezug:;MEZ
Messstellen-Name:;"Baunach 18"
Messstellen-Nr.:;5166
Ostwert:;633578;Nordwert:;5540027;"ETRS89 / UTM Zone 32N"

Datum;"Grundwasserstand [m ü. NN]";Prüfstatus
2024-01-01;240,68;Geprueft
2024-01-02;240,74;Geprueft
2024-01-03;240,77;Geprueft
2024-01-04;240,76;Geprueft
2024-01-05;240,81;Geprueft
2024-01-06;240,83;Geprueft
2024-01-07;240,81;Geprueft
2024-01-08;240,80;Geprueft
2024-01-09;240,82;Geprueft
2024-01-10;240,85;Geprueft
2024-01-11;240,85;Geprueft
2024-01-12;240,86;Geprueft
2024-01-13;240,90;Geprueft
2024-01-14;240,96;Geprueft
2024-01-15;240,98;Geprueft
2024-01-16;240,91;Geprueft
2024-01-17;241,00;Geprueft
2024-01-18;240,94;Geprueft
2024-01-19;240,78;Geprueft
2024-01-20;240,74;Geprueft
2024-01-21;240,77;Geprueft
2024-01-22;240,85;Geprueft
2024-01-23;240,80;Geprueft
2024-01-24;240,83;Geprueft
2024-01-25;240,80;Geprueft
2024-01-26;240,83;Geprueft
2024-01-27;240,79;Geprueft
2024-01-28;240,83;Geprueft
2024-01-29;240,86;Geprueft
2024-01-30;240,87;Geprueft
2024-01-31;240,87;Geprueft
2024-02-01;240,90;Geprueft
2024-02-02;240,90;Geprueft
2024-02-03;240,92;Geprueft
2024-02-04;240,94;Geprueft
2024-02-05;240,95;Geprueft
2024-02-06;240,98;Geprueft
2024-02-07;241,04;Geprueft
2024-02-08;241,07;Geprueft
2024-02-09;241,13;Geprueft
2024-02-10;241,19;Geprueft
2024-02-11;241,21;Geprueft
2024-02-12;241,18;Geprueft
2024-02-13;241,14;Geprueft
2024-02-14;241,19;Geprueft
2024-02-15;241,24;Geprueft
2024-02-16;241,28;Geprueft
2024-02-17;241,22;Geprueft
2024-02-18;241,27;Geprueft
2024-02-19;241,32;Geprueft
2024-02-20;241,32;Geprueft
2024-02-21;241,39;Geprueft
2024-02-22;241,53;Geprueft
2024-02-23;241,51;Geprueft
2024-02-24;241,48;Geprueft
2024-02-25;241,49;Geprueft
2024-02-26;241,52;Geprueft
2024-02-27;241,46;Geprueft
2024-02-28;241,42;Geprueft
2024-02-29;241,48;Geprueft
2024-03-01;241,53;Geprueft
2024-03-02;241,54;Geprueft
2024-03-03;241,56;Geprueft
2024-03-04;241,50;Geprueft
2024-03-05;241,47;Geprueft
2024-03-06;241,43;Geprueft
2024-03-07;241,43;Geprueft
2024-03-08;241,49;Geprueft
2024-03-09;241,54;Geprueft
2024-03-10;241,57;Geprueft
2024-03-11;241,49;Geprueft
2024-03-12;241,42;Geprueft
2024-03-13;241,41;Geprueft
2024-03-14;241,43;Geprueft
2024-03-15;241,44;Geprueft
2024-03-16;241,40;Geprueft
2024-03-17;241,37;Geprueft
2024-03-18;241,40;Geprueft
2024-03-19;241,38;Geprueft
2024-03-20;241,37;Geprueft
2024-03-21;241,36;Geprueft
2024-03-22;241,38;Geprueft
2024-03-23;241,43;Geprueft
2024-03-24;241,43;Geprueft
2024-03-25;241,41;Geprueft
2024-03-26;241,47;Geprueft
2024-03-27;241,49;Geprueft
2024-03-28;241,42;Geprueft
2024-03-29;241,37;Geprueft
2024-03-30;241,37;Geprueft
2024-03-31;241,37;Geprueft
2024-04-01;241,36;Geprueft
2024-04-02;241,28;Rohdaten
2024-04-03;241,28;Rohdaten
2024-04-04;241,27;Rohdaten
2024-04-05;241,25;Rohdaten
2024-04-06;241,25;Rohdaten
2024-04-07;241,25;Rohdaten
2024-04-08;241,29;Rohdaten
2024-04-09;241,26;Rohdaten
2024-04-10;241,16;Rohdaten
2024-04-11;241,14;Rohdaten
2024-04-12;241,16;Rohdaten
2024-04-13;241,20;Rohdaten
2024-04-14;241,24;Rohdaten
2024-04-15;241,31;Rohdaten
2024-04-16;241,31;Rohdaten
2024-04-17;241,26;Rohdaten
2024-04-18;241,21;Rohdaten
2024-04-19;241,24;Rohdaten
2024-04-20;241,19;Rohdaten
2024-04-21;241,18;Rohdaten
2024-04-22;241,16;Rohdaten
2024-04-23;241,20;Rohdaten
2024-04-24;241,24;Rohdaten
2024-04-25;241,24;Rohdaten
2024-04-26;241,23;Rohdaten
2024-04-27;241,21;Rohdaten
2024-04-28;241,18;Rohdaten
2024-04-29;241,13;Rohdaten
2024-04-30;241,17;Rohdaten
2024-05-01;241,22;Rohdaten
2024-05-02;241,24;Rohdaten
2024-05-03;241,15;Rohdaten
2024-05-04;241,13;Rohdaten
2024-05-05;241,16;Rohdaten
2024-05-06;241,16;Rohdaten
2024-05-07;241,11;Rohdaten
2024-05-08;241,06;Rohdaten
2024-05-09;241,06;Rohdaten
2024-05-10;241,08;Rohdaten
2024-05-11;241,09;Rohdaten
2024-05-12;241,10;Rohdaten
2024-05-13;241,12;Rohdaten
2024-05-14;241,14;Rohdaten
2024-05-15;241,14;Rohdaten
2024-05-16;241,13;Rohdaten
2024-05-17;241,11;Rohdaten
2024-05-18;241,08;Rohdaten
2024-05-19;241,06;Rohdaten
2024-05-20;241,06;Rohdaten
2024-05-21;241,08;Rohdaten
2024-05-22;241,05;Rohdaten
2024-05-23;241,03;Rohdaten
2024-05-24;241,03;Rohdaten
2024-05-25;241,03;Rohdaten
2024-05-26;241,03;Rohdaten
2024-05-27;241,04;Rohdaten
2024-05-28;241,03;Rohdaten
2024-05-29;241,07;Rohdaten
2024-05-30;241,11;Rohdaten
2024-05-31;241,08;Rohdaten
2024-06-01;241,06;Rohdaten
2024-06-02;241,03;Rohdaten
2024-06-03;241,05;Rohdaten
2024-06-04;241,09;Rohdaten
2024-06-05;241,12;Rohdaten
2024-06-06;241,11;Rohdaten
2024-06-07;241,11;Rohdaten
2024-06-08;241,16;Rohdaten
2024-06-09;241,18;Rohdaten
2024-06-10;241,19;Rohdaten
2024-06-11;241,13;Rohdaten
2024-06-12;241,12;Rohdaten
2024-06-13;241,13;Rohdaten
2024-06-14;241,16;Rohdaten
2024-06-15;241,18;Rohdaten
2024-06-16;241,16;Rohdaten
2024-06-17;241,13;Rohdaten
2024-06-18;241,14;Rohdaten
2024-06-19;241,12;Rohdaten
2024-06-20;241,10;Rohdaten
2024-06-21;241,13;Rohdaten
2024-06-22;241,12;Rohdaten
2024-06-23;241,09;Rohdaten
2024-06-24;241,08;Rohdaten
2024-06-25;241,11;Rohdaten
2024-06-26;241,12;Rohdaten
2024-06-27;241,11;Rohdaten
2024-06-28;241,07;Rohdaten
2024-06-29;241,08;Rohdaten
2024-06-30;241,09;Rohdaten
2024-07-01;241,05;Rohdaten
2024-07-02;241,04;Rohdaten
2024-07-03;241,06;Rohdaten
2024-07-04;241,05;Rohdaten
2024-07-05;241,03;Rohdaten
2024-07-06;241,06;Rohdaten
2024-07-07;241,00;Rohdaten
2024-07-08;240,98;Rohdaten
2024-07-09;240,99;Rohdaten
2024-07-10;240,98;Rohdaten
2024-07-11;240,97;Rohdaten
2024-07-12;241,01;Rohdaten
2024-07-13;240,98;Rohdaten
2024-07-14;240,97;Rohdaten
2024-07-15;240,97;Rohdaten
2024-07-16;240,95;Rohdaten
2024-07-17;240,91;Rohdaten
2024-07-18;240,90;Rohdaten
2024-07-19;240,92;Rohdaten
2024-07-20;240,95;Rohdaten
2024-07-21;240,95;Rohdaten
2024-07-22;240,90;Rohdaten
2024-07-23;240,88;Rohdaten
2024-07-24;240,88;Rohdaten
2024-07-25;240,89;Rohdaten
2024-07-26;240,89;Rohdaten
2024-07-27;240,87;Rohdaten
2024-07-28;240,82;Rohdaten
2024-07-29;240,82;Rohdaten
2024-07-30;240,85;Rohdaten
2024-07-31;240,86;Rohdaten
2024-08-01;240,86;Rohdaten
2024-08-02;240,86;Rohdaten
2024-08-03;240,84;Rohdaten
2024-08-04;240,82;Rohdaten
2024-08-05;240,80;Rohdaten
2024-08-06;240,81;Rohdaten
2024-08-07;240,81;Rohdaten
2024-08-08;240,77;Rohdaten
2024-08-09;240,77;Rohdaten
2024-08-10;240,74;Rohdaten
2024-08-11;240,74;Rohdaten
2024-08-12;240,77;Rohdaten
2024-08-13;240,78;Rohdaten
2024-08-14;240,76;Rohdaten
2024-08-15;240,72;Rohdaten
2024-08-16;240,72;Rohdaten
2024-08-17;240,73;Rohdaten
2024-08-18;240,74;Rohdaten
2024-08-19;240,69;Rohdaten
2024-08-20;240,71;Rohdaten
2024-08-21;240,68;Rohdaten
2024-08-22;240,69;Rohdaten
2024-08-23;240,68;Rohdaten
2024-08-24;240,68;Rohdaten
2024-08-25;240,63;Rohdaten
2024-08-26;240,62;Rohdaten
2024-08-27;240,62;Rohdaten
2024-08-28;240,63;Rohdaten
2024-08-29;240,62;Rohdaten
2024-08-30;240,61;Rohdaten
2024-08-31;240,59;Rohdaten
2024-09-01;240,61;Rohdaten
2024-09-02;240,62;Rohdaten
2024-09-03;240,60;Rohdaten
2024-09-04;240,60;Rohdaten
2024-09-05;240,62;Rohdaten
2024-09-06;240,59;Rohdaten
2024-09-07;240,57;Rohdaten
2024-09-08;240,58;Rohdaten
2024-09-09;240,59;Rohdaten
2024-09-10;240,55;Rohdaten
2024-09-11;240,56;Rohdaten
2024-09-12;240,53;Rohdaten
2024-09-13;240,49;Rohdaten
2024-09-14;240,47;Rohdaten
2024-09-15;240,48;Rohdaten
2024-09-16;240,49;Rohdaten
2024-09-17;240,47;Rohdaten
2024-09-18;240,46;Rohdaten
2024-09-19;240,47;Rohdaten
2024-09-20;240,46;Rohdaten
2024-09-21;240,46;Rohdaten
2024-09-22;240,48;Rohdaten
2024-09-23;240,49;Rohdaten
2024-09-24;240,49;Rohdaten
2024-09-25;240,48;Rohdaten
2024-09-26;240,51;Rohdaten
2024-09-27;240,47;Rohdaten
2024-09-28;240,39;Rohdaten
2024-09-29;240,37;Rohdaten
2024-09-30;240,42;Rohdaten
