﻿Quelle:;"Bayerisches Landesamt für Umwelt, www.gkd.bayern.de"
Datenbankabfrage:;"08.10.2024 21:51"
Zeitbezug:;MEZ
Messstellen-Name:;"Kersbach 21"
Messstellen-Nr.:;5167
Ostwert:;649762;Nordwert:;5506867;"ETRS89 / UTM Zone 32N"

Datum;"Grundwasserstand [m ü. NN]";Prüfstatus
2024-01-01;261,01;Geprueft
2024-01-02;261,03;Geprueft
2024-01-03;261,07;Geprueft
2024-01-04;261,08;Geprueft
2024-01-05;261,10;Geprueft
2024-01-06;261,11;Geprueft
2024-01-07;261,11;Geprueft
2024-01-08;261,11;Geprueft
2024-01-09;261,12;Geprueft
2024-01-10;261,14;Geprueft
2024-01-11;261,14;Geprueft
2024-01-12;261,14;Geprueft
2024-01-13;261,17;Geprueft
2024-01-14;261,20;Geprueft
2024-01-15;261,20;Geprueft
2024-01-16;261,20;Geprueft
2024-01-17;261,21;Geprueft
2024-01-18;261,19;Geprueft
2024-01-19;261,17;Geprueft
2024-01-20;261,15;Geprueft
2024-01-21;261,17;Geprueft
2024-01-22;261,17;Geprueft
2024-01-23;261,15;Geprueft
2024-01-24;261,15;Geprueft
2024-01-25;261,13;Geprueft
2024-01-26;261,14;Geprueft
2024-01-27;261,15;Geprueft
2024-01-28;261,18;Geprueft
2024-01-29;261,17;Geprueft
2024-01-30;261,15;Geprueft
2024-01-31;261,18;Geprueft
2024-02-01;261,22;Geprueft
2024-02-02;261,22;Geprueft
2024-02-03;261,22;Geprueft
2024-02-04;261,25;Geprueft
2024-02-05;261,26;Geprueft
2024-02-06;261,28;Geprueft
2024-02-07;261,29;Geprueft
2024-02-08;261,33;Geprueft
2024-02-09;261,34;Geprueft
2024-02-10;261,37;Geprueft
2024-02-11;261,37;Geprueft
2024-02-12;261,38;Geprueft
2024-02-13;261,37;Geprueft
2024-02-14;;Geprueft
2024-02-15;261,42;Geprueft
2024-02-16;261,45;Geprueft
2024-02-17;261,44;Geprueft
2024-02-18;261,44;Geprueft
2024-02-19;261,47;Geprueft
2024-02-20;261,49;Geprueft
2024-02-21;261,50;Geprueft
2024-02-22;261,57;Geprueft
2024-02-23;261,59;Geprueft
2024-02-24;261,59;Geprueft
2024-02-25;261,59;Geprueft
2024-02-26;261,58;Geprueft
2024-02-27;261,56;Geprueft
2024-02-28;261,55;Geprueft
2024-02-29;261,57;Geprueft
2024-03-01;261,59;Geprueft
2024-03-02;261,60;Geprueft
2024-03-03;261,61;Geprueft
2024-03-04;261,59;Geprueft
2024-03-05;261,56;Geprueft
2024-03-06;261,53;Geprueft
2024-03-07;261,48;Geprueft
2024-03-08;261,52;Geprueft
2024-03-09;261,54;Geprueft
2024-03-10;261,56;Geprueft
2024-03-11;261,54;Geprueft
2024-03-12;261,52;Geprueft
2024-03-13;261,51;Geprueft
2024-03-14;261,50;Geprueft
2024-03-15;261,50;Geprueft
2024-03-16;261,48;Geprueft
2024-03-17;261,46;Geprueft
2024-03-18;261,45;Geprueft
2024-03-19;261,44;Geprueft
2024-03-20;261,43;Geprueft
2024-03-21;261,43;Geprueft
2024-03-22;261,43;Geprueft
2024-03-23;261,44;Geprueft
2024-03-24;261,44;Geprueft
2024-03-25;261,43;Geprueft
2024-03-26;261,44;Geprueft
2024-03-27;261,45;Geprueft
2024-03-28;261,44;Geprueft
2024-03-29;261,41;Geprueft
2024-03-30;261,45;Geprueft
2024-03-31;261,42;Geprueft
2024-04-01;261,41;Geprueft
2024-04-02;261,39;Geprueft
2024-04-03;261,38;Geprueft
2024-04-04;261,37;Geprueft
2024-04-05;261,37;Geprueft
2024-04-06;261,35;Geprueft
2024-04-07;261,32;Geprueft
2024-04-08;261,32;Geprueft
2024-04-09;261,29;Geprueft
2024-04-10;261,25;Geprueft
2024-04-11;261,23;Geprueft
2024-04-12;261,23;Geprueft
2024-04-13;261,23;Geprueft
2024-04-14;261,22;Geprueft
2024-04-15;261,24;Geprueft
2024-04-16;261,23;Geprueft
2024-04-17;261,23;Geprueft
2024-04-18;261,20;Geprueft
2024-04-19;261,22;Geprueft
2024-04-20;261,21;Geprueft
2024-04-21;261,23;Geprueft
2024-04-22;261,21;Geprueft
2024-04-23;261,23;Geprueft
2024-04-24;261,25;Geprueft
2024-04-25;261,26;Geprueft
2024-04-26;261,26;Geprueft
2024-04-27;261,25;Geprueft
2024-04-28;261,21;Geprueft
2024-04-29;261,19;Geprueft
2024-04-30;261,17;Geprueft
2024-05-01;261,17;Geprueft
2024-05-02;261,15;Geprueft
2024-05-03;261,14;Geprueft
2024-05-04;261,13;Geprueft
2024-05-05;261,15;Geprueft
2024-05-06;261,15;Geprueft
2024-05-07;261,16;Geprueft
2024-05-08;261,14;Geprueft
2024-05-09;261,15;Geprueft
2024-05-10;261,13;Geprueft
2024-05-11;261,14;Geprueft
2024-05-12;261,12;Geprueft
2024-05-13;261,12;Geprueft
2024-05-14;261,10;Geprueft
2024-05-15;261,10;Geprueft
2024-05-16;261,06;Geprueft
2024-05-17;261,09;Geprueft
2024-05-18;261,09;Geprueft
2024-05-19;261,12;Geprueft
2024-05-20;261,13;Geprueft
2024-05-21;261,16;Geprueft
2024-05-22;261,17;Geprueft
2024-05-23;261,18;Geprueft
2024-05-24;261,20;Geprueft
2024-05-25;261,23;Geprueft
2024-05-26;261,22;Geprueft
2024-05-27;261,25;Geprueft
2024-05-28;261,24;Geprueft
2024-05-29;261,27;Geprueft
2024-05-30;261,30;Geprueft
2024-05-31;261,30;Geprueft
2024-06-01;261,31;Rohdaten
2024-06-02;261,34;Rohdaten
2024-06-03;261,36;Rohdaten
2024-06-04;261,38;Rohdaten
2024-06-05;261,42;Rohdaten
2024-06-06;261,44;Rohdaten
2024-06-07;261,44;Rohdaten
2024-06-08;261,45;Rohdaten
2024-06-09;261,44;Rohdaten
2024-06-10;261,42;Rohdaten
2024-06-11;261,39;Rohdaten
2024-06-12;261,38;Rohdaten
2024-06-13;261,37;Rohdaten
2024-06-14;261,36;Rohdaten
2024-06-15;261,37;Rohdaten
2024-06-16;261,36;Rohdaten
2024-06-17;261,35;Rohdaten
2024-06-18;261,34;Rohdaten
2024-06-19;261,32;Rohdaten
2024-06-20;261,29;Rohdaten
2024-06-21;261,29;Rohdaten
2024-06-22;261,30;Rohdaten
2024-06-23;261,28;Rohdaten
2024-06-24;261,27;Rohdaten
2024-06-25;261,25;Rohdaten
2024-06-26;261,22;Rohdaten
2024-06-27;261,21;Rohdaten
2024-06-28;261,20;Rohdaten
2024-06-29;261,20;Rohdaten
2024-06-30;261,20;Rohdaten
2024-07-01;261,20;Rohdaten
2024-07-02;261,23;Rohdaten
2024-07-03;261,24;Rohdaten
2024-07-04;261,26;Rohdaten
2024-07-05;261,26;Rohdaten
2024-07-06;261,28;Rohdaten
2024-07-07;261,25;Rohdaten
2024-07-08;261,25;Rohdaten
2024-07-09;261,22;Rohdaten
2024-07-10;261,21;Rohdaten
2024-07-11;261,19;Rohdaten
2024-07-12;261,21;Rohdaten
2024-07-13;261,19;Rohdaten
2024-07-14;261,20;Rohdaten
2024-07-15;261,16;Rohdaten
2024-07-16;261,15;Rohdaten
2024-07-17;261,11;Rohdaten
2024-07-18;261,09;Rohdaten
2024-07-19;261,08;Rohdaten
2024-07-20;261,05;Rohdaten
2024-07-21;261,02;Rohdaten
2024-07-22;261,00;Rohdaten
2024-07-23;261,00;Rohdaten
2024-07-24;261,01;Rohdaten
2024-07-25;261,00;Rohdaten
2024-07-26;260,99;Rohdaten
2024-07-27;260,97;Rohdaten
2024-07-28;260,94;Rohdaten
2024-07-29;260,93;Rohdaten
2024-07-30;260,90;Rohdaten
2024-07-31;260,91;Rohdaten
2024-08-01;260,90;Rohdaten
2024-08-02;260,92;Rohdaten
2024-08-03;260,93;Rohdaten
2024-08-04;260,94;Rohdaten
2024-08-05;260,94;Rohdaten
2024-08-06;260,95;Rohdaten
2024-08-07;260,93;Rohdaten
2024-08-08;260,92;Rohdaten
2024-08-09;260,90;Rohdaten
2024-08-10;260,88;Rohdaten
2024-08-11;260,86;Rohdaten
2024-08-12;260,84;Rohdaten
2024-08-13;260,81;Rohdaten
2024-08-14;260,78;Rohdaten
2024-08-15;260,74;Rohdaten
2024-08-16;260,73;Rohdaten
2024-08-17;260,72;Rohdaten
2024-08-18;260,73;Rohdaten
2024-08-19;260,75;Rohdaten
2024-08-20;260,78;Rohdaten
2024-08-21;260,79;Rohdaten
2024-08-22;260,80;Rohdaten
2024-08-23;260,81;Rohdaten
2024-08-24;260,79;Rohdaten
2024-08-25;260,77;Rohdaten
2024-08-26;260,77;Rohdaten
2024-08-27;260,77;Rohdaten
2024-08-28;260,75;Rohdaten
2024-08-29;260,74;Rohdaten
2024-08-30;260,73;Rohdaten
2024-08-31;260,73;Rohdaten
2024-09-01;260,70;Rohdaten
2024-09-02;260,69;Rohdaten
2024-09-03;260,69;Rohdaten
2024-09-04;260,66;Rohdaten
2024-09-05;260,67;Rohdaten
2024-09-06;260,65;Rohdaten
2024-09-07;260,64;Rohdaten
2024-09-08;260,65;Rohdaten
2024-09-09;260,68;Rohdaten
2024-09-10;260,71;Rohdaten
2024-09-11;260,76;Rohdaten
2024-09-12;260,79;Rohdaten
2024-09-13;260,81;Rohdaten
2024-09-14;260,82;Rohdaten
2024-09-15;260,85;Rohdaten
2024-09-16;260,88;Rohdaten
2024-09-17;260,90;Rohdaten
2024-09-18;260,91;Rohdaten
2024-09-19;260,92;Rohdaten
2024-09-20;260,92;Rohdaten
2024-09-21;260,94;Rohdaten
2024-09-22;260,93;Rohdaten
2024-09-23;260,95;Rohdaten
2024-09-24;260,95;Rohdaten
2024-09-25;260,96;Rohdaten
2024-09-26;260,98;Rohdaten
2024-09-27;260,99;Rohdaten
2024-09-28;260,96;Rohdaten
2024-09-29;260,96;Rohdaten
2024-09-30;260,98;Rohdaten
