﻿Quelle:;"Bayerisches Landesamt für Umwelt, www.gkd.bayern.de"
Datenbankabfrage:;"08.10.2024 21:51"
Zeitbezug:;MEZ
Messstellen-Name:;"Burk 23"
Messstellen-Nr.:;5168
Ostwert:;645970;Nordwert:;5509571;"ETRS89 / UTM Zone 32N"

Datum;"Grundwasserstand [m ü. NN]";Prüfstatus
2024-01-01;266,38;Geprueft
2024-01-02;266,41;Geprueft
2024-01-03;266,45;Geprueft
2024-01-04;266,44;Geprueft
2024-01-05;266,44;Geprueft
2024-01-06;266,43;Geprueft
2024-01-07;266,41;Geprueft
2024-01-08;266,38;Geprueft
2024-01-09;266,36;Geprueft
2024-01-10;266,35;Geprueft
2024-01-11;266,34;Geprueft
2024-01-12;266,33;Geprueft
2024-01-13;266,35;Geprueft
2024-01-14;266,39;Geprueft
2024-01-15;266,42;Geprueft
2024-01-16;266,42;Geprueft
2024-01-17;266,47;Geprueft
2024-01-18;266,50;Geprueft
2024-01-19;266,44;Geprueft
2024-01-20;266,39;Geprueft
2024-01-21;266,38;Geprueft
2024-01-22;266,40;Geprueft
2024-01-23;266,39;Geprueft
2024-01-24;266,39;Geprueft
2024-01-25;266,37;Geprueft
2024-01-26;266,37;Geprueft
2024-01-27;266,33;Geprueft
2024-01-28;266,33;Geprueft
2024-01-29;266,33;Geprueft
2024-01-30;266,32;Geprueft
2024-01-31;266,32;Geprueft
2024-02-01;266,33;Geprueft
2024-02-02;266,32;Geprueft
2024-02-03;266,33;Geprueft
2024-02-04;266,34;Geprueft
2024-02-05;266,35;Geprueft
2024-02-06;266,37;Geprueft
2024-02-07;266,41;Geprueft
2024-02-08;266,47;Geprueft
2024-02-09;266,51;Geprueft
2024-02-10;266,54;Geprueft
2024-02-11;266,54;Geprueft
2024-02-12;266,52;Geprueft
2024-02-13;266,48;Geprueft
2024-02-14;266,46;Geprueft
2024-02-15;266,46;Geprueft
2024-02-16;266,46;Geprueft
2024-02-17;266,43;Geprueft
2024-02-18;266,42;Geprueft
2024-02-19;266,43;Geprueft
2024-02-20;266,42;Geprueft
2024-02-21;266,44;Geprueft
2024-02-22;266,51;Geprueft
2024-02-23;266,54;Geprueft
2024-02-24;266,54;Geprueft
2024-02-25;266,54;Geprueft
2024-02-26;266,55;Geprueft
2024-02-27;266,53;Geprueft
2024-02-28;266,50;Geprueft
2024-02-29;266,51;Geprueft
2024-03-01;266,53;Geprueft
2024-03-02;266,54;Geprueft
2024-03-03;266,56;Geprueft
2024-03-04;266,55;Geprueft
2024-03-05;266,54;Geprueft
2024-03-06;266,52;Geprueft
2024-03-07;266,50;Geprueft
2024-03-08;266,52;Geprueft
2024-03-09;266,55;Geprueft
2024-03-10;266,58;Geprueft
2024-03-11;266,57;Geprueft
2024-03-12;266,54;Geprueft
2024-03-13;266,53;Geprueft
2024-03-14;266,53;Geprueft
2024-03-15;266,53;Geprueft
2024-03-16;266,52;Geprueft
2024-03-17;266,50;Geprueft
2024-03-18;266,51;Geprueft
2024-03-19;266,50;Geprueft
2024-03-20;266,49;Geprueft
2024-03-21;266,48;Geprueft
2024-03-22;266,49;Geprueft
2024-03-23;266,51;Geprueft
2024-03-24;266,53;Geprueft
2024-03-25;266,54;Geprueft
2024-03-26;266,57;Geprueft
2024-03-27;266,61;Geprueft
2024-03-28;266,62;Geprueft
2024-03-29;266,60;Geprueft
2024-03-30;266,61;Geprueft
2024-03-31;266,61;Geprueft
2024-04-01;266,61;Geprueft
2024-04-02;266,58;Rohdaten
2024-04-03;266,57;Rohdaten
2024-04-04;266,56;Rohdaten
2024-04-05;266,55;Rohdaten
2024-04-06;266,53;Rohdaten
2024-04-07;266,52;Rohdaten
2024-04-08;266,53;Rohdaten
2024-04-09;266,53;Rohdaten
2024-04-10;266,48;Rohdaten
2024-04-11;266,45;Rohdaten
2024-04-12;266,44;Rohdaten
2024-04-13;266,44;Rohdaten
2024-04-14;266,45;Rohdaten
2024-04-15;266,49;Rohdaten
2024-04-16;266,51;Rohdaten
2024-04-17;266,51;Rohdaten
2024-04-18;266,50;Rohdaten
2024-04-19;266,51;Rohdaten
2024-04-20;266,50;Rohdaten
2024-04-21;266,50;Rohdaten
2024-04-22;266,49;Rohdaten
2024-04-23;266,49;Rohdaten
2024-04-24;266,51;Rohdaten
2024-04-25;266,52;Rohdaten
2024-04-26;266,53;Rohdaten
2024-04-27;266,52;Rohdaten
2024-04-28;266,51;Rohdaten
2024-04-29;266,48;Rohdaten
2024-04-30;266,49;Rohdaten
2024-05-01;266,51;Rohdaten
2024-05-02;266,54;Rohdaten
2024-05-03;266,52;Rohdaten
2024-05-04;266,50;Rohdaten
2024-05-05;266,51;Rohdaten
2024-05-06;266,53;Rohdaten
2024-05-07;266,53;Rohdaten
2024-05-08;266,51;Rohdaten
2024-05-09;266,50;Rohdaten
2024-05-10;266,49;Rohdaten
2024-05-11;266,49;Rohdaten
2024-05-12;266,49;Rohdaten
2024-05-13;266,50;Rohdaten
2024-05-14;266,52;Rohdaten
2024-05-15;266,53;Rohdaten
2024-05-16;266,54;Rohdaten
2024-05-17;266,55;Rohdaten
2024-05-18;266,55;Rohdaten
2024-05-19;266,54;Rohdaten
2024-05-20;266,54;Rohdaten
2024-05-21;266,56;Rohdaten
2024-05-22;266,56;Rohdaten
2024-05-23;266,54;Rohdaten
2024-05-24;266,54;Rohdaten
2024-05-25;266,53;Rohdaten
2024-05-26;266,52;Rohdaten
2024-05-27;266,52;Rohdaten
2024-05-28;266,51;Rohdaten
2024-05-29;266,52;Rohdaten
2024-05-30;266,56;Rohdaten
2024-05-31;266,56;Rohdaten
2024-06-01;266,57;Rohdaten
2024-06-02;266,58;Rohdaten
2024-06-03;266,56;Rohdaten
2024-06-04;266,56;Rohdaten
2024-06-05;266,56;Rohdaten
2024-06-06;266,56;Rohdaten
2024-06-07;266,55;Rohdaten
2024-06-08;266,56;Rohdaten
2024-06-09;266,57;Rohdaten
2024-06-10;266,58;Rohdaten
2024-06-11;266,56;Rohdaten
2024-06-12;266,55;Rohdaten
2024-06-13;266,54;Rohdaten
2024-06-14;266,55;Rohdaten
2024-06-15;266,57;Rohdaten
2024-06-16;266,57;Rohdaten
2024-06-17;266,56;Rohdaten
2024-06-18;266,55;Rohdaten
2024-06-19;266,55;Rohdaten
2024-06-20;266,54;Rohdaten
2024-06-21;266,55;Rohdaten
2024-06-22;266,55;Rohdaten
2024-06-23;266,54;Rohdaten
2024-06-24;266,53;Rohdaten
2024-06-25;266,53;Rohdaten
2024-06-26;266,55;Rohdaten
2024-06-27;266,56;Rohdaten
2024-06-28;266,55;Rohdaten
2024-06-29;266,55;Rohdaten
2024-06-30;266,56;Rohdaten
2024-07-01;266,55;Rohdaten
2024-07-02;266,55;Rohdaten
2024-07-03;266,56;Rohdaten
2024-07-04;266,58;Rohdaten
2024-07-05;266,58;Rohdaten
2024-07-06;266,58;Rohdaten
2024-07-07;266,57;Rohdaten
2024-07-08;266,55;Rohdaten
2024-07-09;266,54;Rohdaten
2024-07-10;266,54;Rohdaten
2024-07-11;266,54;Rohdaten
2024-07-12;266,55;Rohdaten
2024-07-13;266,55;Rohdaten
2024-07-14;266,54;Rohdaten
2024-07-15;266,54;Rohdaten
2024-07-16;266,53;Rohdaten
2024-07-17;266,51;Rohdaten
2024-07-18;266,49;Rohdaten
2024-07-19;266,49;Rohdaten
2024-07-20;266,51;Rohdaten
2024-07-21;266,52;Rohdaten
2024-07-22;266,51;Rohdaten
2024-07-23;266,49;Rohdaten
2024-07-24;266,49;Rohdaten
2024-07-25;266,49;Rohdaten
2024-07-26;266,49;Rohdaten
2024-07-27;266,49;Rohdaten
2024-07-28;266,46;Rohdaten
2024-07-29;266,45;Rohdaten
2024-07-30;266,45;Rohdaten
2024-07-31;266,46;Rohdaten
2024-08-01;266,47;Rohdaten
2024-08-02;266,50;Rohdaten
2024-08-03;266,51;Rohdaten
2024-08-04;266,50;Rohdaten
2024-08-05;266,50;Rohdaten
2024-08-06;266,50;Rohdaten
2024-08-07;266,49;Rohdaten
2024-08-08;266,48;Rohdaten
2024-08-09;266,46;Rohdaten
2024-08-10;266,44;Rohdaten
2024-08-11;266,43;Rohdaten
2024-08-12;266,44;Rohdaten
2024-08-13;266,45;Rohdaten
2024-08-14;266,45;Rohdaten
2024-08-15;266,43;Rohdaten
2024-08-16;266,42;Rohdaten
2024-08-17;266,43;Rohdaten
2024-08-18;266,45;Rohdaten
2024-08-19;266,45;Rohdaten
2024-08-20;266,45;Rohdaten
2024-08-21;266,45;Rohdaten
2024-08-22;266,45;Rohdaten
2024-08-23;266,45;Rohdaten
2024-08-24;266,45;Rohdaten
2024-08-25;266,43;Rohdaten
2024-08-26;266,41;Rohdaten
2024-08-27;266,40;Rohdaten
2024-08-28;266,41;Rohdaten
2024-08-29;266,41;Rohdaten
2024-08-30;266,40;Rohdaten
2024-08-31;266,39;Rohdaten
2024-09-01;266,39;Rohdaten
2024-09-02;266,40;Rohdaten
2024-09-03;266,40;Rohdaten
2024-09-04;266,40;Rohdaten
2024-09-05;266,41;Rohdaten
2024-09-06;266,41;Rohdaten
2024-09-07;266,40;Rohdaten
2024-09-08;266,41;Rohdaten
2024-09-09;266,43;Rohdaten
2024-09-10;266,42;Rohdaten
2024-09-11;266,43;Rohdaten
2024-09-12;266,42;Rohdaten
2024-09-13;266,41;Rohdaten
2024-09-14;266,38;Rohdaten
2024-09-15;266,37;Rohdaten
2024-09-16;266,38;Rohdaten
2024-09-17;266,38;Rohdaten
2024-09-18;266,37;Rohdaten
2024-09-19;266,37;Rohdaten
2024-09-20;266,36;Rohdaten
2024-09-21;266,36;Rohdaten
2024-09-22;266,37;Rohdaten
2024-09-23;266,39;Rohdaten
2024-09-24;266,41;Rohdaten
2024-09-25;266,41;Rohdaten
2024-09-26;266,46;Rohdaten
2024-09-27;266,46;Rohdaten
2024-09-28;266,42;Rohdaten
2024-09-29;266,38;Rohdaten
2024-09-30;266,39;Rohdaten
