﻿Quelle:;"Bayerisches Landesamt für Umwelt, www.gkd.bayern.de"
Datenbankabfrage:;"07.10.2024 22:18"
Zeitbezug:;MEZ
Messstellen-Name:;"Affalterthal 7"
Messstellen-Nr.:;5169
Ostwert:;665171;Nordwert:;5509318;"ETRS89 / UTM Zone 32N"

Datum;"Grundwasserstand [m ü. NN]";Prüfstatus
2024-01-01;432,56;Geprueft
2024-01-02;432,61;Geprueft
2024-01-03;432,61;Geprueft
2024-01-04;432,59;Geprueft
2024-01-05;432,61;Geprueft
2024-01-06;432,61;Geprueft
2024-01-07;432,59;Geprueft
2024-01-08;432,59;Geprueft
2024-01-09;432,61;Geprueft
2024-01-10;432,63;Geprueft
2024-01-11;432,64;Geprueft
2024-01-12;432,65;Geprueft
2024-01-13;432,69;Geprueft
2024-01-14;432,72;Geprueft
2024-01-15;432,73;Geprueft
2024-01-16;432,71;Geprueft
2024-01-17;432,78;Geprueft
2024-01-18;432,74;Geprueft
2024-01-19;432,68;Geprueft
2024-01-20;432,69;Geprueft
2024-01-21;432,74;Geprueft
2024-01-22;432,79;Geprueft
2024-01-23;432,75;Geprueft
2024-01-24;432,79;Geprueft
2024-01-25;432,78;Geprueft
2024-01-26;432,80;Geprueft
2024-01-27;432,78;Geprueft
2024-01-28;432,81;Geprueft
2024-01-29;432,82;Geprueft
2024-01-30;432,83;Geprueft
2024-01-31;432,84;Geprueft
2024-02-01;432,86;Geprueft
2024-02-02;432,87;Geprueft
2024-02-03;432,88;Geprueft
2024-02-04;432,90;Geprueft
2024-02-05;432,91;Geprueft
2024-02-06;432,94;Geprueft
2024-02-07;432,97;Geprueft
2024-02-08;432,98;Geprueft
2024-02-09;433,00;Geprueft
2024-02-10;433,02;Geprueft
2024-02-11;433,00;Geprueft
2024-02-12;432,98;Geprueft
2024-02-13;432,97;Geprueft
2024-02-14;433,00;Geprueft
2024-02-15;433,04;Geprueft
2024-02-16;433,05;Geprueft
2024-02-17;433,03;Geprueft
2024-02-18;433,08;Geprueft
2024-02-19;433,10;Geprueft
2024-02-20;433,11;Geprueft
2024-02-21;433,16;Geprueft
2024-02-22;433,23;Geprueft
2024-02-23;433,20;Geprueft
2024-02-24;433,20;Geprueft
2024-02-25;433,24;Geprueft
2024-02-26;433,25;Geprueft
2024-02-27;433,24;Geprueft
2024-02-28;433,25;Geprueft
2024-02-29;433,31;Geprueft
2024-03-01;433,34;Geprueft
2024-03-02;433,36;Geprueft
2024-03-03;433,39;Geprueft
2024-03-04;433,38;Geprueft
2024-03-05;433,39;Geprueft
2024-03-06;433,39;Geprueft
2024-03-07;433,40;Geprueft
2024-03-08;433,46;Geprueft
2024-03-09;433,52;Geprueft
2024-03-10;433,55;Geprueft
2024-03-11;433,52;Geprueft
2024-03-12;433,52;Geprueft
2024-03-13;433,55;Geprueft
2024-03-14;433,58;Geprueft
2024-03-15;433,60;Geprueft
2024-03-16;433,60;Geprueft
2024-03-17;433,62;Geprueft
2024-03-18;433,66;Geprueft
2024-03-19;433,66;Geprueft
2024-03-20;433,68;Geprueft
2024-03-21;433,69;Geprueft
2024-03-22;433,73;Geprueft
2024-03-23;433,77;Geprueft
2024-03-24;433,79;Geprueft
2024-03-25;433,80;Geprueft
2024-03-26;433,85;Geprueft
2024-03-27;433,87;Geprueft
2024-03-28;433,85;Geprueft
2024-03-29;433,85;Geprueft
2024-03-30;433,88;Geprueft
2024-03-31;433,90;Geprueft
2024-04-01;433,91;Geprueft
2024-04-02;433,88;Rohdaten
2024-04-03;433,92;Rohdaten
2024-04-04;433,92;Rohdaten
2024-04-05;433,94;Rohdaten
2024-04-06;433,95;Rohdaten
2024-04-07;433,97;Rohdaten
2024-04-08;434,00;Rohdaten
2024-04-09;433,99;Rohdaten
2024-04-10;433,96;Rohdaten
2024-04-11;433,97;Rohdaten
2024-04-12;434,01;Rohdaten
2024-04-13;434,04;Rohdaten
2024-04-14;434,07;Rohdaten
2024-04-15;434,11;Rohdaten
2024-04-16;434,12;Rohdaten
2024-04-17;434,11;Rohdaten
2024-04-18;434,10;Rohdaten
2024-04-19;434,14;Rohdaten
2024-04-20;434,11;Rohdaten
2024-04-21;434,13;Rohdaten
2024-04-22;434,14;Rohdaten
2024-04-23;434,17;Rohdaten
2024-04-24;434,20;Rohdaten
2024-04-25;434,20;Rohdaten
2024-04-26;434,21;Rohdaten
2024-04-27;434,21;Rohdaten
2024-04-28;434,20;Rohdaten
2024-04-29;434,20;Rohdaten
2024-04-30;434,24;Rohdaten
2024-05-01;434,27;Rohdaten
2024-05-02;434,28;Rohdaten
2024-05-03;434,23;Rohdaten
2024-05-04;434,26;Rohdaten
2024-05-05;434,29;Rohdaten
2024-05-06;434,30;Rohdaten
2024-05-07;434,28;Rohdaten
2024-05-08;434,27;Rohdaten
2024-05-09;434,28;Rohdaten
2024-05-10;434,31;Rohdaten
2024-05-11;434,32;Rohdaten
2024-05-12;434,34;Rohdaten
2024-05-13;434,35;Rohdaten
2024-05-14;434,37;Rohdaten
2024-05-15;434,38;Rohdaten
2024-05-16;434,39;Rohdaten
2024-05-17;434,39;Rohdaten
2024-05-18;434,38;Rohdaten
2024-05-19;434,39;Rohdaten
2024-05-20;434,40;Rohdaten
2024-05-21;434,42;Rohdaten
2024-05-22;434,40;Rohdaten
2024-05-23;434,40;Rohdaten
2024-05-24;434,41;Rohdaten
2024-05-25;434,42;Rohdaten
2024-05-26;434,42;Rohdaten
2024-05-27;434,44;Rohdaten
2024-05-28;434,43;Rohdaten
2024-05-29;434,47;Rohdaten
2024-05-30;434,49;Rohdaten
2024-05-31;434,48;Rohdaten
2024-06-01;434,47;Rohdaten
2024-06-02;434,46;Rohdaten
2024-06-03;434,48;Rohdaten
2024-06-04;434,50;Rohdaten
2024-06-05;434,50;Rohdaten
2024-06-06;434,50;Rohdaten
2024-06-07;434,51;Rohdaten
2024-06-08;434,54;Rohdaten
2024-06-09;434,56;Rohdaten
2024-06-10;434,56;Rohdaten
2024-06-11;434,54;Rohdaten
2024-06-12;434,55;Rohdaten
2024-06-13;434,57;Rohdaten
2024-06-14;434,60;Rohdaten
2024-06-15;434,61;Rohdaten
2024-06-16;434,61;Rohdaten
2024-06-17;434,60;Rohdaten
2024-06-18;434,62;Rohdaten
2024-06-19;434,62;Rohdaten
2024-06-20;434,63;Rohdaten
2024-06-21;434,65;Rohdaten
2024-06-22;434,65;Rohdaten
2024-06-23;434,65;Rohdaten
2024-06-24;434,67;Rohdaten
2024-06-25;434,69;Rohdaten
2024-06-26;434,70;Rohdaten
2024-06-27;434,70;Rohdaten
2024-06-28;434,69;Rohdaten
2024-06-29;434,73;Rohdaten
2024-06-30;434,73;Rohdaten
2024-07-01;434,72;Rohdaten
2024-07-02;434,74;Rohdaten
2024-07-03;434,76;Rohdaten
2024-07-04;434,76;Rohdaten
2024-07-05;434,76;Rohdaten
2024-07-06;434,78;Rohdaten
2024-07-07;434,75;Rohdaten
2024-07-08;434,76;Rohdaten
2024-07-09;434,78;Rohdaten
2024-07-10;434,79;Rohdaten
2024-07-11;434,80;Rohdaten
2024-07-12;434,83;Rohdaten
2024-07-13;434,81;Rohdaten
2024-07-14;434,82;Rohdaten
2024-07-15;434,84;Rohdaten
2024-07-16;434,82;Rohdaten
2024-07-17;434,81;Rohdaten
2024-07-18;434,83;Rohdaten
2024-07-19;434,86;Rohdaten
2024-07-20;434,88;Rohdaten
2024-07-21;434,88;Rohdaten
2024-07-22;434,86;Rohdaten
2024-07-23;434,87;Rohdaten
2024-07-24;434,88;Rohdaten
2024-07-25;434,90;Rohdaten
2024-07-26;434,90;Rohdaten
2024-07-27;434,90;Rohdaten
2024-07-28;434,87;Rohdaten
2024-07-29;434,90;Rohdaten
2024-07-30;434,92;Rohdaten
2024-07-31;434,94;Rohdaten
2024-08-01;434,94;Rohdaten
2024-08-02;434,95;Rohdaten
2024-08-03;434,95;Rohdaten
2024-08-04;434,95;Rohdaten
2024-08-05;434,95;Rohdaten
2024-08-06;434,97;Rohdaten
2024-08-07;434,97;Rohdaten
2024-08-08;434,96;Rohdaten
2024-08-09;434,97;Rohdaten
2024-08-10;434,96;Rohdaten
2024-08-11;434,98;Rohdaten
2024-08-12;435,00;Rohdaten
2024-08-13;435,01;Rohdaten
2024-08-14;435,00;Rohdaten
2024-08-15;434,99;Rohdaten
2024-08-16;435,01;Rohdaten
2024-08-17;435,02;Rohdaten
2024-08-18;435,03;Rohdaten
2024-08-19;435,00;Rohdaten
2024-08-20;435,03;Rohdaten
2024-08-21;435,02;Rohdaten
2024-08-22;435,04;Rohdaten
2024-08-23;435,05;Rohdaten
2024-08-24;435,05;Rohdaten
2024-08-25;435,02;Rohdaten
2024-08-26;435,03;Rohdaten
2024-08-27;435,04;Rohdaten
2024-08-28;435,06;Rohdaten
2024-08-29;435,06;Rohdaten
2024-08-30;435,06;Rohdaten
2024-08-31;435,06;Rohdaten
2024-09-01;435,08;Rohdaten
2024-09-02;435,08;Rohdaten
2024-09-03;435,08;Rohdaten
2024-09-04;435,09;Rohdaten
2024-09-05;435,11;Rohdaten
2024-09-06;435,09;Rohdaten
2024-09-07;435,10;Rohdaten
2024-09-08;435,12;Rohdaten
2024-09-09;435,12;Rohdaten
2024-09-10;435,10;Rohdaten
2024-09-11;435,12;Rohdaten
2024-09-12;435,10;Rohdaten
2024-09-13;435,09;Rohdaten
2024-09-14;435,08;Rohdaten
2024-09-15;435,10;Rohdaten
2024-09-16;435,11;Rohdaten
2024-09-17;435,10;Rohdaten
2024-09-18;435,10;Rohdaten
2024-09-19;435,12;Rohdaten
2024-09-20;435,12;Rohdaten
2024-09-21;435,13;Rohdaten
2024-09-22;435,14;Rohdaten
2024-09-23;435,16;Rohdaten
2024-09-24;435,16;Rohdaten
2024-09-25;435,16;Rohdaten
2024-09-26;435,19;Rohdaten
2024-09-27;435,15;Rohdaten
2024-09-28;435,11;Rohdaten
2024-09-29;435,10;Rohdaten
2024-09-30;435,14;Rohdaten
