﻿Quelle:;"Bayerisches Landesamt für Umwelt, www.gkd.bayern.de"
Datenbankabfrage:;"08.10.2024 21:51"
Zeitbezug:;MEZ
Messstellen-Name:;"KÖNIGSFELD 10"
Messstellen-Nr.:;5170
Ostwert:;655022;Nordwert:;5535933;"ETRS89 / UTM Zone 32N"

Datum;"Grundwasserstand [m ü. NN]";Prüfstatus
2024-01-01;454,00;Geprueft
2024-01-02;453,96;Geprueft
2024-01-03;454,31;Geprueft
2024-01-04;454,72;Geprueft
2024-01-05;455,06;Geprueft
2024-01-06;455,19;Geprueft
2024-01-07;455,23;Geprueft
2024-01-08;455,23;Geprueft
2024-01-09;455,22;Geprueft
2024-01-10;455,20;Geprueft
2024-01-11;455,16;Geprueft
2024-01-12;455,12;Geprueft
2024-01-13;455,10;Geprueft
2024-01-14;455,07;Geprueft
2024-01-15;455,01;Geprueft
2024-01-16;454,91;Geprueft
2024-01-17;454,87;Geprueft
2024-01-18;454,85;Geprueft
2024-01-19;454,72;Geprueft
2024-01-20;454,59;Geprueft
2024-01-21;454,49;Geprueft
2024-01-22;454,45;Geprueft
2024-01-23;454,55;Geprueft
2024-01-24;454,63;Geprueft
2024-01-25;454,64;Geprueft
2024-01-26;454,66;Geprueft
2024-01-27;454,65;Geprueft
2024-01-28;454,67;Geprueft
2024-01-29;454,68;Geprueft
2024-01-30;454,67;Geprueft
2024-01-31;454,63;Geprueft
2024-02-01;454,62;Geprueft
2024-02-02;454,58;Geprueft
2024-02-03;454,56;Geprueft
2024-02-04;454,55;Geprueft
2024-02-05;454,57;Geprueft
2024-02-06;454,64;Geprueft
2024-02-07;454,73;Geprueft
2024-02-08;454,85;Geprueft
2024-02-09;455,15;Geprueft
2024-02-10;455,40;Geprueft
2024-02-11;455,48;Geprueft
2024-02-12;455,50;Geprueft
2024-02-13;455,51;Geprueft
2024-02-14;455,53;Geprueft
2024-02-15;455,54;Geprueft
2024-02-16;455,53;Geprueft
2024-02-17;455,49;Geprueft
2024-02-18;455,49;Geprueft
2024-02-19;455,50;Geprueft
2024-02-20;455,49;Geprueft
2024-02-21;455,51;Geprueft
2024-02-22;455,54;Geprueft
2024-02-23;455,54;Geprueft
2024-02-24;455,54;Geprueft
2024-02-25;455,54;Geprueft
2024-02-26;455,53;Geprueft
2024-02-27;455,50;Geprueft
2024-02-28;455,48;Geprueft
2024-02-29;455,48;Geprueft
2024-03-01;455,47;Geprueft
2024-03-02;455,46;Geprueft
2024-03-03;455,44;Geprueft
2024-03-04;455,40;Geprueft
2024-03-05;455,37;Geprueft
2024-03-06;455,34;Geprueft
2024-03-07;455,33;Geprueft
2024-03-08;455,32;Geprueft
2024-03-09;455,31;Geprueft
2024-03-10;455,29;Geprueft
2024-03-11;455,25;Geprueft
2024-03-12;455,21;Geprueft
2024-03-13;455,19;Geprueft
2024-03-14;455,17;Geprueft
2024-03-15;455,15;Geprueft
2024-03-16;455,11;Geprueft
2024-03-17;455,09;Geprueft
2024-03-18;455,07;Geprueft
2024-03-19;455,03;Geprueft
2024-03-20;455,00;Geprueft
2024-03-21;454,96;Geprueft
2024-03-22;454,94;Geprueft
2024-03-23;454,92;Geprueft
2024-03-24;454,89;Geprueft
2024-03-25;454,85;Geprueft
2024-03-26;454,82;Geprueft
2024-03-27;454,78;Geprueft
2024-03-28;454,73;Geprueft
2024-03-29;454,65;Geprueft
2024-03-30;454,59;Geprueft
2024-03-31;454,52;Geprueft
2024-04-01;454,47;Geprueft
2024-04-02;454,38;Geprueft
2024-04-03;454,33;Geprueft
2024-04-04;454,29;Geprueft
2024-04-05;454,33;Geprueft
2024-04-06;454,37;Geprueft
2024-04-07;454,39;Geprueft
2024-04-08;454,42;Geprueft
2024-04-09;454,40;Geprueft
2024-04-10;454,33;Geprueft
2024-04-11;454,28;Geprueft
2024-04-12;454,26;Geprueft
2024-04-13;454,23;Geprueft
2024-04-14;454,21;Geprueft
2024-04-15;454,20;Geprueft
2024-04-16;454,17;Geprueft
2024-04-17;454,12;Geprueft
2024-04-18;454,06;Geprueft
2024-04-19;454,04;Geprueft
2024-04-20;454,08;Geprueft
2024-04-21;454,14;Geprueft
2024-04-22;454,28;Geprueft
2024-04-23;454,42;Geprueft
2024-04-24;454,53;Geprueft
2024-04-25;454,57;Geprueft
2024-04-26;454,58;Geprueft
2024-04-27;454,55;Geprueft
2024-04-28;454,51;Geprueft
2024-04-29;454,44;Geprueft
2024-04-30;454,40;Geprueft
2024-05-01;454,38;Rohdaten
2024-05-02;454,34;Rohdaten
2024-05-03;454,25;Rohdaten
2024-05-04;454,19;Rohdaten
2024-05-05;454,15;Rohdaten
2024-05-06;454,10;Rohdaten
2024-05-07;454,03;Rohdaten
2024-05-08;453,96;Rohdaten
2024-05-09;453,90;Rohdaten
2024-05-10;453,85;Rohdaten
2024-05-11;453,80;Rohdaten
2024-05-12;453,75;Rohdaten
2024-05-13;453,70;Rohdaten
2024-05-14;453,65;Rohdaten
2024-05-15;453,60;Rohdaten
2024-05-16;453,54;Rohdaten
2024-05-17;453,48;Rohdaten
2024-05-18;453,42;Rohdaten
2024-05-19;453,36;Rohdaten
2024-05-20;453,30;Rohdaten
2024-05-21;453,25;Rohdaten
2024-05-22;453,23;Rohdaten
2024-05-23;453,22;Rohdaten
2024-05-24;453,19;Rohdaten
2024-05-25;453,19;Rohdaten
2024-05-26;453,20;Rohdaten
2024-05-27;453,19;Rohdaten
2024-05-28;453,16;Rohdaten
2024-05-29;453,13;Rohdaten
2024-05-30;453,11;Rohdaten
2024-05-31;453,06;Rohdaten
2024-06-01;453,01;Rohdaten
2024-06-02;453,01;Rohdaten
2024-06-03;453,15;Rohdaten
2024-06-04;453,28;Rohdaten
2024-06-05;453,35;Rohdaten
2024-06-06;453,36;Rohdaten
2024-06-07;453,36;Rohdaten
2024-06-08;453,35;Rohdaten
2024-06-09;453,33;Rohdaten
2024-06-10;453,29;Rohdaten
2024-06-11;453,23;Rohdaten
2024-06-12;453,17;Rohdaten
2024-06-13;453,12;Rohdaten
2024-06-14;453,07;Rohdaten
2024-06-15;453,02;Rohdaten
2024-06-16;452,96;Rohdaten
2024-06-17;452,90;Rohdaten
2024-06-18;452,85;Rohdaten
2024-06-19;452,80;Rohdaten
2024-06-20;452,74;Rohdaten
2024-06-21;452,70;Rohdaten
2024-06-22;452,65;Rohdaten
2024-06-23;452,59;Rohdaten
2024-06-24;452,53;Rohdaten
2024-06-25;452,49;Rohdaten
2024-06-26;452,44;Rohdaten
2024-06-27;452,39;Rohdaten
2024-07-17;451,43;Rohdaten
2024-07-18;451,38;Rohdaten
2024-07-19;451,34;Rohdaten
2024-07-20;451,31;Rohdaten
2024-07-21;451,27;Rohdaten
2024-07-22;451,21;Rohdaten
2024-07-23;451,16;Rohdaten
2024-07-24;451,12;Rohdaten
2024-07-25;451,08;Rohdaten
2024-07-26;451,03;Rohdaten
2024-07-27;450,99;Rohdaten
2024-07-28;450,93;Rohdaten
2024-07-29;450,89;Rohdaten
2024-07-30;450,85;Rohdaten
2024-07-31;450,81;Rohdaten
2024-08-01;450,77;Rohdaten
2024-08-02;450,73;Rohdaten
2024-08-03;450,69;Rohdaten
2024-08-04;450,64;Rohdaten
2024-08-05;450,60;Rohdaten
2024-08-06;450,56;Rohdaten
2024-08-07;450,53;Rohdaten
2024-08-08;450,48;Rohdaten
2024-08-09;450,44;Rohdaten
2024-08-10;450,39;Rohdaten
2024-08-11;450,35;Rohdaten
2024-08-12;450,32;Rohdaten
2024-08-13;450,28;Rohdaten
2024-08-14;450,26;Rohdaten
2024-08-15;450,23;Rohdaten
2024-08-16;450,20;Rohdaten
2024-08-17;450,17;Rohdaten
2024-08-18;450,14;Rohdaten
2024-08-19;450,11;Rohdaten
2024-08-20;450,12;Rohdaten
2024-08-21;450,10;Rohdaten
2024-08-22;450,08;Rohdaten
2024-08-23;450,06;Rohdaten
2024-08-24;450,03;Rohdaten
2024-08-25;450,00;Rohdaten
2024-08-26;449,96;Rohdaten
2024-08-27;449,93;Rohdaten
2024-08-28;449,90;Rohdaten
2024-08-29;449,87;Rohdaten
2024-08-30;449,84;Rohdaten
2024-08-31;449,80;Rohdaten
2024-09-01;449,77;Rohdaten
2024-09-02;449,74;Rohdaten
2024-09-03;449,70;Rohdaten
2024-09-04;449,67;Rohdaten
2024-09-05;449,64;Rohdaten
2024-09-06;449,60;Rohdaten
2024-09-07;449,57;Rohdaten
2024-09-08;449,54;Rohdaten
2024-09-09;449,51;Rohdaten
2024-09-10;449,47;Rohdaten
2024-09-11;449,45;Rohdaten
2024-09-12;449,41;Rohdaten
2024-09-13;449,38;Rohdaten
2024-09-14;449,34;Rohdaten
2024-09-15;449,31;Rohdaten
2024-09-16;449,28;Rohdaten
2024-09-17;449,25;Rohdaten
2024-09-18;449,22;Rohdaten
2024-09-19;449,19;Rohdaten
2024-09-20;449,16;Rohdaten
2024-09-21;449,13;Rohdaten
2024-09-22;449,11;Rohdaten
2024-09-23;449,09;Rohdaten
