﻿Quelle:;"Bayerisches Landesamt für Umwelt, www.gkd.bayern.de"
Datenbankabfrage:;"08.10.2024 21:51"
Zeitbezug:;MEZ
Messstellen-Name:;"ROTHMANNSTHAL 11"
Messstellen-Nr.:;5171
Ostwert:;653820;Nordwert:;5546282;"ETRS89 / UTM Zone 32N"

Datum;"Grundwasserstand [m ü. NN]";Prüfstatus
2024-01-01;451,50;Geprueft
2024-01-02;451,45;Geprueft
2024-01-03;451,59;Geprueft
2024-01-04;451,95;Geprueft
2024-01-05;452,42;Geprueft
2024-01-06;452,71;Geprueft
2024-01-07;452,85;Geprueft
2024-01-08;452,88;Geprueft
2024-01-09;452,88;Geprueft
2024-01-10;452,87;Geprueft
2024-01-11;452,82;Geprueft
2024-01-12;452,75;Geprueft
2024-01-13;452,71;Geprueft
2024-01-14;452,69;Geprueft
2024-01-15;452,65;Geprueft
2024-01-16;452,56;Geprueft
2024-01-17;452,53;Geprueft
2024-01-18;452,49;Geprueft
2024-01-19;452,36;Geprueft
2024-01-20;452,27;Geprueft
2024-01-21;452,22;Geprueft
2024-01-22;452,25;Geprueft
2024-01-23;452,34;Geprueft
2024-01-24;452,26;Geprueft
2024-01-25;452,21;Geprueft
2024-01-26;452,22;Geprueft
2024-01-27;452,20;Geprueft
2024-01-28;452,23;Geprueft
2024-01-29;452,24;Geprueft
2024-01-30;452,23;Geprueft
2024-01-31;452,20;Geprueft
2024-02-01;452,19;Geprueft
2024-02-02;452,16;Geprueft
2024-02-03;452,14;Geprueft
2024-02-04;452,12;Geprueft
2024-02-05;452,10;Geprueft
2024-02-06;452,10;Geprueft
2024-02-07;452,13;Geprueft
2024-02-08;452,17;Geprueft
2024-02-09;452,37;Geprueft
2024-02-10;452,78;Geprueft
2024-02-11;453,09;Geprueft
2024-02-12;453,26;Geprueft
2024-02-13;453,40;Geprueft
2024-02-14;453,55;Geprueft
2024-02-15;453,66;Geprueft
2024-02-16;453,73;Geprueft
2024-02-17;453,73;Geprueft
2024-02-18;453,74;Geprueft
2024-02-19;453,77;Geprueft
2024-02-20;453,78;Geprueft
2024-02-21;453,81;Geprueft
2024-02-22;453,89;Geprueft
2024-02-23;453,94;Geprueft
2024-02-24;453,98;Geprueft
2024-02-25;454,01;Geprueft
2024-02-26;454,05;Geprueft
2024-02-27;454,02;Geprueft
2024-02-28;453,98;Geprueft
2024-02-29;453,96;Geprueft
2024-03-01;453,96;Geprueft
2024-03-02;453,93;Geprueft
2024-03-03;453,90;Geprueft
2024-03-04;453,83;Geprueft
2024-03-05;453,76;Geprueft
2024-03-06;453,67;Geprueft
2024-03-07;453,60;Geprueft
2024-03-08;453,56;Geprueft
2024-03-09;453,53;Geprueft
2024-03-10;453,50;Geprueft
2024-03-11;453,43;Geprueft
2024-03-12;453,33;Geprueft
2024-03-13;453,26;Geprueft
2024-03-14;453,21;Geprueft
2024-03-15;453,16;Geprueft
2024-03-16;453,09;Geprueft
2024-03-17;453,01;Geprueft
2024-03-18;452,98;Geprueft
2024-03-19;452,92;Geprueft
2024-03-20;452,87;Geprueft
2024-03-21;452,82;Geprueft
2024-03-22;452,77;Geprueft
2024-03-23;452,75;Geprueft
2024-03-24;452,70;Geprueft
2024-03-25;452,65;Geprueft
2024-03-26;452,62;Geprueft
2024-03-27;452,60;Geprueft
2024-03-28;452,54;Geprueft
2024-03-29;452,47;Geprueft
2024-03-30;452,42;Geprueft
2024-03-31;452,38;Geprueft
2024-04-01;452,33;Geprueft
2024-04-02;452,25;Geprueft
2024-04-03;452,20;Geprueft
2024-04-04;452,15;Geprueft
2024-04-05;452,11;Geprueft
2024-04-06;452,07;Geprueft
2024-04-07;452,03;Geprueft
2024-04-08;451,99;Geprueft
2024-04-09;451,95;Geprueft
2024-04-10;451,86;Geprueft
2024-04-11;451,80;Geprueft
2024-04-12;451,76;Geprueft
2024-04-13;451,73;Geprueft
2024-04-14;451,69;Geprueft
2024-04-15;451,67;Geprueft
2024-04-16;451,64;Geprueft
2024-04-17;451,60;Geprueft
2024-04-18;451,55;Geprueft
2024-04-19;451,53;Geprueft
2024-04-20;451,55;Geprueft
2024-04-21;451,57;Geprueft
2024-04-22;451,62;Geprueft
2024-04-23;451,69;Geprueft
2024-04-24;451,72;Geprueft
2024-04-25;451,71;Geprueft
2024-04-26;451,69;Geprueft
2024-04-27;451,66;Geprueft
2024-04-28;451,62;Geprueft
2024-04-29;451,57;Geprueft
2024-04-30;451,55;Geprueft
2024-05-01;451,54;Rohdaten
2024-05-02;451,52;Rohdaten
2024-05-03;451,47;Rohdaten
2024-05-04;451,42;Rohdaten
2024-05-05;451,40;Rohdaten
2024-05-06;451,37;Rohdaten
2024-05-07;451,32;Rohdaten
2024-05-08;451,27;Rohdaten
2024-05-09;451,23;Rohdaten
2024-05-10;451,20;Rohdaten
2024-05-11;451,16;Rohdaten
2024-05-12;451,13;Rohdaten
2024-05-13;451,10;Rohdaten
2024-05-14;451,08;Rohdaten
2024-05-15;451,04;Rohdaten
2024-05-16;451,01;Rohdaten
2024-05-17;450,97;Rohdaten
2024-05-18;450,93;Rohdaten
2024-05-19;450,89;Rohdaten
2024-05-20;450,85;Rohdaten
2024-05-21;450,83;Rohdaten
2024-05-22;450,83;Rohdaten
2024-05-23;450,88;Rohdaten
2024-05-24;450,88;Rohdaten
2024-05-25;450,85;Rohdaten
2024-05-26;450,80;Rohdaten
2024-05-27;450,77;Rohdaten
2024-05-28;450,73;Rohdaten
2024-05-31;450,66;Rohdaten
2024-06-01;450,64;Rohdaten
2024-06-02;450,74;Rohdaten
2024-06-03;450,92;Rohdaten
2024-06-04;451,01;Rohdaten
2024-06-05;451,03;Rohdaten
2024-06-06;451,02;Rohdaten
2024-06-07;451,01;Rohdaten
2024-06-08;451,00;Rohdaten
2024-06-09;450,99;Rohdaten
2024-06-10;450,97;Rohdaten
2024-06-11;450,93;Rohdaten
2024-06-12;450,89;Rohdaten
2024-06-13;450,86;Rohdaten
2024-06-14;450,84;Rohdaten
2024-06-15;450,81;Rohdaten
2024-06-16;450,78;Rohdaten
2024-06-17;450,75;Rohdaten
2024-06-18;450,71;Rohdaten
2024-06-19;450,68;Rohdaten
2024-06-20;450,64;Rohdaten
2024-06-21;450,62;Rohdaten
2024-06-22;450,59;Rohdaten
2024-06-23;450,55;Rohdaten
2024-06-24;450,51;Rohdaten
2024-06-25;450,49;Rohdaten
2024-06-26;450,46;Rohdaten
2024-06-27;450,43;Rohdaten
2024-06-28;450,39;Rohdaten
2024-06-29;450,36;Rohdaten
2024-06-30;450,35;Rohdaten
2024-07-01;450,32;Rohdaten
2024-07-02;450,31;Rohdaten
2024-07-03;450,29;Rohdaten
2024-07-04;450,26;Rohdaten
2024-07-05;450,22;Rohdaten
2024-07-06;450,20;Rohdaten
2024-07-07;450,16;Rohdaten
2024-07-08;450,13;Rohdaten
2024-07-09;450,10;Rohdaten
2024-07-10;450,06;Rohdaten
2024-07-11;450,05;Rohdaten
2024-07-12;450,06;Rohdaten
2024-07-13;450,04;Rohdaten
2024-07-14;450,00;Rohdaten
2024-07-15;449,96;Rohdaten
2024-07-16;449,92;Rohdaten
2024-07-17;449,87;Rohdaten
2024-07-18;449,83;Rohdaten
2024-07-19;449,80;Rohdaten
2024-07-20;449,78;Rohdaten
2024-07-21;449,76;Rohdaten
2024-07-22;449,71;Rohdaten
2024-07-23;449,68;Rohdaten
2024-07-24;449,65;Rohdaten
2024-07-25;449,63;Rohdaten
2024-07-26;449,60;Rohdaten
2024-07-27;449,57;Rohdaten
2024-07-28;449,53;Rohdaten
2024-07-29;449,51;Rohdaten
2024-07-30;449,50;Rohdaten
2024-07-31;449,47;Rohdaten
2024-08-01;449,44;Rohdaten
2024-08-02;449,42;Rohdaten
2024-08-03;449,39;Rohdaten
2024-08-04;449,36;Rohdaten
2024-08-05;449,33;Rohdaten
2024-08-06;449,30;Rohdaten
2024-08-07;449,28;Rohdaten
2024-08-08;449,24;Rohdaten
2024-08-09;449,21;Rohdaten
2024-08-10;449,17;Rohdaten
2024-08-11;449,14;Rohdaten
2024-08-12;449,12;Rohdaten
2024-08-13;449,09;Rohdaten
2024-08-14;449,06;Rohdaten
2024-08-15;449,03;Rohdaten
2024-08-16;449,01;Rohdaten
2024-08-17;448,98;Rohdaten
2024-08-18;448,96;Rohdaten
2024-08-19;448,93;Rohdaten
2024-08-20;448,94;Rohdaten
2024-08-21;448,92;Rohdaten
2024-08-22;448,89;Rohdaten
2024-08-23;448,86;Rohdaten
2024-08-24;448,82;Rohdaten
2024-08-25;448,78;Rohdaten
2024-08-26;448,75;Rohdaten
2024-08-27;448,72;Rohdaten
2024-08-28;448,69;Rohdaten
2024-08-29;448,66;Rohdaten
2024-08-30;448,62;Rohdaten
2024-08-31;448,59;Rohdaten
2024-09-01;448,55;Rohdaten
2024-09-02;448,53;Rohdaten
2024-09-03;448,49;Rohdaten
2024-09-04;448,46;Rohdaten
2024-09-05;448,43;Rohdaten
2024-09-06;448,39;Rohdaten
2024-09-07;448,35;Rohdaten
2024-09-08;448,33;Rohdaten
2024-09-09;448,30;Rohdaten
2024-09-10;448,28;Rohdaten
2024-09-11;448,27;Rohdaten
2024-09-12;448,25;Rohdaten
2024-09-13;448,22;Rohdaten
2024-09-14;448,18;Rohdaten
2024-09-15;448,15;Rohdaten
2024-09-16;448,11;Rohdaten
2024-09-17;448,08;Rohdaten
2024-09-18;448,05;Rohdaten
2024-09-19;448,02;Rohdaten
2024-09-20;447,98;Rohdaten
2024-09-21;447,94;Rohdaten
2024-09-22;447,91;Rohdaten
2024-09-23;447,88;Rohdaten
2024-09-24;447,85;Rohdaten
2024-09-25;447,81;Rohdaten
2024-09-26;447,81;Rohdaten
2024-09-27;447,81;Rohdaten
2024-09-28;447,79;Rohdaten
2024-09-29;447,76;Rohdaten
2024-09-30;447,74;Rohdaten
