﻿Quelle:;"Bayerisches Landesamt für Umwelt, www.gkd.bayern.de"
Datenbankabfrage:;"08.10.2024 21:51"
Zeitbezug:;MEZ
Messstellen-Name:;"Weichendorf 17"
Messstellen-Nr.:;5173
Ostwert:;640651;Nordwert:;5534025;"ETRS89 / UTM Zone 32N"

Datum;"Grundwasserstand [m ü. NN]";Prüfstatus
2024-01-01;241,76;Geprueft
2024-01-02;241,80;Geprueft
2024-01-03;241,84;Geprueft
2024-01-04;241,84;Geprueft
2024-01-05;241,86;Geprueft
2024-01-06;241,87;Geprueft
2024-01-07;241,85;Geprueft
2024-01-08;241,83;Geprueft
2024-01-09;241,83;Geprueft
2024-01-10;241,85;Geprueft
2024-01-11;241,86;Geprueft
2024-01-12;241,87;Geprueft
2024-01-13;241,91;Geprueft
2024-01-14;241,96;Geprueft
2024-01-15;241,99;Geprueft
2024-01-16;241,98;Geprueft
2024-01-17;242,03;Geprueft
2024-01-18;242,04;Geprueft
2024-01-19;241,97;Geprueft
2024-01-20;241,94;Geprueft
2024-01-21;241,95;Geprueft
2024-01-22;241,99;Geprueft
2024-01-23;241,98;Geprueft
2024-01-24;242,00;Geprueft
2024-01-25;241,99;Geprueft
2024-01-26;242,01;Geprueft
2024-01-27;241,98;Geprueft
2024-01-28;241,99;Geprueft
2024-01-29;242,00;Geprueft
2024-01-30;242,01;Geprueft
2024-01-31;242,01;Geprueft
2024-02-01;242,03;Geprueft
2024-02-02;242,03;Geprueft
2024-02-03;242,05;Geprueft
2024-02-04;242,07;Geprueft
2024-02-05;242,08;Geprueft
2024-02-06;242,10;Geprueft
2024-02-07;242,15;Geprueft
2024-02-08;242,18;Geprueft
2024-02-09;242,23;Geprueft
2024-02-10;242,25;Geprueft
2024-02-11;242,23;Geprueft
2024-02-12;242,18;Geprueft
2024-02-13;242,12;Geprueft
2024-02-14;242,12;Geprueft
2024-02-15;242,14;Geprueft
2024-02-16;242,18;Geprueft
2024-02-17;242,17;Geprueft
2024-02-18;242,18;Geprueft
2024-02-19;242,21;Geprueft
2024-02-20;242,21;Geprueft
2024-02-21;242,24;Geprueft
2024-02-22;242,32;Geprueft
2024-02-23;242,34;Geprueft
2024-02-24;242,32;Geprueft
2024-02-25;242,32;Geprueft
2024-02-26;242,33;Geprueft
2024-02-27;242,29;Geprueft
2024-02-28;242,27;Geprueft
2024-02-29;242,29;Geprueft
2024-03-01;242,32;Geprueft
2024-03-02;242,33;Geprueft
2024-03-03;242,35;Geprueft
2024-03-04;242,32;Geprueft
2024-03-05;242,30;Geprueft
2024-03-06;242,28;Geprueft
2024-03-07;242,27;Geprueft
2024-03-08;242,30;Geprueft
2024-03-09;242,33;Geprueft
2024-03-10;242,35;Geprueft
2024-03-11;242,32;Geprueft
2024-03-12;242,28;Geprueft
2024-03-13;242,27;Geprueft
2024-03-14;242,26;Geprueft
2024-03-15;242,26;Geprueft
2024-03-16;242,24;Geprueft
2024-03-17;242,22;Geprueft
2024-03-18;242,23;Geprueft
2024-03-19;242,21;Geprueft
2024-03-20;242,19;Geprueft
2024-03-21;242,17;Geprueft
2024-03-22;242,19;Geprueft
2024-03-23;242,24;Geprueft
2024-03-24;242,25;Geprueft
2024-03-25;242,25;Geprueft
2024-03-26;242,29;Geprueft
2024-03-27;242,32;Geprueft
2024-03-28;242,31;Geprueft
2024-03-29;242,28;Geprueft
2024-03-30;242,29;Geprueft
2024-03-31;242,30;Geprueft
2024-04-01;242,30;Geprueft
2024-04-02;242,26;Geprueft
2024-04-03;242,27;Geprueft
2024-04-04;242,27;Geprueft
2024-04-05;242,27;Geprueft
2024-04-06;242,27;Geprueft
2024-04-07;242,27;Geprueft
2024-04-08;242,28;Geprueft
2024-04-09;242,26;Geprueft
2024-04-10;242,20;Geprueft
2024-04-11;242,18;Geprueft
2024-04-12;242,18;Geprueft
2024-04-13;242,19;Geprueft
2024-04-14;242,20;Geprueft
2024-04-15;242,22;Geprueft
2024-04-16;242,23;Geprueft
2024-04-17;242,22;Geprueft
2024-04-18;242,21;Geprueft
2024-04-19;242,23;Geprueft
2024-04-20;242,23;Geprueft
2024-04-21;242,23;Geprueft
2024-04-22;242,22;Geprueft
2024-04-23;242,24;Geprueft
2024-04-24;242,32;Geprueft
2024-04-25;242,39;Geprueft
2024-04-26;242,46;Geprueft
2024-04-27;242,52;Geprueft
2024-04-28;242,59;Geprueft
2024-04-29;242,63;Geprueft
2024-04-30;242,72;Geprueft
2024-05-01;242,81;Rohdaten
2024-05-02;242,89;Rohdaten
2024-05-03;242,92;Rohdaten
2024-05-04;242,97;Rohdaten
2024-05-05;243,04;Rohdaten
2024-05-06;243,11;Rohdaten
2024-05-07;243,14;Rohdaten
2024-05-08;243,16;Rohdaten
2024-05-09;243,20;Rohdaten
2024-05-10;243,25;Rohdaten
2024-05-11;243,30;Rohdaten
2024-05-12;243,35;Rohdaten
2024-05-13;243,41;Rohdaten
2024-05-14;243,46;Rohdaten
2024-05-15;243,51;Rohdaten
2024-05-16;243,55;Rohdaten
2024-05-17;243,59;Rohdaten
2024-05-18;243,60;Rohdaten
2024-05-19;243,64;Rohdaten
2024-05-20;243,67;Rohdaten
2024-05-21;243,73;Rohdaten
2024-05-22;243,77;Rohdaten
2024-05-23;243,78;Rohdaten
2024-05-24;243,80;Rohdaten
2024-05-25;243,82;Rohdaten
2024-05-26;243,85;Rohdaten
2024-05-27;243,88;Rohdaten
2024-05-28;243,91;Rohdaten
2024-05-29;243,95;Rohdaten
2024-05-30;244,00;Rohdaten
2024-05-31;244,02;Rohdaten
2024-06-01;244,05;Rohdaten
2024-06-02;244,07;Rohdaten
2024-06-03;244,09;Rohdaten
2024-06-04;244,12;Rohdaten
2024-06-05;244,15;Rohdaten
2024-06-06;244,16;Rohdaten
2024-06-07;244,18;Rohdaten
2024-06-08;244,22;Rohdaten
2024-06-09;244,25;Rohdaten
2024-06-10;244,27;Rohdaten
2024-06-11;244,27;Rohdaten
2024-06-12;244,27;Rohdaten
2024-06-13;244,29;Rohdaten
2024-06-14;244,33;Rohdaten
2024-06-15;244,36;Rohdaten
2024-06-16;244,38;Rohdaten
2024-06-17;244,38;Rohdaten
2024-06-18;244,40;Rohdaten
2024-06-19;244,41;Rohdaten
2024-06-20;244,42;Rohdaten
2024-06-21;244,45;Rohdaten
2024-06-22;244,47;Rohdaten
2024-06-23;244,47;Rohdaten
2024-06-24;244,48;Rohdaten
2024-06-25;244,51;Rohdaten
2024-06-26;244,53;Rohdaten
2024-06-27;244,55;Rohdaten
2024-06-28;244,54;Rohdaten
2024-06-29;244,56;Rohdaten
2024-06-30;244,59;Rohdaten
2024-07-01;244,59;Rohdaten
2024-07-02;244,60;Rohdaten
2024-07-03;244,63;Rohdaten
2024-07-04;244,64;Rohdaten
2024-07-05;244,64;Rohdaten
2024-07-06;244,68;Rohdaten
2024-07-07;244,67;Rohdaten
2024-07-08;244,67;Rohdaten
2024-07-09;244,68;Rohdaten
2024-07-10;244,70;Rohdaten
2024-07-11;244,71;Rohdaten
2024-07-12;244,74;Rohdaten
2024-07-13;244,74;Rohdaten
2024-07-14;244,75;Rohdaten
2024-07-15;244,76;Rohdaten
2024-07-16;244,75;Rohdaten
2024-07-17;244,67;Rohdaten
2024-07-18;244,59;Rohdaten
2024-07-19;244,50;Rohdaten
2024-07-20;244,43;Rohdaten
2024-07-21;244,34;Rohdaten
2024-07-22;244,21;Rohdaten
2024-07-23;244,10;Rohdaten
2024-07-24;244,01;Rohdaten
2024-07-25;243,94;Rohdaten
2024-07-26;243,89;Rohdaten
2024-07-27;243,82;Rohdaten
2024-07-28;243,73;Rohdaten
2024-07-29;243,66;Rohdaten
2024-07-30;243,62;Rohdaten
2024-07-31;243,58;Rohdaten
2024-08-01;243,52;Rohdaten
2024-08-02;243,47;Rohdaten
2024-08-03;243,43;Rohdaten
2024-08-04;243,38;Rohdaten
2024-08-05;243,33;Rohdaten
2024-08-06;243,29;Rohdaten
2024-08-07;243,24;Rohdaten
2024-08-08;243,16;Rohdaten
2024-08-09;243,09;Rohdaten
2024-08-10;243,02;Rohdaten
2024-08-11;242,96;Rohdaten
2024-08-12;242,93;Rohdaten
2024-08-13;242,88;Rohdaten
2024-08-14;242,82;Rohdaten
2024-08-15;242,74;Rohdaten
2024-08-16;242,69;Rohdaten
2024-08-17;242,63;Rohdaten
2024-08-18;242,59;Rohdaten
2024-08-19;242,53;Rohdaten
2024-08-20;242,49;Rohdaten
2024-08-21;242,44;Rohdaten
2024-08-22;242,40;Rohdaten
2024-08-23;242,37;Rohdaten
2024-08-24;242,34;Rohdaten
2024-08-25;242,29;Rohdaten
2024-08-26;242,26;Rohdaten
2024-08-27;242,25;Rohdaten
2024-08-28;242,24;Rohdaten
2024-08-29;242,20;Rohdaten
2024-08-30;242,17;Rohdaten
2024-08-31;242,13;Rohdaten
2024-09-01;242,11;Rohdaten
2024-09-02;242,08;Rohdaten
2024-09-03;242,03;Rohdaten
2024-09-04;242,00;Rohdaten
2024-09-05;241,97;Rohdaten
2024-09-06;241,93;Rohdaten
2024-09-07;241,90;Rohdaten
2024-09-08;241,87;Rohdaten
2024-09-09;241,86;Rohdaten
2024-09-10;241,81;Rohdaten
2024-09-11;241,80;Rohdaten
2024-09-12;241,77;Rohdaten
2024-09-13;241,74;Rohdaten
2024-09-14;241,70;Rohdaten
2024-09-15;241,69;Rohdaten
2024-09-16;241,69;Rohdaten
2024-09-17;241,67;Rohdaten
2024-09-18;241,65;Rohdaten
2024-09-19;241,64;Rohdaten
2024-09-20;241,62;Rohdaten
2024-09-21;241,61;Rohdaten
2024-09-22;241,60;Rohdaten
2024-09-23;241,59;Rohdaten
2024-09-24;241,59;Rohdaten
2024-09-25;241,56;Rohdaten
2024-09-26;241,58;Rohdaten
2024-09-27;241,55;Rohdaten
2024-09-28;241,50;Rohdaten
2024-09-29;241,45;Rohdaten
2024-09-30;241,47;Rohdaten
