﻿Quelle:;"Bayerisches Landesamt für Umwelt, www.gkd.bayern.de"
Datenbankabfrage:;"08.10.2024 21:51"
Zeitbezug:;MEZ
Messstellen-Name:;"Eggolsheim 5"
Messstellen-Nr.:;5174
Ostwert:;646307;Nordwert:;5516078;"ETRS89 / UTM Zone 32N"

Datum;"Grundwasserstand [m ü. NN]";Prüfstatus
2024-01-01;249,21;Geprueft
2024-01-02;249,22;Geprueft
2024-01-03;249,24;Geprueft
2024-01-04;249,26;Geprueft
2024-01-05;249,27;Geprueft
2024-01-06;249,28;Geprueft
2024-01-07;249,30;Geprueft
2024-01-08;249,31;Geprueft
2024-01-09;249,32;Geprueft
2024-01-10;249,33;Geprueft
2024-01-11;249,35;Geprueft
2024-01-12;249,36;Geprueft
2024-01-13;249,37;Geprueft
2024-01-14;249,39;Geprueft
2024-01-15;249,40;Geprueft
2024-01-16;249,40;Geprueft
2024-01-17;249,42;Geprueft
2024-01-18;249,42;Geprueft
2024-01-19;249,42;Geprueft
2024-01-20;249,42;Geprueft
2024-01-21;249,43;Geprueft
2024-01-22;249,43;Geprueft
2024-01-23;249,43;Geprueft
2024-01-24;249,44;Geprueft
2024-01-25;249,44;Geprueft
2024-01-26;249,44;Geprueft
2024-01-27;249,43;Geprueft
2024-01-28;249,44;Geprueft
2024-01-29;249,44;Geprueft
2024-01-30;249,44;Geprueft
2024-01-31;249,45;Geprueft
2024-02-01;249,45;Geprueft
2024-02-02;249,45;Geprueft
2024-02-03;249,45;Geprueft
2024-02-04;249,46;Geprueft
2024-02-05;249,46;Geprueft
2024-02-06;249,46;Geprueft
2024-02-07;249,47;Geprueft
2024-02-08;249,47;Geprueft
2024-02-09;249,48;Geprueft
2024-02-10;249,48;Geprueft
2024-02-11;249,49;Geprueft
2024-02-12;249,50;Geprueft
2024-02-13;249,50;Geprueft
2024-02-14;249,52;Geprueft
2024-02-15;249,53;Geprueft
2024-02-16;249,55;Geprueft
2024-02-17;249,56;Geprueft
2024-02-18;249,57;Geprueft
2024-02-19;249,59;Geprueft
2024-02-20;249,60;Geprueft
2024-02-21;249,61;Geprueft
2024-02-22;249,63;Geprueft
2024-02-23;249,63;Geprueft
2024-02-24;249,64;Geprueft
2024-02-25;249,65;Geprueft
2024-02-26;249,66;Geprueft
2024-02-27;249,67;Geprueft
2024-02-28;249,67;Geprueft
2024-02-29;249,68;Geprueft
2024-03-01;249,69;Geprueft
2024-03-02;249,69;Geprueft
2024-03-03;249,70;Geprueft
2024-03-04;249,70;Geprueft
2024-03-05;249,70;Geprueft
2024-03-06;249,70;Geprueft
2024-03-07;249,70;Geprueft
2024-03-08;249,71;Geprueft
2024-03-09;249,71;Geprueft
2024-03-10;249,71;Geprueft
2024-03-11;249,70;Geprueft
2024-03-12;249,69;Geprueft
2024-03-13;249,68;Geprueft
2024-03-14;249,68;Geprueft
2024-03-15;249,68;Geprueft
2024-03-16;249,67;Geprueft
2024-03-17;249,66;Geprueft
2024-03-18;249,67;Geprueft
2024-03-19;249,66;Geprueft
2024-03-20;249,65;Geprueft
2024-03-21;249,65;Geprueft
2024-03-22;249,65;Geprueft
2024-03-23;249,64;Geprueft
2024-03-24;249,64;Geprueft
2024-03-25;249,64;Geprueft
2024-03-26;249,64;Geprueft
2024-03-27;249,63;Geprueft
2024-03-28;249,63;Geprueft
2024-03-29;249,62;Geprueft
2024-03-30;249,61;Geprueft
2024-03-31;249,61;Geprueft
2024-04-01;249,61;Geprueft
2024-04-02;249,60;Geprueft
2024-04-03;249,59;Geprueft
2024-04-04;249,59;Geprueft
2024-04-05;249,58;Geprueft
2024-04-06;249,58;Geprueft
2024-04-07;249,58;Geprueft
2024-04-08;249,57;Geprueft
2024-04-09;249,57;Geprueft
2024-04-10;249,56;Geprueft
2024-04-11;249,56;Geprueft
2024-04-12;249,55;Geprueft
2024-04-13;249,55;Geprueft
2024-04-14;249,55;Geprueft
2024-04-15;249,55;Geprueft
2024-04-16;249,55;Geprueft
2024-04-17;249,54;Geprueft
2024-04-18;249,54;Geprueft
2024-04-19;249,53;Geprueft
2024-04-20;249,53;Geprueft
2024-04-21;249,52;Geprueft
2024-04-22;249,52;Geprueft
2024-04-23;249,52;Geprueft
2024-04-24;249,52;Geprueft
2024-04-25;249,51;Geprueft
2024-04-26;249,51;Geprueft
2024-04-27;249,50;Geprueft
2024-04-28;249,50;Geprueft
2024-04-29;249,49;Geprueft
2024-04-30;249,49;Geprueft
2024-05-01;249,49;Geprueft
2024-05-02;249,48;Geprueft
2024-05-03;249,47;Geprueft
2024-05-04;249,47;Geprueft
2024-05-05;249,47;Geprueft
2024-05-06;249,46;Geprueft
2024-05-07;249,46;Geprueft
2024-05-08;249,45;Geprueft
2024-05-09;249,45;Geprueft
2024-05-10;249,44;Geprueft
2024-05-11;249,44;Geprueft
2024-05-12;249,44;Geprueft
2024-05-13;249,44;Geprueft
2024-05-14;249,43;Geprueft
2024-05-15;249,43;Geprueft
2024-05-16;249,42;Geprueft
2024-05-17;249,42;Geprueft
2024-05-18;249,41;Geprueft
2024-05-19;249,41;Geprueft
2024-05-20;249,41;Geprueft
2024-05-21;249,41;Geprueft
2024-05-22;249,43;Geprueft
2024-05-23;249,44;Geprueft
2024-05-24;249,44;Geprueft
2024-05-25;249,44;Geprueft
2024-05-26;249,44;Geprueft
2024-05-27;249,44;Geprueft
2024-05-28;249,44;Geprueft
2024-05-29;249,45;Geprueft
2024-05-30;249,46;Geprueft
2024-05-31;249,46;Geprueft
2024-06-01;249,46;Rohdaten
2024-06-02;249,46;Rohdaten
2024-06-03;249,47;Rohdaten
2024-06-04;249,48;Rohdaten
2024-06-05;249,48;Rohdaten
2024-06-06;249,48;Rohdaten
2024-06-07;249,48;Rohdaten
2024-06-08;249,48;Rohdaten
2024-06-09;249,49;Rohdaten
2024-06-10;249,49;Rohdaten
2024-06-11;249,48;Rohdaten
2024-06-12;249,48;Rohdaten
2024-06-13;249,48;Rohdaten
2024-06-14;249,48;Rohdaten
2024-06-15;249,48;Rohdaten
2024-06-16;249,48;Rohdaten
2024-06-17;249,47;Rohdaten
2024-06-18;249,47;Rohdaten
2024-06-19;249,46;Rohdaten
2024-06-20;249,46;Rohdaten
2024-06-21;249,46;Rohdaten
2024-06-22;249,45;Rohdaten
2024-06-23;249,44;Rohdaten
2024-06-24;249,44;Rohdaten
2024-06-25;249,44;Rohdaten
2024-06-26;249,43;Rohdaten
2024-06-27;249,43;Rohdaten
2024-06-28;249,42;Rohdaten
2024-06-29;249,42;Rohdaten
2024-06-30;249,41;Rohdaten
2024-07-01;249,41;Rohdaten
2024-07-02;249,41;Rohdaten
2024-07-03;249,40;Rohdaten
2024-07-04;249,40;Rohdaten
2024-07-05;249,40;Rohdaten
2024-07-06;249,39;Rohdaten
2024-07-07;249,39;Rohdaten
2024-07-08;249,38;Rohdaten
2024-07-09;249,38;Rohdaten
2024-07-10;249,37;Rohdaten
2024-07-11;249,37;Rohdaten
2024-07-12;249,37;Rohdaten
2024-07-13;249,36;Rohdaten
2024-07-14;249,36;Rohdaten
2024-07-15;249,35;Rohdaten
2024-07-16;249,35;Rohdaten
2024-07-17;249,34;Rohdaten
2024-07-18;249,34;Rohdaten
2024-07-19;249,34;Rohdaten
2024-07-20;249,34;Rohdaten
2024-07-21;249,33;Rohdaten
2024-07-22;249,33;Rohdaten
2024-07-23;249,33;Rohdaten
2024-07-24;249,32;Rohdaten
2024-07-25;249,32;Rohdaten
2024-07-26;249,32;Rohdaten
2024-07-27;249,31;Rohdaten
2024-07-28;249,30;Rohdaten
2024-07-29;249,30;Rohdaten
2024-07-30;249,30;Rohdaten
2024-07-31;249,29;Rohdaten
2024-08-01;249,29;Rohdaten
2024-08-02;249,28;Rohdaten
2024-08-03;249,28;Rohdaten
2024-08-04;249,27;Rohdaten
2024-08-05;249,27;Rohdaten
2024-08-06;249,26;Rohdaten
2024-08-07;249,26;Rohdaten
2024-08-08;249,26;Rohdaten
2024-08-09;249,25;Rohdaten
2024-08-10;249,25;Rohdaten
2024-08-11;249,24;Rohdaten
2024-08-12;249,24;Rohdaten
2024-08-13;249,23;Rohdaten
2024-08-14;249,23;Rohdaten
2024-08-15;249,22;Rohdaten
2024-08-16;249,22;Rohdaten
2024-08-17;249,21;Rohdaten
2024-08-18;249,21;Rohdaten
2024-08-19;249,20;Rohdaten
2024-08-20;249,20;Rohdaten
2024-08-21;249,20;Rohdaten
2024-08-22;249,19;Rohdaten
2024-08-23;249,19;Rohdaten
2024-08-24;249,19;Rohdaten
2024-08-25;249,18;Rohdaten
2024-08-26;249,18;Rohdaten
2024-08-27;249,17;Rohdaten
2024-08-28;249,17;Rohdaten
2024-08-29;249,16;Rohdaten
2024-08-30;249,16;Rohdaten
2024-08-31;249,15;Rohdaten
2024-09-01;249,15;Rohdaten
2024-09-02;249,15;Rohdaten
2024-09-03;249,14;Rohdaten
2024-09-04;249,14;Rohdaten
2024-09-05;249,14;Rohdaten
2024-09-06;249,13;Rohdaten
2024-09-07;249,13;Rohdaten
2024-09-08;249,12;Rohdaten
2024-09-09;249,12;Rohdaten
2024-09-10;249,11;Rohdaten
2024-09-11;249,11;Rohdaten
2024-09-12;249,10;Rohdaten
2024-09-13;249,09;Rohdaten
2024-09-14;249,09;Rohdaten
2024-09-15;249,09;Rohdaten
2024-09-16;249,08;Rohdaten
2024-09-17;249,08;Rohdaten
2024-09-18;249,07;Rohdaten
2024-09-19;249,07;Rohdaten
2024-09-20;249,06;Rohdaten
2024-09-21;249,06;Rohdaten
2024-09-22;249,06;Rohdaten
2024-09-23;249,05;Rohdaten
2024-09-24;249,05;Rohdaten
2024-09-25;249,04;Rohdaten
2024-09-26;249,04;Rohdaten
2024-09-27;249,04;Rohdaten
