﻿Quelle:;"Bayerisches Landesamt für Umwelt, www.gkd.bayern.de"
Datenbankabfrage:;"08.10.2024 21:51"
Zeitbezug:;MEZ
Messstellen-Name:;"Dietendorf 15"
Messstellen-Nr.:;5176
Ostwert:;625472;Nordwert:;5524221;"ETRS89 / UTM Zone 32N"

Datum;"Grundwasserstand [m ü. NN]";Prüfstatus
2024-01-01;295,92;Geprueft
2024-01-02;295,94;Geprueft
2024-01-03;296,02;Geprueft
2024-01-04;296,08;Geprueft
2024-01-05;296,11;Geprueft
2024-01-06;296,12;Geprueft
2024-01-07;296,10;Geprueft
2024-01-08;296,08;Geprueft
2024-01-09;296,06;Geprueft
2024-01-10;296,05;Geprueft
2024-01-11;296,04;Geprueft
2024-01-12;296,03;Geprueft
2024-01-13;296,04;Geprueft
2024-01-14;296,06;Geprueft
2024-01-15;296,08;Geprueft
2024-01-16;296,07;Geprueft
2024-01-17;296,09;Geprueft
2024-01-18;296,11;Geprueft
2024-01-19;296,05;Geprueft
2024-01-20;296,01;Geprueft
2024-01-21;296,00;Geprueft
2024-01-22;296,01;Geprueft
2024-01-23;296,00;Geprueft
2024-01-24;296,03;Geprueft
2024-01-25;296,05;Geprueft
2024-01-26;296,06;Geprueft
2024-01-27;296,05;Geprueft
2024-01-28;296,05;Geprueft
2024-01-29;296,06;Geprueft
2024-01-30;296,06;Geprueft
2024-01-31;296,06;Geprueft
2024-02-01;296,07;Geprueft
2024-02-02;296,06;Geprueft
2024-02-03;296,07;Geprueft
2024-02-04;296,07;Geprueft
2024-02-05;296,08;Geprueft
2024-02-06;296,09;Geprueft
2024-02-07;296,12;Geprueft
2024-02-08;296,16;Geprueft
2024-02-09;296,23;Geprueft
2024-02-10;296,31;Geprueft
2024-02-11;296,38;Geprueft
2024-02-12;296,48;Geprueft
2024-02-13;296,64;Geprueft
2024-02-14;296,65;Geprueft
2024-02-15;296,56;Geprueft
2024-02-16;296,53;Geprueft
2024-02-17;296,43;Geprueft
2024-02-18;296,30;Geprueft
2024-02-19;296,31;Geprueft
2024-02-20;296,31;Geprueft
2024-02-21;296,31;Geprueft
2024-02-22;296,32;Geprueft
2024-02-23;296,32;Geprueft
2024-02-24;296,33;Geprueft
2024-02-25;296,32;Geprueft
2024-02-26;296,31;Geprueft
2024-02-27;296,38;Geprueft
2024-02-28;296,41;Geprueft
2024-02-29;296,39;Geprueft
2024-03-01;296,35;Geprueft
2024-03-02;296,29;Geprueft
2024-03-03;296,22;Geprueft
2024-03-04;296,30;Geprueft
2024-03-05;296,37;Geprueft
2024-03-06;296,40;Geprueft
2024-03-07;296,45;Geprueft
2024-03-08;296,35;Geprueft
2024-03-09;296,26;Geprueft
2024-03-10;296,21;Geprueft
2024-03-11;296,24;Geprueft
2024-03-12;296,38;Geprueft
2024-03-13;296,30;Geprueft
2024-03-14;296,30;Geprueft
2024-03-15;296,30;Geprueft
2024-03-16;296,29;Geprueft
2024-03-17;296,26;Geprueft
2024-03-18;296,27;Geprueft
2024-03-19;296,26;Geprueft
2024-03-20;296,25;Geprueft
2024-03-21;296,24;Geprueft
2024-03-22;296,23;Geprueft
2024-03-23;296,25;Geprueft
2024-03-24;296,26;Geprueft
2024-03-25;296,26;Geprueft
2024-03-26;296,28;Geprueft
2024-03-27;296,30;Geprueft
2024-03-28;296,30;Geprueft
2024-03-29;296,28;Geprueft
2024-03-30;296,28;Geprueft
2024-03-31;296,27;Geprueft
2024-04-01;296,27;Geprueft
2024-04-02;296,24;Geprueft
2024-04-03;296,23;Geprueft
2024-04-04;296,22;Geprueft
2024-04-05;296,21;Geprueft
2024-04-06;296,20;Geprueft
2024-04-07;296,20;Geprueft
2024-04-08;296,20;Geprueft
2024-04-09;296,20;Geprueft
2024-04-10;296,16;Geprueft
2024-04-11;296,13;Geprueft
2024-04-12;296,13;Geprueft
2024-04-13;296,13;Geprueft
2024-04-14;296,14;Geprueft
2024-04-15;296,17;Geprueft
2024-04-16;296,18;Geprueft
2024-04-17;296,18;Geprueft
2024-04-18;296,17;Geprueft
2024-04-19;296,17;Geprueft
2024-04-20;296,17;Geprueft
2024-04-21;296,16;Geprueft
2024-04-22;296,17;Geprueft
2024-04-23;296,18;Geprueft
2024-04-24;296,19;Geprueft
2024-04-25;296,21;Geprueft
2024-04-26;296,21;Geprueft
2024-04-27;296,20;Geprueft
2024-04-28;296,19;Geprueft
2024-04-29;296,17;Geprueft
2024-04-30;296,17;Geprueft
2024-05-01;296,18;Geprueft
2024-05-02;296,20;Geprueft
2024-05-03;296,19;Geprueft
2024-05-04;296,17;Geprueft
2024-05-05;296,17;Geprueft
2024-05-06;296,18;Geprueft
2024-05-07;296,16;Geprueft
2024-05-08;296,14;Geprueft
2024-05-09;296,12;Geprueft
2024-05-10;296,12;Geprueft
2024-05-11;296,11;Geprueft
2024-05-12;296,11;Geprueft
2024-05-13;296,12;Geprueft
2024-05-14;296,13;Geprueft
2024-05-15;296,13;Geprueft
2024-05-16;296,13;Geprueft
2024-05-17;296,14;Geprueft
2024-05-18;296,13;Geprueft
2024-05-19;296,12;Geprueft
2024-05-20;296,12;Geprueft
2024-05-21;296,12;Geprueft
2024-05-22;296,12;Geprueft
2024-05-23;296,10;Geprueft
2024-05-24;296,10;Geprueft
2024-05-25;296,09;Geprueft
2024-05-26;296,10;Geprueft
2024-05-27;296,10;Geprueft
2024-05-28;296,10;Geprueft
2024-05-29;296,11;Geprueft
2024-05-30;296,13;Geprueft
2024-05-31;296,13;Geprueft
2024-06-01;296,14;Rohdaten
2024-06-02;296,21;Rohdaten
2024-06-03;296,27;Rohdaten
2024-06-04;296,31;Rohdaten
2024-06-05;296,36;Rohdaten
2024-06-06;296,36;Rohdaten
2024-06-07;296,37;Rohdaten
2024-06-08;296,27;Rohdaten
2024-06-09;296,31;Rohdaten
2024-06-10;296,32;Rohdaten
2024-06-11;296,38;Rohdaten
2024-06-12;296,30;Rohdaten
2024-06-13;296,29;Rohdaten
2024-06-14;296,29;Rohdaten
2024-06-15;296,30;Rohdaten
2024-06-16;296,29;Rohdaten
2024-06-17;296,28;Rohdaten
2024-06-18;296,27;Rohdaten
2024-06-19;296,26;Rohdaten
2024-06-20;296,24;Rohdaten
2024-06-21;296,24;Rohdaten
2024-06-22;296,24;Rohdaten
2024-06-23;296,22;Rohdaten
2024-06-24;296,21;Rohdaten
2024-06-25;296,21;Rohdaten
2024-06-26;296,21;Rohdaten
2024-06-27;296,21;Rohdaten
2024-06-28;296,19;Rohdaten
2024-06-29;296,18;Rohdaten
2024-06-30;296,19;Rohdaten
2024-07-01;296,18;Rohdaten
2024-07-02;296,17;Rohdaten
2024-07-03;296,17;Rohdaten
2024-07-04;296,17;Rohdaten
2024-07-05;296,17;Rohdaten
2024-07-06;296,17;Rohdaten
2024-07-07;296,16;Rohdaten
2024-07-08;296,14;Rohdaten
2024-07-09;296,14;Rohdaten
2024-07-10;296,13;Rohdaten
2024-07-11;296,12;Rohdaten
2024-07-12;296,13;Rohdaten
2024-07-13;296,12;Rohdaten
2024-07-14;296,11;Rohdaten
2024-07-15;296,10;Rohdaten
2024-07-16;296,09;Rohdaten
2024-07-17;296,07;Rohdaten
2024-07-18;296,05;Rohdaten
2024-07-19;296,05;Rohdaten
2024-07-20;296,06;Rohdaten
2024-07-21;296,06;Rohdaten
2024-07-22;296,04;Rohdaten
2024-07-23;296,03;Rohdaten
2024-07-24;296,02;Rohdaten
2024-07-25;296,02;Rohdaten
2024-07-26;296,02;Rohdaten
2024-07-27;296,01;Rohdaten
2024-07-28;295,99;Rohdaten
2024-07-29;295,98;Rohdaten
2024-07-30;295,98;Rohdaten
2024-07-31;295,98;Rohdaten
2024-08-01;295,99;Rohdaten
2024-08-02;295,99;Rohdaten
2024-08-03;295,99;Rohdaten
2024-08-04;295,97;Rohdaten
2024-08-05;295,96;Rohdaten
2024-08-06;295,96;Rohdaten
2024-08-07;295,96;Rohdaten
2024-08-08;295,94;Rohdaten
2024-08-09;295,93;Rohdaten
2024-08-10;295,92;Rohdaten
2024-08-11;295,90;Rohdaten
2024-08-12;295,91;Rohdaten
2024-08-13;295,91;Rohdaten
2024-08-14;295,91;Rohdaten
2024-08-15;295,89;Rohdaten
2024-08-16;295,88;Rohdaten
2024-08-17;295,88;Rohdaten
2024-08-18;295,89;Rohdaten
2024-08-19;295,88;Rohdaten
2024-08-20;295,88;Rohdaten
2024-08-21;295,87;Rohdaten
2024-08-22;295,86;Rohdaten
2024-08-23;295,86;Rohdaten
2024-08-24;295,85;Rohdaten
2024-08-25;295,83;Rohdaten
2024-08-26;295,82;Rohdaten
2024-08-27;295,81;Rohdaten
2024-08-28;295,81;Rohdaten
2024-08-29;295,81;Rohdaten
2024-08-30;295,80;Rohdaten
2024-08-31;295,79;Rohdaten
2024-09-01;295,79;Rohdaten
2024-09-02;295,79;Rohdaten
2024-09-03;295,78;Rohdaten
2024-09-04;295,78;Rohdaten
2024-09-05;295,79;Rohdaten
2024-09-06;295,78;Rohdaten
2024-09-07;295,77;Rohdaten
2024-09-08;295,77;Rohdaten
2024-09-09;295,78;Rohdaten
2024-09-10;295,76;Rohdaten
2024-09-11;295,77;Rohdaten
2024-09-12;295,76;Rohdaten
2024-09-13;295,74;Rohdaten
2024-09-14;295,72;Rohdaten
2024-09-15;295,71;Rohdaten
2024-09-16;295,71;Rohdaten
2024-09-17;295,70;Rohdaten
2024-09-18;295,69;Rohdaten
2024-09-19;295,69;Rohdaten
2024-09-20;295,69;Rohdaten
2024-09-21;295,68;Rohdaten
2024-09-22;295,69;Rohdaten
2024-09-23;295,70;Rohdaten
2024-09-24;295,71;Rohdaten
2024-09-25;295,71;Rohdaten
2024-09-26;295,73;Rohdaten
2024-09-27;295,73;Rohdaten
2024-09-28;295,70;Rohdaten
2024-09-29;295,66;Rohdaten
2024-09-30;295,67;Rohdaten
