﻿Quelle:;"Bayerisches Landesamt für Umwelt, www.gkd.bayern.de"
Datenbankabfrage:;"08.10.2024 21:51"
Zeitbezug:;MEZ
Messstellen-Name:;"Birkach 14"
Messstellen-Nr.:;5178
Ostwert:;630460;Nordwert:;5522475;"ETRS89 / UTM Zone 32N"

Datum;"Grundwasserstand [m ü. NN]";Prüfstatus
2024-01-01;281,49;Geprueft
2024-01-02;281,55;Geprueft
2024-01-03;281,57;Geprueft
2024-01-04;281,52;Geprueft
2024-01-05;281,53;Geprueft
2024-01-06;281,53;Geprueft
2024-01-07;281,49;Geprueft
2024-01-08;281,46;Geprueft
2024-01-09;281,48;Geprueft
2024-01-10;281,51;Geprueft
2024-01-11;281,52;Geprueft
2024-01-12;281,54;Geprueft
2024-01-13;281,60;Geprueft
2024-01-14;281,68;Geprueft
2024-01-15;281,72;Geprueft
2024-01-16;281,66;Geprueft
2024-01-17;281,76;Geprueft
2024-01-18;281,73;Geprueft
2024-01-19;281,56;Geprueft
2024-01-20;281,52;Geprueft
2024-01-21;281,58;Geprueft
2024-01-22;281,67;Geprueft
2024-01-23;281,63;Geprueft
2024-01-24;281,67;Geprueft
2024-01-25;281,64;Geprueft
2024-01-26;281,67;Geprueft
2024-01-27;281,62;Geprueft
2024-01-28;281,66;Geprueft
2024-01-29;281,69;Geprueft
2024-01-30;281,70;Geprueft
2024-01-31;281,71;Geprueft
2024-02-01;281,75;Geprueft
2024-02-02;281,74;Geprueft
2024-02-03;281,77;Geprueft
2024-02-04;281,80;Geprueft
2024-02-05;281,81;Geprueft
2024-02-06;281,84;Geprueft
2024-02-07;281,91;Geprueft
2024-02-08;281,93;Geprueft
2024-02-09;281,97;Geprueft
2024-02-10;281,98;Geprueft
2024-02-11;281,95;Geprueft
2024-02-12;281,87;Geprueft
2024-02-13;281,79;Geprueft
2024-02-14;281,82;Geprueft
2024-02-15;281,87;Geprueft
2024-02-16;281,92;Geprueft
2024-02-17;281,85;Geprueft
2024-02-18;281,89;Geprueft
2024-02-19;281,95;Geprueft
2024-02-20;281,95;Geprueft
2024-02-21;282,02;Geprueft
2024-02-22;282,18;Geprueft
2024-02-23;282,15;Geprueft
2024-02-24;282,10;Geprueft
2024-02-25;282,09;Geprueft
2024-02-26;282,12;Geprueft
2024-02-27;282,06;Geprueft
2024-02-28;282,02;Geprueft
2024-02-29;282,09;Geprueft
2024-03-01;282,16;Geprueft
2024-03-02;282,18;Geprueft
2024-03-03;282,21;Geprueft
2024-03-04;282,15;Geprueft
2024-03-05;282,12;Geprueft
2024-03-06;282,10;Geprueft
2024-03-07;282,11;Geprueft
2024-03-08;282,19;Geprueft
2024-03-09;282,26;Geprueft
2024-03-10;282,30;Geprueft
2024-03-11;282,23;Geprueft
2024-03-12;282,15;Geprueft
2024-03-13;282,15;Geprueft
2024-03-14;282,19;Geprueft
2024-03-15;282,22;Geprueft
2024-03-16;282,19;Geprueft
2024-03-17;282,16;Geprueft
2024-03-18;282,22;Geprueft
2024-03-19;282,21;Geprueft
2024-03-20;282,21;Geprueft
2024-03-21;282,21;Geprueft
2024-03-22;282,24;Geprueft
2024-03-23;282,31;Geprueft
2024-03-24;282,31;Geprueft
2024-03-25;282,30;Geprueft
2024-03-26;282,37;Geprueft
2024-03-27;282,41;Geprueft
2024-03-28;282,34;Geprueft
2024-03-29;282,28;Geprueft
2024-03-30;282,30;Geprueft
2024-03-31;282,31;Geprueft
2024-04-01;282,31;Geprueft
2024-04-02;282,23;Geprueft
2024-04-03;282,22;Geprueft
2024-04-04;282,22;Geprueft
2024-04-05;282,21;Geprueft
2024-04-06;282,21;Geprueft
2024-04-07;282,22;Geprueft
2024-04-08;282,25;Geprueft
2024-04-09;282,25;Geprueft
2024-04-10;282,14;Geprueft
2024-04-11;282,11;Geprueft
2024-04-12;282,14;Geprueft
2024-04-13;282,19;Geprueft
2024-04-14;282,25;Geprueft
2024-04-15;282,32;Geprueft
2024-04-16;282,33;Geprueft
2024-04-17;282,29;Geprueft
2024-04-18;282,23;Rohdaten
2024-04-19;282,27;Rohdaten
2024-04-20;282,23;Rohdaten
2024-04-21;282,21;Rohdaten
2024-04-22;282,20;Rohdaten
2024-04-23;282,24;Rohdaten
2024-04-24;282,30;Rohdaten
2024-04-25;282,30;Rohdaten
2024-04-26;282,29;Rohdaten
2024-04-27;282,26;Rohdaten
2024-04-28;282,23;Rohdaten
2024-04-29;282,18;Rohdaten
2024-04-30;282,23;Rohdaten
2024-05-01;282,29;Rohdaten
2024-05-02;282,32;Rohdaten
2024-05-03;282,23;Rohdaten
2024-05-04;282,21;Rohdaten
2024-05-05;282,24;Rohdaten
2024-05-06;282,26;Rohdaten
2024-05-07;282,20;Rohdaten
2024-05-08;282,15;Rohdaten
2024-05-09;282,15;Rohdaten
2024-05-10;282,18;Rohdaten
2024-05-11;282,19;Rohdaten
2024-05-12;282,22;Rohdaten
2024-05-13;282,24;Rohdaten
2024-05-14;282,26;Rohdaten
2024-05-15;282,27;Rohdaten
2024-05-16;282,26;Rohdaten
2024-05-17;282,26;Rohdaten
2024-05-18;282,22;Rohdaten
2024-05-19;282,21;Rohdaten
2024-05-20;282,21;Rohdaten
2024-05-21;282,24;Rohdaten
2024-05-22;282,20;Rohdaten
2024-05-23;282,17;Rohdaten
2024-05-24;282,16;Rohdaten
2024-05-25;282,16;Rohdaten
2024-05-26;282,16;Rohdaten
2024-05-27;282,16;Rohdaten
2024-05-28;282,15;Rohdaten
2024-05-29;282,19;Rohdaten
2024-05-30;282,24;Rohdaten
2024-05-31;282,21;Rohdaten
2024-06-01;282,18;Rohdaten
2024-06-02;282,14;Rohdaten
2024-06-03;282,15;Rohdaten
2024-06-04;282,17;Rohdaten
2024-06-05;282,20;Rohdaten
2024-06-06;282,19;Rohdaten
2024-06-07;282,18;Rohdaten
2024-06-08;282,23;Rohdaten
2024-06-09;282,25;Rohdaten
2024-06-10;282,26;Rohdaten
2024-06-11;282,20;Rohdaten
2024-06-12;282,18;Rohdaten
2024-06-13;282,19;Rohdaten
2024-06-14;282,23;Rohdaten
2024-06-15;282,25;Rohdaten
2024-06-16;282,23;Rohdaten
2024-06-17;282,20;Rohdaten
2024-06-18;282,21;Rohdaten
2024-06-19;282,20;Rohdaten
2024-06-20;282,17;Rohdaten
2024-06-21;282,21;Rohdaten
2024-06-22;282,21;Rohdaten
2024-06-23;282,17;Rohdaten
2024-06-24;282,17;Rohdaten
2024-06-25;282,20;Rohdaten
2024-06-26;282,23;Rohdaten
2024-06-27;282,22;Rohdaten
2024-06-28;282,18;Rohdaten
2024-06-29;282,19;Rohdaten
2024-06-30;282,22;Rohdaten
2024-07-01;282,17;Rohdaten
2024-07-02;282,17;Rohdaten
2024-07-03;282,20;Rohdaten
2024-07-04;282,19;Rohdaten
2024-07-05;282,17;Rohdaten
2024-07-06;282,21;Rohdaten
2024-07-07;282,15;Rohdaten
2024-07-08;282,13;Rohdaten
2024-07-09;282,14;Rohdaten
2024-07-10;282,14;Rohdaten
2024-07-11;282,14;Rohdaten
2024-07-12;282,18;Rohdaten
2024-07-13;282,15;Rohdaten
2024-07-14;282,14;Rohdaten
2024-07-15;282,15;Rohdaten
2024-07-16;282,13;Rohdaten
2024-07-17;282,08;Rohdaten
2024-07-18;282,08;Rohdaten
2024-07-19;282,10;Rohdaten
2024-07-20;282,15;Rohdaten
2024-07-21;282,16;Rohdaten
2024-07-22;282,10;Rohdaten
2024-07-23;282,08;Rohdaten
2024-07-24;282,08;Rohdaten
2024-07-25;282,10;Rohdaten
2024-07-26;282,11;Rohdaten
2024-07-27;282,09;Rohdaten
2024-07-28;282,03;Rohdaten
2024-07-29;282,03;Rohdaten
2024-07-30;282,07;Rohdaten
2024-07-31;282,09;Rohdaten
2024-08-01;282,10;Rohdaten
2024-08-02;282,10;Rohdaten
2024-08-03;282,08;Rohdaten
2024-08-04;282,06;Rohdaten
2024-08-05;282,04;Rohdaten
2024-08-06;282,05;Rohdaten
2024-08-07;282,05;Rohdaten
2024-08-08;282,02;Rohdaten
2024-08-09;282,00;Rohdaten
2024-08-10;281,98;Rohdaten
2024-08-11;281,99;Rohdaten
2024-08-12;282,03;Rohdaten
2024-08-13;282,04;Rohdaten
2024-08-14;282,02;Rohdaten
2024-08-15;281,98;Rohdaten
2024-08-16;281,98;Rohdaten
2024-08-17;282,00;Rohdaten
2024-08-18;282,02;Rohdaten
2024-08-19;281,96;Rohdaten
2024-08-20;281,98;Rohdaten
2024-08-21;281,96;Rohdaten
2024-08-22;281,96;Rohdaten
2024-08-23;281,97;Rohdaten
2024-08-24;281,96;Rohdaten
2024-08-25;281,91;Rohdaten
2024-08-26;281,89;Rohdaten
2024-08-27;281,91;Rohdaten
2024-08-28;281,93;Rohdaten
2024-08-29;281,92;Rohdaten
2024-08-30;281,91;Rohdaten
2024-08-31;281,89;Rohdaten
2024-09-01;281,91;Rohdaten
2024-09-02;281,93;Rohdaten
