﻿Quelle:;"Bayerisches Landesamt für Umwelt, www.gkd.bayern.de"
Datenbankabfrage:;"08.10.2024 21:51"
Zeitbezug:;MEZ
Messstellen-Name:;"Klosterlangheim 19"
Messstellen-Nr.:;5180
Ostwert:;650537;Nordwert:;5553915;"ETRS89 / UTM Zone 32N"

Datum;"Grundwasserstand [m ü. NN]";Prüfstatus
2024-01-01;286,03;Geprueft
2024-01-02;286,07;Geprueft
2024-01-03;286,12;Geprueft
2024-01-04;286,10;Geprueft
2024-01-05;286,10;Geprueft
2024-01-06;286,09;Geprueft
2024-01-07;286,03;Geprueft
2024-01-08;285,98;Geprueft
2024-01-09;285,98;Geprueft
2024-01-10;286,01;Geprueft
2024-01-11;286,01;Geprueft
2024-01-12;286,01;Geprueft
2024-01-13;286,06;Geprueft
2024-01-14;286,13;Geprueft
2024-01-15;286,17;Geprueft
2024-01-16;286,12;Geprueft
2024-01-17;286,18;Geprueft
2024-01-18;286,18;Geprueft
2024-01-19;286,02;Geprueft
2024-01-20;285,96;Geprueft
2024-01-21;285,99;Geprueft
2024-01-22;286,08;Geprueft
2024-01-23;286,05;Geprueft
2024-01-24;286,09;Geprueft
2024-01-25;286,07;Geprueft
2024-01-26;286,09;Geprueft
2024-01-27;286,05;Geprueft
2024-01-28;286,06;Geprueft
2024-01-29;286,09;Geprueft
2024-01-30;286,10;Geprueft
2024-01-31;286,10;Geprueft
2024-02-01;286,13;Geprueft
2024-02-02;286,12;Geprueft
2024-02-03;286,14;Geprueft
2024-02-04;286,16;Geprueft
2024-02-05;286,17;Geprueft
2024-02-06;286,20;Geprueft
2024-02-07;286,26;Geprueft
2024-02-08;286,29;Geprueft
2024-02-09;286,35;Geprueft
2024-02-10;286,37;Geprueft
2024-02-11;286,36;Geprueft
2024-02-12;286,28;Geprueft
2024-02-13;286,19;Geprueft
2024-02-14;286,19;Geprueft
2024-02-15;286,22;Geprueft
2024-02-16;286,25;Geprueft
2024-02-17;286,19;Geprueft
2024-02-18;286,19;Geprueft
2024-02-19;286,24;Geprueft
2024-02-20;286,23;Geprueft
2024-02-21;286,28;Geprueft
2024-02-22;286,42;Geprueft
2024-02-23;286,42;Geprueft
2024-02-24;286,37;Geprueft
2024-02-25;286,34;Geprueft
2024-02-26;286,36;Geprueft
2024-02-27;286,29;Geprueft
2024-02-28;286,25;Geprueft
2024-02-29;286,28;Geprueft
2024-03-01;286,35;Geprueft
2024-03-02;286,36;Geprueft
2024-03-03;286,38;Geprueft
2024-03-04;286,33;Geprueft
2024-03-05;286,29;Geprueft
2024-03-06;286,25;Geprueft
2024-03-07;286,24;Geprueft
2024-03-08;286,29;Geprueft
2024-03-09;286,36;Geprueft
2024-03-10;286,40;Geprueft
2024-03-11;286,34;Geprueft
2024-03-12;286,26;Geprueft
2024-03-13;286,24;Geprueft
2024-03-14;286,26;Geprueft
2024-03-15;286,28;Geprueft
2024-03-16;286,25;Geprueft
2024-03-17;286,21;Geprueft
2024-03-18;286,25;Geprueft
2024-03-19;286,24;Geprueft
2024-03-20;286,23;Geprueft
2024-03-21;286,23;Geprueft
2024-03-22;286,24;Geprueft
2024-03-23;286,31;Geprueft
2024-03-24;286,31;Geprueft
2024-03-25;286,30;Geprueft
2024-03-26;286,35;Geprueft
2024-03-27;286,40;Geprueft
2024-03-28;286,35;Geprueft
2024-03-29;286,28;Geprueft
2024-03-30;286,29;Geprueft
2024-03-31;286,29;Geprueft
2024-04-01;286,30;Geprueft
2024-04-02;286,22;Geprueft
2024-04-03;286,22;Geprueft
2024-04-04;286,22;Geprueft
2024-04-05;286,21;Geprueft
2024-04-06;286,21;Geprueft
2024-04-07;286,21;Geprueft
2024-04-08;286,24;Geprueft
2024-04-09;286,24;Geprueft
2024-04-10;286,14;Geprueft
2024-04-11;286,11;Geprueft
2024-04-12;286,13;Geprueft
2024-04-13;286,17;Geprueft
2024-04-14;286,22;Geprueft
2024-04-15;286,28;Geprueft
2024-04-16;286,30;Geprueft
2024-04-17;286,26;Geprueft
2024-04-18;286,21;Geprueft
2024-04-19;286,24;Geprueft
2024-04-20;286,22;Geprueft
2024-04-21;286,19;Geprueft
2024-04-22;286,17;Geprueft
2024-04-23;286,21;Geprueft
2024-04-24;286,27;Geprueft
2024-04-25;286,28;Geprueft
2024-04-26;286,27;Geprueft
2024-04-27;286,25;Geprueft
2024-04-28;286,22;Geprueft
2024-04-29;286,17;Geprueft
2024-04-30;286,20;Geprueft
2024-05-01;286,26;Rohdaten
2024-05-02;286,29;Rohdaten
2024-05-03;286,22;Rohdaten
2024-05-04;286,18;Rohdaten
2024-05-05;286,22;Rohdaten
2024-05-06;286,23;Rohdaten
2024-05-07;286,19;Rohdaten
2024-05-08;286,14;Rohdaten
2024-05-09;286,13;Rohdaten
2024-05-10;286,15;Rohdaten
2024-05-11;286,16;Rohdaten
2024-05-12;286,18;Rohdaten
2024-05-13;286,20;Rohdaten
2024-05-14;286,22;Rohdaten
2024-05-15;286,23;Rohdaten
2024-05-16;286,23;Rohdaten
2024-05-17;286,22;Rohdaten
2024-05-18;286,19;Rohdaten
2024-05-19;286,18;Rohdaten
2024-05-20;286,17;Rohdaten
2024-05-21;286,20;Rohdaten
2024-05-22;286,19;Rohdaten
2024-05-23;286,18;Rohdaten
2024-05-24;286,18;Rohdaten
2024-05-25;286,20;Rohdaten
2024-05-26;286,22;Rohdaten
2024-05-27;286,23;Rohdaten
2024-05-28;286,23;Rohdaten
2024-05-29;286,26;Rohdaten
2024-05-30;286,31;Rohdaten
2024-05-31;286,30;Rohdaten
2024-06-01;286,28;Rohdaten
2024-06-02;286,26;Rohdaten
2024-06-03;286,29;Rohdaten
2024-06-04;286,33;Rohdaten
2024-06-05;286,35;Rohdaten
2024-06-06;286,33;Rohdaten
2024-06-07;286,32;Rohdaten
2024-06-08;286,34;Rohdaten
2024-06-09;286,36;Rohdaten
2024-06-10;286,36;Rohdaten
2024-06-11;286,31;Rohdaten
2024-06-12;286,28;Rohdaten
2024-06-13;286,29;Rohdaten
2024-06-14;286,32;Rohdaten
2024-06-15;286,35;Rohdaten
2024-06-16;286,32;Rohdaten
2024-06-17;286,30;Rohdaten
2024-06-18;286,29;Rohdaten
2024-06-19;286,29;Rohdaten
2024-06-20;286,26;Rohdaten
2024-06-21;286,30;Rohdaten
2024-06-22;286,30;Rohdaten
2024-06-23;286,26;Rohdaten
2024-06-24;286,25;Rohdaten
2024-06-25;286,28;Rohdaten
2024-06-26;286,30;Rohdaten
2024-06-27;286,30;Rohdaten
2024-06-28;286,26;Rohdaten
2024-06-29;286,26;Rohdaten
2024-06-30;286,30;Rohdaten
2024-07-01;286,26;Rohdaten
2024-07-02;286,26;Rohdaten
2024-07-03;286,28;Rohdaten
2024-07-04;286,28;Rohdaten
2024-07-05;286,26;Rohdaten
2024-07-06;286,29;Rohdaten
2024-07-07;286,25;Rohdaten
2024-07-08;286,22;Rohdaten
2024-07-09;286,23;Rohdaten
2024-07-10;286,24;Rohdaten
2024-07-11;286,23;Rohdaten
2024-07-12;286,27;Rohdaten
2024-07-13;286,26;Rohdaten
2024-07-14;286,24;Rohdaten
2024-07-15;286,24;Rohdaten
2024-07-16;286,23;Rohdaten
2024-07-17;286,19;Rohdaten
2024-07-18;286,18;Rohdaten
2024-07-19;286,20;Rohdaten
2024-07-20;286,24;Rohdaten
2024-07-21;286,25;Rohdaten
2024-07-22;286,20;Rohdaten
2024-07-23;286,18;Rohdaten
2024-07-24;286,18;Rohdaten
2024-07-25;286,19;Rohdaten
2024-07-26;286,21;Rohdaten
2024-07-27;286,20;Rohdaten
2024-07-28;286,15;Rohdaten
2024-07-29;286,14;Rohdaten
2024-07-30;286,17;Rohdaten
2024-07-31;286,20;Rohdaten
2024-08-01;286,21;Rohdaten
2024-08-02;286,21;Rohdaten
2024-08-03;286,19;Rohdaten
2024-08-04;286,18;Rohdaten
2024-08-05;286,16;Rohdaten
2024-08-06;286,17;Rohdaten
2024-08-07;286,18;Rohdaten
2024-08-08;286,15;Rohdaten
2024-08-09;286,14;Rohdaten
2024-08-10;286,13;Rohdaten
2024-08-11;286,12;Rohdaten
2024-08-12;286,16;Rohdaten
2024-08-13;286,17;Rohdaten
2024-08-14;286,16;Rohdaten
2024-08-15;286,12;Rohdaten
2024-08-16;286,12;Rohdaten
2024-08-17;286,14;Rohdaten
2024-08-18;286,16;Rohdaten
2024-08-19;286,12;Rohdaten
2024-08-20;286,13;Rohdaten
2024-08-21;286,12;Rohdaten
2024-08-22;286,12;Rohdaten
2024-08-23;286,13;Rohdaten
2024-08-24;286,13;Rohdaten
2024-08-25;286,09;Rohdaten
2024-08-26;286,06;Rohdaten
2024-08-27;286,07;Rohdaten
2024-08-28;286,10;Rohdaten
2024-08-29;286,09;Rohdaten
2024-08-30;286,09;Rohdaten
2024-08-31;286,07;Rohdaten
2024-09-01;286,09;Rohdaten
2024-09-02;286,10;Rohdaten
2024-09-03;286,09;Rohdaten
2024-09-04;286,09;Rohdaten
2024-09-05;286,11;Rohdaten
2024-09-06;286,09;Rohdaten
2024-09-07;286,08;Rohdaten
2024-09-08;286,09;Rohdaten
2024-09-09;286,12;Rohdaten
2024-09-10;286,08;Rohdaten
2024-09-11;286,10;Rohdaten
2024-09-12;286,07;Rohdaten
2024-09-13;286,03;Rohdaten
2024-09-14;286,01;Rohdaten
2024-09-15;286,01;Rohdaten
2024-09-16;286,04;Rohdaten
2024-09-17;286,03;Rohdaten
2024-09-18;286,02;Rohdaten
2024-09-19;286,03;Rohdaten
2024-09-20;286,03;Rohdaten
2024-09-21;286,04;Rohdaten
2024-09-22;286,06;Rohdaten
2024-09-23;286,08;Rohdaten
2024-09-24;286,10;Rohdaten
2024-09-25;286,08;Rohdaten
2024-09-26;286,13;Rohdaten
2024-09-27;286,10;Rohdaten
2024-09-28;286,02;Rohdaten
2024-09-29;285,95;Rohdaten
2024-09-30;286,02;Rohdaten
