﻿Quelle:;"Bayerisches Landesamt für Umwelt, www.gkd.bayern.de"
Datenbankabfrage:;"08.10.2024 21:51"
Zeitbezug:;MEZ
Messstellen-Name:;"MELKENDORF 16B"
Messstellen-Nr.:;6001
Ostwert:;672970;Nordwert:;5551942;"ETRS89 / UTM Zone 32N"

Datum;"Grundwasserstand [m ü. NN]";Prüfstatus
2024-01-01;295,78;Rohdaten
2024-01-02;295,82;Rohdaten
2024-01-03;295,98;Rohdaten
2024-01-04;296,03;Rohdaten
2024-01-05;296,03;Rohdaten
2024-01-06;295,99;Rohdaten
2024-01-07;295,93;Rohdaten
2024-01-08;295,88;Rohdaten
2024-01-09;295,85;Rohdaten
2024-01-10;295,83;Rohdaten
2024-01-11;295,80;Rohdaten
2024-01-12;295,78;Rohdaten
2024-01-13;295,79;Rohdaten
2024-01-14;295,79;Rohdaten
2024-01-15;295,78;Rohdaten
2024-01-16;295,73;Rohdaten
2024-01-17;295,77;Rohdaten
2024-01-18;295,75;Rohdaten
2024-01-19;295,69;Rohdaten
2024-01-20;295,67;Rohdaten
2024-01-21;295,68;Rohdaten
2024-01-22;295,69;Rohdaten
2024-01-23;295,68;Rohdaten
2024-01-24;295,75;Rohdaten
2024-01-25;295,77;Rohdaten
2024-01-26;295,78;Rohdaten
2024-01-27;295,77;Rohdaten
2024-01-28;295,77;Rohdaten
2024-01-29;295,76;Rohdaten
2024-01-30;295,74;Rohdaten
2024-01-31;295,73;Rohdaten
2024-02-01;295,74;Rohdaten
2024-02-02;295,74;Rohdaten
2024-02-03;295,73;Rohdaten
2024-02-04;295,73;Rohdaten
2024-02-05;295,75;Rohdaten
2024-02-06;295,76;Rohdaten
2024-02-07;295,77;Rohdaten
2024-02-08;295,82;Rohdaten
2024-02-09;295,95;Rohdaten
2024-02-10;296,01;Rohdaten
2024-02-11;296,00;Rohdaten
2024-02-12;295,99;Rohdaten
2024-02-13;295,96;Rohdaten
2024-02-14;295,94;Rohdaten
2024-02-15;295,94;Rohdaten
2024-02-16;295,93;Rohdaten
2024-02-17;295,90;Rohdaten
2024-02-18;295,90;Rohdaten
2024-02-19;295,90;Rohdaten
2024-02-20;295,90;Rohdaten
2024-02-21;295,90;Rohdaten
2024-02-22;295,93;Rohdaten
2024-02-23;295,93;Rohdaten
2024-02-24;295,90;Rohdaten
2024-02-25;295,88;Rohdaten
2024-02-26;295,86;Rohdaten
2024-02-27;295,82;Rohdaten
2024-02-28;295,79;Rohdaten
2024-02-29;295,80;Rohdaten
2024-03-01;295,80;Rohdaten
2024-03-02;295,78;Rohdaten
2024-03-03;295,77;Rohdaten
2024-03-04;295,74;Rohdaten
2024-03-05;295,71;Rohdaten
2024-03-06;295,69;Rohdaten
2024-03-07;295,69;Rohdaten
2024-03-08;295,70;Rohdaten
2024-03-09;295,71;Rohdaten
2024-03-10;295,70;Rohdaten
2024-03-11;295,65;Rohdaten
2024-03-12;295,62;Rohdaten
2024-03-13;295,62;Rohdaten
2024-03-14;295,63;Rohdaten
2024-03-15;295,62;Rohdaten
2024-03-16;295,60;Rohdaten
2024-03-17;295,59;Rohdaten
2024-03-18;295,60;Rohdaten
2024-03-19;295,58;Rohdaten
2024-03-20;295,57;Rohdaten
2024-03-21;295,56;Rohdaten
2024-03-22;295,57;Rohdaten
2024-03-23;295,59;Rohdaten
2024-03-24;295,58;Rohdaten
2024-03-25;295,56;Rohdaten
2024-03-26;295,58;Rohdaten
2024-03-27;295,58;Rohdaten
2024-03-28;295,55;Rohdaten
2024-03-29;295,53;Rohdaten
2024-03-30;295,54;Rohdaten
2024-03-31;295,53;Rohdaten
2024-04-01;295,53;Rohdaten
2024-04-02;295,50;Rohdaten
2024-04-03;295,51;Rohdaten
2024-04-04;295,51;Rohdaten
2024-04-05;295,54;Rohdaten
2024-04-06;295,55;Rohdaten
2024-04-07;295,54;Rohdaten
2024-04-08;295,55;Rohdaten
2024-04-09;295,53;Rohdaten
2024-04-10;295,48;Rohdaten
2024-04-11;295,49;Rohdaten
2024-04-12;295,49;Rohdaten
2024-04-13;295,49;Rohdaten
2024-04-14;295,50;Rohdaten
2024-04-15;295,52;Rohdaten
2024-04-16;295,51;Rohdaten
2024-04-17;295,48;Rohdaten
2024-04-18;295,49;Rohdaten
2024-04-19;295,52;Rohdaten
2024-04-20;295,54;Rohdaten
2024-04-21;295,60;Rohdaten
2024-04-22;295,63;Rohdaten
2024-04-23;295,63;Rohdaten
2024-04-24;295,63;Rohdaten
2024-04-25;295,61;Rohdaten
2024-04-26;295,59;Rohdaten
2024-04-27;295,57;Rohdaten
2024-04-28;295,55;Rohdaten
2024-04-29;295,53;Rohdaten
2024-04-30;295,54;Rohdaten
2024-05-01;295,55;Rohdaten
2024-05-02;295,54;Rohdaten
2024-05-03;295,50;Rohdaten
2024-05-04;295,49;Rohdaten
2024-05-05;295,50;Rohdaten
2024-05-06;295,50;Rohdaten
2024-05-07;295,49;Rohdaten
2024-05-08;295,48;Rohdaten
2024-05-09;295,47;Rohdaten
2024-05-10;295,47;Rohdaten
2024-05-11;295,47;Rohdaten
2024-05-12;295,46;Rohdaten
2024-05-13;295,46;Rohdaten
2024-05-14;295,46;Rohdaten
2024-05-15;295,45;Rohdaten
2024-05-16;295,44;Rohdaten
2024-05-17;295,44;Rohdaten
2024-05-18;295,43;Rohdaten
2024-05-19;295,43;Rohdaten
2024-05-20;295,43;Rohdaten
2024-05-21;295,44;Rohdaten
2024-05-22;295,51;Rohdaten
2024-05-23;295,54;Rohdaten
2024-05-24;295,52;Rohdaten
2024-05-25;295,50;Rohdaten
2024-05-26;295,49;Rohdaten
2024-05-27;295,48;Rohdaten
2024-05-28;295,47;Rohdaten
2024-05-29;295,49;Rohdaten
2024-05-30;295,51;Rohdaten
2024-05-31;295,50;Rohdaten
2024-06-01;295,52;Rohdaten
2024-06-02;295,74;Rohdaten
2024-06-03;295,85;Rohdaten
2024-06-04;295,81;Rohdaten
2024-06-05;295,76;Rohdaten
2024-06-06;295,72;Rohdaten
2024-06-07;295,70;Rohdaten
2024-06-08;295,69;Rohdaten
2024-06-09;295,67;Rohdaten
2024-06-10;295,65;Rohdaten
2024-06-11;295,61;Rohdaten
2024-06-12;295,60;Rohdaten
2024-06-13;295,59;Rohdaten
2024-06-14;295,59;Rohdaten
2024-06-15;295,59;Rohdaten
2024-06-16;295,57;Rohdaten
2024-06-17;295,55;Rohdaten
2024-06-18;295,55;Rohdaten
2024-06-19;295,54;Rohdaten
2024-06-20;295,53;Rohdaten
2024-06-21;295,54;Rohdaten
2024-06-22;295,53;Rohdaten
2024-06-23;295,52;Rohdaten
2024-06-24;295,51;Rohdaten
2024-06-25;295,52;Rohdaten
2024-06-26;295,52;Rohdaten
2024-06-27;295,51;Rohdaten
2024-06-28;295,54;Rohdaten
2024-06-29;295,55;Rohdaten
2024-06-30;295,54;Rohdaten
2024-07-01;295,54;Rohdaten
2024-07-02;295,54;Rohdaten
2024-07-03;295,54;Rohdaten
2024-07-11;295,51;Rohdaten
2024-07-12;295,52;Rohdaten
2024-07-13;295,50;Rohdaten
2024-07-14;295,49;Rohdaten
2024-07-15;295,48;Rohdaten
2024-07-16;295,46;Rohdaten
2024-07-17;295,44;Rohdaten
2024-07-18;295,44;Rohdaten
2024-07-19;295,44;Rohdaten
2024-07-20;295,45;Rohdaten
2024-07-21;295,46;Rohdaten
2024-07-22;295,48;Rohdaten
2024-07-23;295,47;Rohdaten
2024-07-24;295,46;Rohdaten
2024-07-25;295,46;Rohdaten
2024-07-26;295,45;Rohdaten
2024-07-27;295,44;Rohdaten
2024-07-28;295,44;Rohdaten
2024-07-29;295,45;Rohdaten
2024-07-30;295,45;Rohdaten
2024-07-31;295,45;Rohdaten
2024-08-01;295,44;Rohdaten
2024-08-02;295,45;Rohdaten
2024-08-03;295,44;Rohdaten
2024-08-04;295,49;Rohdaten
2024-08-05;295,52;Rohdaten
2024-08-06;295,52;Rohdaten
2024-08-07;295,50;Rohdaten
2024-08-08;295,48;Rohdaten
2024-08-09;295,47;Rohdaten
2024-08-10;295,45;Rohdaten
2024-08-11;295,44;Rohdaten
2024-08-12;295,45;Rohdaten
2024-08-13;295,44;Rohdaten
2024-08-14;295,42;Rohdaten
2024-08-15;295,40;Rohdaten
2024-08-16;295,40;Rohdaten
2024-08-17;295,41;Rohdaten
2024-08-18;295,41;Rohdaten
2024-08-19;295,39;Rohdaten
2024-08-20;295,40;Rohdaten
2024-08-21;295,38;Rohdaten
2024-08-22;295,38;Rohdaten
2024-08-23;295,37;Rohdaten
2024-08-24;295,37;Rohdaten
2024-08-25;295,34;Rohdaten
2024-08-26;295,34;Rohdaten
2024-08-27;295,34;Rohdaten
2024-08-28;295,34;Rohdaten
2024-08-29;295,33;Rohdaten
2024-08-30;295,32;Rohdaten
2024-08-31;295,31;Rohdaten
2024-09-01;295,32;Rohdaten
2024-09-02;295,31;Rohdaten
2024-09-03;295,30;Rohdaten
2024-09-04;295,30;Rohdaten
2024-09-05;295,30;Rohdaten
2024-09-06;295,28;Rohdaten
2024-09-07;295,27;Rohdaten
2024-09-08;295,28;Rohdaten
2024-09-09;295,33;Rohdaten
2024-09-10;295,33;Rohdaten
2024-09-11;295,34;Rohdaten
2024-09-12;295,31;Rohdaten
2024-09-13;295,29;Rohdaten
2024-09-14;295,26;Rohdaten
2024-09-15;295,27;Rohdaten
2024-09-16;295,27;Rohdaten
2024-09-17;295,25;Rohdaten
2024-09-18;295,25;Rohdaten
2024-09-19;295,25;Rohdaten
2024-09-20;295,24;Rohdaten
2024-09-21;295,24;Rohdaten
2024-09-22;295,25;Rohdaten
2024-09-23;295,25;Rohdaten
2024-09-25;295,28;Rohdaten
2024-09-26;295,32;Rohdaten
2024-09-27;295,31;Rohdaten
2024-09-28;295,27;Rohdaten
2024-09-29;295,25;Rohdaten
2024-09-30;295,28;Rohdaten
