﻿Quelle:;"Bayerisches Landesamt für Umwelt, www.gkd.bayern.de"
Datenbankabfrage:;"08.10.2024 21:51"
Zeitbezug:;MEZ
Messstellen-Name:;"WEISSENSTADT 12A"
Messstellen-Nr.:;6004
Ostwert:;706846;Nordwert:;5553441;"ETRS89 / UTM Zone 32N"

Datum;"Grundwasserstand [m ü. NN]";Prüfstatus
2024-01-01;605,79;Rohdaten
2024-01-02;606,00;Rohdaten
2024-01-03;606,39;Rohdaten
2024-01-04;606,46;Rohdaten
2024-01-05;606,29;Rohdaten
2024-01-06;606,14;Rohdaten
2024-01-07;606,04;Rohdaten
2024-01-08;605,96;Rohdaten
2024-01-09;605,89;Rohdaten
2024-01-10;605,83;Rohdaten
2024-01-11;605,77;Rohdaten
2024-01-12;605,72;Rohdaten
2024-01-13;605,70;Rohdaten
2024-01-14;605,67;Rohdaten
2024-01-15;605,65;Rohdaten
2024-01-16;605,61;Rohdaten
2024-01-17;605,61;Rohdaten
2024-01-18;605,70;Rohdaten
2024-01-19;605,66;Rohdaten
2024-01-20;605,62;Rohdaten
2024-01-21;605,60;Rohdaten
2024-01-22;605,61;Rohdaten
2024-01-23;605,68;Rohdaten
2024-01-24;605,74;Rohdaten
2024-01-25;605,76;Rohdaten
2024-01-26;605,76;Rohdaten
2024-01-27;605,79;Rohdaten
2024-01-28;605,75;Rohdaten
2024-01-29;605,71;Rohdaten
2024-01-30;605,67;Rohdaten
2024-01-31;605,65;Rohdaten
2024-02-01;605,65;Rohdaten
2024-02-02;605,64;Rohdaten
2024-02-03;605,63;Rohdaten
2024-02-04;605,72;Rohdaten
2024-02-05;605,89;Rohdaten
2024-02-06;605,89;Rohdaten
2024-02-07;605,92;Rohdaten
2024-02-08;606,18;Rohdaten
2024-02-09;606,34;Rohdaten
2024-02-10;606,22;Rohdaten
2024-02-11;606,13;Rohdaten
2024-02-12;606,10;Rohdaten
2024-02-13;606,10;Rohdaten
2024-02-14;606,04;Rohdaten
2024-02-15;606,00;Rohdaten
2024-02-16;605,95;Rohdaten
2024-02-17;605,91;Rohdaten
2024-02-18;605,88;Rohdaten
2024-02-19;605,90;Rohdaten
2024-02-20;605,91;Rohdaten
2024-02-21;605,89;Rohdaten
2024-02-22;605,98;Rohdaten
2024-02-23;606,08;Rohdaten
2024-02-24;606,00;Rohdaten
2024-02-25;605,95;Rohdaten
2024-02-26;605,89;Rohdaten
2024-02-27;605,83;Rohdaten
2024-02-28;605,79;Rohdaten
2024-02-29;605,76;Rohdaten
2024-03-01;605,74;Rohdaten
2024-03-02;605,72;Rohdaten
2024-03-03;605,70;Rohdaten
2024-03-04;605,67;Rohdaten
2024-03-05;605,63;Rohdaten
2024-03-06;605,60;Rohdaten
2024-03-07;605,58;Rohdaten
2024-03-08;605,56;Rohdaten
2024-03-09;605,55;Rohdaten
2024-03-10;605,54;Rohdaten
2024-03-11;605,52;Rohdaten
2024-03-12;605,50;Rohdaten
2024-03-13;605,49;Rohdaten
2024-03-14;605,48;Rohdaten
2024-03-15;605,47;Rohdaten
2024-03-16;605,47;Rohdaten
2024-03-17;605,48;Rohdaten
2024-03-18;605,47;Rohdaten
2024-03-19;605,45;Rohdaten
2024-03-20;605,44;Rohdaten
2024-03-21;605,45;Rohdaten
2024-03-22;605,50;Rohdaten
2024-03-23;605,50;Rohdaten
2024-03-24;605,50;Rohdaten
2024-03-25;605,54;Rohdaten
2024-03-26;605,54;Rohdaten
2024-03-28;605,47;Rohdaten
2024-03-29;605,46;Rohdaten
2024-03-30;605,45;Rohdaten
2024-03-31;605,44;Rohdaten
2024-04-01;605,42;Rohdaten
2024-04-02;605,43;Rohdaten
2024-04-03;605,43;Rohdaten
2024-04-04;605,47;Rohdaten
2024-04-05;605,56;Rohdaten
2024-04-06;605,54;Rohdaten
2024-04-07;605,51;Rohdaten
2024-04-08;605,48;Rohdaten
2024-04-09;605,44;Rohdaten
2024-04-10;605,41;Rohdaten
2024-04-11;605,39;Rohdaten
2024-04-12;605,37;Rohdaten
2024-04-13;605,35;Rohdaten
2024-04-14;605,33;Rohdaten
2024-04-15;605,32;Rohdaten
2024-04-16;605,33;Rohdaten
2024-04-17;605,37;Rohdaten
2024-04-18;605,37;Rohdaten
2024-04-19;605,37;Rohdaten
2024-04-20;605,46;Rohdaten
2024-04-21;605,52;Rohdaten
2024-04-22;605,57;Rohdaten
2024-04-23;605,62;Rohdaten
2024-04-24;605,61;Rohdaten
2024-04-25;605,57;Rohdaten
2024-04-26;605,54;Rohdaten
2024-04-27;605,50;Rohdaten
2024-04-28;605,46;Rohdaten
2024-04-29;605,43;Rohdaten
2024-04-30;605,40;Rohdaten
2024-05-01;605,37;Rohdaten
2024-05-02;605,35;Rohdaten
2024-05-03;605,32;Rohdaten
2024-05-04;605,31;Rohdaten
2024-05-05;605,31;Rohdaten
2024-05-06;605,32;Rohdaten
2024-05-07;605,40;Rohdaten
2024-05-08;605,44;Rohdaten
2024-05-09;605,42;Rohdaten
2024-05-10;605,39;Rohdaten
2024-05-11;605,36;Rohdaten
2024-05-12;605,33;Rohdaten
2024-05-13;605,30;Rohdaten
2024-05-14;605,28;Rohdaten
2024-05-15;605,26;Rohdaten
2024-05-16;605,24;Rohdaten
2024-05-17;605,23;Rohdaten
2024-05-18;605,22;Rohdaten
2024-05-19;605,22;Rohdaten
2024-05-20;605,22;Rohdaten
2024-05-21;605,21;Rohdaten
2024-05-22;605,37;Rohdaten
2024-05-23;605,46;Rohdaten
2024-05-24;605,44;Rohdaten
2024-05-25;605,41;Rohdaten
2024-05-26;605,43;Rohdaten
2024-05-27;605,39;Rohdaten
2024-05-28;605,37;Rohdaten
2024-05-29;605,36;Rohdaten
2024-05-30;605,38;Rohdaten
2024-05-31;605,43;Rohdaten
2024-06-01;605,49;Rohdaten
2024-06-02;605,71;Rohdaten
2024-06-03;605,73;Rohdaten
2024-06-04;605,66;Rohdaten
2024-06-05;605,61;Rohdaten
2024-06-06;605,52;Rohdaten
2024-06-07;605,46;Rohdaten
2024-06-08;605,41;Rohdaten
2024-06-09;605,37;Rohdaten
2024-06-10;605,33;Rohdaten
2024-06-11;605,29;Rohdaten
2024-06-12;605,26;Rohdaten
2024-06-13;605,24;Rohdaten
2024-06-14;605,22;Rohdaten
2024-06-15;605,22;Rohdaten
2024-06-16;605,20;Rohdaten
2024-06-17;605,19;Rohdaten
2024-06-18;605,17;Rohdaten
2024-06-19;605,17;Rohdaten
2024-06-20;605,16;Rohdaten
2024-06-21;605,16;Rohdaten
2024-06-22;605,18;Rohdaten
2024-06-23;605,17;Rohdaten
2024-06-24;605,16;Rohdaten
2024-06-25;605,14;Rohdaten
2024-06-26;605,13;Rohdaten
2024-06-27;605,12;Rohdaten
2024-06-28;605,16;Rohdaten
2024-06-29;605,19;Rohdaten
2024-06-30;605,19;Rohdaten
2024-07-01;605,21;Rohdaten
2024-07-02;605,24;Rohdaten
2024-07-03;605,24;Rohdaten
2024-07-04;605,23;Rohdaten
2024-07-05;605,24;Rohdaten
2024-07-06;605,24;Rohdaten
2024-07-07;605,25;Rohdaten
2024-07-08;605,23;Rohdaten
2024-07-09;605,20;Rohdaten
2024-07-10;605,18;Rohdaten
2024-07-11;605,16;Rohdaten
2024-07-12;605,15;Rohdaten
2024-07-13;605,20;Rohdaten
2024-07-14;605,22;Rohdaten
2024-07-15;605,19;Rohdaten
2024-07-16;605,16;Rohdaten
2024-07-17;605,14;Rohdaten
2024-07-18;605,12;Rohdaten
2024-07-19;605,10;Rohdaten
2024-07-20;605,08;Rohdaten
2024-07-21;605,07;Rohdaten
2024-07-22;605,05;Rohdaten
2024-07-23;605,04;Rohdaten
2024-07-24;605,03;Rohdaten
2024-07-25;605,02;Rohdaten
2024-07-26;605,01;Rohdaten
2024-07-27;605,01;Rohdaten
2024-07-28;605,02;Rohdaten
2024-07-29;605,03;Rohdaten
2024-07-30;605,02;Rohdaten
2024-07-31;605,00;Rohdaten
2024-08-01;605,00;Rohdaten
2024-08-02;605,01;Rohdaten
2024-08-03;605,04;Rohdaten
2024-08-04;605,12;Rohdaten
2024-08-05;605,18;Rohdaten
2024-08-06;605,17;Rohdaten
2024-08-07;605,14;Rohdaten
2024-08-08;605,12;Rohdaten
2024-08-09;605,09;Rohdaten
2024-08-10;605,07;Rohdaten
2024-08-11;605,05;Rohdaten
2024-08-12;605,03;Rohdaten
2024-08-13;605,02;Rohdaten
2024-08-14;605,02;Rohdaten
2024-08-15;605,01;Rohdaten
2024-08-16;605,00;Rohdaten
2024-08-17;604,99;Rohdaten
2024-08-18;604,98;Rohdaten
2024-08-19;604,98;Rohdaten
2024-08-20;604,97;Rohdaten
2024-08-21;604,96;Rohdaten
2024-08-22;604,96;Rohdaten
2024-08-23;604,95;Rohdaten
2024-08-24;604,94;Rohdaten
2024-08-25;604,93;Rohdaten
2024-08-26;604,93;Rohdaten
2024-08-27;604,93;Rohdaten
2024-08-28;604,92;Rohdaten
2024-08-29;604,92;Rohdaten
2024-08-30;604,92;Rohdaten
2024-08-31;604,93;Rohdaten
2024-09-01;604,93;Rohdaten
2024-09-02;604,93;Rohdaten
2024-09-03;604,93;Rohdaten
2024-09-04;604,93;Rohdaten
2024-09-05;604,93;Rohdaten
2024-09-06;604,92;Rohdaten
2024-09-07;604,92;Rohdaten
2024-09-08;604,92;Rohdaten
2024-09-09;604,98;Rohdaten
2024-09-10;605,03;Rohdaten
2024-09-11;605,05;Rohdaten
2024-09-12;605,06;Rohdaten
2024-09-13;605,06;Rohdaten
2024-09-14;605,06;Rohdaten
2024-09-15;605,06;Rohdaten
2024-09-16;605,08;Rohdaten
2024-09-17;605,10;Rohdaten
2024-09-18;605,09;Rohdaten
2024-09-19;605,08;Rohdaten
2024-09-20;605,06;Rohdaten
2024-09-21;605,05;Rohdaten
2024-09-22;605,03;Rohdaten
2024-09-23;605,03;Rohdaten
2024-09-24;605,07;Rohdaten
2024-09-25;605,12;Rohdaten
2024-09-26;605,15;Rohdaten
2024-09-27;605,19;Rohdaten
2024-09-28;605,21;Rohdaten
2024-09-29;605,21;Rohdaten
2024-09-30;605,19;Rohdaten
