﻿Quelle:;"Bayerisches Landesamt für Umwelt, www.gkd.bayern.de"
Datenbankabfrage:;"08.10.2024 21:51"
Zeitbezug:;MEZ
Messstellen-Name:;"STADTSTEINACH 9A"
Messstellen-Nr.:;6100
Ostwert:;679310;Nordwert:;5559163;"ETRS89 / UTM Zone 32N"

Datum;"Grundwasserstand [m ü. NN]";Prüfstatus
2024-01-01;332,72;Rohdaten
2024-01-02;332,89;Rohdaten
2024-01-03;332,97;Rohdaten
2024-01-04;332,99;Rohdaten
2024-01-05;332,93;Rohdaten
2024-01-06;332,86;Rohdaten
2024-01-07;332,79;Rohdaten
2024-01-08;332,74;Rohdaten
2024-01-09;332,68;Rohdaten
2024-01-10;332,64;Rohdaten
2024-01-11;332,61;Rohdaten
2024-01-12;332,59;Rohdaten
2024-01-13;332,59;Rohdaten
2024-01-14;332,59;Rohdaten
2024-01-15;332,58;Rohdaten
2024-01-16;332,57;Rohdaten
2024-01-17;332,58;Rohdaten
2024-01-18;332,72;Rohdaten
2024-01-19;332,67;Rohdaten
2024-01-20;332,64;Rohdaten
2024-01-21;332,62;Rohdaten
2024-01-22;332,65;Rohdaten
2024-01-23;332,76;Rohdaten
2024-01-24;332,82;Rohdaten
2024-01-25;332,78;Rohdaten
2024-01-26;332,79;Rohdaten
2024-01-27;332,76;Rohdaten
2024-01-28;332,72;Rohdaten
2024-01-29;332,69;Rohdaten
2024-01-30;332,67;Rohdaten
2024-01-31;332,67;Rohdaten
2024-02-01;332,70;Rohdaten
2024-02-02;332,68;Rohdaten
2024-02-03;332,67;Rohdaten
2024-02-04;332,73;Rohdaten
2024-02-05;332,77;Rohdaten
2024-02-06;332,73;Rohdaten
2024-02-07;332,75;Rohdaten
2024-02-08;332,87;Rohdaten
2024-02-09;332,92;Rohdaten
2024-02-10;332,94;Rohdaten
2024-02-11;332,90;Rohdaten
2024-02-12;332,88;Rohdaten
2024-02-13;332,85;Rohdaten
2024-02-14;332,82;Rohdaten
2024-02-15;332,81;Rohdaten
2024-02-16;332,78;Rohdaten
2024-02-17;332,80;Rohdaten
2024-02-18;332,77;Rohdaten
2024-02-22;332,83;Rohdaten
2024-02-23;332,78;Rohdaten
2024-02-24;332,74;Rohdaten
2024-02-25;332,71;Rohdaten
2024-02-26;332,68;Rohdaten
2024-02-27;332,66;Rohdaten
2024-02-28;332,64;Rohdaten
2024-02-29;332,62;Rohdaten
2024-03-01;332,61;Rohdaten
2024-03-02;332,59;Rohdaten
2024-03-03;332,58;Rohdaten
2024-03-04;332,56;Rohdaten
2024-03-05;332,55;Rohdaten
2024-03-06;332,54;Rohdaten
2024-03-07;332,53;Rohdaten
2024-03-08;332,52;Rohdaten
2024-03-09;332,50;Rohdaten
2024-03-10;332,49;Rohdaten
2024-03-11;332,49;Rohdaten
2024-03-12;332,47;Rohdaten
2024-03-13;332,47;Rohdaten
2024-03-14;332,48;Rohdaten
2024-03-15;332,46;Rohdaten
2024-03-16;332,47;Rohdaten
2024-03-17;332,48;Rohdaten
2024-03-18;332,46;Rohdaten
2024-03-19;332,45;Rohdaten
2024-03-20;332,44;Rohdaten
2024-03-21;332,46;Rohdaten
2024-03-22;332,48;Rohdaten
2024-03-23;332,48;Rohdaten
2024-03-24;332,52;Rohdaten
2024-03-25;332,55;Rohdaten
2024-03-26;332,53;Rohdaten
2024-03-27;332,51;Rohdaten
2024-03-28;332,59;Rohdaten
2024-03-29;332,59;Rohdaten
2024-03-30;332,57;Rohdaten
2024-03-31;332,54;Rohdaten
2024-04-01;332,52;Rohdaten
2024-04-02;332,52;Rohdaten
2024-04-03;332,53;Rohdaten
2024-04-04;332,64;Rohdaten
2024-04-05;332,66;Rohdaten
2024-04-06;332,61;Rohdaten
2024-04-07;332,57;Rohdaten
2024-04-08;332,54;Rohdaten
2024-04-09;332,52;Rohdaten
2024-04-10;332,50;Rohdaten
2024-04-11;332,48;Rohdaten
2024-04-12;332,46;Rohdaten
2024-04-13;332,44;Rohdaten
2024-04-14;332,42;Rohdaten
2024-04-15;332,41;Rohdaten
2024-04-16;332,43;Rohdaten
2024-04-17;332,44;Rohdaten
2024-04-18;332,44;Rohdaten
2024-04-19;332,50;Rohdaten
2024-04-20;332,64;Rohdaten
2024-04-21;332,71;Rohdaten
2024-04-22;332,65;Rohdaten
2024-04-23;332,60;Rohdaten
2024-04-24;332,57;Rohdaten
2024-04-25;332,56;Rohdaten
2024-04-26;332,53;Rohdaten
2024-04-27;332,49;Rohdaten
2024-04-28;332,46;Rohdaten
2024-04-29;332,42;Rohdaten
2024-04-30;332,39;Rohdaten
2024-05-01;332,37;Rohdaten
2024-05-02;332,35;Rohdaten
2024-05-03;332,38;Rohdaten
2024-05-04;332,36;Rohdaten
2024-05-05;332,35;Rohdaten
2024-05-06;332,35;Rohdaten
2024-05-07;332,39;Rohdaten
2024-05-08;332,37;Rohdaten
2024-05-09;332,34;Rohdaten
2024-05-10;332,31;Rohdaten
2024-05-11;332,29;Rohdaten
2024-05-12;332,27;Rohdaten
2024-05-13;332,26;Rohdaten
2024-05-14;332,24;Rohdaten
2024-05-15;332,22;Rohdaten
2024-05-16;332,21;Rohdaten
2024-05-17;332,22;Rohdaten
2024-05-18;332,24;Rohdaten
2024-05-19;332,27;Rohdaten
2024-05-20;332,30;Rohdaten
2024-05-21;332,29;Rohdaten
2024-05-22;332,47;Rohdaten
2024-05-23;332,47;Rohdaten
2024-05-24;332,44;Rohdaten
2024-05-25;332,45;Rohdaten
2024-05-26;332,42;Rohdaten
2024-05-27;332,39;Rohdaten
2024-05-28;332,37;Rohdaten
2024-05-29;332,34;Rohdaten
2024-05-30;332,39;Rohdaten
2024-05-31;332,42;Rohdaten
2024-06-01;332,50;Rohdaten
2024-06-02;332,78;Rohdaten
2024-06-03;332,71;Rohdaten
2024-06-04;332,66;Rohdaten
2024-06-05;332,62;Rohdaten
2024-06-06;332,57;Rohdaten
2024-06-07;332,53;Rohdaten
2024-06-08;332,48;Rohdaten
2024-06-09;332,44;Rohdaten
2024-06-10;332,40;Rohdaten
2024-06-11;332,36;Rohdaten
2024-06-12;332,33;Rohdaten
2024-06-13;332,31;Rohdaten
2024-06-14;332,29;Rohdaten
2024-06-15;332,32;Rohdaten
2024-06-16;332,32;Rohdaten
2024-06-17;332,29;Rohdaten
2024-06-18;332,27;Rohdaten
2024-06-19;332,27;Rohdaten
2024-06-20;332,29;Rohdaten
2024-06-21;332,27;Rohdaten
2024-06-22;332,28;Rohdaten
2024-06-23;332,26;Rohdaten
2024-06-24;332,24;Rohdaten
2024-06-25;332,21;Rohdaten
2024-06-26;332,19;Rohdaten
2024-06-27;332,19;Rohdaten
2024-06-28;332,27;Rohdaten
2024-06-29;332,26;Rohdaten
2024-06-30;332,25;Rohdaten
2024-07-01;332,37;Rohdaten
2024-07-02;332,38;Rohdaten
2024-07-03;332,39;Rohdaten
2024-07-04;332,43;Rohdaten
2024-07-05;332,44;Rohdaten
2024-07-06;332,45;Rohdaten
2024-07-07;332,49;Rohdaten
2024-07-08;332,44;Rohdaten
2024-07-09;332,39;Rohdaten
2024-07-10;332,35;Rohdaten
2024-07-11;332,38;Rohdaten
2024-07-12;332,38;Rohdaten
2024-07-13;332,36;Rohdaten
2024-07-14;332,33;Rohdaten
2024-07-15;332,29;Rohdaten
2024-07-16;332,26;Rohdaten
2024-07-17;332,23;Rohdaten
2024-07-18;332,21;Rohdaten
2024-07-19;332,20;Rohdaten
2024-07-20;332,18;Rohdaten
2024-07-21;332,17;Rohdaten
2024-07-22;332,20;Rohdaten
2024-07-23;332,18;Rohdaten
2024-07-24;332,16;Rohdaten
2024-07-25;332,14;Rohdaten
2024-07-26;332,13;Rohdaten
2024-07-27;332,13;Rohdaten
2024-07-28;332,16;Rohdaten
2024-07-29;332,15;Rohdaten
2024-07-30;332,13;Rohdaten
2024-07-31;332,11;Rohdaten
2024-08-01;332,10;Rohdaten
2024-08-02;332,12;Rohdaten
2024-08-03;332,14;Rohdaten
2024-08-04;332,54;Rohdaten
2024-08-05;332,53;Rohdaten
2024-08-06;332,49;Rohdaten
2024-08-07;332,44;Rohdaten
2024-08-08;332,40;Rohdaten
2024-08-09;332,36;Rohdaten
2024-08-10;332,32;Rohdaten
2024-08-11;332,29;Rohdaten
2024-08-12;332,26;Rohdaten
2024-08-13;332,24;Rohdaten
2024-08-14;332,21;Rohdaten
2024-08-15;332,19;Rohdaten
2024-08-16;332,17;Rohdaten
2024-08-17;332,15;Rohdaten
2024-08-18;332,14;Rohdaten
2024-08-19;332,16;Rohdaten
2024-08-20;332,16;Rohdaten
2024-08-21;332,14;Rohdaten
2024-08-22;332,13;Rohdaten
2024-08-23;332,12;Rohdaten
2024-08-24;332,11;Rohdaten
2024-08-25;332,10;Rohdaten
2024-08-26;332,09;Rohdaten
2024-08-27;332,07;Rohdaten
2024-08-28;332,06;Rohdaten
2024-08-29;332,05;Rohdaten
2024-08-30;332,04;Rohdaten
2024-08-31;332,03;Rohdaten
2024-09-01;332,03;Rohdaten
2024-09-02;332,02;Rohdaten
2024-09-03;332,01;Rohdaten
2024-09-04;332,01;Rohdaten
2024-09-05;332,01;Rohdaten
2024-09-06;332,00;Rohdaten
2024-09-07;332,00;Rohdaten
2024-09-08;331,99;Rohdaten
2024-09-09;332,08;Rohdaten
2024-09-10;332,12;Rohdaten
2024-09-11;332,14;Rohdaten
2024-09-12;332,16;Rohdaten
2024-09-13;332,16;Rohdaten
2024-09-14;332,17;Rohdaten
2024-09-15;332,17;Rohdaten
2024-09-16;332,17;Rohdaten
2024-09-17;332,17;Rohdaten
2024-09-18;332,17;Rohdaten
2024-09-19;332,16;Rohdaten
2024-09-20;332,16;Rohdaten
2024-09-21;332,16;Rohdaten
2024-09-22;332,16;Rohdaten
2024-09-23;332,16;Rohdaten
2024-09-24;332,26;Rohdaten
2024-09-25;332,29;Rohdaten
2024-09-26;332,34;Rohdaten
2024-09-27;332,37;Rohdaten
2024-09-28;332,36;Rohdaten
2024-09-29;332,35;Rohdaten
2024-09-30;332,35;Rohdaten
