﻿Quelle:;"Bayerisches Landesamt für Umwelt, www.gkd.bayern.de"
Datenbankabfrage:;"08.10.2024 21:51"
Zeitbezug:;MEZ
Messstellen-Name:;"POELZ 19A"
Messstellen-Nr.:;6104
Ostwert:;670266;Nordwert:;5551770;"ETRS89 / UTM Zone 32N"

Datum;"Grundwasserstand [m ü. NN]";Prüfstatus
2024-01-01;289,14;Rohdaten
2024-01-02;289,21;Rohdaten
2024-01-03;289,46;Rohdaten
2024-01-04;289,57;Rohdaten
2024-01-05;289,51;Rohdaten
2024-01-06;289,39;Rohdaten
2024-01-07;289,27;Rohdaten
2024-01-08;289,19;Rohdaten
2024-01-09;289,12;Rohdaten
2024-01-10;289,08;Rohdaten
2024-01-11;289,06;Rohdaten
2024-01-12;289,04;Rohdaten
2024-01-13;289,05;Rohdaten
2024-01-14;289,04;Rohdaten
2024-01-15;289,02;Rohdaten
2024-01-16;289,00;Rohdaten
2024-01-17;289,01;Rohdaten
2024-01-18;289,04;Rohdaten
2024-01-19;289,02;Rohdaten
2024-01-20;289,02;Rohdaten
2024-01-21;289,01;Rohdaten
2024-01-22;289,01;Rohdaten
2024-01-23;289,08;Rohdaten
2024-01-24;289,14;Rohdaten
2024-01-25;289,14;Rohdaten
2024-01-26;289,13;Rohdaten
2024-01-27;289,14;Rohdaten
2024-01-28;289,11;Rohdaten
2024-01-29;289,07;Rohdaten
2024-01-30;289,04;Rohdaten
2024-01-31;289,04;Rohdaten
2024-02-01;289,04;Rohdaten
2024-02-02;289,05;Rohdaten
2024-02-03;289,04;Rohdaten
2024-02-04;289,04;Rohdaten
2024-02-05;289,02;Rohdaten
2024-02-06;289,02;Rohdaten
2024-02-07;289,02;Rohdaten
2024-02-08;289,13;Rohdaten
2024-02-09;289,33;Rohdaten
2024-02-10;289,41;Rohdaten
2024-02-11;289,34;Rohdaten
2024-02-12;289,29;Rohdaten
2024-02-13;289,25;Rohdaten
2024-02-14;289,18;Rohdaten
2024-02-15;289,18;Rohdaten
2024-02-16;289,14;Rohdaten
2024-02-17;289,15;Rohdaten
2024-02-18;289,13;Rohdaten
2024-02-19;289,12;Rohdaten
2024-02-20;289,10;Rohdaten
2024-02-21;289,08;Rohdaten
2024-02-22;289,10;Rohdaten
2024-02-23;289,12;Rohdaten
2024-02-24;289,09;Rohdaten
2024-02-25;289,07;Rohdaten
2024-02-26;288,99;Rohdaten
2024-02-27;288,91;Rohdaten
2024-02-28;288,90;Rohdaten
2024-02-29;288,90;Rohdaten
2024-03-01;288,89;Rohdaten
2024-03-02;288,90;Rohdaten
2024-03-03;288,89;Rohdaten
2024-03-04;288,87;Rohdaten
2024-03-05;288,86;Rohdaten
2024-03-06;288,85;Rohdaten
2024-03-07;288,85;Rohdaten
2024-03-08;288,86;Rohdaten
2024-03-09;288,87;Rohdaten
2024-03-10;288,87;Rohdaten
2024-03-11;288,84;Rohdaten
2024-03-12;288,83;Rohdaten
2024-03-13;288,83;Rohdaten
2024-03-14;288,83;Rohdaten
2024-03-15;288,83;Rohdaten
2024-03-16;288,84;Rohdaten
2024-03-17;288,84;Rohdaten
2024-03-18;288,83;Rohdaten
2024-03-19;288,82;Rohdaten
2024-03-20;288,83;Rohdaten
2024-03-21;288,83;Rohdaten
2024-03-22;288,83;Rohdaten
2024-03-23;288,85;Rohdaten
2024-03-24;288,85;Rohdaten
2024-03-25;288,83;Rohdaten
2024-03-26;288,83;Rohdaten
2024-03-27;288,83;Rohdaten
2024-03-28;288,83;Rohdaten
2024-03-29;288,84;Rohdaten
2024-03-30;288,85;Rohdaten
2024-03-31;288,84;Rohdaten
2024-04-01;288,84;Rohdaten
2024-04-02;288,81;Rohdaten
2024-04-03;288,82;Rohdaten
2024-04-04;288,83;Rohdaten
2024-04-05;288,86;Rohdaten
2024-04-06;288,85;Rohdaten
2024-04-07;288,85;Rohdaten
2024-04-08;288,84;Rohdaten
2024-04-09;288,82;Rohdaten
2024-04-10;288,79;Rohdaten
2024-04-11;288,78;Rohdaten
2024-04-12;288,78;Rohdaten
2024-04-13;288,80;Rohdaten
2024-04-14;288,81;Rohdaten
2024-04-15;288,80;Rohdaten
2024-04-16;288,81;Rohdaten
2024-04-17;288,80;Rohdaten
2024-04-18;288,80;Rohdaten
2024-04-19;288,82;Rohdaten
2024-04-20;288,85;Rohdaten
2024-04-21;288,93;Rohdaten
2024-04-22;288,91;Rohdaten
2024-04-23;288,88;Rohdaten
2024-04-24;288,86;Rohdaten
2024-04-25;288,84;Rohdaten
2024-04-26;288,82;Rohdaten
2024-04-27;288,81;Rohdaten
2024-04-28;288,80;Rohdaten
2024-04-29;288,79;Rohdaten
2024-04-30;288,79;Rohdaten
2024-05-01;288,80;Rohdaten
2024-05-02;288,80;Rohdaten
2024-05-03;288,79;Rohdaten
2024-05-04;288,79;Rohdaten
2024-05-05;288,80;Rohdaten
2024-05-06;288,79;Rohdaten
2024-05-07;288,79;Rohdaten
2024-05-08;288,77;Rohdaten
2024-05-09;288,78;Rohdaten
2024-05-10;288,78;Rohdaten
2024-05-11;288,78;Rohdaten
2024-05-12;288,78;Rohdaten
2024-05-13;288,77;Rohdaten
2024-05-14;288,76;Rohdaten
2024-05-15;288,76;Rohdaten
2024-05-16;288,77;Rohdaten
2024-05-17;288,78;Rohdaten
2024-05-18;288,79;Rohdaten
2024-05-19;288,79;Rohdaten
2024-05-20;288,78;Rohdaten
2024-05-21;288,78;Rohdaten
2024-05-22;288,87;Rohdaten
2024-05-23;288,85;Rohdaten
2024-05-24;288,82;Rohdaten
2024-05-25;288,82;Rohdaten
2024-05-26;288,81;Rohdaten
2024-05-27;288,79;Rohdaten
2024-05-28;288,73;Rohdaten
2024-05-29;288,67;Rohdaten
2024-05-30;288,69;Rohdaten
2024-05-31;288,68;Rohdaten
2024-06-01;288,78;Rohdaten
2024-06-02;289,09;Rohdaten
2024-06-03;289,09;Rohdaten
2024-06-04;288,98;Rohdaten
2024-06-05;288,91;Rohdaten
2024-06-06;288,85;Rohdaten
2024-06-07;288,81;Rohdaten
2024-06-08;288,80;Rohdaten
2024-06-09;288,77;Rohdaten
2024-06-10;288,75;Rohdaten
2024-06-11;288,72;Rohdaten
2024-06-12;288,71;Rohdaten
2024-06-13;288,70;Rohdaten
2024-06-14;288,70;Rohdaten
2024-06-15;288,71;Rohdaten
2024-06-16;288,70;Rohdaten
2024-06-17;288,68;Rohdaten
2024-06-18;288,66;Rohdaten
2024-06-19;288,61;Rohdaten
2024-06-20;288,62;Rohdaten
2024-06-21;288,63;Rohdaten
2024-06-22;288,63;Rohdaten
2024-06-23;288,63;Rohdaten
2024-06-24;288,61;Rohdaten
2024-06-25;288,61;Rohdaten
2024-06-26;288,62;Rohdaten
2024-06-27;288,36;Rohdaten
2024-06-28;288,93;Rohdaten
2024-06-29;288,95;Rohdaten
2024-06-30;288,97;Rohdaten
2024-07-01;288,97;Rohdaten
2024-07-02;288,96;Rohdaten
2024-07-03;288,96;Rohdaten
2024-07-04;288,96;Rohdaten
2024-07-05;288,96;Rohdaten
2024-07-06;288,99;Rohdaten
2024-07-07;289,01;Rohdaten
2024-07-08;288,98;Rohdaten
2024-07-09;288,96;Rohdaten
2024-07-10;288,96;Rohdaten
2024-07-11;288,97;Rohdaten
2024-07-12;288,97;Rohdaten
2024-07-13;288,97;Rohdaten
2024-07-14;288,96;Rohdaten
2024-07-15;288,95;Rohdaten
2024-07-16;288,94;Rohdaten
2024-07-17;288,93;Rohdaten
2024-07-18;288,92;Rohdaten
2024-07-19;288,91;Rohdaten
2024-07-20;288,92;Rohdaten
2024-07-21;288,96;Rohdaten
2024-07-22;288,99;Rohdaten
2024-07-23;288,97;Rohdaten
2024-07-24;288,96;Rohdaten
2024-07-25;288,96;Rohdaten
2024-07-26;288,95;Rohdaten
2024-07-27;288,95;Rohdaten
2024-07-28;288,95;Rohdaten
2024-07-29;288,95;Rohdaten
2024-07-30;288,93;Rohdaten
2024-07-31;288,94;Rohdaten
2024-08-01;288,96;Rohdaten
2024-08-02;288,98;Rohdaten
2024-08-03;288,98;Rohdaten
2024-08-04;289,12;Rohdaten
2024-08-05;289,07;Rohdaten
2024-08-06;289,04;Rohdaten
2024-08-07;289,01;Rohdaten
2024-08-08;289,00;Rohdaten
2024-08-09;288,98;Rohdaten
2024-08-10;288,97;Rohdaten
2024-08-11;288,97;Rohdaten
2024-08-12;288,96;Rohdaten
2024-08-13;288,96;Rohdaten
2024-08-14;288,94;Rohdaten
2024-08-15;288,94;Rohdaten
2024-08-16;288,94;Rohdaten
2024-08-17;288,94;Rohdaten
2024-08-18;288,95;Rohdaten
2024-08-19;288,94;Rohdaten
2024-08-20;288,94;Rohdaten
2024-08-21;288,93;Rohdaten
2024-08-22;288,92;Rohdaten
2024-08-23;288,92;Rohdaten
2024-08-24;288,93;Rohdaten
2024-08-25;288,92;Rohdaten
2024-08-26;288,91;Rohdaten
2024-08-27;288,90;Rohdaten
2024-08-28;288,91;Rohdaten
2024-08-29;288,89;Rohdaten
2024-08-30;288,89;Rohdaten
2024-08-31;288,90;Rohdaten
2024-09-01;288,91;Rohdaten
2024-09-02;288,90;Rohdaten
2024-09-03;288,89;Rohdaten
2024-09-04;288,89;Rohdaten
2024-09-05;288,89;Rohdaten
2024-09-06;288,87;Rohdaten
2024-09-07;288,89;Rohdaten
2024-09-08;288,89;Rohdaten
2024-09-09;288,95;Rohdaten
2024-09-10;288,94;Rohdaten
2024-09-11;288,94;Rohdaten
2024-09-12;288,95;Rohdaten
2024-09-13;288,94;Rohdaten
2024-09-14;288,94;Rohdaten
2024-09-15;288,94;Rohdaten
2024-09-16;288,94;Rohdaten
2024-09-17;288,93;Rohdaten
2024-09-18;288,92;Rohdaten
2024-09-19;288,92;Rohdaten
2024-09-20;288,92;Rohdaten
2024-09-21;288,93;Rohdaten
2024-09-22;288,93;Rohdaten
2024-09-23;288,93;Rohdaten
2024-09-24;288,95;Rohdaten
2024-09-25;288,95;Rohdaten
2024-09-26;288,97;Rohdaten
2024-09-27;288,97;Rohdaten
2024-09-28;288,95;Rohdaten
2024-09-29;288,94;Rohdaten
2024-09-30;288,95;Rohdaten
