﻿Quelle:;"Bayerisches Landesamt für Umwelt, www.gkd.bayern.de"
Datenbankabfrage:;"07.10.2024 22:01"
Zeitbezug:;MEZ
Messstellen-Name:;"BETZENSTEIN,T.BR.TB 1"
Messstellen-Nr.:;6106
Ostwert:;674471;Nordwert:;5506237;"ETRS89 / UTM Zone 32N"

Datum;"Grundwasserstand [m ü. NN]";Prüfstatus
2024-01-01;428,40;Geprueft
2024-01-02;428,43;Geprueft
2024-01-03;428,43;Geprueft
2024-01-04;428,42;Geprueft
2024-01-05;428,43;Geprueft
2024-01-06;428,43;Geprueft
2024-01-07;428,42;Geprueft
2024-01-08;428,41;Geprueft
2024-01-09;428,41;Geprueft
2024-01-10;428,43;Geprueft
2024-01-11;428,43;Geprueft
2024-01-12;428,43;Geprueft
2024-01-13;428,46;Geprueft
2024-01-14;428,48;Geprueft
2024-01-15;428,50;Geprueft
2024-01-16;428,49;Geprueft
2024-01-17;428,53;Geprueft
2024-01-18;428,52;Geprueft
2024-01-19;428,49;Geprueft
2024-01-20;428,48;Geprueft
2024-01-21;428,50;Geprueft
2024-01-22;428,53;Geprueft
2024-01-23;428,53;Geprueft
2024-01-24;428,55;Geprueft
2024-01-25;428,55;Geprueft
2024-01-26;428,56;Geprueft
2024-01-27;428,55;Geprueft
2024-01-28;428,57;Geprueft
2024-01-29;428,58;Geprueft
2024-01-30;428,60;Geprueft
2024-01-31;428,61;Geprueft
2024-02-01;428,62;Geprueft
2024-02-02;428,64;Geprueft
2024-02-03;428,65;Geprueft
2024-02-04;428,67;Geprueft
2024-02-05;428,69;Geprueft
2024-02-06;428,71;Geprueft
2024-02-07;428,74;Geprueft
2024-02-08;428,77;Geprueft
2024-02-09;428,79;Geprueft
2024-02-10;428,82;Geprueft
2024-02-11;428,82;Geprueft
2024-02-12;428,82;Geprueft
2024-02-13;428,80;Geprueft
2024-02-14;428,83;Geprueft
2024-02-15;428,84;Rohdaten
2024-02-16;428,86;Rohdaten
2024-02-17;428,85;Rohdaten
2024-02-18;428,88;Rohdaten
2024-02-19;428,89;Rohdaten
2024-02-20;428,91;Rohdaten
2024-02-21;428,95;Rohdaten
2024-02-22;429,00;Rohdaten
2024-02-23;429,01;Rohdaten
2024-02-24;429,03;Rohdaten
2024-02-25;429,05;Rohdaten
2024-02-26;429,07;Rohdaten
2024-02-27;429,07;Rohdaten
2024-02-28;429,07;Rohdaten
2024-02-29;429,11;Rohdaten
2024-03-01;429,15;Rohdaten
2024-03-02;429,17;Rohdaten
2024-03-03;429,20;Rohdaten
2024-03-04;429,21;Rohdaten
2024-03-05;429,22;Rohdaten
2024-03-06;429,23;Rohdaten
2024-03-07;429,26;Rohdaten
2024-03-08;429,30;Rohdaten
2024-03-09;429,33;Rohdaten
2024-03-10;429,37;Rohdaten
2024-03-11;429,37;Rohdaten
2024-03-12;429,38;Rohdaten
2024-03-13;429,40;Rohdaten
2024-03-14;429,43;Rohdaten
2024-03-15;429,46;Rohdaten
2024-03-16;429,47;Rohdaten
2024-03-17;429,50;Rohdaten
2024-03-18;429,53;Rohdaten
2024-03-19;429,55;Rohdaten
2024-03-20;429,57;Rohdaten
2024-03-21;429,60;Rohdaten
2024-03-22;429,63;Rohdaten
2024-03-23;429,68;Rohdaten
2024-03-24;429,71;Rohdaten
2024-03-25;429,74;Rohdaten
2024-03-26;429,78;Rohdaten
2024-03-27;429,83;Rohdaten
2024-03-28;429,84;Rohdaten
2024-03-29;429,85;Rohdaten
2024-03-30;429,89;Rohdaten
2024-03-31;429,92;Rohdaten
2024-04-01;429,94;Rohdaten
2024-04-02;429,95;Rohdaten
2024-04-03;429,98;Rohdaten
2024-04-04;430,00;Rohdaten
2024-04-05;430,02;Rohdaten
2024-04-06;430,04;Rohdaten
2024-04-07;430,07;Rohdaten
2024-04-08;430,11;Rohdaten
2024-04-09;430,13;Rohdaten
2024-04-10;430,13;Rohdaten
2024-04-11;430,15;Rohdaten
2024-04-12;430,18;Rohdaten
2024-04-13;430,22;Rohdaten
2024-04-14;430,26;Rohdaten
2024-04-15;430,31;Rohdaten
2024-04-16;430,35;Rohdaten
2024-04-17;430,37;Rohdaten
2024-04-18;430,38;Rohdaten
2024-04-19;430,42;Rohdaten
2024-04-20;430,44;Rohdaten
2024-04-21;430,47;Rohdaten
2024-04-22;430,49;Rohdaten
2024-04-23;430,52;Rohdaten
2024-04-24;430,57;Rohdaten
2024-04-25;430,59;Rohdaten
2024-04-26;430,62;Rohdaten
2024-04-27;430,64;Rohdaten
2024-04-28;430,66;Rohdaten
2024-04-29;430,67;Rohdaten
2024-04-30;430,71;Rohdaten
2024-05-01;430,76;Rohdaten
2024-05-02;430,80;Rohdaten
2024-05-03;430,80;Rohdaten
2024-05-04;430,83;Rohdaten
2024-05-05;430,86;Rohdaten
2024-05-06;430,89;Rohdaten
2024-05-07;430,90;Rohdaten
2024-05-08;430,91;Rohdaten
2024-05-09;430,93;Rohdaten
2024-05-10;430,97;Rohdaten
2024-05-11;431,00;Rohdaten
2024-05-12;431,03;Rohdaten
2024-05-13;431,06;Rohdaten
2024-05-14;431,10;Rohdaten
2024-05-15;431,13;Rohdaten
2024-05-16;431,16;Rohdaten
2024-05-17;431,19;Rohdaten
2024-05-18;431,20;Rohdaten
2024-05-19;431,23;Rohdaten
2024-05-20;431,25;Rohdaten
2024-05-21;431,29;Rohdaten
2024-05-22;431,30;Rohdaten
2024-05-23;431,31;Rohdaten
2024-05-28;431,43;Rohdaten
2024-05-29;431,47;Rohdaten
2024-05-30;431,52;Rohdaten
2024-05-31;431,54;Rohdaten
2024-06-01;431,55;Rohdaten
2024-06-02;431,56;Rohdaten
2024-06-03;431,59;Rohdaten
2024-06-04;431,61;Rohdaten
2024-06-05;431,64;Rohdaten
2024-06-06;431,66;Rohdaten
2024-06-07;431,68;Rohdaten
2024-06-08;431,72;Rohdaten
2024-06-09;431,74;Rohdaten
2024-06-10;431,77;Rohdaten
2024-06-11;431,77;Rohdaten
2024-06-12;431,79;Rohdaten
2024-06-13;431,81;Rohdaten
2024-06-14;431,85;Rohdaten
2024-06-15;431,88;Rohdaten
2024-06-16;431,90;Rohdaten
2024-06-17;431,91;Rohdaten
2024-06-18;431,93;Rohdaten
2024-06-19;431,94;Rohdaten
2024-06-20;431,96;Rohdaten
2024-06-21;431,99;Rohdaten
2024-06-22;432,01;Rohdaten
2024-06-23;432,02;Rohdaten
2024-06-24;432,05;Rohdaten
2024-06-25;432,08;Rohdaten
2024-06-26;432,10;Rohdaten
2024-06-27;432,12;Rohdaten
2024-06-28;432,13;Rohdaten
2024-06-29;432,16;Rohdaten
2024-06-30;432,19;Rohdaten
2024-07-01;432,20;Rohdaten
2024-07-02;432,22;Rohdaten
2024-07-03;432,25;Rohdaten
2024-07-04;432,27;Rohdaten
2024-07-05;432,29;Rohdaten
2024-07-06;432,32;Rohdaten
2024-07-07;432,32;Rohdaten
2024-07-08;432,33;Rohdaten
2024-07-09;432,35;Rohdaten
2024-07-10;432,37;Rohdaten
2024-07-11;432,39;Rohdaten
2024-07-12;432,42;Rohdaten
2024-07-13;432,44;Rohdaten
2024-07-14;432,46;Rohdaten
2024-07-15;432,48;Rohdaten
2024-07-16;432,49;Rohdaten
2024-07-17;432,49;Rohdaten
2024-07-18;432,51;Rohdaten
2024-07-19;432,54;Rohdaten
2024-07-20;432,57;Rohdaten
2024-07-21;432,60;Rohdaten
2024-07-22;432,59;Rohdaten
2024-07-23;432,61;Rohdaten
2024-07-24;432,63;Rohdaten
2024-07-25;432,65;Rohdaten
2024-07-26;432,68;Rohdaten
2024-07-27;432,69;Rohdaten
2024-07-28;432,68;Rohdaten
2024-07-29;432,70;Rohdaten
2024-07-30;432,73;Rohdaten
2024-07-31;432,76;Rohdaten
2024-08-01;432,78;Rohdaten
2024-08-02;432,80;Rohdaten
2024-08-03;432,81;Rohdaten
2024-08-04;432,82;Rohdaten
2024-08-05;432,83;Rohdaten
2024-08-06;432,85;Rohdaten
2024-08-07;432,85;Rohdaten
2024-08-08;432,86;Rohdaten
2024-08-09;432,87;Rohdaten
2024-08-10;432,88;Rohdaten
2024-08-11;432,89;Rohdaten
2024-08-12;432,92;Rohdaten
2024-08-13;432,95;Rohdaten
2024-08-14;432,96;Rohdaten
2024-08-15;432,96;Rohdaten
2024-08-16;432,98;Rohdaten
2024-08-17;433,00;Rohdaten
2024-08-18;433,03;Rohdaten
2024-08-19;433,03;Rohdaten
2024-08-20;433,05;Rohdaten
2024-08-21;433,05;Rohdaten
2024-08-22;433,07;Rohdaten
2024-08-23;433,09;Rohdaten
2024-08-24;433,11;Rohdaten
2024-08-25;433,10;Rohdaten
2024-08-26;433,11;Rohdaten
2024-08-27;433,13;Rohdaten
2024-08-28;433,15;Rohdaten
2024-08-29;433,16;Rohdaten
2024-08-30;433,17;Rohdaten
2024-08-31;433,18;Rohdaten
2024-09-01;433,20;Rohdaten
2024-09-02;433,22;Rohdaten
2024-09-03;433,23;Rohdaten
2024-09-04;433,24;Rohdaten
2024-09-05;433,27;Rohdaten
2024-09-06;433,28;Rohdaten
2024-09-07;433,29;Rohdaten
2024-09-08;433,31;Rohdaten
2024-09-09;433,33;Rohdaten
2024-09-10;433,33;Rohdaten
2024-09-11;433,35;Rohdaten
2024-09-12;433,35;Rohdaten
2024-09-13;433,35;Rohdaten
2024-09-14;433,35;Rohdaten
2024-09-15;433,36;Rohdaten
2024-09-16;433,39;Rohdaten
2024-09-17;433,39;Rohdaten
2024-09-18;433,39;Rohdaten
2024-09-19;433,41;Rohdaten
2024-09-20;433,42;Rohdaten
2024-09-21;433,44;Rohdaten
2024-09-22;433,46;Rohdaten
2024-09-23;433,49;Rohdaten
2024-09-24;433,51;Rohdaten
2024-09-25;433,52;Rohdaten
2024-09-26;433,55;Rohdaten
2024-09-27;433,55;Rohdaten
2024-09-28;433,52;Rohdaten
2024-09-29;433,51;Rohdaten
2024-09-30;433,55;Rohdaten
