﻿Quelle:;"Bayerisches Landesamt für Umwelt, www.gkd.bayern.de"
Datenbankabfrage:;"08.10.2024 21:51"
Zeitbezug:;MEZ
Messstellen-Name:;"NEUENPLOS 119"
Messstellen-Nr.:;6108
Ostwert:;680475;Nordwert:;5541353;"ETRS89 / UTM Zone 32N"

Datum;"Grundwasserstand [m ü. NN]";Prüfstatus
2024-01-01;318,91;Rohdaten
2024-01-02;318,93;Rohdaten
2024-01-03;318,99;Rohdaten
2024-01-04;319,09;Rohdaten
2024-01-05;319,22;Rohdaten
2024-01-06;319,30;Rohdaten
2024-01-07;319,33;Rohdaten
2024-01-08;319,32;Rohdaten
2024-01-09;319,30;Rohdaten
2024-01-10;319,29;Rohdaten
2024-01-11;319,28;Rohdaten
2024-01-12;319,25;Rohdaten
2024-01-13;319,25;Rohdaten
2024-01-14;319,26;Rohdaten
2024-01-15;319,28;Rohdaten
2024-01-16;319,26;Rohdaten
2024-01-17;319,26;Rohdaten
2024-01-18;319,27;Rohdaten
2024-01-19;319,22;Rohdaten
2024-01-20;319,16;Rohdaten
2024-01-21;319,13;Rohdaten
2024-01-22;319,13;Rohdaten
2024-01-23;319,12;Rohdaten
2024-01-24;319,13;Rohdaten
2024-01-25;319,15;Rohdaten
2024-01-26;319,18;Rohdaten
2024-01-27;319,19;Rohdaten
2024-01-28;319,20;Rohdaten
2024-01-29;319,21;Rohdaten
2024-01-30;319,22;Rohdaten
2024-01-31;319,23;Rohdaten
2024-02-01;319,24;Rohdaten
2024-02-02;319,24;Rohdaten
2024-02-03;319,25;Rohdaten
2024-02-04;319,26;Rohdaten
2024-02-05;319,27;Rohdaten
2024-02-06;319,29;Rohdaten
2024-02-07;319,32;Rohdaten
2024-02-08;319,36;Rohdaten
2024-02-09;319,43;Rohdaten
2024-02-10;319,53;Rohdaten
2024-02-11;319,59;Rohdaten
2024-02-12;319,61;Rohdaten
2024-02-13;319,62;Rohdaten
2024-02-14;319,62;Rohdaten
2024-02-15;319,62;Rohdaten
2024-02-16;319,63;Rohdaten
2024-02-17;319,62;Rohdaten
2024-02-18;319,62;Rohdaten
2024-02-19;319,63;Rohdaten
2024-02-20;319,63;Rohdaten
2024-02-21;319,65;Rohdaten
2024-02-22;319,69;Rohdaten
2024-02-23;319,71;Rohdaten
2024-02-24;319,72;Rohdaten
2024-02-25;319,72;Rohdaten
2024-02-26;319,73;Rohdaten
2024-02-27;319,71;Rohdaten
2024-02-28;319,70;Rohdaten
2024-03-12;319,48;Rohdaten
2024-03-13;319,45;Rohdaten
2024-03-14;319,42;Rohdaten
2024-03-15;319,41;Rohdaten
2024-03-16;319,38;Rohdaten
2024-03-17;319,35;Rohdaten
2024-03-18;319,33;Rohdaten
2024-03-19;319,31;Rohdaten
2024-03-20;319,29;Rohdaten
2024-03-21;319,27;Rohdaten
2024-03-22;319,25;Rohdaten
2024-03-23;319,27;Rohdaten
2024-03-24;319,27;Rohdaten
2024-03-25;319,26;Rohdaten
2024-03-26;319,27;Rohdaten
2024-03-27;319,29;Rohdaten
2024-03-28;319,28;Rohdaten
2024-03-29;319,25;Rohdaten
2024-03-30;319,22;Rohdaten
2024-03-31;319,20;Rohdaten
2024-04-01;319,19;Rohdaten
2024-04-02;319,16;Rohdaten
2024-04-03;319,13;Rohdaten
2024-04-04;319,11;Rohdaten
2024-04-05;319,09;Rohdaten
2024-04-06;319,07;Rohdaten
2024-04-07;319,06;Rohdaten
2024-04-08;319,06;Rohdaten
2024-04-09;319,06;Rohdaten
2024-04-10;319,01;Rohdaten
2024-04-11;318,98;Rohdaten
2024-04-12;318,95;Rohdaten
2024-04-13;318,95;Rohdaten
2024-04-14;318,95;Rohdaten
2024-04-15;318,98;Rohdaten
2024-04-16;319,00;Rohdaten
2024-04-17;318,99;Rohdaten
2024-04-18;318,97;Rohdaten
2024-04-19;318,97;Rohdaten
2024-04-20;318,97;Rohdaten
2024-04-21;318,96;Rohdaten
2024-04-22;318,97;Rohdaten
2024-04-23;319,01;Rohdaten
2024-04-24;319,05;Rohdaten
2024-04-25;319,09;Rohdaten
2024-04-26;319,10;Rohdaten
2024-04-27;319,10;Rohdaten
2024-04-28;319,09;Rohdaten
2024-04-29;319,06;Rohdaten
2024-04-30;319,05;Rohdaten
2024-05-01;319,06;Rohdaten
2024-05-02;319,08;Rohdaten
2024-05-03;319,06;Rohdaten
2024-05-04;319,03;Rohdaten
2024-05-05;319,02;Rohdaten
2024-05-06;319,02;Rohdaten
2024-05-07;319,00;Rohdaten
2024-05-08;318,97;Rohdaten
2024-05-09;318,94;Rohdaten
2024-05-10;318,93;Rohdaten
2024-05-11;318,92;Rohdaten
2024-05-12;318,92;Rohdaten
2024-05-13;318,92;Rohdaten
2024-05-14;318,92;Rohdaten
2024-05-15;318,91;Rohdaten
2024-05-16;318,91;Rohdaten
2024-05-17;318,91;Rohdaten
2024-05-18;318,89;Rohdaten
2024-05-19;318,87;Rohdaten
2024-05-20;318,85;Rohdaten
2024-05-21;318,85;Rohdaten
2024-05-22;318,85;Rohdaten
2024-05-23;318,84;Rohdaten
2024-05-24;318,84;Rohdaten
2024-05-25;318,84;Rohdaten
2024-05-26;318,84;Rohdaten
2024-05-27;318,84;Rohdaten
2024-05-28;318,84;Rohdaten
2024-05-29;318,85;Rohdaten
2024-05-30;318,88;Rohdaten
2024-05-31;318,89;Rohdaten
2024-06-01;318,90;Rohdaten
2024-06-02;318,95;Rohdaten
2024-06-03;319,04;Rohdaten
2024-06-04;319,12;Rohdaten
2024-06-05;319,19;Rohdaten
2024-06-06;319,24;Rohdaten
2024-06-07;319,28;Rohdaten
2024-06-08;319,31;Rohdaten
2024-06-09;319,32;Rohdaten
2024-06-10;319,32;Rohdaten
2024-06-11;319,29;Rohdaten
2024-06-12;319,25;Rohdaten
2024-06-13;319,23;Rohdaten
2024-06-14;319,21;Rohdaten
2024-06-15;319,20;Rohdaten
2024-06-16;319,19;Rohdaten
2024-06-17;319,16;Rohdaten
2024-06-18;319,13;Rohdaten
2024-06-19;319,11;Rohdaten
2024-06-20;319,08;Rohdaten
2024-06-21;319,07;Rohdaten
2024-06-22;319,06;Rohdaten
2024-06-23;319,04;Rohdaten
2024-06-24;319,02;Rohdaten
2024-06-25;319,01;Rohdaten
2024-06-26;319,00;Rohdaten
2024-06-27;318,99;Rohdaten
2024-06-28;318,98;Rohdaten
2024-06-29;318,96;Rohdaten
2024-06-30;318,96;Rohdaten
2024-07-01;318,94;Rohdaten
2024-07-02;318,93;Rohdaten
2024-07-03;318,92;Rohdaten
2024-07-04;318,91;Rohdaten
2024-07-05;318,89;Rohdaten
2024-07-06;318,89;Rohdaten
2024-07-07;318,87;Rohdaten
2024-07-08;318,84;Rohdaten
2024-07-09;318,82;Rohdaten
2024-07-10;318,81;Rohdaten
2024-07-11;318,79;Rohdaten
2024-07-12;318,79;Rohdaten
2024-07-13;318,79;Rohdaten
2024-07-14;318,77;Rohdaten
2024-07-15;318,76;Rohdaten
2024-07-16;318,74;Rohdaten
2024-07-17;318,72;Rohdaten
2024-07-18;318,70;Rohdaten
2024-07-19;318,69;Rohdaten
2024-07-20;318,69;Rohdaten
2024-07-21;318,68;Rohdaten
2024-07-22;318,67;Rohdaten
2024-07-23;318,65;Rohdaten
2024-07-24;318,63;Rohdaten
2024-07-25;318,63;Rohdaten
2024-07-26;318,62;Rohdaten
2024-07-27;318,61;Rohdaten
2024-07-28;318,60;Rohdaten
2024-07-29;318,58;Rohdaten
2024-07-30;318,58;Rohdaten
2024-07-31;318,57;Rohdaten
2024-08-01;318,57;Rohdaten
2024-08-02;318,57;Rohdaten
2024-08-03;318,56;Rohdaten
2024-08-04;318,55;Rohdaten
2024-08-05;318,55;Rohdaten
2024-08-06;318,54;Rohdaten
2024-08-07;318,54;Rohdaten
2024-08-08;318,52;Rohdaten
2024-08-09;318,51;Rohdaten
2024-08-10;318,50;Rohdaten
2024-08-11;318,48;Rohdaten
2024-08-12;318,48;Rohdaten
2024-08-13;318,48;Rohdaten
2024-08-14;318,47;Rohdaten
2024-08-15;318,45;Rohdaten
2024-08-16;318,44;Rohdaten
2024-08-17;318,44;Rohdaten
2024-08-18;318,44;Rohdaten
2024-08-19;318,43;Rohdaten
2024-08-20;318,42;Rohdaten
2024-08-21;318,42;Rohdaten
2024-08-22;318,41;Rohdaten
2024-08-23;318,40;Rohdaten
2024-08-24;318,39;Rohdaten
2024-08-25;318,37;Rohdaten
2024-08-26;318,36;Rohdaten
2024-08-27;318,35;Rohdaten
2024-08-28;318,35;Rohdaten
2024-08-29;318,34;Rohdaten
2024-08-30;318,34;Rohdaten
2024-08-31;318,33;Rohdaten
2024-09-01;318,32;Rohdaten
2024-09-02;318,32;Rohdaten
2024-09-03;318,31;Rohdaten
2024-09-04;318,31;Rohdaten
2024-09-05;318,31;Rohdaten
2024-09-06;318,30;Rohdaten
2024-09-07;318,29;Rohdaten
2024-09-08;318,29;Rohdaten
2024-09-09;318,32;Rohdaten
2024-09-10;318,31;Rohdaten
2024-09-11;318,31;Rohdaten
2024-09-12;318,30;Rohdaten
2024-09-13;318,29;Rohdaten
2024-09-14;318,28;Rohdaten
2024-09-15;318,27;Rohdaten
2024-09-16;318,28;Rohdaten
2024-09-17;318,27;Rohdaten
2024-09-18;318,26;Rohdaten
2024-09-19;318,26;Rohdaten
2024-09-20;318,26;Rohdaten
2024-09-21;318,26;Rohdaten
2024-09-22;318,26;Rohdaten
2024-09-23;318,26;Rohdaten
2024-09-24;318,27;Rohdaten
2024-09-25;318,27;Rohdaten
2024-09-26;318,29;Rohdaten
2024-09-27;318,29;Rohdaten
2024-09-28;318,28;Rohdaten
2024-09-29;318,26;Rohdaten
2024-09-30;318,26;Rohdaten
