﻿Quelle:;"Bayerisches Landesamt für Umwelt, www.gkd.bayern.de"
Datenbankabfrage:;"08.10.2024 21:51"
Zeitbezug:;MEZ
Messstellen-Name:;"BRUEDERES TR 130"
Messstellen-Nr.:;6109
Ostwert:;696236;Nordwert:;5528518;"ETRS89 / UTM Zone 32N"

Datum;"Grundwasserstand [m ü. NN]";Prüfstatus
2024-01-01;410,40;Rohdaten
2024-01-02;410,47;Rohdaten
2024-01-03;410,51;Rohdaten
2024-01-04;410,47;Rohdaten
2024-01-05;410,43;Rohdaten
2024-01-06;410,44;Rohdaten
2024-01-07;410,35;Rohdaten
2024-01-08;410,26;Rohdaten
2024-01-09;410,22;Rohdaten
2024-01-10;410,22;Rohdaten
2024-01-11;410,20;Rohdaten
2024-01-12;410,21;Rohdaten
2024-01-13;410,26;Rohdaten
2024-01-14;410,38;Rohdaten
2024-01-15;410,43;Rohdaten
2024-01-16;410,38;Rohdaten
2024-01-17;410,44;Rohdaten
2024-01-18;410,46;Rohdaten
2024-01-19;410,23;Rohdaten
2024-01-20;410,13;Rohdaten
2024-01-21;410,10;Rohdaten
2024-01-22;410,17;Rohdaten
2024-01-23;410,17;Rohdaten
2024-01-24;410,19;Rohdaten
2024-01-25;410,11;Rohdaten
2024-01-26;410,08;Rohdaten
2024-01-27;410,00;Rohdaten
2024-01-28;409,97;Rohdaten
2024-01-29;410,02;Rohdaten
2024-01-30;410,02;Rohdaten
2024-01-31;410,11;Rohdaten
2024-02-01;410,12;Rohdaten
2024-02-02;410,12;Rohdaten
2024-02-03;410,15;Rohdaten
2024-02-04;410,19;Rohdaten
2024-02-05;410,18;Rohdaten
2024-02-06;410,23;Rohdaten
2024-02-07;410,31;Rohdaten
2024-02-08;410,35;Rohdaten
2024-02-09;410,41;Rohdaten
2024-02-10;410,42;Rohdaten
2024-02-11;410,40;Rohdaten
2024-02-12;410,32;Rohdaten
2024-02-13;410,18;Rohdaten
2024-02-14;410,14;Rohdaten
2024-02-15;410,15;Rohdaten
2024-02-16;410,14;Rohdaten
2024-02-17;410,06;Rohdaten
2024-02-18;410,06;Rohdaten
2024-02-19;410,09;Rohdaten
2024-02-20;410,09;Rohdaten
2024-02-21;410,13;Rohdaten
2024-02-22;410,30;Rohdaten
2024-02-23;410,31;Rohdaten
2024-02-24;410,26;Rohdaten
2024-02-25;410,24;Rohdaten
2024-02-26;410,30;Rohdaten
2024-02-27;410,23;Rohdaten
2024-02-28;410,18;Rohdaten
2024-02-29;410,19;Rohdaten
2024-03-01;410,25;Rohdaten
2024-03-02;410,24;Rohdaten
2024-03-03;410,27;Rohdaten
2024-03-04;410,21;Rohdaten
2024-03-05;410,16;Rohdaten
2024-03-06;410,11;Rohdaten
2024-03-07;410,07;Rohdaten
2024-03-08;410,14;Rohdaten
2024-03-09;410,21;Rohdaten
2024-03-10;410,29;Rohdaten
2024-03-11;410,22;Rohdaten
2024-03-12;410,14;Rohdaten
2024-03-13;410,08;Rohdaten
2024-03-14;410,08;Rohdaten
2024-03-15;410,11;Rohdaten
2024-03-16;410,07;Rohdaten
2024-03-17;410,03;Rohdaten
2024-03-18;410,06;Rohdaten
2024-03-19;410,05;Rohdaten
2024-03-20;410,05;Rohdaten
2024-03-21;410,05;Rohdaten
2024-03-22;410,04;Rohdaten
2024-03-23;410,13;Rohdaten
2024-03-24;410,15;Rohdaten
2024-03-25;410,16;Rohdaten
2024-03-26;410,23;Rohdaten
2024-03-27;410,29;Rohdaten
2024-03-28;410,26;Rohdaten
2024-03-29;410,19;Rohdaten
2024-03-30;410,18;Rohdaten
2024-03-31;410,19;Rohdaten
2024-04-01;410,19;Rohdaten
2024-04-02;410,11;Rohdaten
2024-04-03;410,06;Rohdaten
2024-04-04;410,06;Rohdaten
2024-04-05;410,03;Rohdaten
2024-04-06;410,00;Rohdaten
2024-04-07;410,00;Rohdaten
2024-04-08;410,02;Rohdaten
2024-04-09;410,03;Rohdaten
2024-04-10;409,88;Rohdaten
2024-04-11;409,79;Rohdaten
2024-04-12;409,79;Rohdaten
2024-04-13;409,84;Rohdaten
2024-04-14;409,91;Rohdaten
2024-04-15;410,00;Rohdaten
2024-04-16;410,06;Rohdaten
2024-04-17;410,03;Rohdaten
2024-04-18;409,97;Rohdaten
2024-04-19;410,01;Rohdaten
2024-04-20;409,97;Rohdaten
2024-04-21;409,95;Rohdaten
2024-04-22;409,89;Rohdaten
2024-04-23;409,90;Rohdaten
2024-04-24;409,96;Rohdaten
2024-04-25;410,00;Rohdaten
2024-04-26;409,98;Rohdaten
2024-04-27;409,89;Rohdaten
2024-04-28;409,84;Rohdaten
2024-04-29;409,76;Rohdaten
2024-04-30;409,79;Rohdaten
2024-05-01;409,86;Rohdaten
2024-05-02;409,90;Rohdaten
2024-05-03;409,84;Rohdaten
2024-05-04;409,80;Rohdaten
2024-05-05;409,85;Rohdaten
2024-05-06;409,85;Rohdaten
2024-05-07;409,84;Rohdaten
2024-05-08;409,76;Rohdaten
2024-05-09;409,72;Rohdaten
2024-05-10;409,75;Rohdaten
2024-05-11;409,75;Rohdaten
2024-05-12;409,79;Rohdaten
2024-05-13;409,81;Rohdaten
2024-05-14;409,84;Rohdaten
2024-05-15;409,84;Rohdaten
2024-05-16;409,85;Rohdaten
2024-05-17;409,84;Rohdaten
2024-05-18;409,82;Rohdaten
2024-05-19;409,81;Rohdaten
2024-05-20;409,83;Rohdaten
2024-05-21;409,78;Rohdaten
2024-05-22;409,77;Rohdaten
2024-05-23;409,77;Rohdaten
2024-05-24;409,77;Rohdaten
2024-05-25;409,76;Rohdaten
2024-05-26;409,76;Rohdaten
2024-05-27;409,75;Rohdaten
2024-05-28;409,75;Rohdaten
2024-05-29;409,78;Rohdaten
2024-05-30;409,86;Rohdaten
2024-05-31;409,86;Rohdaten
2024-06-01;409,84;Rohdaten
2024-06-02;409,79;Rohdaten
2024-06-03;409,78;Rohdaten
2024-06-04;409,77;Rohdaten
2024-06-05;409,80;Rohdaten
2024-06-06;409,76;Rohdaten
2024-06-07;409,71;Rohdaten
2024-06-08;409,75;Rohdaten
2024-06-09;409,77;Rohdaten
2024-06-10;409,79;Rohdaten
2024-06-11;409,71;Rohdaten
2024-06-12;409,69;Rohdaten
2024-06-13;409,67;Rohdaten
2024-06-14;409,69;Rohdaten
2024-06-15;409,75;Rohdaten
2024-06-16;409,72;Rohdaten
2024-06-17;409,69;Rohdaten
2024-06-18;409,66;Rohdaten
2024-06-19;409,66;Rohdaten
2024-06-20;409,60;Rohdaten
2024-06-21;409,65;Rohdaten
2024-06-22;409,65;Rohdaten
2024-06-23;409,63;Rohdaten
2024-06-24;409,61;Rohdaten
2024-06-25;409,63;Rohdaten
2024-06-26;409,63;Rohdaten
2024-06-27;409,63;Rohdaten
2024-06-28;409,59;Rohdaten
2024-06-29;409,61;Rohdaten
2024-06-30;409,64;Rohdaten
2024-07-01;409,61;Rohdaten
2024-07-02;409,65;Rohdaten
2024-07-03;409,65;Rohdaten
2024-07-04;409,64;Rohdaten
2024-07-05;409,60;Rohdaten
2024-07-06;409,64;Rohdaten
2024-07-07;409,61;Rohdaten
2024-07-08;409,57;Rohdaten
2024-07-09;409,57;Rohdaten
2024-07-10;409,54;Rohdaten
2024-07-11;409,53;Rohdaten
2024-07-12;409,58;Rohdaten
2024-07-13;409,57;Rohdaten
2024-07-14;409,58;Rohdaten
2024-07-15;409,58;Rohdaten
2024-07-16;409,57;Rohdaten
2024-07-17;409,51;Rohdaten
2024-07-18;409,50;Rohdaten
2024-07-19;409,51;Rohdaten
2024-07-20;409,53;Rohdaten
2024-07-21;409,57;Rohdaten
2024-07-22;409,50;Rohdaten
2024-07-23;409,49;Rohdaten
2024-07-24;409,48;Rohdaten
2024-07-25;409,49;Rohdaten
2024-07-26;409,50;Rohdaten
2024-07-27;409,50;Rohdaten
2024-07-28;409,44;Rohdaten
2024-07-29;409,43;Rohdaten
2024-07-30;409,46;Rohdaten
2024-07-31;409,50;Rohdaten
2024-08-01;409,50;Rohdaten
2024-08-02;409,52;Rohdaten
2024-08-03;409,52;Rohdaten
2024-08-04;409,49;Rohdaten
2024-08-05;409,49;Rohdaten
2024-08-06;409,52;Rohdaten
2024-08-07;409,49;Rohdaten
2024-08-08;409,48;Rohdaten
2024-08-09;409,45;Rohdaten
2024-08-10;409,44;Rohdaten
2024-08-11;409,43;Rohdaten
2024-08-12;409,48;Rohdaten
2024-08-13;409,49;Rohdaten
2024-08-14;409,48;Rohdaten
2024-08-15;409,44;Rohdaten
2024-08-16;409,42;Rohdaten
2024-08-17;409,42;Rohdaten
2024-08-18;409,48;Rohdaten
2024-08-19;409,43;Rohdaten
2024-08-20;409,46;Rohdaten
2024-08-21;409,41;Rohdaten
2024-08-22;409,39;Rohdaten
2024-08-23;409,38;Rohdaten
2024-08-24;409,40;Rohdaten
2024-08-25;409,35;Rohdaten
2024-08-26;409,33;Rohdaten
2024-08-27;409,32;Rohdaten
2024-08-28;409,33;Rohdaten
2024-08-29;409,29;Rohdaten
2024-08-30;409,29;Rohdaten
2024-08-31;409,20;Rohdaten
2024-09-01;409,24;Rohdaten
2024-09-02;409,24;Rohdaten
2024-09-03;409,24;Rohdaten
2024-09-04;409,25;Rohdaten
2024-09-05;409,25;Rohdaten
2024-09-06;409,24;Rohdaten
2024-09-07;409,19;Rohdaten
2024-09-08;409,23;Rohdaten
2024-09-09;409,29;Rohdaten
2024-09-10;409,25;Rohdaten
2024-09-11;409,29;Rohdaten
2024-09-12;409,27;Rohdaten
2024-09-13;409,25;Rohdaten
2024-09-14;409,19;Rohdaten
2024-09-15;409,21;Rohdaten
2024-09-16;409,23;Rohdaten
2024-09-17;409,23;Rohdaten
2024-09-18;409,21;Rohdaten
2024-09-19;409,24;Rohdaten
2024-09-20;409,24;Rohdaten
2024-09-21;409,26;Rohdaten
2024-09-22;409,30;Rohdaten
2024-09-23;409,34;Rohdaten
2024-09-24;409,37;Rohdaten
2024-09-25;409,34;Rohdaten
2024-09-26;409,42;Rohdaten
2024-09-27;409,40;Rohdaten
2024-09-28;409,32;Rohdaten
2024-09-29;409,23;Rohdaten
2024-09-30;409,29;Rohdaten
