﻿Quelle:;"Bayerisches Landesamt für Umwelt, www.gkd.bayern.de"
Datenbankabfrage:;"08.10.2024 21:51"
Zeitbezug:;MEZ
Messstellen-Name:;"BIRK 131"
Messstellen-Nr.:;6110
Ostwert:;693946;Nordwert:;5528233;"ETRS89 / UTM Zone 32N"

Datum;"Grundwasserstand [m ü. NN]";Prüfstatus
2024-01-01;405,99;Rohdaten
2024-01-02;405,99;Rohdaten
2024-01-03;406,07;Rohdaten
2024-01-04;405,96;Rohdaten
2024-01-05;405,93;Rohdaten
2024-01-06;406,10;Rohdaten
2024-01-07;406,34;Rohdaten
2024-01-08;406,21;Rohdaten
2024-01-09;406,26;Rohdaten
2024-01-10;406,37;Rohdaten
2024-01-11;406,26;Rohdaten
2024-01-12;406,31;Rohdaten
2024-01-13;406,17;Rohdaten
2024-01-14;406,16;Rohdaten
2024-01-15;406,03;Rohdaten
2024-01-16;406,14;Rohdaten
2024-01-17;406,10;Rohdaten
2024-01-18;406,07;Rohdaten
2024-01-19;406,20;Rohdaten
2024-01-20;406,44;Rohdaten
2024-01-21;406,34;Rohdaten
2024-01-22;406,47;Rohdaten
2024-01-23;406,42;Rohdaten
2024-01-24;406,38;Rohdaten
2024-01-25;406,58;Rohdaten
2024-01-26;406,48;Rohdaten
2024-01-27;406,66;Rohdaten
2024-01-28;406,54;Rohdaten
2024-01-29;406,58;Rohdaten
2024-01-30;406,46;Rohdaten
2024-01-31;406,27;Rohdaten
2024-02-01;406,25;Rohdaten
2024-02-02;406,35;Rohdaten
2024-02-03;406,29;Rohdaten
2024-02-04;406,34;Rohdaten
2024-02-05;406,24;Rohdaten
2024-02-06;406,20;Rohdaten
2024-02-07;406,34;Rohdaten
2024-02-08;406,29;Rohdaten
2024-02-09;406,16;Rohdaten
2024-02-10;406,30;Rohdaten
2024-02-11;406,14;Rohdaten
2024-02-12;406,25;Rohdaten
2024-02-13;406,25;Rohdaten
2024-02-14;406,37;Rohdaten
2024-02-15;406,30;Rohdaten
2024-02-16;406,31;Rohdaten
2024-02-17;406,32;Rohdaten
2024-02-18;406,43;Rohdaten
2024-02-19;406,32;Rohdaten
2024-02-20;406,41;Rohdaten
2024-02-21;406,30;Rohdaten
2024-02-22;406,55;Rohdaten
2024-02-23;406,87;Rohdaten
2024-02-24;406,97;Rohdaten
2024-02-25;406,85;Rohdaten
2024-02-26;406,94;Rohdaten
2024-02-27;406,88;Rohdaten
2024-02-28;407,06;Rohdaten
2024-02-29;406,92;Rohdaten
2024-03-01;406,91;Rohdaten
2024-03-02;406,81;Rohdaten
2024-03-03;406,88;Rohdaten
2024-03-04;406,80;Rohdaten
2024-03-05;406,78;Rohdaten
2024-03-06;406,97;Rohdaten
2024-03-07;406,80;Rohdaten
2024-03-08;406,75;Rohdaten
2024-03-09;406,60;Rohdaten
2024-03-10;406,64;Rohdaten
2024-03-11;406,62;Rohdaten
2024-03-12;406,76;Rohdaten
2024-03-13;406,71;Rohdaten
2024-03-14;406,72;Rohdaten
2024-03-15;406,82;Rohdaten
2024-03-16;406,76;Rohdaten
2024-03-17;406,92;Rohdaten
2024-03-18;406,80;Rohdaten
2024-03-19;406,91;Rohdaten
2024-03-20;406,84;Rohdaten
2024-03-21;406,84;Rohdaten
2024-03-22;406,78;Rohdaten
2024-03-23;406,85;Rohdaten
2024-03-24;406,71;Rohdaten
2024-03-25;406,80;Rohdaten
2024-03-26;406,65;Rohdaten
2024-03-27;406,72;Rohdaten
2024-03-28;406,66;Rohdaten
2024-03-29;406,82;Rohdaten
2024-03-30;406,69;Rohdaten
2024-03-31;406,80;Rohdaten
2024-04-01;406,67;Rohdaten
2024-04-02;406,81;Rohdaten
2024-04-03;406,74;Rohdaten
2024-04-04;406,76;Rohdaten
2024-04-05;406,90;Rohdaten
2024-04-06;406,83;Rohdaten
2024-04-07;406,97;Rohdaten
2024-04-08;406,85;Rohdaten
2024-04-09;406,93;Rohdaten
2024-04-10;406,98;Rohdaten
2024-04-11;407,29;Rohdaten
2024-04-12;407,16;Rohdaten
2024-04-13;407,22;Rohdaten
2024-04-14;407,23;Rohdaten
2024-04-15;407,19;Rohdaten
2024-04-16;406,97;Rohdaten
2024-04-17;406,89;Rohdaten
2024-04-18;407,05;Rohdaten
2024-04-19;407,00;Rohdaten
2024-04-20;406,91;Rohdaten
2024-04-21;407,03;Rohdaten
2024-04-22;406,99;Rohdaten
2024-04-23;407,15;Rohdaten
2024-04-24;406,97;Rohdaten
2024-04-25;407,07;Rohdaten
2024-04-26;407,11;Rohdaten
2024-04-27;407,06;Rohdaten
2024-04-28;407,28;Rohdaten
2024-04-29;407,22;Rohdaten
2024-04-30;407,35;Rohdaten
2024-05-01;407,32;Rohdaten
2024-05-02;407,10;Rohdaten
2024-05-03;407,21;Rohdaten
2024-05-04;407,09;Rohdaten
2024-05-05;407,17;Rohdaten
2024-05-06;407,03;Rohdaten
2024-05-07;407,02;Rohdaten
2024-05-08;407,22;Rohdaten
2024-05-09;407,14;Rohdaten
2024-05-10;407,23;Rohdaten
2024-05-11;407,13;Rohdaten
2024-05-12;407,24;Rohdaten
2024-05-13;407,13;Rohdaten
2024-05-14;407,25;Rohdaten
2024-05-15;407,15;Rohdaten
2024-05-16;407,29;Rohdaten
2024-05-17;407,16;Rohdaten
2024-05-18;407,27;Rohdaten
2024-05-19;407,14;Rohdaten
2024-05-20;407,23;Rohdaten
2024-05-21;407,11;Rohdaten
2024-05-22;407,49;Rohdaten
2024-05-23;407,16;Rohdaten
2024-05-24;407,28;Rohdaten
2024-05-25;407,16;Rohdaten
2024-05-26;407,24;Rohdaten
2024-05-27;407,15;Rohdaten
2024-05-28;407,23;Rohdaten
2024-05-29;407,10;Rohdaten
2024-05-30;407,14;Rohdaten
2024-05-31;407,02;Rohdaten
2024-06-01;407,16;Rohdaten
2024-06-02;407,07;Rohdaten
2024-06-03;407,19;Rohdaten
2024-06-04;407,09;Rohdaten
2024-06-05;407,03;Rohdaten
2024-06-06;407,28;Rohdaten
2024-06-07;407,24;Rohdaten
2024-06-08;407,33;Rohdaten
2024-06-09;407,18;Rohdaten
2024-06-10;407,27;Rohdaten
2024-06-11;407,20;Rohdaten
2024-06-12;407,34;Rohdaten
2024-06-13;407,24;Rohdaten
2024-06-14;407,33;Rohdaten
2024-06-15;407,23;Rohdaten
2024-06-16;407,18;Rohdaten
2024-06-17;407,34;Rohdaten
2024-06-18;407,27;Rohdaten
2024-06-19;407,41;Rohdaten
2024-06-20;407,32;Rohdaten
2024-06-21;407,37;Rohdaten
2024-06-22;407,25;Rohdaten
2024-06-23;407,36;Rohdaten
2024-06-24;407,31;Rohdaten
2024-06-25;406,62;Rohdaten
2024-06-26;405,87;Rohdaten
2024-06-27;406,02;Rohdaten
2024-06-28;405,90;Rohdaten
2024-06-29;406,01;Rohdaten
2024-06-30;405,84;Rohdaten
2024-07-01;405,98;Rohdaten
2024-07-02;405,89;Rohdaten
2024-07-03;405,83;Rohdaten
2024-07-04;405,92;Rohdaten
2024-07-05;405,85;Rohdaten
2024-07-06;405,93;Rohdaten
2024-07-07;405,98;Rohdaten
2024-07-08;405,87;Rohdaten
2024-07-09;405,99;Rohdaten
2024-07-10;406,02;Rohdaten
2024-07-11;405,94;Rohdaten
2024-07-12;406,03;Rohdaten
2024-07-13;405,89;Rohdaten
2024-07-14;405,97;Rohdaten
2024-07-15;405,87;Rohdaten
2024-07-16;406,54;Rohdaten
2024-07-17;405,92;Rohdaten
2024-07-18;406,08;Rohdaten
2024-07-19;406,14;Rohdaten
2024-07-20;406,00;Rohdaten
2024-07-21;406,06;Rohdaten
2024-07-22;405,98;Rohdaten
2024-07-23;406,08;Rohdaten
2024-07-24;405,98;Rohdaten
2024-07-25;406,11;Rohdaten
2024-07-26;405,99;Rohdaten
2024-07-27;406,11;Rohdaten
2024-07-28;406,02;Rohdaten
2024-07-29;406,10;Rohdaten
2024-07-30;405,99;Rohdaten
2024-07-31;406,10;Rohdaten
2024-08-01;406,00;Rohdaten
2024-08-02;406,07;Rohdaten
2024-08-03;405,91;Rohdaten
2024-08-04;405,85;Rohdaten
2024-08-05;406,02;Rohdaten
2024-08-06;405,95;Rohdaten
2024-08-07;405,90;Rohdaten
2024-08-08;406,03;Rohdaten
2024-08-09;405,95;Rohdaten
2024-08-10;406,08;Rohdaten
2024-08-11;405,99;Rohdaten
2024-08-12;406,08;Rohdaten
2024-08-13;405,97;Rohdaten
2024-08-14;406,11;Rohdaten
2024-08-15;406,09;Rohdaten
2024-08-16;406,26;Rohdaten
2024-08-17;406,10;Rohdaten
2024-08-18;406,12;Rohdaten
2024-08-19;406,01;Rohdaten
2024-08-20;406,06;Rohdaten
2024-08-21;406,02;Rohdaten
2024-08-22;406,23;Rohdaten
2024-08-23;406,14;Rohdaten
2024-08-24;406,13;Rohdaten
2024-08-25;406,06;Rohdaten
2024-08-26;406,20;Rohdaten
2024-08-27;406,13;Rohdaten
2024-08-28;406,29;Rohdaten
2024-08-29;406,21;Rohdaten
2024-08-30;406,36;Rohdaten
2024-08-31;406,29;Rohdaten
2024-09-01;406,32;Rohdaten
2024-09-02;406,25;Rohdaten
2024-09-03;406,23;Rohdaten
2024-09-04;406,40;Rohdaten
2024-09-05;406,27;Rohdaten
2024-09-06;406,41;Rohdaten
2024-09-07;406,33;Rohdaten
2024-09-08;406,40;Rohdaten
2024-09-09;406,39;Rohdaten
2024-09-10;406,23;Rohdaten
2024-09-11;406,27;Rohdaten
2024-09-12;406,17;Rohdaten
2024-09-13;406,25;Rohdaten
2024-09-14;406,18;Rohdaten
2024-09-15;406,26;Rohdaten
2024-09-16;406,14;Rohdaten
2024-09-17;406,22;Rohdaten
2024-09-18;406,14;Rohdaten
2024-09-19;406,24;Rohdaten
2024-09-20;406,13;Rohdaten
2024-09-21;406,25;Rohdaten
2024-09-22;406,21;Rohdaten
2024-09-23;406,07;Rohdaten
2024-09-24;406,19;Rohdaten
2024-09-25;406,08;Rohdaten
2024-09-26;406,09;Rohdaten
2024-09-27;405,99;Rohdaten
2024-09-28;406,13;Rohdaten
2024-09-29;406,09;Rohdaten
2024-09-30;406,22;Rohdaten
