﻿Quelle:;"Bayerisches Landesamt für Umwelt, www.gkd.bayern.de"
Datenbankabfrage:;"08.10.2024 21:51"
Zeitbezug:;MEZ
Messstellen-Name:;"OSCHWITZ-ZAUN 21A"
Messstellen-Nr.:;6116
Ostwert:;729865;Nordwert:;5551355;"ETRS89 / UTM Zone 32N"

Datum;"Grundwasserstand [m ü. NN]";Prüfstatus
2024-01-01;451,38;Rohdaten
2024-01-02;451,54;Rohdaten
2024-01-03;452,17;Rohdaten
2024-01-04;452,16;Rohdaten
2024-01-05;452,06;Rohdaten
2024-01-06;451,87;Rohdaten
2024-01-07;451,70;Rohdaten
2024-01-08;451,55;Rohdaten
2024-01-09;451,43;Rohdaten
2024-01-10;451,35;Rohdaten
2024-01-11;451,28;Rohdaten
2024-01-12;451,23;Rohdaten
2024-01-13;451,20;Rohdaten
2024-01-14;451,18;Rohdaten
2024-01-15;451,16;Rohdaten
2024-01-16;451,12;Rohdaten
2024-01-17;451,12;Rohdaten
2024-01-18;451,16;Rohdaten
2024-01-19;451,14;Rohdaten
2024-01-20;451,09;Rohdaten
2024-01-21;451,07;Rohdaten
2024-01-22;451,07;Rohdaten
2024-01-23;451,27;Rohdaten
2024-01-24;451,46;Rohdaten
2024-01-25;451,58;Rohdaten
2024-01-26;451,49;Rohdaten
2024-01-27;451,46;Rohdaten
2024-01-28;451,39;Rohdaten
2024-01-29;451,32;Rohdaten
2024-01-30;451,26;Rohdaten
2024-01-31;451,21;Rohdaten
2024-02-01;451,21;Rohdaten
2024-02-02;451,23;Rohdaten
2024-02-03;451,21;Rohdaten
2024-02-04;451,22;Rohdaten
2024-02-05;451,29;Rohdaten
2024-02-06;451,29;Rohdaten
2024-02-07;451,31;Rohdaten
2024-02-08;451,92;Rohdaten
2024-02-09;452,08;Rohdaten
2024-02-10;451,98;Rohdaten
2024-02-11;451,83;Rohdaten
2024-02-12;451,79;Rohdaten
2024-02-13;451,80;Rohdaten
2024-02-14;451,68;Rohdaten
2024-02-15;451,61;Rohdaten
2024-02-16;451,54;Rohdaten
2024-02-17;451,49;Rohdaten
2024-02-18;451,45;Rohdaten
2024-02-19;451,42;Rohdaten
2024-02-20;451,43;Rohdaten
2024-02-21;451,42;Rohdaten
2024-02-22;451,43;Rohdaten
2024-02-23;451,78;Rohdaten
2024-02-24;451,66;Rohdaten
2024-02-25;451,52;Rohdaten
2024-02-26;451,45;Rohdaten
2024-02-27;451,38;Rohdaten
2024-02-28;451,34;Rohdaten
2024-02-29;451,31;Rohdaten
2024-03-01;451,28;Rohdaten
2024-03-02;451,25;Rohdaten
2024-03-03;451,23;Rohdaten
2024-03-04;451,20;Rohdaten
2024-03-05;451,17;Rohdaten
2024-03-06;451,14;Rohdaten
2024-03-07;451,12;Rohdaten
2024-03-08;451,11;Rohdaten
2024-03-09;451,10;Rohdaten
2024-03-10;451,09;Rohdaten
2024-03-11;451,06;Rohdaten
2024-03-12;451,04;Rohdaten
2024-03-13;451,03;Rohdaten
2024-03-14;451,02;Rohdaten
2024-03-15;451,01;Rohdaten
2024-03-16;451,00;Rohdaten
2024-03-17;451,01;Rohdaten
2024-03-18;451,01;Rohdaten
2024-03-19;450,99;Rohdaten
2024-03-20;450,98;Rohdaten
2024-03-21;450,97;Rohdaten
2024-03-22;450,99;Rohdaten
2024-03-23;450,98;Rohdaten
2024-03-24;450,98;Rohdaten
2024-03-25;450,99;Rohdaten
2024-03-26;450,99;Rohdaten
2024-03-27;450,97;Rohdaten
2024-03-28;450,94;Rohdaten
2024-03-29;450,93;Rohdaten
2024-03-30;450,92;Rohdaten
2024-03-31;450,91;Rohdaten
2024-04-01;450,91;Rohdaten
2024-04-02;450,90;Rohdaten
2024-04-03;450,90;Rohdaten
2024-04-04;450,92;Rohdaten
2024-04-05;450,98;Rohdaten
2024-04-06;450,96;Rohdaten
2024-04-07;450,93;Rohdaten
2024-04-08;450,91;Rohdaten
2024-04-09;450,88;Rohdaten
2024-04-10;450,87;Rohdaten
2024-04-11;450,85;Rohdaten
2024-04-12;450,83;Rohdaten
2024-04-13;450,82;Rohdaten
2024-04-14;450,82;Rohdaten
2024-04-15;450,82;Rohdaten
2024-04-16;450,81;Rohdaten
2024-04-17;450,84;Rohdaten
2024-04-18;450,81;Rohdaten
2024-04-19;450,81;Rohdaten
2024-04-20;450,87;Rohdaten
2024-04-21;450,97;Rohdaten
2024-04-22;451,08;Rohdaten
2024-04-23;451,08;Rohdaten
2024-04-24;451,05;Rohdaten
2024-04-25;451,02;Rohdaten
2024-04-26;450,99;Rohdaten
2024-04-27;450,96;Rohdaten
2024-04-28;450,93;Rohdaten
2024-04-29;450,63;Rohdaten
2024-04-30;450,89;Rohdaten
2024-05-01;450,86;Rohdaten
2024-05-02;450,84;Rohdaten
2024-05-03;450,82;Rohdaten
2024-05-04;450,80;Rohdaten
2024-05-05;450,80;Rohdaten
2024-05-06;450,85;Rohdaten
2024-05-07;450,94;Rohdaten
2024-05-08;450,98;Rohdaten
2024-05-09;450,95;Rohdaten
2024-05-10;450,91;Rohdaten
2024-05-11;450,88;Rohdaten
2024-05-12;450,85;Rohdaten
2024-05-13;450,84;Rohdaten
2024-05-14;450,82;Rohdaten
2024-05-15;450,80;Rohdaten
2024-05-16;450,78;Rohdaten
2024-05-17;450,77;Rohdaten
2024-05-18;450,78;Rohdaten
2024-05-19;450,78;Rohdaten
2024-05-20;450,78;Rohdaten
2024-05-21;450,78;Rohdaten
2024-05-22;451,02;Rohdaten
2024-05-23;451,14;Rohdaten
2024-05-24;451,06;Rohdaten
2024-05-25;451,02;Rohdaten
2024-05-26;451,04;Rohdaten
2024-05-27;451,01;Rohdaten
2024-05-28;451,01;Rohdaten
2024-05-29;451,01;Rohdaten
2024-05-30;450,99;Rohdaten
2024-05-31;451,04;Rohdaten
2024-06-01;451,05;Rohdaten
2024-06-02;451,21;Rohdaten
2024-06-03;451,26;Rohdaten
2024-06-04;451,19;Rohdaten
2024-06-05;451,11;Rohdaten
2024-06-06;451,06;Rohdaten
2024-06-07;451,01;Rohdaten
2024-06-08;450,98;Rohdaten
2024-06-09;450,95;Rohdaten
2024-06-10;450,92;Rohdaten
2024-06-11;450,88;Rohdaten
2024-06-12;450,85;Rohdaten
2024-06-13;450,83;Rohdaten
2024-06-14;450,82;Rohdaten
2024-06-15;450,82;Rohdaten
2024-06-16;450,81;Rohdaten
2024-06-17;450,78;Rohdaten
2024-06-18;450,77;Rohdaten
2024-06-19;450,76;Rohdaten
2024-06-20;450,77;Rohdaten
2024-06-21;450,76;Rohdaten
2024-06-22;450,78;Rohdaten
2024-06-23;450,77;Rohdaten
2024-06-24;450,74;Rohdaten
2024-06-25;450,72;Rohdaten
2024-06-26;450,70;Rohdaten
2024-06-27;450,86;Rohdaten
2024-06-28;451,33;Rohdaten
2024-06-29;451,22;Rohdaten
2024-06-30;451,12;Rohdaten
2024-07-01;451,07;Rohdaten
2024-07-02;451,03;Rohdaten
2024-07-03;451,00;Rohdaten
2024-07-04;450,98;Rohdaten
2024-07-05;450,98;Rohdaten
2024-07-06;450,96;Rohdaten
2024-07-07;450,98;Rohdaten
2024-07-08;450,95;Rohdaten
2024-07-09;450,92;Rohdaten
2024-07-10;450,88;Rohdaten
2024-07-11;450,93;Rohdaten
2024-07-12;450,97;Rohdaten
2024-07-13;451,21;Rohdaten
2024-07-14;451,24;Rohdaten
2024-07-15;451,12;Rohdaten
2024-07-16;451,05;Rohdaten
2024-07-17;451,00;Rohdaten
2024-07-18;450,95;Rohdaten
2024-07-19;450,92;Rohdaten
2024-07-20;450,89;Rohdaten
2024-07-21;450,86;Rohdaten
2024-07-22;450,83;Rohdaten
2024-07-23;450,81;Rohdaten
2024-07-24;450,78;Rohdaten
2024-07-25;450,76;Rohdaten
2024-07-26;450,74;Rohdaten
2024-07-27;450,73;Rohdaten
2024-07-28;450,72;Rohdaten
2024-07-29;450,72;Rohdaten
2024-07-30;450,71;Rohdaten
2024-07-31;450,69;Rohdaten
2024-08-01;450,70;Rohdaten
2024-08-02;450,70;Rohdaten
2024-08-03;450,71;Rohdaten
2024-08-04;450,85;Rohdaten
2024-08-05;450,89;Rohdaten
2024-08-06;450,83;Rohdaten
2024-08-07;450,78;Rohdaten
2024-08-08;450,75;Rohdaten
2024-08-09;450,72;Rohdaten
2024-08-10;450,70;Rohdaten
2024-08-11;450,68;Rohdaten
2024-08-12;450,67;Rohdaten
2024-08-13;450,66;Rohdaten
2024-08-14;450,65;Rohdaten
2024-08-15;450,63;Rohdaten
2024-08-16;450,62;Rohdaten
2024-08-17;450,61;Rohdaten
2024-08-18;450,60;Rohdaten
2024-08-19;450,60;Rohdaten
2024-08-20;450,61;Rohdaten
2024-08-21;450,60;Rohdaten
2024-08-22;450,58;Rohdaten
2024-08-23;450,57;Rohdaten
2024-08-24;450,56;Rohdaten
2024-08-25;450,54;Rohdaten
2024-08-26;450,54;Rohdaten
2024-08-27;450,54;Rohdaten
2024-08-28;450,53;Rohdaten
2024-08-29;450,52;Rohdaten
2024-08-30;450,52;Rohdaten
2024-08-31;450,51;Rohdaten
2024-09-01;450,51;Rohdaten
2024-09-02;450,51;Rohdaten
2024-09-03;450,50;Rohdaten
2024-09-04;450,50;Rohdaten
2024-09-05;450,49;Rohdaten
2024-09-06;450,47;Rohdaten
2024-09-07;450,46;Rohdaten
2024-09-08;450,47;Rohdaten
2024-09-09;450,57;Rohdaten
2024-09-10;450,61;Rohdaten
2024-09-11;450,59;Rohdaten
2024-09-12;450,59;Rohdaten
2024-09-13;450,57;Rohdaten
2024-09-14;450,64;Rohdaten
2024-09-15;450,64;Rohdaten
2024-09-16;450,83;Rohdaten
2024-09-17;450,84;Rohdaten
2024-09-18;450,74;Rohdaten
2024-09-19;450,69;Rohdaten
2024-09-20;450,66;Rohdaten
2024-09-21;450,64;Rohdaten
2024-09-22;450,63;Rohdaten
2024-09-23;450,62;Rohdaten
2024-09-24;450,66;Rohdaten
2024-09-25;450,70;Rohdaten
2024-09-26;450,71;Rohdaten
2024-09-27;450,79;Rohdaten
2024-09-28;450,79;Rohdaten
2024-09-29;450,77;Rohdaten
2024-09-30;450,76;Rohdaten
