﻿Quelle:;"Bayerisches Landesamt für Umwelt, www.gkd.bayern.de"
Datenbankabfrage:;"07.10.2024 22:01"
Zeitbezug:;MEZ
Messstellen-Name:;"NORDL.OTTENBERG C 199"
Messstellen-Nr.:;6121
Ostwert:;673982;Nordwert:;5510561;"ETRS89 / UTM Zone 32N"

Datum;"Grundwasserstand [m ü. NN]";Prüfstatus
2024-01-01;411,13;Geprueft
2024-01-02;411,23;Geprueft
2024-01-03;411,27;Geprueft
2024-01-04;411,26;Geprueft
2024-01-05;411,34;Geprueft
2024-01-06;411,39;Geprueft
2024-01-07;411,41;Geprueft
2024-01-08;411,45;Geprueft
2024-01-09;411,53;Geprueft
2024-01-10;411,60;Geprueft
2024-01-11;411,66;Geprueft
2024-01-12;411,71;Geprueft
2024-01-13;411,82;Geprueft
2024-01-14;411,93;Geprueft
2024-01-15;411,99;Geprueft
2024-01-16;411,97;Geprueft
2024-01-17;412,14;Geprueft
2024-01-18;412,12;Geprueft
2024-01-19;412,02;Geprueft
2024-01-20;412,06;Geprueft
2024-01-21;412,16;Geprueft
2024-01-22;412,26;Geprueft
2024-01-23;412,22;Geprueft
2024-01-24;412,30;Geprueft
2024-01-25;412,30;Geprueft
2024-01-26;412,36;Geprueft
2024-01-27;412,33;Geprueft
2024-01-28;412,41;Geprueft
2024-01-29;412,45;Geprueft
2024-01-30;412,48;Geprueft
2024-01-31;412,51;Geprueft
2024-02-01;412,56;Geprueft
2024-02-02;412,58;Geprueft
2024-02-03;412,63;Geprueft
2024-02-04;412,67;Geprueft
2024-02-05;412,70;Geprueft
2024-02-06;412,75;Geprueft
2024-02-07;412,82;Geprueft
2024-02-08;412,85;Geprueft
2024-02-09;412,90;Geprueft
2024-02-10;412,94;Geprueft
2024-02-11;412,93;Geprueft
2024-02-12;412,89;Geprueft
2024-02-13;412,86;Geprueft
2024-02-14;412,93;Geprueft
2024-02-15;412,98;Geprueft
2024-02-16;413,03;Geprueft
2024-02-17;412,98;Geprueft
2024-02-18;413,06;Geprueft
2024-02-19;413,12;Geprueft
2024-02-20;413,13;Geprueft
2024-02-21;413,23;Geprueft
2024-02-22;413,39;Geprueft
2024-02-23;413,36;Geprueft
2024-02-24;413,35;Geprueft
2024-02-25;413,39;Geprueft
2024-02-26;413,44;Geprueft
2024-02-27;413,41;Geprueft
2024-02-28;413,39;Rohdaten
2024-02-29;413,48;Rohdaten
2024-03-01;413,55;Rohdaten
2024-03-02;413,58;Rohdaten
2024-03-03;413,63;Rohdaten
2024-03-04;413,60;Rohdaten
2024-03-05;413,61;Rohdaten
2024-03-06;413,62;Rohdaten
2024-03-07;413,67;Rohdaten
2024-03-08;413,75;Rohdaten
2024-03-09;413,83;Rohdaten
2024-03-10;413,88;Rohdaten
2024-03-11;413,81;Rohdaten
2024-03-12;413,79;Rohdaten
2024-03-13;413,83;Rohdaten
2024-03-14;413,88;Rohdaten
2024-03-15;413,92;Rohdaten
2024-03-16;413,91;Rohdaten
2024-03-17;413,92;Rohdaten
2024-03-18;414,00;Rohdaten
2024-03-19;413,98;Rohdaten
2024-03-20;414,01;Rohdaten
2024-03-21;414,03;Rohdaten
2024-03-22;414,08;Rohdaten
2024-03-23;414,15;Rohdaten
2024-03-24;414,18;Rohdaten
2024-03-25;414,18;Rohdaten
2024-03-26;414,27;Rohdaten
2024-03-27;414,31;Rohdaten
2024-03-28;414,26;Rohdaten
2024-03-29;414,24;Rohdaten
2024-03-30;414,28;Rohdaten
2024-03-31;414,30;Rohdaten
2024-04-01;414,32;Rohdaten
2024-04-02;414,26;Rohdaten
2024-04-03;414,30;Rohdaten
2024-04-04;414,30;Rohdaten
2024-04-05;414,30;Rohdaten
2024-04-06;414,31;Rohdaten
2024-04-07;414,33;Rohdaten
2024-04-08;414,38;Rohdaten
2024-04-09;414,37;Rohdaten
2024-04-10;414,29;Rohdaten
2024-04-11;414,29;Rohdaten
2024-04-12;414,33;Rohdaten
2024-04-13;414,38;Rohdaten
2024-04-14;414,43;Rohdaten
2024-04-15;414,51;Rohdaten
2024-04-16;414,52;Rohdaten
2024-04-17;414,49;Rohdaten
2024-04-18;414,45;Rohdaten
2024-04-19;414,52;Rohdaten
2024-04-20;414,48;Rohdaten
2024-04-21;414,49;Rohdaten
2024-04-22;414,49;Rohdaten
2024-04-23;414,54;Rohdaten
2024-04-24;414,60;Rohdaten
2024-04-25;414,59;Rohdaten
2024-04-26;414,58;Rohdaten
2024-04-27;414,57;Rohdaten
2024-04-28;414,55;Rohdaten
2024-04-29;414,51;Rohdaten
2024-04-30;414,57;Rohdaten
2024-05-01;414,63;Rohdaten
2024-05-02;414,66;Rohdaten
2024-05-03;414,58;Rohdaten
2024-05-04;414,60;Rohdaten
2024-05-05;414,64;Rohdaten
2024-05-06;414,66;Rohdaten
2024-05-07;414,62;Rohdaten
2024-05-08;414,59;Rohdaten
2024-05-09;414,60;Rohdaten
2024-05-10;414,63;Rohdaten
2024-05-11;414,65;Rohdaten
2024-05-12;414,67;Rohdaten
2024-05-13;414,70;Rohdaten
2024-05-14;414,73;Rohdaten
2024-05-15;414,75;Rohdaten
2024-05-16;414,76;Rohdaten
2024-05-17;414,76;Rohdaten
2024-05-18;414,73;Rohdaten
2024-05-19;414,74;Rohdaten
2024-05-20;414,76;Rohdaten
2024-05-21;414,80;Rohdaten
2024-05-22;414,76;Rohdaten
2024-05-23;414,74;Rohdaten
2024-05-24;414,74;Rohdaten
2024-05-25;414,76;Rohdaten
2024-05-26;414,76;Rohdaten
2024-05-27;414,78;Rohdaten
2024-05-28;414,78;Rohdaten
2024-05-29;414,82;Rohdaten
2024-05-30;414,88;Rohdaten
2024-05-31;414,85;Rohdaten
2024-06-01;414,83;Rohdaten
2024-06-02;414,80;Rohdaten
2024-06-03;414,82;Rohdaten
2024-06-04;414,86;Rohdaten
2024-06-05;414,86;Rohdaten
2024-06-06;414,86;Rohdaten
2024-06-07;414,87;Rohdaten
2024-06-08;414,92;Rohdaten
2024-06-09;414,94;Rohdaten
2024-06-10;414,95;Rohdaten
2024-06-11;414,90;Rohdaten
2024-06-12;414,90;Rohdaten
2024-06-13;414,92;Rohdaten
2024-06-14;414,96;Rohdaten
2024-06-15;414,98;Rohdaten
2024-06-16;414,97;Rohdaten
2024-06-17;414,95;Rohdaten
2024-06-18;414,96;Rohdaten
2024-06-19;414,96;Rohdaten
2024-06-20;414,95;Rohdaten
2024-06-21;415,00;Rohdaten
2024-06-22;415,00;Rohdaten
2024-06-23;414,96;Rohdaten
2024-07-01;415,05;Rohdaten
2024-07-02;415,06;Rohdaten
2024-07-03;415,10;Rohdaten
2024-07-04;415,09;Rohdaten
2024-07-05;415,07;Rohdaten
2024-07-06;415,12;Rohdaten
2024-07-07;415,07;Rohdaten
2024-07-08;415,06;Rohdaten
2024-07-09;415,07;Rohdaten
2024-07-10;415,08;Rohdaten
2024-07-11;415,09;Rohdaten
2024-07-12;415,14;Rohdaten
2024-07-13;415,12;Rohdaten
2024-07-14;415,12;Rohdaten
2024-07-15;415,13;Rohdaten
2024-07-16;415,11;Rohdaten
2024-07-17;415,08;Rohdaten
2024-07-18;415,09;Rohdaten
2024-07-19;415,12;Rohdaten
2024-07-20;415,17;Rohdaten
2024-07-21;415,17;Rohdaten
2024-07-22;415,12;Rohdaten
2024-07-23;415,12;Rohdaten
2024-07-24;415,13;Rohdaten
2024-07-25;415,16;Rohdaten
2024-07-26;415,17;Rohdaten
2024-07-27;415,15;Rohdaten
2024-07-28;415,10;Rohdaten
2024-07-29;415,12;Rohdaten
2024-07-30;415,16;Rohdaten
2024-07-31;415,19;Rohdaten
2024-08-01;415,20;Rohdaten
2024-08-02;415,20;Rohdaten
2024-08-03;415,19;Rohdaten
2024-08-04;415,18;Rohdaten
2024-08-05;415,18;Rohdaten
2024-08-06;415,20;Rohdaten
2024-08-07;415,20;Rohdaten
2024-08-08;415,17;Rohdaten
2024-08-09;415,17;Rohdaten
2024-08-10;415,15;Rohdaten
2024-08-11;415,17;Rohdaten
2024-08-12;415,21;Rohdaten
2024-08-13;415,22;Rohdaten
2024-08-14;415,20;Rohdaten
2024-08-15;415,17;Rohdaten
2024-08-16;415,18;Rohdaten
2024-08-29;415,19;Rohdaten
2024-08-30;415,20;Rohdaten
2024-08-31;415,19;Rohdaten
2024-09-01;415,22;Rohdaten
2024-09-02;415,23;Rohdaten
2024-09-03;415,21;Rohdaten
2024-09-04;415,23;Rohdaten
2024-09-05;415,26;Rohdaten
2024-09-06;415,22;Rohdaten
2024-09-07;415,22;Rohdaten
2024-09-08;415,25;Rohdaten
2024-09-09;415,28;Rohdaten
2024-09-10;415,22;Rohdaten
2024-09-11;415,26;Rohdaten
2024-09-12;415,23;Rohdaten
2024-09-13;415,20;Rohdaten
2024-09-14;415,17;Rohdaten
2024-09-15;415,19;Rohdaten
2024-09-16;415,21;Rohdaten
2024-09-17;415,18;Rohdaten
2024-09-18;415,17;Rohdaten
2024-09-19;415,19;Rohdaten
2024-09-20;415,19;Rohdaten
2024-09-21;415,20;Rohdaten
2024-09-22;415,23;Rohdaten
2024-09-23;415,26;Rohdaten
2024-09-24;415,26;Rohdaten
2024-09-25;415,25;Rohdaten
2024-09-26;415,30;Rohdaten
2024-09-27;415,25;Rohdaten
2024-09-28;415,16;Rohdaten
2024-09-29;415,13;Rohdaten
2024-09-30;415,21;Rohdaten
