﻿Quelle:;"Bayerisches Landesamt für Umwelt, www.gkd.bayern.de"
Datenbankabfrage:;"08.10.2024 21:51"
Zeitbezug:;MEZ
Messstellen-Name:;"HOEFEN 185"
Messstellen-Nr.:;6126
Ostwert:;664701;Nordwert:;5531806;"ETRS89 / UTM Zone 32N"

Datum;"Grundwasserstand [m ü. NN]";Prüfstatus
2024-01-01;370,87;Geprueft
2024-01-02;370,89;Geprueft
2024-01-03;371,43;Geprueft
2024-01-04;371,73;Geprueft
2024-01-05;371,72;Geprueft
2024-01-06;371,55;Geprueft
2024-01-07;371,41;Geprueft
2024-01-08;371,30;Geprueft
2024-01-09;371,24;Geprueft
2024-01-10;371,19;Geprueft
2024-01-11;371,15;Geprueft
2024-01-12;371,13;Geprueft
2024-01-13;371,13;Geprueft
2024-01-14;371,14;Geprueft
2024-01-15;371,14;Geprueft
2024-01-16;371,10;Geprueft
2024-01-17;371,13;Geprueft
2024-01-18;371,22;Geprueft
2024-01-19;371,22;Geprueft
2024-01-20;371,18;Geprueft
2024-01-21;371,17;Geprueft
2024-01-22;371,42;Geprueft
2024-01-23;372,03;Geprueft
2024-01-24;371,73;Geprueft
2024-01-25;371,56;Geprueft
2024-01-26;371,48;Geprueft
2024-01-27;371,38;Geprueft
2024-01-28;371,36;Geprueft
2024-01-29;371,35;Geprueft
2024-01-30;371,33;Geprueft
2024-01-31;371,31;Geprueft
2024-02-01;371,31;Geprueft
2024-02-02;371,29;Geprueft
2024-02-03;371,28;Geprueft
2024-02-04;371,28;Geprueft
2024-02-05;371,28;Geprueft
2024-02-06;371,30;Geprueft
2024-02-07;371,34;Geprueft
2024-02-08;371,42;Geprueft
2024-02-09;371,82;Geprueft
2024-02-10;372,07;Geprueft
2024-02-11;372,00;Geprueft
2024-02-12;371,86;Geprueft
2024-02-13;371,75;Geprueft
2024-02-14;371,75;Geprueft
2024-02-15;371,74;Geprueft
2024-02-16;371,74;Geprueft
2024-02-17;371,68;Geprueft
2024-02-18;371,67;Geprueft
2024-02-19;371,68;Geprueft
2024-02-20;371,66;Geprueft
2024-02-21;371,69;Geprueft
2024-02-22;371,77;Geprueft
2024-02-23;371,80;Geprueft
2024-02-24;371,86;Geprueft
2024-02-25;371,88;Geprueft
2024-02-26;371,89;Geprueft
2024-02-27;371,83;Geprueft
2024-02-28;371,81;Geprueft
2024-02-29;371,82;Geprueft
2024-03-01;371,83;Geprueft
2024-03-02;371,83;Geprueft
2024-03-03;371,83;Geprueft
2024-03-04;371,80;Geprueft
2024-03-05;371,79;Geprueft
2024-03-06;371,77;Geprueft
2024-03-07;371,78;Geprueft
2024-03-08;371,81;Geprueft
2024-03-09;371,83;Geprueft
2024-03-10;371,85;Geprueft
2024-03-11;371,82;Geprueft
2024-03-12;371,80;Geprueft
2024-03-13;371,79;Geprueft
2024-03-14;371,80;Geprueft
2024-03-15;371,81;Geprueft
2024-03-16;371,80;Geprueft
2024-03-17;371,79;Geprueft
2024-03-18;371,81;Geprueft
2024-03-19;371,80;Geprueft
2024-03-20;371,81;Geprueft
2024-03-21;371,81;Geprueft
2024-03-22;371,82;Geprueft
2024-03-23;371,85;Geprueft
2024-03-24;371,86;Geprueft
2024-03-25;371,86;Geprueft
2024-03-26;371,89;Geprueft
2024-03-27;371,91;Geprueft
2024-03-28;371,89;Geprueft
2024-03-29;371,87;Geprueft
2024-03-30;371,87;Geprueft
2024-03-31;371,88;Geprueft
2024-04-01;371,88;Geprueft
2024-04-02;371,85;Geprueft
2024-04-03;371,86;Geprueft
2024-04-04;371,87;Geprueft
2024-04-05;371,89;Geprueft
2024-04-06;371,89;Geprueft
2024-04-07;371,90;Geprueft
2024-04-08;371,94;Geprueft
2024-04-09;371,94;Geprueft
2024-04-10;371,90;Rohdaten
2024-04-11;371,90;Rohdaten
2024-04-12;371,90;Rohdaten
2024-04-13;371,92;Rohdaten
2024-04-14;371,94;Rohdaten
2024-04-15;371,97;Rohdaten
2024-04-16;371,97;Rohdaten
2024-04-17;371,95;Rohdaten
2024-04-18;371,93;Rohdaten
2024-04-19;371,96;Rohdaten
2024-04-20;371,99;Rohdaten
2024-04-21;372,02;Rohdaten
2024-04-22;372,12;Rohdaten
2024-04-23;372,18;Rohdaten
2024-04-24;372,20;Rohdaten
2024-04-25;372,17;Rohdaten
2024-04-26;372,13;Rohdaten
2024-04-27;372,10;Rohdaten
2024-04-28;372,06;Rohdaten
2024-04-29;372,02;Rohdaten
2024-04-30;372,02;Rohdaten
2024-05-01;372,04;Rohdaten
2024-05-02;372,04;Rohdaten
2024-05-03;371,99;Rohdaten
2024-05-04;371,97;Rohdaten
2024-05-05;371,97;Rohdaten
2024-05-06;371,98;Rohdaten
2024-05-07;371,95;Rohdaten
2024-05-08;371,92;Rohdaten
2024-05-09;371,91;Rohdaten
2024-05-10;371,91;Rohdaten
2024-05-11;371,91;Rohdaten
2024-05-12;371,92;Rohdaten
2024-05-13;371,92;Rohdaten
2024-05-14;371,93;Rohdaten
2024-05-15;371,93;Rohdaten
2024-05-16;371,92;Rohdaten
2024-05-17;371,92;Rohdaten
2024-05-18;371,90;Rohdaten
2024-05-19;371,89;Rohdaten
2024-05-20;371,88;Rohdaten
2024-05-21;371,92;Rohdaten
2024-05-22;371,99;Rohdaten
2024-05-23;371,95;Rohdaten
2024-05-24;371,94;Rohdaten
2024-05-25;371,93;Rohdaten
2024-05-26;371,92;Rohdaten
2024-05-27;371,91;Rohdaten
2024-05-28;371,90;Rohdaten
2024-05-29;371,91;Rohdaten
2024-05-30;371,93;Rohdaten
2024-05-31;371,92;Rohdaten
2024-06-01;371,90;Rohdaten
2024-06-02;372,09;Rohdaten
2024-06-03;372,19;Rohdaten
2024-06-04;372,19;Rohdaten
2024-06-05;372,16;Rohdaten
2024-06-06;372,11;Rohdaten
2024-06-07;372,08;Rohdaten
2024-06-08;372,07;Rohdaten
2024-06-09;372,06;Rohdaten
2024-06-10;372,04;Rohdaten
2024-06-11;372,00;Rohdaten
2024-06-12;371,97;Rohdaten
2024-06-13;371,96;Rohdaten
2024-06-14;371,97;Rohdaten
2024-06-15;371,97;Rohdaten
2024-06-16;371,95;Rohdaten
2024-06-17;371,93;Rohdaten
2024-06-18;371,92;Rohdaten
2024-06-19;371,91;Rohdaten
2024-06-20;371,89;Rohdaten
2024-06-21;371,90;Rohdaten
2024-06-22;371,89;Rohdaten
2024-06-23;371,86;Rohdaten
2024-06-26;371,88;Rohdaten
2024-07-01;371,86;Rohdaten
2024-07-02;371,86;Rohdaten
2024-07-03;371,86;Rohdaten
2024-07-04;371,86;Rohdaten
2024-07-05;371,85;Rohdaten
2024-07-06;371,86;Rohdaten
2024-07-07;371,83;Rohdaten
2024-07-08;371,82;Rohdaten
2024-07-09;371,82;Rohdaten
2024-07-10;371,82;Rohdaten
2024-07-11;371,81;Rohdaten
2024-07-12;371,83;Rohdaten
2024-07-13;371,81;Rohdaten
2024-07-14;371,80;Rohdaten
2024-07-15;371,80;Rohdaten
2024-07-16;371,79;Rohdaten
2024-07-17;371,77;Rohdaten
2024-07-18;371,76;Rohdaten
2024-07-19;371,76;Rohdaten
2024-07-20;371,78;Rohdaten
2024-07-21;371,77;Rohdaten
2024-07-22;371,75;Rohdaten
2024-07-23;371,74;Rohdaten
2024-07-24;371,73;Rohdaten
2024-07-25;371,73;Rohdaten
2024-07-26;371,73;Rohdaten
2024-07-27;371,72;Rohdaten
2024-07-28;371,69;Rohdaten
2024-07-29;371,69;Rohdaten
2024-07-30;371,69;Rohdaten
2024-07-31;371,69;Rohdaten
2024-08-01;371,69;Rohdaten
2024-08-02;371,69;Rohdaten
2024-08-03;371,67;Rohdaten
2024-08-04;371,66;Rohdaten
2024-08-05;371,66;Rohdaten
2024-08-06;371,65;Rohdaten
2024-08-07;371,65;Rohdaten
2024-08-08;371,64;Rohdaten
2024-08-09;371,63;Rohdaten
2024-08-10;371,62;Rohdaten
2024-08-11;371,61;Rohdaten
2024-08-12;371,62;Rohdaten
2024-08-13;371,62;Rohdaten
2024-08-14;371,60;Rohdaten
2024-08-15;371,58;Rohdaten
2024-08-16;371,58;Rohdaten
2024-08-17;371,58;Rohdaten
2024-08-18;371,58;Rohdaten
2024-08-19;371,55;Rohdaten
2024-08-20;371,56;Rohdaten
2024-08-21;371,54;Rohdaten
2024-08-22;371,54;Rohdaten
2024-08-23;371,54;Rohdaten
2024-08-24;371,53;Rohdaten
2024-08-25;371,51;Rohdaten
2024-08-26;371,51;Rohdaten
2024-08-27;371,50;Rohdaten
2024-08-28;371,50;Rohdaten
2024-08-29;371,49;Rohdaten
2024-08-30;371,48;Rohdaten
2024-08-31;371,47;Rohdaten
2024-09-01;371,48;Rohdaten
2024-09-02;371,47;Rohdaten
2024-09-03;371,46;Rohdaten
2024-09-04;371,45;Rohdaten
2024-09-05;371,46;Rohdaten
2024-09-06;371,44;Rohdaten
2024-09-07;371,43;Rohdaten
2024-09-08;371,44;Rohdaten
2024-09-09;371,49;Rohdaten
2024-09-10;371,42;Rohdaten
2024-09-11;371,41;Rohdaten
2024-09-12;371,39;Rohdaten
2024-09-13;371,37;Rohdaten
2024-09-14;371,35;Rohdaten
2024-09-15;371,35;Rohdaten
2024-09-16;371,36;Rohdaten
2024-09-17;371,34;Rohdaten
2024-09-18;371,33;Rohdaten
2024-09-19;371,33;Rohdaten
2024-09-20;371,32;Rohdaten
2024-09-21;371,32;Rohdaten
2024-09-22;371,32;Rohdaten
2024-09-23;371,31;Rohdaten
2024-09-24;371,32;Rohdaten
2024-09-25;371,31;Rohdaten
2024-09-26;371,34;Rohdaten
2024-09-27;371,34;Rohdaten
2024-09-28;371,29;Rohdaten
2024-09-29;371,27;Rohdaten
2024-09-30;371,29;Rohdaten
