﻿Quelle:;"Bayerisches Landesamt für Umwelt, www.gkd.bayern.de"
Datenbankabfrage:;"08.10.2024 21:51"
Zeitbezug:;MEZ
Messstellen-Name:;"SACHSENDORF 187"
Messstellen-Nr.:;6128
Ostwert:;659826;Nordwert:;5531745;"ETRS89 / UTM Zone 32N"

Datum;"Grundwasserstand [m ü. NN]";Prüfstatus
2024-01-01;417,54;Geprueft
2024-01-02;417,61;Geprueft
2024-01-03;417,67;Geprueft
2024-01-04;417,73;Geprueft
2024-01-05;417,81;Geprueft
2024-01-06;417,89;Geprueft
2024-01-07;417,94;Geprueft
2024-01-08;417,99;Geprueft
2024-01-09;418,04;Geprueft
2024-01-10;418,09;Geprueft
2024-01-11;418,13;Geprueft
2024-01-12;418,16;Geprueft
2024-01-13;418,21;Geprueft
2024-01-14;418,27;Geprueft
2024-01-15;418,30;Geprueft
2024-01-16;418,29;Geprueft
2024-01-17;418,34;Geprueft
2024-01-18;418,33;Geprueft
2024-01-19;418,27;Geprueft
2024-01-20;418,24;Geprueft
2024-01-21;418,26;Geprueft
2024-01-22;418,30;Geprueft
2024-01-23;418,28;Geprueft
2024-01-24;418,29;Geprueft
2024-01-25;418,28;Geprueft
2024-01-26;418,29;Geprueft
2024-01-27;418,26;Geprueft
2024-01-28;418,27;Geprueft
2024-01-29;418,28;Geprueft
2024-01-30;418,28;Geprueft
2024-01-31;418,27;Geprueft
2024-02-01;418,28;Geprueft
2024-02-02;418,28;Geprueft
2024-02-03;418,28;Geprueft
2024-02-04;418,28;Geprueft
2024-02-05;418,28;Geprueft
2024-02-06;418,29;Geprueft
2024-02-07;418,31;Geprueft
2024-02-08;418,32;Geprueft
2024-02-09;418,34;Geprueft
2024-02-10;418,38;Geprueft
2024-02-11;418,41;Geprueft
2024-02-12;418,41;Geprueft
2024-02-13;418,41;Geprueft
2024-02-14;418,45;Geprueft
2024-02-15;418,48;Geprueft
2024-02-16;418,52;Geprueft
2024-02-17;418,51;Geprueft
2024-02-18;418,54;Geprueft
2024-02-19;418,57;Geprueft
2024-02-20;418,59;Geprueft
2024-02-21;418,62;Geprueft
2024-02-22;418,69;Geprueft
2024-02-23;418,70;Geprueft
2024-02-24;418,69;Geprueft
2024-02-25;418,70;Geprueft
2024-02-26;418,72;Geprueft
2024-02-27;418,70;Geprueft
2024-02-28;418,68;Geprueft
2024-02-29;418,71;Geprueft
2024-03-01;418,74;Geprueft
2024-03-02;418,74;Geprueft
2024-03-03;418,74;Geprueft
2024-03-04;418,72;Geprueft
2024-03-05;418,69;Geprueft
2024-03-06;418,66;Geprueft
2024-03-07;418,65;Geprueft
2024-03-08;418,67;Geprueft
2024-03-09;418,68;Geprueft
2024-03-10;418,69;Geprueft
2024-03-11;418,64;Geprueft
2024-03-12;418,59;Geprueft
2024-03-13;418,57;Geprueft
2024-03-14;418,55;Geprueft
2024-03-15;418,54;Geprueft
2024-03-16;418,51;Geprueft
2024-03-17;418,48;Geprueft
2024-03-18;418,48;Geprueft
2024-03-19;418,45;Geprueft
2024-03-20;418,43;Geprueft
2024-03-21;418,40;Geprueft
2024-03-22;418,39;Geprueft
2024-03-23;418,40;Geprueft
2024-03-24;418,39;Geprueft
2024-03-25;418,36;Geprueft
2024-03-26;418,37;Geprueft
2024-03-27;418,36;Geprueft
2024-03-28;418,32;Geprueft
2024-03-29;418,27;Geprueft
2024-03-30;418,25;Geprueft
2024-03-31;418,24;Geprueft
2024-04-01;418,22;Geprueft
2024-04-02;418,16;Geprueft
2024-04-03;418,14;Geprueft
2024-04-04;418,12;Geprueft
2024-04-05;418,09;Geprueft
2024-04-06;418,07;Geprueft
2024-04-07;418,06;Geprueft
2024-04-08;418,06;Geprueft
2024-04-09;418,04;Geprueft
2024-04-10;417,98;Geprueft
2024-04-11;417,95;Rohdaten
2024-04-12;417,94;Rohdaten
2024-04-13;417,94;Rohdaten
2024-04-14;417,94;Rohdaten
2024-04-15;417,95;Rohdaten
2024-04-16;417,94;Rohdaten
2024-04-17;417,91;Rohdaten
2024-04-18;417,87;Rohdaten
2024-04-19;417,87;Rohdaten
2024-04-20;417,84;Rohdaten
2024-04-21;417,83;Rohdaten
2024-04-22;417,81;Rohdaten
2024-04-23;417,82;Rohdaten
2024-04-24;417,84;Rohdaten
2024-04-25;417,84;Rohdaten
2024-04-26;417,83;Rohdaten
2024-04-27;417,82;Rohdaten
2024-04-28;417,80;Rohdaten
2024-04-29;417,78;Rohdaten
2024-04-30;417,79;Rohdaten
2024-05-01;417,80;Rohdaten
2024-05-02;417,80;Rohdaten
2024-05-03;417,76;Rohdaten
2024-05-04;417,74;Rohdaten
2024-05-05;417,74;Rohdaten
2024-05-06;417,73;Rohdaten
2024-05-07;417,70;Rohdaten
2024-05-08;417,67;Rohdaten
2024-05-09;417,65;Rohdaten
2024-05-10;417,65;Rohdaten
2024-05-11;417,63;Rohdaten
2024-05-12;417,62;Rohdaten
2024-05-13;417,61;Rohdaten
2024-05-14;417,60;Rohdaten
2024-05-15;417,59;Rohdaten
2024-05-16;417,57;Rohdaten
2024-05-17;417,55;Rohdaten
2024-05-18;417,53;Rohdaten
2024-05-19;417,51;Rohdaten
2024-05-20;417,49;Rohdaten
2024-05-21;417,48;Rohdaten
2024-05-22;417,46;Rohdaten
2024-05-23;417,45;Rohdaten
2024-05-24;417,45;Rohdaten
2024-05-25;417,46;Rohdaten
2024-05-26;417,46;Rohdaten
2024-05-27;417,46;Rohdaten
2024-05-28;417,45;Rohdaten
2024-05-29;417,46;Rohdaten
2024-05-30;417,47;Rohdaten
2024-05-31;417,46;Rohdaten
2024-06-01;417,44;Rohdaten
2024-06-02;417,42;Rohdaten
2024-06-03;417,42;Rohdaten
2024-06-04;417,43;Rohdaten
2024-06-05;417,43;Rohdaten
2024-06-06;417,42;Rohdaten
2024-06-07;417,42;Rohdaten
2024-06-08;417,44;Rohdaten
2024-06-09;417,44;Rohdaten
2024-06-10;417,44;Rohdaten
2024-06-11;417,41;Rohdaten
2024-06-12;417,40;Rohdaten
2024-06-13;417,39;Rohdaten
2024-06-14;417,39;Rohdaten
2024-06-15;417,39;Rohdaten
2024-06-16;417,37;Rohdaten
2024-06-17;417,35;Rohdaten
2024-06-18;417,34;Rohdaten
2024-06-19;417,32;Rohdaten
2024-06-20;417,30;Rohdaten
2024-06-21;417,30;Rohdaten
2024-06-22;417,29;Rohdaten
2024-06-23;417,26;Rohdaten
2024-06-24;417,25;Rohdaten
2024-06-25;417,24;Rohdaten
2024-06-26;417,23;Rohdaten
2024-06-27;417,22;Rohdaten
2024-06-28;417,19;Rohdaten
2024-06-29;417,18;Rohdaten
2024-06-30;417,17;Rohdaten
2024-07-01;414,41;Rohdaten
2024-07-02;411,67;Rohdaten
2024-07-03;415,11;Rohdaten
2024-07-04;417,12;Rohdaten
2024-07-05;417,09;Rohdaten
2024-07-06;417,08;Rohdaten
2024-07-07;417,05;Rohdaten
2024-07-08;417,03;Rohdaten
2024-07-09;417,01;Rohdaten
2024-07-10;417,00;Rohdaten
2024-07-11;416,98;Rohdaten
2024-07-12;416,98;Rohdaten
2024-07-13;416,96;Rohdaten
2024-07-14;416,94;Rohdaten
2024-07-15;416,93;Rohdaten
2024-07-16;416,91;Rohdaten
2024-07-17;416,88;Rohdaten
2024-07-18;416,86;Rohdaten
2024-07-19;416,85;Rohdaten
2024-07-20;416,84;Rohdaten
2024-07-21;416,83;Rohdaten
2024-07-22;416,80;Rohdaten
2024-07-23;416,78;Rohdaten
2024-07-24;416,76;Rohdaten
2024-07-25;416,75;Rohdaten
2024-07-26;416,74;Rohdaten
2024-07-27;416,72;Rohdaten
2024-07-28;416,69;Rohdaten
2024-07-29;416,67;Rohdaten
2024-07-30;416,66;Rohdaten
2024-07-31;416,65;Rohdaten
2024-08-01;416,64;Rohdaten
2024-08-02;416,63;Rohdaten
2024-08-03;416,62;Rohdaten
2024-08-04;416,60;Rohdaten
2024-08-05;416,59;Rohdaten
2024-08-06;416,58;Rohdaten
2024-08-07;416,57;Rohdaten
2024-08-08;416,55;Rohdaten
2024-08-09;416,54;Rohdaten
2024-08-10;416,52;Rohdaten
2024-08-11;416,51;Rohdaten
2024-08-12;416,51;Rohdaten
2024-08-13;416,50;Rohdaten
2024-08-14;416,49;Rohdaten
2024-08-15;416,47;Rohdaten
2024-08-16;416,47;Rohdaten
2024-08-17;416,46;Rohdaten
2024-08-18;416,46;Rohdaten
2024-08-19;416,44;Rohdaten
2024-08-20;416,43;Rohdaten
2024-08-21;416,42;Rohdaten
2024-08-22;416,42;Rohdaten
2024-08-23;416,41;Rohdaten
2024-08-24;416,40;Rohdaten
2024-08-25;416,39;Rohdaten
2024-08-26;416,38;Rohdaten
2024-08-27;416,38;Rohdaten
2024-08-28;416,38;Rohdaten
2024-08-29;416,37;Rohdaten
2024-08-30;416,37;Rohdaten
2024-08-31;416,36;Rohdaten
2024-09-01;416,36;Rohdaten
2024-09-02;416,37;Rohdaten
2024-09-03;416,36;Rohdaten
2024-09-04;416,36;Rohdaten
2024-09-05;416,36;Rohdaten
2024-09-06;416,35;Rohdaten
2024-09-07;416,33;Rohdaten
2024-09-08;416,33;Rohdaten
2024-09-09;416,32;Rohdaten
2024-09-10;416,30;Rohdaten
2024-09-11;416,30;Rohdaten
2024-09-12;416,28;Rohdaten
2024-09-13;416,26;Rohdaten
2024-09-14;416,25;Rohdaten
2024-09-15;416,24;Rohdaten
2024-09-16;416,23;Rohdaten
2024-09-17;416,22;Rohdaten
2024-09-18;416,20;Rohdaten
2024-09-19;416,19;Rohdaten
2024-09-20;416,18;Rohdaten
2024-09-21;416,17;Rohdaten
2024-09-22;416,16;Rohdaten
2024-09-23;416,16;Rohdaten
2024-09-24;416,15;Rohdaten
2024-09-25;416,15;Rohdaten
2024-09-26;416,16;Rohdaten
2024-09-27;416,15;Rohdaten
2024-09-28;416,13;Rohdaten
2024-09-29;416,12;Rohdaten
2024-09-30;416,14;Rohdaten
