﻿Quelle:;"Bayerisches Landesamt für Umwelt, www.gkd.bayern.de"
Datenbankabfrage:;"08.10.2024 21:51"
Zeitbezug:;MEZ
Messstellen-Name:;"WEIHERAECKER A 996"
Messstellen-Nr.:;6129
Ostwert:;698633;Nordwert:;5525077;"ETRS89 / UTM Zone 32N"

Datum;"Grundwasserstand [m ü. NN]";Prüfstatus
2024-01-01;442,85;Rohdaten
2024-01-02;442,90;Rohdaten
2024-01-03;442,95;Rohdaten
2024-01-04;442,92;Rohdaten
2024-01-05;442,89;Rohdaten
2024-01-06;442,87;Rohdaten
2024-01-07;442,81;Rohdaten
2024-01-08;442,73;Rohdaten
2024-01-09;442,69;Rohdaten
2024-01-10;442,69;Rohdaten
2024-01-11;442,68;Rohdaten
2024-01-12;442,67;Rohdaten
2024-01-13;442,72;Rohdaten
2024-01-14;442,81;Rohdaten
2024-01-15;442,90;Rohdaten
2024-01-16;442,87;Rohdaten
2024-01-17;442,95;Rohdaten
2024-01-18;442,99;Rohdaten
2024-01-19;442,82;Rohdaten
2024-01-20;442,71;Rohdaten
2024-01-21;442,69;Rohdaten
2024-01-22;442,75;Rohdaten
2024-01-23;442,72;Rohdaten
2024-01-24;442,73;Rohdaten
2024-01-25;442,70;Rohdaten
2024-01-26;442,71;Rohdaten
2024-01-27;442,65;Rohdaten
2024-01-28;442,63;Rohdaten
2024-01-31;442,68;Rohdaten
2024-02-01;442,71;Rohdaten
2024-02-02;442,71;Rohdaten
2024-02-03;442,73;Rohdaten
2024-02-04;442,76;Rohdaten
2024-02-05;442,79;Rohdaten
2024-02-06;442,83;Rohdaten
2024-02-07;442,91;Rohdaten
2024-02-08;442,96;Rohdaten
2024-02-09;443,02;Rohdaten
2024-02-10;443,05;Rohdaten
2024-02-11;443,05;Rohdaten
2024-02-12;442,96;Rohdaten
2024-02-13;442,84;Rohdaten
2024-02-14;442,78;Rohdaten
2024-02-15;442,77;Rohdaten
2024-02-16;442,78;Rohdaten
2024-02-17;442,71;Rohdaten
2024-02-18;442,68;Rohdaten
2024-02-19;442,73;Rohdaten
2024-02-20;442,72;Rohdaten
2024-02-21;442,75;Rohdaten
2024-02-22;442,91;Rohdaten
2024-02-23;442,96;Rohdaten
2024-02-24;442,93;Rohdaten
2024-02-25;442,90;Rohdaten
2024-02-26;442,92;Rohdaten
2024-02-27;442,86;Rohdaten
2024-02-28;442,79;Rohdaten
2024-02-29;442,80;Rohdaten
2024-03-01;442,86;Rohdaten
2024-03-02;442,87;Rohdaten
2024-03-03;442,90;Rohdaten
2024-03-04;442,87;Rohdaten
2024-03-05;442,82;Rohdaten
2024-03-06;442,77;Rohdaten
2024-03-07;442,75;Rohdaten
2024-03-08;442,79;Rohdaten
2024-03-09;442,86;Rohdaten
2024-03-10;442,92;Rohdaten
2024-03-11;442,89;Rohdaten
2024-03-12;442,82;Rohdaten
2024-03-13;442,78;Rohdaten
2024-03-14;442,78;Rohdaten
2024-03-15;442,79;Rohdaten
2024-03-16;442,77;Rohdaten
2024-03-17;442,73;Rohdaten
2024-03-18;442,76;Rohdaten
2024-03-19;442,75;Rohdaten
2024-03-20;442,74;Rohdaten
2024-03-21;442,74;Rohdaten
2024-03-22;442,76;Rohdaten
2024-03-23;442,84;Rohdaten
2024-03-24;442,87;Rohdaten
2024-03-25;442,88;Rohdaten
2024-03-26;442,94;Rohdaten
2024-03-27;443,01;Rohdaten
2024-03-28;443,00;Rohdaten
2024-03-29;442,93;Rohdaten
2024-03-30;442,92;Rohdaten
2024-03-31;442,92;Rohdaten
2024-04-01;442,93;Rohdaten
2024-04-02;442,85;Rohdaten
2024-04-03;442,82;Rohdaten
2024-04-04;442,79;Rohdaten
2024-04-05;442,76;Rohdaten
2024-04-06;442,74;Rohdaten
2024-04-07;442,74;Rohdaten
2024-04-08;442,76;Rohdaten
2024-04-09;442,78;Rohdaten
2024-04-10;442,68;Rohdaten
2024-04-11;442,63;Rohdaten
2024-04-12;442,62;Rohdaten
2024-04-13;442,65;Rohdaten
2024-04-14;442,71;Rohdaten
2024-04-15;442,80;Rohdaten
2024-04-16;442,87;Rohdaten
2024-04-17;442,86;Rohdaten
2024-04-18;442,82;Rohdaten
2024-04-19;442,84;Rohdaten
2024-04-20;442,83;Rohdaten
2024-04-21;442,79;Rohdaten
2024-04-22;442,76;Rohdaten
2024-04-23;442,78;Rohdaten
2024-04-24;442,85;Rohdaten
2024-04-25;442,87;Rohdaten
2024-04-26;442,86;Rohdaten
2024-04-27;442,84;Rohdaten
2024-04-28;442,81;Rohdaten
2024-04-29;442,75;Rohdaten
2024-04-30;442,77;Rohdaten
2024-05-01;442,82;Rohdaten
2024-05-02;442,88;Rohdaten
2024-05-03;442,83;Rohdaten
2024-05-04;442,79;Rohdaten
2024-05-05;442,81;Rohdaten
2024-05-06;442,83;Rohdaten
2024-05-07;442,80;Rohdaten
2024-05-08;442,73;Rohdaten
2024-05-09;442,70;Rohdaten
2024-05-10;442,71;Rohdaten
2024-05-11;442,72;Rohdaten
2024-05-12;442,74;Rohdaten
2024-05-13;442,77;Rohdaten
2024-05-14;442,81;Rohdaten
2024-05-15;442,84;Rohdaten
2024-05-16;442,86;Rohdaten
2024-05-17;442,87;Rohdaten
2024-05-18;442,84;Rohdaten
2024-05-19;442,83;Rohdaten
2024-05-20;442,82;Rohdaten
2024-05-21;442,85;Rohdaten
2024-05-22;442,84;Rohdaten
2024-05-23;442,79;Rohdaten
2024-05-24;442,77;Rohdaten
2024-05-25;442,76;Rohdaten
2024-05-26;442,75;Rohdaten
2024-05-27;442,75;Rohdaten
2024-05-28;442,76;Rohdaten
2024-05-29;442,78;Rohdaten
2024-05-30;442,85;Rohdaten
2024-05-31;442,86;Rohdaten
2024-06-01;442,84;Rohdaten
2024-06-02;442,78;Rohdaten
2024-06-03;442,77;Rohdaten
2024-06-04;442,78;Rohdaten
2024-06-05;442,79;Rohdaten
2024-06-06;442,77;Rohdaten
2024-06-07;442,76;Rohdaten
2024-06-08;442,79;Rohdaten
2024-06-09;442,83;Rohdaten
2024-06-10;442,85;Rohdaten
2024-06-11;442,81;Rohdaten
2024-06-12;442,77;Rohdaten
2024-06-13;442,77;Rohdaten
2024-06-14;442,79;Rohdaten
2024-06-15;442,82;Rohdaten
2024-06-16;442,81;Rohdaten
2024-06-17;442,79;Rohdaten
2024-06-18;442,78;Rohdaten
2024-06-19;442,78;Rohdaten
2024-06-20;442,74;Rohdaten
2024-06-21;442,77;Rohdaten
2024-06-22;442,79;Rohdaten
2024-06-23;442,76;Rohdaten
2024-06-24;442,75;Rohdaten
2024-06-25;442,77;Rohdaten
2024-06-26;442,80;Rohdaten
2024-06-27;442,82;Rohdaten
2024-06-28;442,79;Rohdaten
2024-06-29;442,79;Rohdaten
2024-06-30;442,84;Rohdaten
2024-07-01;442,81;Rohdaten
2024-07-02;442,80;Rohdaten
2024-07-03;442,83;Rohdaten
2024-07-04;442,83;Rohdaten
2024-07-05;442,81;Rohdaten
2024-07-06;442,84;Rohdaten
2024-07-07;442,80;Rohdaten
2024-07-08;442,76;Rohdaten
2024-07-09;442,76;Rohdaten
2024-07-10;442,14;Rohdaten
2024-07-11;442,75;Rohdaten
2024-07-12;442,79;Rohdaten
2024-07-13;442,80;Rohdaten
2024-07-14;442,78;Rohdaten
2024-07-15;442,79;Rohdaten
2024-07-16;442,78;Rohdaten
2024-07-17;442,74;Rohdaten
2024-07-18;442,72;Rohdaten
2024-07-19;442,73;Rohdaten
2024-07-20;442,78;Rohdaten
2024-07-21;442,81;Rohdaten
2024-07-22;442,78;Rohdaten
2024-07-23;442,76;Rohdaten
2024-07-24;442,76;Rohdaten
2024-07-25;442,77;Rohdaten
2024-07-26;442,79;Rohdaten
2024-07-27;442,78;Rohdaten
2024-07-28;442,74;Rohdaten
2024-07-29;442,71;Rohdaten
2024-07-30;442,74;Rohdaten
2024-07-31;442,77;Rohdaten
2024-08-01;442,80;Rohdaten
2024-08-02;442,82;Rohdaten
2024-08-03;442,81;Rohdaten
2024-08-04;442,80;Rohdaten
2024-08-05;442,79;Rohdaten
2024-08-06;442,79;Rohdaten
2024-08-07;442,80;Rohdaten
2024-08-08;442,78;Rohdaten
2024-08-09;442,76;Rohdaten
2024-08-10;442,74;Rohdaten
2024-08-11;442,73;Rohdaten
2024-08-12;442,76;Rohdaten
2024-08-13;442,79;Rohdaten
2024-08-14;442,80;Rohdaten
2024-08-15;442,77;Rohdaten
2024-08-16;442,76;Rohdaten
2024-08-17;442,79;Rohdaten
2024-08-18;442,83;Rohdaten
2024-08-19;442,79;Rohdaten
2024-08-20;442,79;Rohdaten
2024-08-21;442,79;Rohdaten
2024-08-22;442,78;Rohdaten
2024-08-23;442,79;Rohdaten
2024-08-24;442,79;Rohdaten
2024-08-25;442,76;Rohdaten
2024-08-26;442,73;Rohdaten
2024-08-27;442,73;Rohdaten
2024-08-28;442,74;Rohdaten
2024-08-29;442,75;Rohdaten
2024-08-30;442,75;Rohdaten
2024-08-31;442,74;Rohdaten
2024-09-01;442,76;Rohdaten
2024-09-02;442,79;Rohdaten
2024-09-03;442,78;Rohdaten
2024-09-04;442,79;Rohdaten
2024-09-05;442,83;Rohdaten
2024-09-06;442,82;Rohdaten
2024-09-07;442,81;Rohdaten
2024-09-08;442,83;Rohdaten
2024-09-09;442,87;Rohdaten
2024-09-10;442,84;Rohdaten
2024-09-11;442,85;Rohdaten
2024-09-12;442,83;Rohdaten
2024-09-13;442,79;Rohdaten
2024-09-14;442,75;Rohdaten
2024-09-15;442,73;Rohdaten
2024-09-16;442,75;Rohdaten
2024-09-17;442,73;Rohdaten
2024-09-18;442,71;Rohdaten
2024-09-19;442,72;Rohdaten
2024-09-20;442,73;Rohdaten
2024-09-21;442,74;Rohdaten
2024-09-22;442,77;Rohdaten
2024-09-23;442,82;Rohdaten
2024-09-24;442,86;Rohdaten
2024-09-25;442,86;Rohdaten
2024-09-26;442,91;Rohdaten
2024-09-27;442,90;Rohdaten
2024-09-28;442,82;Rohdaten
2024-09-29;442,73;Rohdaten
2024-09-30;442,76;Rohdaten
