﻿Quelle:;"Bayerisches Landesamt für Umwelt, www.gkd.bayern.de"
Datenbankabfrage:;"08.10.2024 21:51"
Zeitbezug:;MEZ
Messstellen-Name:;"NIKLASSEE B 991"
Messstellen-Nr.:;6137
Ostwert:;700913;Nordwert:;5529019;"ETRS89 / UTM Zone 32N"

Datum;"Grundwasserstand [m ü. NN]";Prüfstatus
2024-01-01;466,59;Rohdaten
2024-01-02;466,63;Rohdaten
2024-01-03;466,66;Rohdaten
2024-01-04;466,63;Rohdaten
2024-01-05;466,63;Rohdaten
2024-01-06;466,64;Rohdaten
2024-01-07;466,62;Rohdaten
2024-01-08;466,60;Rohdaten
2024-01-09;466,62;Rohdaten
2024-01-10;466,65;Rohdaten
2024-01-11;466,67;Rohdaten
2024-01-12;466,68;Rohdaten
2024-01-13;466,73;Rohdaten
2024-01-14;466,79;Rohdaten
2024-01-15;466,82;Rohdaten
2024-01-16;466,79;Rohdaten
2024-01-17;466,86;Rohdaten
2024-01-18;466,94;Rohdaten
2024-01-19;466,90;Rohdaten
2024-01-20;466,88;Rohdaten
2024-01-21;466,92;Rohdaten
2024-01-22;466,99;Rohdaten
2024-01-23;466,96;Rohdaten
2024-01-24;466,99;Rohdaten
2024-01-25;466,97;Rohdaten
2024-01-26;467,00;Rohdaten
2024-01-27;466,96;Rohdaten
2024-01-28;466,98;Rohdaten
2024-01-29;467,01;Rohdaten
2024-01-30;467,02;Rohdaten
2024-01-31;467,02;Rohdaten
2024-02-01;467,05;Rohdaten
2024-02-02;467,05;Rohdaten
2024-02-03;467,07;Rohdaten
2024-02-04;467,09;Rohdaten
2024-02-05;467,10;Rohdaten
2024-02-06;467,12;Rohdaten
2024-02-07;467,17;Rohdaten
2024-02-08;467,19;Rohdaten
2024-02-09;467,21;Rohdaten
2024-02-10;467,23;Rohdaten
2024-02-11;467,21;Rohdaten
2024-02-12;467,16;Rohdaten
2024-02-13;467,11;Rohdaten
2024-02-14;467,13;Rohdaten
2024-02-15;467,17;Rohdaten
2024-02-16;467,19;Rohdaten
2024-02-17;467,16;Rohdaten
2024-02-18;467,18;Rohdaten
2024-02-19;467,23;Rohdaten
2024-02-20;467,23;Rohdaten
2024-02-21;467,28;Rohdaten
2024-02-22;467,38;Rohdaten
2024-02-23;467,38;Rohdaten
2024-02-24;467,35;Rohdaten
2024-02-25;467,36;Rohdaten
2024-02-26;467,39;Rohdaten
2024-02-27;467,35;Rohdaten
2024-02-28;467,34;Rohdaten
2024-02-29;467,38;Rohdaten
2024-03-01;467,44;Rohdaten
2024-03-02;467,45;Rohdaten
2024-03-03;467,47;Rohdaten
2024-03-04;467,45;Rohdaten
2024-03-05;467,44;Rohdaten
2024-03-06;467,43;Rohdaten
2024-03-07;467,44;Rohdaten
2024-03-08;467,49;Rohdaten
2024-03-09;467,54;Rohdaten
2024-03-10;467,58;Rohdaten
2024-03-11;467,53;Rohdaten
2024-03-12;467,49;Rohdaten
2024-03-13;467,50;Rohdaten
2024-03-14;467,52;Rohdaten
2024-03-15;467,55;Rohdaten
2024-03-16;467,53;Rohdaten
2024-03-17;467,52;Rohdaten
2024-03-18;467,47;Rohdaten
2024-03-19;467,41;Rohdaten
2024-03-20;467,41;Rohdaten
2024-03-21;467,42;Rohdaten
2024-03-22;467,44;Rohdaten
2024-03-23;467,49;Rohdaten
2024-03-24;467,50;Rohdaten
2024-03-25;467,49;Rohdaten
2024-03-26;467,54;Rohdaten
2024-03-27;467,58;Rohdaten
2024-03-28;467,53;Rohdaten
2024-03-29;467,49;Rohdaten
2024-03-30;467,51;Rohdaten
2024-03-31;467,52;Rohdaten
2024-04-01;467,53;Rohdaten
2024-04-02;467,47;Rohdaten
2024-04-03;467,48;Rohdaten
2024-04-04;467,48;Rohdaten
2024-04-05;467,47;Rohdaten
2024-04-06;467,47;Rohdaten
2024-04-07;467,48;Rohdaten
2024-04-08;467,51;Rohdaten
2024-04-09;467,51;Rohdaten
2024-04-10;467,43;Rohdaten
2024-04-11;467,42;Rohdaten
2024-04-12;467,44;Rohdaten
2024-04-13;467,47;Rohdaten
2024-04-14;467,52;Rohdaten
2024-04-15;467,56;Rohdaten
2024-04-16;467,57;Rohdaten
2024-04-17;467,54;Rohdaten
2024-04-18;467,51;Rohdaten
2024-04-19;467,54;Rohdaten
2024-04-20;467,52;Rohdaten
2024-04-21;467,51;Rohdaten
2024-04-22;467,49;Rohdaten
2024-04-23;467,52;Rohdaten
2024-04-24;467,57;Rohdaten
2024-05-02;467,59;Rohdaten
2024-05-03;467,54;Rohdaten
2024-05-04;467,52;Rohdaten
2024-05-05;467,55;Rohdaten
2024-05-06;467,56;Rohdaten
2024-05-07;467,53;Rohdaten
2024-05-08;467,49;Rohdaten
2024-05-09;467,49;Rohdaten
2024-05-10;467,51;Rohdaten
2024-05-11;467,52;Rohdaten
2024-05-12;467,53;Rohdaten
2024-05-13;467,55;Rohdaten
2024-05-14;467,57;Rohdaten
2024-05-15;467,58;Rohdaten
2024-05-16;467,58;Rohdaten
2024-05-17;467,57;Rohdaten
2024-05-18;467,55;Rohdaten
2024-05-19;467,55;Rohdaten
2024-05-20;467,55;Rohdaten
2024-05-21;467,57;Rohdaten
2024-05-22;467,56;Rohdaten
2024-05-23;467,53;Rohdaten
2024-05-24;467,52;Rohdaten
2024-05-25;467,53;Rohdaten
2024-05-26;467,53;Rohdaten
2024-05-27;467,53;Rohdaten
2024-05-28;467,53;Rohdaten
2024-05-29;467,56;Rohdaten
2024-05-30;467,59;Rohdaten
2024-05-31;467,59;Rohdaten
2024-06-01;467,57;Rohdaten
2024-06-02;467,54;Rohdaten
2024-06-03;467,55;Rohdaten
2024-06-04;467,56;Rohdaten
2024-06-05;467,57;Rohdaten
2024-06-06;467,56;Rohdaten
2024-06-07;467,55;Rohdaten
2024-06-08;467,58;Rohdaten
2024-06-09;467,59;Rohdaten
2024-06-10;467,59;Rohdaten
2024-06-11;467,57;Rohdaten
2024-06-12;467,55;Rohdaten
2024-06-13;467,56;Rohdaten
2024-06-14;467,58;Rohdaten
2024-06-15;467,59;Rohdaten
2024-06-16;467,59;Rohdaten
2024-06-17;467,58;Rohdaten
2024-06-18;467,58;Rohdaten
2024-06-19;467,58;Rohdaten
2024-06-20;467,56;Rohdaten
2024-06-21;467,58;Rohdaten
2024-06-22;467,59;Rohdaten
2024-06-23;467,57;Rohdaten
2024-06-24;467,56;Rohdaten
2024-06-25;467,58;Rohdaten
2024-06-26;467,59;Rohdaten
2024-06-27;467,59;Rohdaten
2024-06-28;467,58;Rohdaten
2024-06-29;467,58;Rohdaten
2024-06-30;467,59;Rohdaten
2024-07-01;467,59;Rohdaten
2024-07-02;467,58;Rohdaten
2024-07-03;467,59;Rohdaten
2024-07-04;467,59;Rohdaten
2024-07-05;467,59;Rohdaten
2024-07-06;467,59;Rohdaten
2024-07-07;467,58;Rohdaten
2024-07-08;467,56;Rohdaten
2024-07-09;467,57;Rohdaten
2024-07-10;467,58;Rohdaten
2024-07-11;467,58;Rohdaten
2024-07-12;467,59;Rohdaten
2024-07-13;467,59;Rohdaten
2024-07-14;467,59;Rohdaten
2024-07-15;467,59;Rohdaten
2024-07-16;467,59;Rohdaten
2024-07-17;467,56;Rohdaten
2024-07-18;467,55;Rohdaten
2024-07-19;467,57;Rohdaten
2024-07-20;467,59;Rohdaten
2024-07-21;467,59;Rohdaten
2024-07-22;467,58;Rohdaten
2024-07-23;467,57;Rohdaten
2024-07-24;467,57;Rohdaten
2024-07-25;467,58;Rohdaten
2024-07-26;467,59;Rohdaten
2024-07-27;467,58;Rohdaten
2024-07-28;467,54;Rohdaten
2024-07-29;467,54;Rohdaten
2024-07-30;467,57;Rohdaten
2024-07-31;467,59;Rohdaten
2024-08-01;467,59;Rohdaten
2024-08-02;467,59;Rohdaten
2024-08-03;467,58;Rohdaten
2024-08-04;467,58;Rohdaten
2024-08-05;467,57;Rohdaten
2024-08-06;467,58;Rohdaten
2024-08-07;467,58;Rohdaten
2024-08-08;467,56;Rohdaten
2024-08-09;467,55;Rohdaten
2024-08-10;467,53;Rohdaten
2024-08-11;467,54;Rohdaten
2024-08-12;467,56;Rohdaten
2024-08-13;467,57;Rohdaten
2024-08-14;467,57;Rohdaten
2024-08-15;467,53;Rohdaten
2024-08-16;467,54;Rohdaten
2024-08-17;467,55;Rohdaten
2024-08-18;467,57;Rohdaten
2024-08-19;467,53;Rohdaten
2024-08-20;467,54;Rohdaten
2024-08-21;467,53;Rohdaten
2024-08-22;467,53;Rohdaten
2024-08-23;467,54;Rohdaten
2024-08-24;467,53;Rohdaten
2024-08-25;467,50;Rohdaten
2024-08-26;467,48;Rohdaten
2024-08-27;467,49;Rohdaten
2024-08-28;467,50;Rohdaten
2024-08-29;467,50;Rohdaten
2024-08-30;467,50;Rohdaten
2024-08-31;467,48;Rohdaten
2024-09-01;467,50;Rohdaten
2024-09-02;467,51;Rohdaten
2024-09-03;467,49;Rohdaten
2024-09-04;467,50;Rohdaten
2024-09-05;467,52;Rohdaten
2024-09-06;467,50;Rohdaten
2024-09-07;467,48;Rohdaten
2024-09-08;467,50;Rohdaten
2024-09-09;467,52;Rohdaten
2024-09-10;467,48;Rohdaten
2024-09-11;467,50;Rohdaten
2024-09-12;467,47;Rohdaten
2024-09-13;467,45;Rohdaten
2024-09-14;467,43;Rohdaten
2024-09-15;467,43;Rohdaten
2024-09-16;467,45;Rohdaten
2024-09-17;467,43;Rohdaten
2024-09-18;467,42;Rohdaten
2024-09-19;467,43;Rohdaten
2024-09-20;467,42;Rohdaten
2024-09-21;467,42;Rohdaten
2024-09-22;467,44;Rohdaten
2024-09-23;467,46;Rohdaten
2024-09-24;467,47;Rohdaten
2024-09-25;467,45;Rohdaten
2024-09-26;467,49;Rohdaten
2024-09-27;467,46;Rohdaten
2024-09-28;467,39;Rohdaten
2024-09-29;467,35;Rohdaten
2024-09-30;467,40;Rohdaten
