﻿Quelle:;"Bayerisches Landesamt für Umwelt, www.gkd.bayern.de"
Datenbankabfrage:;"08.10.2024 21:51"
Zeitbezug:;MEZ
Messstellen-Name:;"GREUT/KIRCHENL. FB 995"
Messstellen-Nr.:;6141
Ostwert:;701537;Nordwert:;5527214;"ETRS89 / UTM Zone 32N"

Datum;"Grundwasserstand [m ü. NN]";Prüfstatus
2024-01-01;457,04;Rohdaten
2024-01-02;457,07;Rohdaten
2024-01-03;457,11;Rohdaten
2024-01-04;457,12;Rohdaten
2024-01-05;457,12;Rohdaten
2024-01-06;457,12;Rohdaten
2024-01-07;457,11;Rohdaten
2024-01-08;457,08;Rohdaten
2024-01-09;457,07;Rohdaten
2024-01-10;457,07;Rohdaten
2024-01-11;457,06;Rohdaten
2024-01-12;457,05;Rohdaten
2024-01-13;457,07;Rohdaten
2024-01-14;457,09;Rohdaten
2024-01-15;457,10;Rohdaten
2024-01-16;457,09;Rohdaten
2024-01-17;457,12;Rohdaten
2024-01-18;457,09;Rohdaten
2024-01-19;457,01;Rohdaten
2024-01-20;456,99;Rohdaten
2024-01-21;456,99;Rohdaten
2024-01-22;457,01;Rohdaten
2024-01-23;457,00;Rohdaten
2024-01-24;457,02;Rohdaten
2024-01-25;457,02;Rohdaten
2024-01-26;457,04;Rohdaten
2024-01-27;457,02;Rohdaten
2024-01-28;457,03;Rohdaten
2024-01-29;457,03;Rohdaten
2024-01-30;457,03;Rohdaten
2024-01-31;457,02;Rohdaten
2024-02-01;457,04;Rohdaten
2024-02-02;457,04;Rohdaten
2024-02-03;457,05;Rohdaten
2024-02-04;457,06;Rohdaten
2024-02-05;457,06;Rohdaten
2024-02-06;457,07;Rohdaten
2024-02-07;457,09;Rohdaten
2024-02-08;457,11;Rohdaten
2024-02-09;457,15;Rohdaten
2024-02-10;457,16;Rohdaten
2024-02-11;457,16;Rohdaten
2024-02-12;457,15;Rohdaten
2024-02-13;457,12;Rohdaten
2024-02-14;457,12;Rohdaten
2024-02-15;457,12;Rohdaten
2024-02-16;457,13;Rohdaten
2024-02-17;457,11;Rohdaten
2024-02-18;457,11;Rohdaten
2024-02-19;457,12;Rohdaten
2024-02-20;457,12;Rohdaten
2024-02-21;457,13;Rohdaten
2024-02-22;457,17;Rohdaten
2024-02-23;457,18;Rohdaten
2024-02-24;457,17;Rohdaten
2024-02-25;457,17;Rohdaten
2024-02-26;457,17;Rohdaten
2024-02-27;457,15;Rohdaten
2024-02-28;457,14;Rohdaten
2024-02-29;457,15;Rohdaten
2024-03-01;457,16;Rohdaten
2024-03-02;457,16;Rohdaten
2024-03-03;457,16;Rohdaten
2024-03-04;457,15;Rohdaten
2024-03-05;457,13;Rohdaten
2024-03-06;457,12;Rohdaten
2024-03-07;457,12;Rohdaten
2024-03-08;457,13;Rohdaten
2024-03-09;457,14;Rohdaten
2024-03-10;457,15;Rohdaten
2024-03-11;457,13;Rohdaten
2024-03-12;457,12;Rohdaten
2024-03-13;457,11;Rohdaten
2024-03-14;457,11;Rohdaten
2024-03-15;457,11;Rohdaten
2024-03-16;457,10;Rohdaten
2024-03-17;457,10;Rohdaten
2024-03-18;457,13;Rohdaten
2024-03-19;457,16;Rohdaten
2024-03-20;457,17;Rohdaten
2024-03-21;457,15;Rohdaten
2024-03-22;457,12;Rohdaten
2024-03-23;457,13;Rohdaten
2024-03-24;457,16;Rohdaten
2024-03-25;457,16;Rohdaten
2024-03-26;457,18;Rohdaten
2024-03-27;457,19;Rohdaten
2024-03-28;457,18;Rohdaten
2024-03-29;457,16;Rohdaten
2024-03-30;457,16;Rohdaten
2024-03-31;457,15;Rohdaten
2024-04-01;457,15;Rohdaten
2024-04-02;457,13;Rohdaten
2024-04-03;457,13;Rohdaten
2024-04-04;457,12;Rohdaten
2024-04-05;457,12;Rohdaten
2024-04-06;457,10;Rohdaten
2024-04-07;457,10;Rohdaten
2024-04-08;457,10;Rohdaten
2024-04-09;457,09;Rohdaten
2024-04-10;457,07;Rohdaten
2024-04-11;457,05;Rohdaten
2024-04-12;457,05;Rohdaten
2024-04-13;457,05;Rohdaten
2024-04-14;457,06;Rohdaten
2024-04-15;457,08;Rohdaten
2024-04-16;457,09;Rohdaten
2024-04-17;457,09;Rohdaten
2024-04-18;457,08;Rohdaten
2024-04-19;457,09;Rohdaten
2024-04-20;457,09;Rohdaten
2024-04-21;457,10;Rohdaten
2024-04-22;457,12;Rohdaten
2024-04-23;457,13;Rohdaten
2024-04-24;457,15;Rohdaten
2024-04-25;457,16;Rohdaten
2024-04-26;457,16;Rohdaten
2024-04-27;457,14;Rohdaten
2024-04-28;457,14;Rohdaten
2024-04-29;457,11;Rohdaten
2024-04-30;457,12;Rohdaten
2024-05-01;457,13;Rohdaten
2024-05-02;457,14;Rohdaten
2024-05-03;457,12;Rohdaten
2024-05-04;457,11;Rohdaten
2024-05-05;457,11;Rohdaten
2024-05-06;457,12;Rohdaten
2024-05-07;457,11;Rohdaten
2024-05-08;457,09;Rohdaten
2024-05-09;457,09;Rohdaten
2024-05-10;457,08;Rohdaten
2024-05-11;457,08;Rohdaten
2024-05-12;457,08;Rohdaten
2024-05-13;457,08;Rohdaten
2024-05-14;457,08;Rohdaten
2024-05-15;457,08;Rohdaten
2024-05-16;457,08;Rohdaten
2024-06-03;457,28;Rohdaten
2024-06-04;457,20;Rohdaten
2024-06-05;457,21;Rohdaten
2024-06-06;457,20;Rohdaten
2024-06-07;457,19;Rohdaten
2024-06-08;457,19;Rohdaten
2024-06-09;457,19;Rohdaten
2024-06-10;457,18;Rohdaten
2024-06-11;457,17;Rohdaten
2024-06-12;457,16;Rohdaten
2024-06-13;457,15;Rohdaten
2024-06-14;457,16;Rohdaten
2024-06-15;457,16;Rohdaten
2024-06-16;457,15;Rohdaten
2024-06-17;457,14;Rohdaten
2024-06-18;457,13;Rohdaten
2024-06-19;457,13;Rohdaten
2024-06-20;457,12;Rohdaten
2024-06-21;457,12;Rohdaten
2024-06-22;457,13;Rohdaten
2024-06-23;457,12;Rohdaten
2024-06-24;457,11;Rohdaten
2024-06-25;457,11;Rohdaten
2024-06-26;457,11;Rohdaten
2024-06-27;457,12;Rohdaten
2024-06-28;457,12;Rohdaten
2024-06-29;457,12;Rohdaten
2024-06-30;457,13;Rohdaten
2024-07-01;457,12;Rohdaten
2024-07-02;457,12;Rohdaten
2024-07-03;457,15;Rohdaten
2024-07-04;457,16;Rohdaten
2024-07-05;457,16;Rohdaten
2024-07-06;457,16;Rohdaten
2024-07-07;457,14;Rohdaten
2024-07-08;457,13;Rohdaten
2024-07-09;457,12;Rohdaten
2024-07-10;457,12;Rohdaten
2024-07-11;457,11;Rohdaten
2024-07-12;457,12;Rohdaten
2024-07-13;457,12;Rohdaten
2024-07-14;457,12;Rohdaten
2024-07-15;457,12;Rohdaten
2024-07-16;457,11;Rohdaten
2024-07-17;457,10;Rohdaten
2024-07-18;457,09;Rohdaten
2024-07-19;457,08;Rohdaten
2024-07-20;457,09;Rohdaten
2024-07-21;457,10;Rohdaten
2024-07-22;457,08;Rohdaten
2024-07-23;457,08;Rohdaten
2024-07-24;457,07;Rohdaten
2024-07-25;457,07;Rohdaten
2024-07-26;457,07;Rohdaten
2024-07-27;457,06;Rohdaten
2024-07-28;457,05;Rohdaten
2024-07-29;457,05;Rohdaten
2024-07-30;457,05;Rohdaten
2024-07-31;457,05;Rohdaten
2024-08-01;457,05;Rohdaten
2024-08-02;457,06;Rohdaten
2024-08-03;457,06;Rohdaten
2024-08-04;457,06;Rohdaten
2024-08-05;457,06;Rohdaten
2024-08-06;457,06;Rohdaten
2024-08-07;457,06;Rohdaten
2024-08-08;457,05;Rohdaten
2024-08-09;457,04;Rohdaten
2024-08-10;457,03;Rohdaten
2024-08-11;457,02;Rohdaten
2024-08-12;457,02;Rohdaten
2024-08-13;457,03;Rohdaten
2024-08-14;457,02;Rohdaten
2024-08-15;457,00;Rohdaten
2024-08-16;457,00;Rohdaten
2024-08-17;457,01;Rohdaten
2024-08-18;457,01;Rohdaten
2024-08-19;457,00;Rohdaten
2024-08-20;457,00;Rohdaten
2024-08-21;456,99;Rohdaten
2024-08-22;456,99;Rohdaten
2024-08-23;456,98;Rohdaten
2024-08-24;456,98;Rohdaten
2024-08-25;456,96;Rohdaten
2024-08-26;456,96;Rohdaten
2024-08-27;456,95;Rohdaten
2024-08-28;456,95;Rohdaten
2024-08-29;456,94;Rohdaten
2024-08-30;456,93;Rohdaten
2024-08-31;456,92;Rohdaten
2024-09-01;456,92;Rohdaten
2024-09-02;456,93;Rohdaten
2024-09-03;456,92;Rohdaten
2024-09-04;456,92;Rohdaten
2024-09-05;456,92;Rohdaten
2024-09-06;456,91;Rohdaten
2024-09-07;456,90;Rohdaten
2024-09-08;456,91;Rohdaten
2024-09-09;456,93;Rohdaten
2024-09-10;456,93;Rohdaten
2024-09-11;456,94;Rohdaten
2024-09-12;456,95;Rohdaten
2024-09-13;456,94;Rohdaten
2024-09-14;456,94;Rohdaten
2024-09-15;456,94;Rohdaten
2024-09-16;456,95;Rohdaten
2024-09-17;456,94;Rohdaten
2024-09-18;456,93;Rohdaten
2024-09-19;456,93;Rohdaten
2024-09-20;456,93;Rohdaten
2024-09-21;456,93;Rohdaten
2024-09-22;456,93;Rohdaten
2024-09-23;456,94;Rohdaten
2024-09-24;456,95;Rohdaten
2024-09-25;456,95;Rohdaten
2024-09-26;456,98;Rohdaten
2024-09-27;456,98;Rohdaten
2024-09-28;456,97;Rohdaten
2024-09-29;456,95;Rohdaten
2024-09-30;456,97;Rohdaten
