﻿Quelle:;"Bayerisches Landesamt für Umwelt, www.gkd.bayern.de"
Datenbankabfrage:;"07.10.2024 22:16"
Zeitbezug:;MEZ
Messstellen-Name:;"WEIDENSEES A (TB) 215"
Messstellen-Nr.:;6142
Ostwert:;671517;Nordwert:;5511164;"ETRS89 / UTM Zone 32N"

Datum;"Grundwasserstand [m ü. NN]";Prüfstatus
2024-01-01;415,15;Geprueft
2024-01-02;415,22;Geprueft
2024-01-03;415,25;Geprueft
2024-01-04;415,19;Geprueft
2024-01-05;415,20;Geprueft
2024-01-06;415,19;Geprueft
2024-01-07;415,15;Geprueft
2024-01-08;415,11;Geprueft
2024-01-09;415,14;Geprueft
2024-01-10;415,19;Geprueft
2024-01-11;415,22;Geprueft
2024-01-12;415,24;Geprueft
2024-01-13;415,34;Geprueft
2024-01-14;415,45;Geprueft
2024-01-15;415,51;Geprueft
2024-01-16;;Geprueft
2024-01-17;;Geprueft
2024-01-18;;Geprueft
2024-01-19;;Geprueft
2024-01-20;;Geprueft
2024-01-21;;Geprueft
2024-01-22;;Geprueft
2024-01-23;;Geprueft
2024-01-24;;Geprueft
2024-01-25;;Geprueft
2024-01-26;;Geprueft
2024-01-27;;Geprueft
2024-01-28;;Geprueft
2024-01-29;;Geprueft
2024-01-30;;Geprueft
2024-01-31;;Geprueft
2024-02-01;;Geprueft
2024-02-02;;Geprueft
2024-02-03;;Geprueft
2024-02-04;;Geprueft
2024-02-05;415,94;Rohdaten
2024-02-06;415,98;Rohdaten
2024-02-07;416,07;Rohdaten
2024-02-08;416,13;Rohdaten
2024-02-09;416,19;Rohdaten
2024-02-10;416,23;Rohdaten
2024-02-11;416,21;Rohdaten
2024-02-12;416,12;Rohdaten
2024-02-13;416,04;Rohdaten
2024-02-14;416,09;Rohdaten
2024-02-15;416,16;Rohdaten
2024-02-16;416,23;Rohdaten
2024-02-17;416,17;Rohdaten
2024-02-18;416,23;Rohdaten
2024-02-19;416,34;Rohdaten
2024-02-20;416,36;Rohdaten
2024-02-21;416,45;Rohdaten
2024-02-22;416,66;Rohdaten
2024-02-23;416,67;Rohdaten
2024-02-24;416,62;Rohdaten
2024-02-25;416,63;Rohdaten
2024-02-26;416,69;Rohdaten
2024-02-27;416,64;Rohdaten
2024-02-28;416,62;Rohdaten
2024-02-29;416,73;Rohdaten
2024-03-01;416,85;Rohdaten
2024-03-02;416,88;Rohdaten
2024-03-03;416,94;Rohdaten
2024-03-04;416,92;Rohdaten
2024-03-05;416,91;Rohdaten
2024-03-06;416,91;Rohdaten
2024-03-07;416,97;Rohdaten
2024-03-08;417,11;Rohdaten
2024-03-09;417,23;Rohdaten
2024-03-10;417,30;Rohdaten
2024-03-11;417,24;Rohdaten
2024-03-12;417,20;Rohdaten
2024-03-13;417,23;Rohdaten
2024-03-14;417,30;Rohdaten
2024-03-15;417,37;Rohdaten
2024-03-16;417,37;Rohdaten
2024-03-17;417,38;Rohdaten
2024-03-18;417,48;Rohdaten
2024-03-19;417,49;Rohdaten
2024-03-20;417,53;Rohdaten
2024-03-21;417,56;Rohdaten
2024-03-22;417,63;Rohdaten
2024-03-23;417,76;Rohdaten
2024-03-24;417,81;Rohdaten
2024-03-25;417,83;Rohdaten
2024-03-26;417,95;Rohdaten
2024-03-27;418,04;Rohdaten
2024-03-28;417,99;Rohdaten
2024-03-29;417,96;Rohdaten
2024-03-30;418,01;Rohdaten
2024-03-31;418,07;Rohdaten
2024-04-01;418,11;Rohdaten
2024-04-02;418,05;Rohdaten
2024-04-03;418,10;Rohdaten
2024-04-04;418,13;Rohdaten
2024-04-05;418,15;Rohdaten
2024-04-06;418,18;Rohdaten
2024-04-07;418,23;Rohdaten
2024-04-08;418,32;Rohdaten
2024-04-09;418,35;Rohdaten
2024-04-10;418,26;Rohdaten
2024-04-11;418,27;Rohdaten
2024-04-12;418,34;Rohdaten
2024-04-13;418,43;Rohdaten
2024-04-14;418,53;Rohdaten
2024-04-15;418,66;Rohdaten
2024-04-16;418,71;Rohdaten
2024-04-17;418,70;Rohdaten
2024-04-18;418,66;Rohdaten
2024-04-19;418,74;Rohdaten
2024-04-20;418,72;Rohdaten
2024-04-21;418,74;Rohdaten
2024-04-22;418,75;Rohdaten
2024-04-23;418,84;Rohdaten
2024-04-24;418,94;Rohdaten
2024-04-25;418,96;Rohdaten
2024-04-26;418,97;Rohdaten
2024-04-27;418,97;Rohdaten
2024-04-28;418,97;Rohdaten
2024-04-29;418,94;Rohdaten
2024-04-30;419,03;Rohdaten
2024-05-01;419,13;Rohdaten
2024-05-02;419,20;Rohdaten
2024-05-03;419,12;Rohdaten
2024-05-04;419,13;Rohdaten
2024-05-05;419,20;Rohdaten
2024-05-06;419,25;Rohdaten
2024-05-07;419,22;Rohdaten
2024-05-08;419,19;Rohdaten
2024-05-09;419,21;Rohdaten
2024-05-10;419,27;Rohdaten
2024-05-11;419,31;Rohdaten
2024-05-12;419,37;Rohdaten
2024-05-13;419,42;Rohdaten
2024-05-14;419,48;Rohdaten
2024-05-15;419,52;Rohdaten
2024-05-16;419,54;Rohdaten
2024-05-17;419,56;Rohdaten
2024-05-18;419,54;Rohdaten
2024-05-19;419,56;Rohdaten
2024-05-20;419,59;Rohdaten
2024-05-21;419,65;Rohdaten
2024-05-22;419,63;Rohdaten
2024-05-23;419,61;Rohdaten
2024-05-24;419,63;Rohdaten
2024-05-25;419,66;Rohdaten
2024-05-26;419,68;Rohdaten
2024-05-27;419,71;Rohdaten
2024-05-28;419,73;Rohdaten
2024-05-29;419,80;Rohdaten
2024-05-30;419,88;Rohdaten
2024-05-31;419,88;Rohdaten
2024-06-01;419,86;Rohdaten
2024-06-02;419,82;Rohdaten
2024-06-03;419,86;Rohdaten
2024-06-04;419,90;Rohdaten
2024-06-05;419,93;Rohdaten
2024-06-06;419,92;Rohdaten
2024-06-07;419,93;Rohdaten
2024-06-08;420,00;Rohdaten
2024-06-09;420,05;Rohdaten
2024-06-10;420,08;Rohdaten
2024-06-11;420,02;Rohdaten
2024-06-12;420,02;Rohdaten
2024-06-13;420,05;Rohdaten
2024-06-14;420,11;Rohdaten
2024-06-15;420,16;Rohdaten
2024-06-16;420,15;Rohdaten
2024-06-17;420,14;Rohdaten
2024-06-18;420,15;Rohdaten
2024-06-19;420,15;Rohdaten
2024-06-20;420,12;Rohdaten
2024-06-21;420,19;Rohdaten
2024-06-22;420,21;Rohdaten
2024-06-23;420,19;Rohdaten
2024-06-24;420,20;Rohdaten
2024-06-25;420,26;Rohdaten
2024-06-26;420,30;Rohdaten
2024-06-27;420,31;Rohdaten
2024-06-28;420,27;Rohdaten
2024-06-29;420,31;Rohdaten
2024-06-30;420,37;Rohdaten
2024-07-01;420,34;Rohdaten
2024-07-02;420,36;Rohdaten
2024-07-03;420,41;Rohdaten
2024-07-04;420,42;Rohdaten
2024-07-05;420,40;Rohdaten
2024-07-06;420,46;Rohdaten
2024-07-07;420,41;Rohdaten
2024-07-08;420,40;Rohdaten
2024-07-09;420,43;Rohdaten
2024-07-10;420,45;Rohdaten
2024-07-11;420,46;Rohdaten
2024-07-12;420,53;Rohdaten
2024-07-13;420,52;Rohdaten
2024-07-14;420,52;Rohdaten
2024-07-15;420,54;Rohdaten
2024-07-16;420,53;Rohdaten
2024-07-17;420,50;Rohdaten
2024-07-18;420,51;Rohdaten
2024-07-19;420,55;Rohdaten
2024-07-20;420,63;Rohdaten
2024-07-21;420,65;Rohdaten
2024-07-22;420,59;Rohdaten
2024-07-23;420,59;Rohdaten
2024-07-24;420,61;Rohdaten
2024-07-25;420,65;Rohdaten
2024-07-26;420,68;Rohdaten
2024-07-27;420,67;Rohdaten
2024-07-28;420,61;Rohdaten
2024-07-29;420,62;Rohdaten
2024-07-30;420,68;Rohdaten
2024-07-31;420,72;Rohdaten
2024-08-01;420,75;Rohdaten
2024-08-02;420,77;Rohdaten
2024-08-03;420,76;Rohdaten
2024-08-04;420,74;Rohdaten
2024-08-05;420,75;Rohdaten
2024-08-06;420,77;Rohdaten
2024-08-07;420,79;Rohdaten
2024-08-08;420,76;Rohdaten
2024-08-09;420,76;Rohdaten
2024-08-10;420,75;Rohdaten
2024-08-11;420,77;Rohdaten
2024-08-12;420,83;Rohdaten
2024-08-13;420,86;Rohdaten
2024-08-14;420,86;Rohdaten
2024-08-15;420,81;Rohdaten
2024-08-16;420,83;Rohdaten
2024-08-17;420,88;Rohdaten
2024-08-18;420,92;Rohdaten
2024-08-19;420,86;Rohdaten
2024-08-20;420,89;Rohdaten
2024-08-21;420,88;Rohdaten
2024-08-22;420,90;Rohdaten
2024-08-23;420,92;Rohdaten
2024-08-24;420,92;Rohdaten
2024-08-25;420,87;Rohdaten
2024-08-26;420,87;Rohdaten
2024-08-27;420,89;Rohdaten
2024-08-28;420,93;Rohdaten
2024-08-29;420,93;Rohdaten
2024-08-30;420,93;Rohdaten
2024-08-31;420,92;Rohdaten
2024-09-01;420,96;Rohdaten
2024-09-02;420,99;Rohdaten
2024-09-03;420,98;Rohdaten
2024-09-04;420,99;Rohdaten
2024-09-05;421,03;Rohdaten
2024-09-06;421,01;Rohdaten
2024-09-07;421,00;Rohdaten
2024-09-08;421,04;Rohdaten
2024-09-09;421,08;Rohdaten
2024-09-10;421,02;Rohdaten
2024-09-11;421,07;Rohdaten
2024-09-12;421,03;Rohdaten
2024-09-13;421,00;Rohdaten
2024-09-14;420,96;Rohdaten
2024-09-15;420,98;Rohdaten
2024-09-16;421,02;Rohdaten
2024-09-17;420,99;Rohdaten
2024-09-18;420,99;Rohdaten
2024-09-19;421,02;Rohdaten
2024-09-20;421,03;Rohdaten
2024-09-21;421,04;Rohdaten
2024-09-22;421,08;Rohdaten
2024-09-23;421,13;Rohdaten
2024-09-24;421,15;Rohdaten
2024-09-25;421,13;Rohdaten
2024-09-26;421,19;Rohdaten
2024-09-27;421,15;Rohdaten
2024-09-28;421,04;Rohdaten
2024-09-29;420,97;Rohdaten
2024-09-30;421,08;Rohdaten
