﻿Quelle:;"Bayerisches Landesamt für Umwelt, www.gkd.bayern.de"
Datenbankabfrage:;"08.10.2024 21:51"
Zeitbezug:;MEZ
Messstellen-Name:;"RAMSENTHAL GWM4"
Messstellen-Nr.:;6146
Ostwert:;686495;Nordwert:;5542423;"ETRS89 / UTM Zone 32N"

Datum;"Grundwasserstand [m ü. NN]";Prüfstatus
2024-01-01;349,36;Rohdaten
2024-01-02;349,33;Rohdaten
2024-01-03;349,44;Rohdaten
2024-01-04;349,38;Rohdaten
2024-01-05;349,50;Rohdaten
2024-01-06;349,45;Rohdaten
2024-01-07;349,54;Rohdaten
2024-01-08;349,46;Rohdaten
2024-01-09;349,54;Rohdaten
2024-01-10;349,51;Rohdaten
2024-01-11;349,55;Rohdaten
2024-01-12;349,54;Rohdaten
2024-01-13;349,59;Rohdaten
2024-01-14;349,61;Rohdaten
2024-01-15;349,63;Rohdaten
2024-01-16;349,60;Rohdaten
2024-01-17;349,66;Rohdaten
2024-01-18;349,63;Rohdaten
2024-01-19;349,56;Rohdaten
2024-01-20;349,58;Rohdaten
2024-01-21;349,60;Rohdaten
2024-01-22;349,63;Rohdaten
2024-01-23;349,62;Rohdaten
2024-01-24;349,61;Rohdaten
2024-01-25;349,62;Rohdaten
2024-01-26;349,62;Rohdaten
2024-01-27;349,64;Rohdaten
2024-01-28;349,64;Rohdaten
2024-01-29;349,66;Rohdaten
2024-01-30;349,66;Rohdaten
2024-01-31;349,68;Rohdaten
2024-02-01;349,67;Rohdaten
2024-02-02;349,70;Rohdaten
2024-02-03;349,66;Rohdaten
2024-02-04;349,71;Rohdaten
2024-02-05;349,70;Rohdaten
2024-02-06;349,74;Rohdaten
2024-02-07;349,76;Rohdaten
2024-02-08;349,80;Rohdaten
2024-02-09;349,80;Rohdaten
2024-02-10;349,87;Rohdaten
2024-02-11;349,87;Rohdaten
2024-02-12;349,88;Rohdaten
2024-02-13;349,90;Rohdaten
2024-02-14;349,93;Rohdaten
2024-02-15;349,98;Rohdaten
2024-02-16;349,98;Rohdaten
2024-02-17;349,93;Rohdaten
2024-02-18;349,97;Rohdaten
2024-02-19;349,98;Rohdaten
2024-02-20;350,01;Rohdaten
2024-02-21;350,05;Rohdaten
2024-02-22;350,13;Rohdaten
2024-02-23;350,09;Rohdaten
2024-02-24;350,10;Rohdaten
2024-02-25;350,10;Rohdaten
2024-02-26;350,13;Rohdaten
2024-02-27;350,08;Rohdaten
2024-02-28;350,07;Rohdaten
2024-02-29;350,10;Rohdaten
2024-03-01;350,12;Rohdaten
2024-03-02;350,12;Rohdaten
2024-03-03;350,14;Rohdaten
2024-03-04;350,09;Rohdaten
2024-03-05;350,05;Rohdaten
2024-03-06;350,10;Rohdaten
2024-03-07;350,09;Rohdaten
2024-03-08;350,07;Rohdaten
2024-03-09;350,08;Rohdaten
2024-03-10;350,15;Rohdaten
2024-03-11;350,04;Rohdaten
2024-03-12;350,01;Rohdaten
2024-03-13;350,01;Rohdaten
2024-03-14;350,00;Rohdaten
2024-03-15;349,99;Rohdaten
2024-03-16;349,98;Rohdaten
2024-03-17;349,97;Rohdaten
2024-03-18;349,97;Rohdaten
2024-03-19;349,95;Rohdaten
2024-03-20;349,94;Rohdaten
2024-03-21;349,94;Rohdaten
2024-03-22;349,93;Rohdaten
2024-03-23;349,96;Rohdaten
2024-03-24;349,95;Rohdaten
2024-03-25;349,91;Rohdaten
2024-03-26;349,95;Rohdaten
2024-03-27;349,95;Rohdaten
2024-03-28;349,92;Rohdaten
2024-03-29;349,88;Rohdaten
2024-03-30;349,89;Rohdaten
2024-03-31;349,90;Rohdaten
2024-04-01;349,89;Rohdaten
2024-04-02;349,95;Rohdaten
2024-04-25;349,66;Rohdaten
2024-04-26;349,66;Rohdaten
2024-04-27;349,68;Rohdaten
2024-04-28;349,63;Rohdaten
2024-04-29;349,59;Rohdaten
2024-04-30;349,61;Rohdaten
2024-05-01;349,66;Rohdaten
2024-05-02;349,60;Rohdaten
2024-05-03;349,64;Rohdaten
2024-05-04;349,60;Rohdaten
2024-05-05;349,65;Rohdaten
2024-05-06;349,60;Rohdaten
2024-05-07;349,64;Rohdaten
2024-05-08;349,59;Rohdaten
2024-05-09;349,61;Rohdaten
2024-05-10;349,58;Rohdaten
2024-05-11;349,61;Rohdaten
2024-05-12;349,53;Rohdaten
2024-05-13;349,60;Rohdaten
2024-05-14;349,55;Rohdaten
2024-05-15;349,55;Rohdaten
2024-05-16;349,54;Rohdaten
2024-05-17;349,55;Rohdaten
2024-05-18;349,52;Rohdaten
2024-05-19;349,49;Rohdaten
2024-05-20;349,51;Rohdaten
2024-05-21;349,47;Rohdaten
2024-05-22;349,53;Rohdaten
2024-05-23;349,45;Rohdaten
2024-05-24;349,48;Rohdaten
2024-05-25;349,47;Rohdaten
2024-05-26;349,48;Rohdaten
2024-05-27;349,47;Rohdaten
2024-05-28;349,49;Rohdaten
2024-05-29;349,45;Rohdaten
2024-05-30;349,50;Rohdaten
2024-05-31;349,45;Rohdaten
2024-06-01;349,50;Rohdaten
2024-06-02;349,49;Rohdaten
2024-06-03;349,53;Rohdaten
2024-06-04;349,54;Rohdaten
2024-06-05;349,54;Rohdaten
2024-06-06;349,54;Rohdaten
2024-06-07;349,50;Rohdaten
2024-06-08;349,51;Rohdaten
2024-06-09;349,51;Rohdaten
2024-06-10;349,48;Rohdaten
2024-06-11;349,47;Rohdaten
2024-06-12;349,44;Rohdaten
2024-06-13;349,44;Rohdaten
2024-06-14;349,44;Rohdaten
2024-06-15;349,48;Rohdaten
2024-06-16;349,41;Rohdaten
2024-06-17;349,42;Rohdaten
2024-06-18;349,38;Rohdaten
2024-06-19;349,39;Rohdaten
2024-06-20;349,41;Rohdaten
2024-06-21;349,38;Rohdaten
2024-06-22;349,37;Rohdaten
2024-06-23;349,40;Rohdaten
2024-07-01;349,26;Rohdaten
2024-07-02;349,35;Rohdaten
2024-07-03;349,34;Rohdaten
2024-07-04;349,35;Rohdaten
2024-07-05;349,28;Rohdaten
2024-07-06;349,35;Rohdaten
2024-07-07;349,28;Rohdaten
2024-07-08;349,27;Rohdaten
2024-07-09;349,26;Rohdaten
2024-07-10;349,28;Rohdaten
2024-07-11;349,23;Rohdaten
2024-07-12;349,24;Rohdaten
2024-07-13;349,24;Rohdaten
2024-07-14;349,23;Rohdaten
2024-07-15;349,22;Rohdaten
2024-07-16;349,27;Rohdaten
2024-07-17;349,17;Rohdaten
2024-07-18;349,16;Rohdaten
2024-07-19;349,13;Rohdaten
2024-07-20;349,18;Rohdaten
2024-07-21;349,15;Rohdaten
2024-07-22;349,14;Rohdaten
2024-07-23;349,20;Rohdaten
2024-07-24;349,15;Rohdaten
2024-07-25;349,16;Rohdaten
2024-07-26;349,14;Rohdaten
2024-07-27;349,15;Rohdaten
2024-07-28;349,14;Rohdaten
2024-07-29;349,10;Rohdaten
2024-07-30;349,10;Rohdaten
2024-07-31;349,11;Rohdaten
2024-08-01;349,12;Rohdaten
2024-08-02;349,11;Rohdaten
2024-08-03;349,12;Rohdaten
2024-08-04;349,12;Rohdaten
2024-08-05;349,13;Rohdaten
2024-08-06;349,09;Rohdaten
2024-08-07;349,09;Rohdaten
2024-08-08;349,10;Rohdaten
2024-08-09;349,04;Rohdaten
2024-08-10;349,09;Rohdaten
2024-08-11;349,04;Rohdaten
2024-08-12;349,07;Rohdaten
2024-08-13;349,06;Rohdaten
2024-08-14;349,03;Rohdaten
2024-08-15;349,04;Rohdaten
2024-08-16;349,01;Rohdaten
2024-08-17;349,06;Rohdaten
2024-08-18;349,03;Rohdaten
2024-08-19;349,05;Rohdaten
2024-08-20;349,01;Rohdaten
2024-08-21;349,03;Rohdaten
2024-08-22;348,99;Rohdaten
2024-08-23;348,98;Rohdaten
2024-08-24;348,98;Rohdaten
2024-08-25;348,97;Rohdaten
2024-08-26;348,96;Rohdaten
2024-08-27;348,99;Rohdaten
2024-08-28;348,95;Rohdaten
2024-08-29;348,93;Rohdaten
2024-08-30;348,95;Rohdaten
2024-08-31;348,94;Rohdaten
2024-09-01;348,94;Rohdaten
2024-09-02;348,92;Rohdaten
2024-09-03;348,95;Rohdaten
2024-09-04;348,90;Rohdaten
2024-09-05;348,94;Rohdaten
2024-09-06;348,87;Rohdaten
2024-09-07;348,92;Rohdaten
2024-09-08;348,88;Rohdaten
2024-09-09;348,95;Rohdaten
2024-09-10;348,91;Rohdaten
2024-09-11;348,95;Rohdaten
2024-09-12;348,90;Rohdaten
2024-09-13;348,91;Rohdaten
2024-09-14;348,90;Rohdaten
2024-09-15;348,84;Rohdaten
2024-09-16;348,91;Rohdaten
2024-09-17;348,88;Rohdaten
2024-09-18;348,92;Rohdaten
2024-09-19;348,87;Rohdaten
2024-09-20;348,88;Rohdaten
2024-09-21;348,87;Rohdaten
2024-09-22;348,90;Rohdaten
2024-09-23;348,88;Rohdaten
2024-09-24;348,94;Rohdaten
2024-09-25;348,89;Rohdaten
2024-09-26;348,92;Rohdaten
2024-09-27;348,89;Rohdaten
2024-09-28;348,86;Rohdaten
2024-09-29;348,89;Rohdaten
2024-09-30;348,88;Rohdaten
