﻿Quelle:;"Bayerisches Landesamt für Umwelt, www.gkd.bayern.de"
Datenbankabfrage:;"08.10.2024 21:51"
Zeitbezug:;MEZ
Messstellen-Name:;"GOERINGSREUTH W 93/6"
Messstellen-Nr.:;6150
Ostwert:;712772;Nordwert:;5546877;"ETRS89 / UTM Zone 32N"

Datum;"Grundwasserstand [m ü. NN]";Prüfstatus
2024-01-01;591,68;Rohdaten
2024-01-02;591,67;Rohdaten
2024-01-03;591,86;Rohdaten
2024-01-04;592,19;Rohdaten
2024-01-05;592,40;Rohdaten
2024-01-06;592,40;Rohdaten
2024-01-07;592,31;Rohdaten
2024-01-08;592,21;Rohdaten
2024-01-09;592,18;Rohdaten
2024-01-10;592,14;Rohdaten
2024-01-11;592,08;Rohdaten
2024-01-12;592,01;Rohdaten
2024-01-13;591,95;Rohdaten
2024-01-14;591,90;Rohdaten
2024-01-15;591,81;Rohdaten
2024-01-16;591,68;Rohdaten
2024-01-17;591,63;Rohdaten
2024-01-18;591,52;Rohdaten
2024-01-19;591,31;Rohdaten
2024-01-20;591,26;Rohdaten
2024-01-21;591,24;Rohdaten
2024-01-22;591,20;Rohdaten
2024-01-23;591,07;Rohdaten
2024-01-24;591,13;Rohdaten
2024-01-25;591,16;Rohdaten
2024-01-26;591,21;Rohdaten
2024-01-27;591,23;Rohdaten
2024-01-28;591,26;Rohdaten
2024-01-29;591,25;Rohdaten
2024-01-30;591,24;Rohdaten
2024-01-31;591,23;Rohdaten
2024-02-01;591,22;Rohdaten
2024-02-02;591,20;Rohdaten
2024-02-03;591,18;Rohdaten
2024-02-04;591,17;Rohdaten
2024-02-05;591,14;Rohdaten
2024-02-06;591,13;Rohdaten
2024-02-07;591,16;Rohdaten
2024-02-08;591,23;Rohdaten
2024-02-09;591,51;Rohdaten
2024-02-10;591,84;Rohdaten
2024-02-11;591,96;Rohdaten
2024-02-12;591,99;Rohdaten
2024-02-13;591,98;Rohdaten
2024-02-14;592,00;Rohdaten
2024-02-15;592,00;Rohdaten
2024-02-16;591,97;Rohdaten
2024-02-17;591,80;Rohdaten
2024-02-18;591,68;Rohdaten
2024-02-19;591,60;Rohdaten
2024-02-20;591,62;Rohdaten
2024-02-21;591,64;Rohdaten
2024-02-22;591,69;Rohdaten
2024-02-23;591,73;Rohdaten
2024-02-24;591,82;Rohdaten
2024-02-25;591,87;Rohdaten
2024-02-26;591,87;Rohdaten
2024-02-27;591,82;Rohdaten
2024-02-28;591,77;Rohdaten
2024-02-29;591,75;Rohdaten
2024-03-01;591,71;Rohdaten
2024-03-02;591,66;Rohdaten
2024-03-03;591,62;Rohdaten
2024-03-04;591,54;Rohdaten
2024-03-05;591,46;Rohdaten
2024-03-06;591,39;Rohdaten
2024-03-07;591,34;Rohdaten
2024-03-08;591,31;Rohdaten
2024-03-09;591,29;Rohdaten
2024-03-10;591,25;Rohdaten
2024-03-11;591,17;Rohdaten
2024-03-12;591,11;Rohdaten
2024-03-13;591,07;Rohdaten
2024-03-14;591,03;Rohdaten
2024-03-15;591,00;Rohdaten
2024-03-16;590,96;Rohdaten
2024-03-17;590,93;Rohdaten
2024-03-18;590,91;Rohdaten
2024-03-19;590,87;Rohdaten
2024-03-21;590,81;Rohdaten
2024-03-26;590,73;Rohdaten
2024-03-27;590,73;Rohdaten
2024-03-28;590,69;Rohdaten
2024-03-29;590,67;Rohdaten
2024-03-30;590,65;Rohdaten
2024-03-31;590,63;Rohdaten
2024-04-01;590,62;Rohdaten
2024-04-02;590,56;Rohdaten
2024-04-03;590,54;Rohdaten
2024-04-04;590,52;Rohdaten
2024-04-05;590,51;Rohdaten
2024-04-06;590,50;Rohdaten
2024-04-07;590,49;Rohdaten
2024-04-08;590,45;Rohdaten
2024-04-09;590,36;Rohdaten
2024-04-10;590,37;Rohdaten
2024-04-11;590,38;Rohdaten
2024-04-12;590,39;Rohdaten
2024-04-13;590,40;Rohdaten
2024-04-14;590,41;Rohdaten
2024-04-15;590,43;Rohdaten
2024-04-16;590,43;Rohdaten
2024-04-17;590,42;Rohdaten
2024-04-18;590,40;Rohdaten
2024-04-19;590,42;Rohdaten
2024-04-20;590,39;Rohdaten
2024-04-21;590,39;Rohdaten
2024-04-22;590,38;Rohdaten
2024-04-23;590,40;Rohdaten
2024-04-24;590,43;Rohdaten
2024-04-25;590,44;Rohdaten
2024-04-26;590,45;Rohdaten
2024-04-27;590,43;Rohdaten
2024-04-28;590,42;Rohdaten
2024-04-29;590,42;Rohdaten
2024-04-30;590,40;Rohdaten
2024-05-01;590,40;Rohdaten
2024-05-02;590,41;Rohdaten
2024-05-03;590,40;Rohdaten
2024-05-04;590,39;Rohdaten
2024-05-05;590,39;Rohdaten
2024-05-06;590,37;Rohdaten
2024-05-07;590,35;Rohdaten
2024-05-08;590,34;Rohdaten
2024-05-09;590,33;Rohdaten
2024-05-10;590,33;Rohdaten
2024-05-11;590,32;Rohdaten
2024-05-12;590,32;Rohdaten
2024-05-13;590,30;Rohdaten
2024-05-14;590,28;Rohdaten
2024-05-15;590,27;Rohdaten
2024-05-16;590,27;Rohdaten
2024-05-17;590,27;Rohdaten
2024-05-18;590,26;Rohdaten
2024-05-19;590,25;Rohdaten
2024-05-20;590,24;Rohdaten
2024-05-21;590,22;Rohdaten
2024-05-22;590,21;Rohdaten
2024-05-23;590,20;Rohdaten
2024-05-24;590,20;Rohdaten
2024-05-25;590,21;Rohdaten
2024-05-26;590,23;Rohdaten
2024-05-27;590,26;Rohdaten
2024-05-28;590,28;Rohdaten
2024-05-29;590,32;Rohdaten
2024-05-30;590,35;Rohdaten
2024-05-31;590,37;Rohdaten
2024-06-01;590,39;Rohdaten
2024-06-02;590,45;Rohdaten
2024-06-03;590,57;Rohdaten
2024-06-04;590,67;Rohdaten
2024-06-05;590,71;Rohdaten
2024-06-06;590,71;Rohdaten
2024-06-07;590,71;Rohdaten
2024-06-08;590,72;Rohdaten
2024-06-09;590,71;Rohdaten
2024-06-10;590,67;Rohdaten
2024-06-11;590,59;Rohdaten
2024-06-12;590,57;Rohdaten
2024-06-13;590,57;Rohdaten
2024-06-14;590,57;Rohdaten
2024-06-15;590,56;Rohdaten
2024-06-16;590,54;Rohdaten
2024-06-17;590,50;Rohdaten
2024-06-18;590,49;Rohdaten
2024-06-19;590,48;Rohdaten
2024-06-20;590,46;Rohdaten
2024-06-21;590,46;Rohdaten
2024-06-22;590,44;Rohdaten
2024-06-23;590,42;Rohdaten
2024-06-24;590,40;Rohdaten
2024-06-25;590,37;Rohdaten
2024-06-26;590,36;Rohdaten
2024-06-27;590,36;Rohdaten
2024-06-28;590,34;Rohdaten
2024-06-29;590,34;Rohdaten
2024-06-30;590,34;Rohdaten
2024-07-01;590,30;Rohdaten
2024-07-02;590,29;Rohdaten
2024-07-03;590,29;Rohdaten
2024-07-04;590,28;Rohdaten
2024-07-05;590,26;Rohdaten
2024-07-06;590,27;Rohdaten
2024-07-07;590,24;Rohdaten
2024-07-08;590,23;Rohdaten
2024-07-09;590,20;Rohdaten
2024-07-10;590,19;Rohdaten
2024-07-11;590,19;Rohdaten
2024-07-12;590,20;Rohdaten
2024-07-13;590,21;Rohdaten
2024-07-14;590,21;Rohdaten
2024-07-15;590,21;Rohdaten
2024-07-16;590,18;Rohdaten
2024-07-17;590,17;Rohdaten
2024-07-18;590,17;Rohdaten
2024-07-19;590,16;Rohdaten
2024-07-20;590,17;Rohdaten
2024-07-21;590,17;Rohdaten
2024-07-22;590,12;Rohdaten
2024-07-23;590,05;Rohdaten
2024-07-24;590,07;Rohdaten
2024-07-25;590,09;Rohdaten
2024-07-26;590,10;Rohdaten
2024-07-27;590,09;Rohdaten
2024-07-28;590,08;Rohdaten
2024-07-29;590,08;Rohdaten
2024-07-30;590,09;Rohdaten
2024-07-31;590,09;Rohdaten
2024-08-01;590,09;Rohdaten
2024-08-02;590,09;Rohdaten
2024-08-03;590,08;Rohdaten
2024-08-04;590,10;Rohdaten
2024-08-05;590,08;Rohdaten
2024-08-06;590,07;Rohdaten
2024-08-07;590,07;Rohdaten
2024-08-08;590,06;Rohdaten
2024-08-09;590,06;Rohdaten
2024-08-10;590,05;Rohdaten
2024-08-11;590,05;Rohdaten
2024-08-12;590,01;Rohdaten
2024-08-13;589,88;Rohdaten
2024-08-14;589,91;Rohdaten
2024-08-15;589,93;Rohdaten
2024-08-16;589,96;Rohdaten
2024-08-17;589,97;Rohdaten
2024-08-18;589,98;Rohdaten
2024-08-19;589,94;Rohdaten
2024-08-20;589,85;Rohdaten
2024-08-21;589,88;Rohdaten
2024-08-22;589,91;Rohdaten
2024-08-23;589,92;Rohdaten
2024-08-24;589,93;Rohdaten
2024-08-25;589,92;Rohdaten
2024-08-26;589,93;Rohdaten
2024-08-27;589,90;Rohdaten
2024-08-28;589,90;Rohdaten
2024-08-29;589,90;Rohdaten
2024-08-30;589,90;Rohdaten
2024-08-31;589,90;Rohdaten
2024-09-01;589,91;Rohdaten
2024-09-02;589,89;Rohdaten
2024-09-03;589,88;Rohdaten
2024-09-04;589,89;Rohdaten
2024-09-05;589,89;Rohdaten
2024-09-06;589,88;Rohdaten
2024-09-07;589,88;Rohdaten
2024-09-08;589,89;Rohdaten
2024-09-09;589,88;Rohdaten
2024-09-10;589,86;Rohdaten
2024-09-11;589,88;Rohdaten
2024-09-12;589,86;Rohdaten
2024-09-13;589,85;Rohdaten
2024-09-14;589,84;Rohdaten
2024-09-15;589,84;Rohdaten
2024-09-16;589,84;Rohdaten
2024-09-17;589,82;Rohdaten
2024-09-18;589,82;Rohdaten
2024-09-19;589,83;Rohdaten
2024-09-20;589,83;Rohdaten
2024-09-21;589,83;Rohdaten
2024-09-22;589,84;Rohdaten
2024-09-23;589,82;Rohdaten
2024-09-24;589,82;Rohdaten
2024-09-25;589,82;Rohdaten
2024-09-26;589,82;Rohdaten
2024-09-27;589,80;Rohdaten
2024-09-28;589,80;Rohdaten
2024-09-29;589,81;Rohdaten
2024-09-30;589,82;Rohdaten
