﻿Quelle:;"Bayerisches Landesamt für Umwelt, www.gkd.bayern.de"
Datenbankabfrage:;"08.10.2024 21:51"
Zeitbezug:;MEZ
Messstellen-Name:;"LINDAU A"
Messstellen-Nr.:;6151
Ostwert:;681065;Nordwert:;5548437;"ETRS89 / UTM Zone 32N"

Datum;"Grundwasserstand [m ü. NN]";Prüfstatus
2024-01-01;331,24;Rohdaten
2024-01-02;331,27;Rohdaten
2024-01-03;331,29;Rohdaten
2024-01-04;331,31;Rohdaten
2024-01-05;331,36;Rohdaten
2024-01-06;331,39;Rohdaten
2024-01-07;331,38;Rohdaten
2024-01-08;331,37;Rohdaten
2024-01-09;331,36;Rohdaten
2024-01-10;331,37;Rohdaten
2024-01-11;331,36;Rohdaten
2024-01-12;331,35;Rohdaten
2024-01-13;331,37;Rohdaten
2024-01-14;331,40;Rohdaten
2024-01-15;331,41;Rohdaten
2024-01-16;331,37;Rohdaten
2024-01-17;331,41;Rohdaten
2024-01-18;331,39;Rohdaten
2024-01-19;331,29;Rohdaten
2024-01-20;331,25;Rohdaten
2024-01-21;331,27;Rohdaten
2024-01-22;331,31;Rohdaten
2024-01-23;331,28;Rohdaten
2024-01-24;331,29;Rohdaten
2024-01-25;331,27;Rohdaten
2024-01-26;331,29;Rohdaten
2024-01-27;331,26;Rohdaten
2024-01-28;331,28;Rohdaten
2024-01-29;331,30;Rohdaten
2024-01-30;331,30;Rohdaten
2024-01-31;331,30;Rohdaten
2024-02-01;331,33;Rohdaten
2024-02-02;331,32;Rohdaten
2024-02-03;331,33;Rohdaten
2024-02-04;331,34;Rohdaten
2024-02-05;331,35;Rohdaten
2024-02-06;331,36;Rohdaten
2024-02-07;331,39;Rohdaten
2024-02-08;331,41;Rohdaten
2024-02-09;331,44;Rohdaten
2024-02-10;331,49;Rohdaten
2024-02-11;331,54;Rohdaten
2024-02-12;331,56;Rohdaten
2024-02-13;331,57;Rohdaten
2024-02-14;331,62;Rohdaten
2024-02-15;331,66;Rohdaten
2024-02-16;331,69;Rohdaten
2024-02-17;331,67;Rohdaten
2024-02-18;331,68;Rohdaten
2024-02-19;331,72;Rohdaten
2024-02-20;331,72;Rohdaten
2024-02-21;331,74;Rohdaten
2024-02-22;331,82;Rohdaten
2024-02-23;331,81;Rohdaten
2024-02-24;331,78;Rohdaten
2024-02-25;331,76;Rohdaten
2024-02-26;331,77;Rohdaten
2024-02-27;331,72;Rohdaten
2024-02-28;331,67;Rohdaten
2024-02-29;331,69;Rohdaten
2024-03-01;331,72;Rohdaten
2024-03-02;331,71;Rohdaten
2024-03-03;331,72;Rohdaten
2024-03-04;331,67;Rohdaten
2024-03-05;331,64;Rohdaten
2024-03-06;331,61;Rohdaten
2024-03-07;331,60;Rohdaten
2024-03-08;331,63;Rohdaten
2024-03-09;331,65;Rohdaten
2024-03-10;331,67;Rohdaten
2024-03-11;331,62;Rohdaten
2024-03-12;331,57;Rohdaten
2024-03-13;331,56;Rohdaten
2024-03-14;331,56;Rohdaten
2024-03-15;331,57;Rohdaten
2024-03-16;331,55;Rohdaten
2024-03-17;331,52;Rohdaten
2024-03-18;331,54;Rohdaten
2024-03-19;331,52;Rohdaten
2024-03-20;331,51;Rohdaten
2024-03-21;331,51;Rohdaten
2024-03-22;331,52;Rohdaten
2024-03-23;331,55;Rohdaten
2024-03-24;331,56;Rohdaten
2024-03-25;331,54;Rohdaten
2024-03-26;331,57;Rohdaten
2024-03-27;331,59;Rohdaten
2024-03-28;331,55;Rohdaten
2024-03-29;331,51;Rohdaten
2024-03-30;331,51;Rohdaten
2024-03-31;331,51;Rohdaten
2024-04-01;331,51;Rohdaten
2024-04-02;331,46;Rohdaten
2024-04-03;331,46;Rohdaten
2024-04-04;331,45;Rohdaten
2024-04-05;331,44;Rohdaten
2024-04-06;331,44;Rohdaten
2024-04-07;331,44;Rohdaten
2024-04-08;331,45;Rohdaten
2024-04-09;331,45;Rohdaten
2024-04-10;331,39;Rohdaten
2024-04-11;331,37;Rohdaten
2024-04-12;331,37;Rohdaten
2024-04-13;331,39;Rohdaten
2024-04-14;331,41;Rohdaten
2024-04-15;331,44;Rohdaten
2024-04-16;331,44;Rohdaten
2024-04-17;331,41;Rohdaten
2024-04-18;331,40;Rohdaten
2024-05-02;331,39;Rohdaten
2024-05-03;331,36;Rohdaten
2024-05-04;331,34;Rohdaten
2024-05-05;331,35;Rohdaten
2024-05-06;331,36;Rohdaten
2024-05-07;331,34;Rohdaten
2024-05-08;331,31;Rohdaten
2024-05-09;331,30;Rohdaten
2024-05-10;331,31;Rohdaten
2024-05-11;331,32;Rohdaten
2024-05-12;331,32;Rohdaten
2024-05-13;331,33;Rohdaten
2024-05-14;331,33;Rohdaten
2024-05-15;331,33;Rohdaten
2024-05-16;331,33;Rohdaten
2024-05-17;331,32;Rohdaten
2024-05-18;331,30;Rohdaten
2024-05-19;331,29;Rohdaten
2024-05-20;331,29;Rohdaten
2024-05-21;331,31;Rohdaten
2024-05-22;331,31;Rohdaten
2024-05-23;331,29;Rohdaten
2024-05-24;331,29;Rohdaten
2024-05-25;331,30;Rohdaten
2024-05-26;331,29;Rohdaten
2024-05-27;331,30;Rohdaten
2024-05-28;331,30;Rohdaten
2024-05-29;331,31;Rohdaten
2024-05-30;331,35;Rohdaten
2024-05-31;331,34;Rohdaten
2024-06-01;331,33;Rohdaten
2024-06-02;331,33;Rohdaten
2024-06-03;331,37;Rohdaten
2024-06-04;331,41;Rohdaten
2024-06-05;331,44;Rohdaten
2024-06-06;331,45;Rohdaten
2024-06-07;331,45;Rohdaten
2024-06-08;331,48;Rohdaten
2024-06-09;331,49;Rohdaten
2024-06-10;331,49;Rohdaten
2024-06-11;331,45;Rohdaten
2024-06-12;331,44;Rohdaten
2024-06-13;331,44;Rohdaten
2024-06-14;331,45;Rohdaten
2024-06-15;331,46;Rohdaten
2024-06-16;331,44;Rohdaten
2024-06-17;331,42;Rohdaten
2024-06-18;331,41;Rohdaten
2024-06-19;331,41;Rohdaten
2024-06-20;331,39;Rohdaten
2024-06-21;331,40;Rohdaten
2024-06-22;331,40;Rohdaten
2024-06-23;331,38;Rohdaten
2024-06-24;331,38;Rohdaten
2024-06-25;331,38;Rohdaten
2024-06-26;331,39;Rohdaten
2024-06-27;331,38;Rohdaten
2024-06-28;331,36;Rohdaten
2024-06-29;331,37;Rohdaten
2024-06-30;331,38;Rohdaten
2024-07-01;331,37;Rohdaten
2024-07-02;331,37;Rohdaten
2024-07-03;331,38;Rohdaten
2024-07-04;331,38;Rohdaten
2024-07-05;331,36;Rohdaten
2024-07-06;331,38;Rohdaten
2024-07-07;331,34;Rohdaten
2024-07-08;331,32;Rohdaten
2024-07-09;331,32;Rohdaten
2024-07-10;331,32;Rohdaten
2024-07-11;331,31;Rohdaten
2024-07-12;331,33;Rohdaten
2024-07-13;331,31;Rohdaten
2024-07-14;331,30;Rohdaten
2024-07-15;331,29;Rohdaten
2024-07-16;331,28;Rohdaten
2024-07-17;331,25;Rohdaten
2024-07-18;331,24;Rohdaten
2024-07-19;331,25;Rohdaten
2024-07-20;331,26;Rohdaten
2024-07-21;331,25;Rohdaten
2024-07-22;331,22;Rohdaten
2024-07-23;331,21;Rohdaten
2024-07-24;331,20;Rohdaten
2024-07-25;331,20;Rohdaten
2024-07-26;331,19;Rohdaten
2024-07-27;331,17;Rohdaten
2024-07-28;331,15;Rohdaten
2024-07-29;331,15;Rohdaten
2024-07-30;331,16;Rohdaten
2024-07-31;331,17;Rohdaten
2024-08-01;331,17;Rohdaten
2024-08-02;331,16;Rohdaten
2024-08-03;331,15;Rohdaten
2024-08-04;331,15;Rohdaten
2024-08-05;331,14;Rohdaten
2024-08-06;331,14;Rohdaten
2024-08-07;331,14;Rohdaten
2024-08-08;331,13;Rohdaten
2024-08-09;331,12;Rohdaten
2024-08-10;331,11;Rohdaten
2024-08-11;331,10;Rohdaten
2024-08-12;331,12;Rohdaten
2024-08-13;331,12;Rohdaten
2024-08-14;331,11;Rohdaten
2024-08-15;331,08;Rohdaten
2024-08-16;331,07;Rohdaten
2024-08-17;331,07;Rohdaten
2024-08-18;331,08;Rohdaten
2024-08-19;331,06;Rohdaten
2024-08-20;331,07;Rohdaten
2024-08-21;331,05;Rohdaten
2024-08-22;331,06;Rohdaten
2024-08-23;331,05;Rohdaten
2024-08-24;331,05;Rohdaten
2024-08-25;331,02;Rohdaten
2024-08-26;331,01;Rohdaten
2024-08-27;331,01;Rohdaten
2024-08-28;331,02;Rohdaten
2024-08-29;331,01;Rohdaten
2024-08-30;331,00;Rohdaten
2024-08-31;330,99;Rohdaten
2024-09-01;331,00;Rohdaten
2024-09-02;331,00;Rohdaten
2024-09-03;330,99;Rohdaten
2024-09-04;330,99;Rohdaten
2024-09-05;331,00;Rohdaten
2024-09-06;330,98;Rohdaten
2024-09-07;330,97;Rohdaten
2024-09-08;330,98;Rohdaten
2024-09-09;331,01;Rohdaten
2024-09-10;330,99;Rohdaten
2024-09-11;331,01;Rohdaten
2024-09-12;331,00;Rohdaten
2024-09-13;330,99;Rohdaten
2024-09-14;330,97;Rohdaten
2024-09-15;330,98;Rohdaten
2024-09-16;330,99;Rohdaten
2024-09-17;330,98;Rohdaten
2024-09-18;330,97;Rohdaten
2024-09-19;330,98;Rohdaten
2024-09-20;330,97;Rohdaten
2024-09-21;330,97;Rohdaten
2024-09-22;330,98;Rohdaten
2024-09-23;330,99;Rohdaten
2024-09-24;331,00;Rohdaten
2024-09-25;331,00;Rohdaten
2024-09-26;331,02;Rohdaten
2024-09-27;331,00;Rohdaten
2024-09-28;330,96;Rohdaten
2024-09-29;330,94;Rohdaten
2024-09-30;330,97;Rohdaten
